method,tag,participant,reference_onset,previous_reference_end,window_sec,covered,n_eligible,first_activation,lead_sec
Persistence,Pt 10_FD10_1,Pt 10,60.746,48.54,1.5800000000000018,1,2,59.65,1.0960000000000036
Persistence,Pt 10_FD10_1,Pt 10,64.54599999999999,61.34,1.5800000000000018,0,0,,
Persistence,Pt 10_FD10_1,Pt 10,68.59599999999999,65.06,1.5800000000000018,1,1,68.15,0.44599999999998374
Persistence,Pt 10_FD10_1,Pt 10,71.716,69.43,1.5800000000000018,0,0,,
Persistence,Pt 10_FD10_1,Pt 10,73.996,72.64,1.5800000000000018,1,1,73.75,0.2459999999999951
Persistence,Pt 10_FD10_1,Pt 10,75.836,74.48,1.5800000000000018,0,0,,
Persistence,Pt 10_FD10_1,Pt 10,79.696,76.74,1.5800000000000018,1,1,78.4,1.2959999999999923
Persistence,Pt 10_FD10_1,Pt 10,83.68599999999999,81.29,1.5800000000000018,1,1,83.65,0.03599999999998715
Persistence,Pt 10_FD10_1,Pt 10,86.87599999999999,84.69,1.5800000000000018,0,0,,
Persistence,Pt 10_FD10_1,Pt 10,89.056,87.7,1.5800000000000018,1,1,88.75,0.3059999999999974
AC1,Pt 10_FD10_1,Pt 10,60.746,48.54,1.5800000000000018,0,0,,
AC1,Pt 10_FD10_1,Pt 10,64.54599999999999,61.34,1.5800000000000018,1,2,63.5,1.0459999999999923
AC1,Pt 10_FD10_1,Pt 10,68.59599999999999,65.06,1.5800000000000018,1,1,67.55,1.0459999999999923
AC1,Pt 10_FD10_1,Pt 10,71.716,69.43,1.5800000000000018,0,0,,
AC1,Pt 10_FD10_1,Pt 10,73.996,72.64,1.5800000000000018,0,0,,
AC1,Pt 10_FD10_1,Pt 10,75.836,74.48,1.5800000000000018,1,1,75.45,0.3859999999999957
AC1,Pt 10_FD10_1,Pt 10,79.696,76.74,1.5800000000000018,0,0,,
AC1,Pt 10_FD10_1,Pt 10,83.68599999999999,81.29,1.5800000000000018,1,1,83.15,0.5359999999999872
AC1,Pt 10_FD10_1,Pt 10,86.87599999999999,84.69,1.5800000000000018,0,0,,
AC1,Pt 10_FD10_1,Pt 10,89.056,87.7,1.5800000000000018,0,0,,
Variance,Pt 10_FD10_1,Pt 10,60.746,48.54,1.5800000000000018,0,0,,
Variance,Pt 10_FD10_1,Pt 10,64.54599999999999,61.34,1.5800000000000018,0,0,,
Variance,Pt 10_FD10_1,Pt 10,68.59599999999999,65.06,1.5800000000000018,0,0,,
Variance,Pt 10_FD10_1,Pt 10,71.716,69.43,1.5800000000000018,0,0,,
Variance,Pt 10_FD10_1,Pt 10,73.996,72.64,1.5800000000000018,1,1,72.9,1.0959999999999894
Variance,Pt 10_FD10_1,Pt 10,75.836,74.48,1.5800000000000018,1,1,75.15,0.6859999999999928
Variance,Pt 10_FD10_1,Pt 10,79.696,76.74,1.5800000000000018,0,0,,
Variance,Pt 10_FD10_1,Pt 10,83.68599999999999,81.29,1.5800000000000018,0,0,,
Variance,Pt 10_FD10_1,Pt 10,86.87599999999999,84.69,1.5800000000000018,1,1,85.35,1.5259999999999962
Variance,Pt 10_FD10_1,Pt 10,89.056,87.7,1.5800000000000018,0,0,,
Recovery,Pt 10_FD10_1,Pt 10,60.746,48.54,1.5800000000000018,0,0,,
Recovery,Pt 10_FD10_1,Pt 10,64.54599999999999,61.34,1.5800000000000018,1,3,63.5,1.0459999999999923
Recovery,Pt 10_FD10_1,Pt 10,68.59599999999999,65.06,1.5800000000000018,1,1,67.8,0.7959999999999923
Recovery,Pt 10_FD10_1,Pt 10,71.716,69.43,1.5800000000000018,0,0,,
Recovery,Pt 10_FD10_1,Pt 10,73.996,72.64,1.5800000000000018,1,1,72.75,1.2459999999999951
Recovery,Pt 10_FD10_1,Pt 10,75.836,74.48,1.5800000000000018,1,1,75.1,0.7360000000000042
Recovery,Pt 10_FD10_1,Pt 10,79.696,76.74,1.5800000000000018,0,0,,
Recovery,Pt 10_FD10_1,Pt 10,83.68599999999999,81.29,1.5800000000000018,1,2,82.9,0.7859999999999872
Recovery,Pt 10_FD10_1,Pt 10,86.87599999999999,84.69,1.5800000000000018,1,1,85.8,1.0759999999999934
Recovery,Pt 10_FD10_1,Pt 10,89.056,87.7,1.5800000000000018,0,0,,
Reddening,Pt 10_FD10_1,Pt 10,60.746,48.54,1.5800000000000018,0,0,,
Reddening,Pt 10_FD10_1,Pt 10,64.54599999999999,61.34,1.5800000000000018,0,0,,
Reddening,Pt 10_FD10_1,Pt 10,68.59599999999999,65.06,1.5800000000000018,1,1,67.05,1.5459999999999923
Reddening,Pt 10_FD10_1,Pt 10,71.716,69.43,1.5800000000000018,0,0,,
Reddening,Pt 10_FD10_1,Pt 10,73.996,72.64,1.5800000000000018,0,0,,
Reddening,Pt 10_FD10_1,Pt 10,75.836,74.48,1.5800000000000018,1,1,74.9,0.9359999999999928
Reddening,Pt 10_FD10_1,Pt 10,79.696,76.74,1.5800000000000018,0,0,,
Reddening,Pt 10_FD10_1,Pt 10,83.68599999999999,81.29,1.5800000000000018,0,0,,
Reddening,Pt 10_FD10_1,Pt 10,86.87599999999999,84.69,1.5800000000000018,0,0,,
Reddening,Pt 10_FD10_1,Pt 10,89.056,87.7,1.5800000000000018,0,0,,
State-history,Pt 10_FD10_1,Pt 10,60.746,48.54,1.5800000000000018,1,1,59.6,1.1460000000000008
State-history,Pt 10_FD10_1,Pt 10,64.54599999999999,61.34,1.5800000000000018,1,1,64.3,0.2459999999999951
State-history,Pt 10_FD10_1,Pt 10,68.59599999999999,65.06,1.5800000000000018,1,1,67.5,1.0959999999999894
State-history,Pt 10_FD10_1,Pt 10,71.716,69.43,1.5800000000000018,0,0,,
State-history,Pt 10_FD10_1,Pt 10,73.996,72.64,1.5800000000000018,0,0,,
State-history,Pt 10_FD10_1,Pt 10,75.836,74.48,1.5800000000000018,0,0,,
State-history,Pt 10_FD10_1,Pt 10,79.696,76.74,1.5800000000000018,1,1,79.65,0.04599999999999227
State-history,Pt 10_FD10_1,Pt 10,83.68599999999999,81.29,1.5800000000000018,1,2,82.55,1.1359999999999957
State-history,Pt 10_FD10_1,Pt 10,86.87599999999999,84.69,1.5800000000000018,0,0,,
State-history,Pt 10_FD10_1,Pt 10,89.056,87.7,1.5800000000000018,1,1,88.5,0.5559999999999974
AC1_A3T,Pt 10_FD10_1,Pt 10,60.746,48.54,1.5800000000000018,1,1,59.8,0.9460000000000051
AC1_A3T,Pt 10_FD10_1,Pt 10,64.54599999999999,61.34,1.5800000000000018,1,1,63.15,1.3959999999999937
AC1_A3T,Pt 10_FD10_1,Pt 10,68.59599999999999,65.06,1.5800000000000018,1,1,68.45,0.14599999999998658
AC1_A3T,Pt 10_FD10_1,Pt 10,71.716,69.43,1.5800000000000018,0,0,,
AC1_A3T,Pt 10_FD10_1,Pt 10,73.996,72.64,1.5800000000000018,1,1,73.7,0.29599999999999227
AC1_A3T,Pt 10_FD10_1,Pt 10,75.836,74.48,1.5800000000000018,0,0,,
AC1_A3T,Pt 10_FD10_1,Pt 10,79.696,76.74,1.5800000000000018,1,2,78.35,1.3460000000000036
AC1_A3T,Pt 10_FD10_1,Pt 10,83.68599999999999,81.29,1.5800000000000018,1,1,82.5,1.1859999999999928
AC1_A3T,Pt 10_FD10_1,Pt 10,86.87599999999999,84.69,1.5800000000000018,1,2,85.7,1.1759999999999877
AC1_A3T,Pt 10_FD10_1,Pt 10,89.056,87.7,1.5800000000000018,1,1,88.65,0.4059999999999917
AC1_A7T,Pt 10_FD10_1,Pt 10,60.746,48.54,1.5800000000000018,0,0,,
AC1_A7T,Pt 10_FD10_1,Pt 10,64.54599999999999,61.34,1.5800000000000018,0,0,,
AC1_A7T,Pt 10_FD10_1,Pt 10,68.59599999999999,65.06,1.5800000000000018,1,1,67.55,1.0459999999999923
AC1_A7T,Pt 10_FD10_1,Pt 10,71.716,69.43,1.5800000000000018,1,2,70.7,1.0159999999999911
AC1_A7T,Pt 10_FD10_1,Pt 10,73.996,72.64,1.5800000000000018,1,1,73.05,0.945999999999998
AC1_A7T,Pt 10_FD10_1,Pt 10,75.836,74.48,1.5800000000000018,1,1,75.45,0.3859999999999957
AC1_A7T,Pt 10_FD10_1,Pt 10,79.696,76.74,1.5800000000000018,1,1,78.4,1.2959999999999923
AC1_A7T,Pt 10_FD10_1,Pt 10,83.68599999999999,81.29,1.5800000000000018,1,1,83.55,0.13599999999999568
AC1_A7T,Pt 10_FD10_1,Pt 10,86.87599999999999,84.69,1.5800000000000018,1,1,85.95,0.9259999999999877
AC1_A7T,Pt 10_FD10_1,Pt 10,89.056,87.7,1.5800000000000018,0,0,,
AC1_RA5T,Pt 10_FD10_1,Pt 10,60.746,48.54,1.5800000000000018,1,1,60.0,0.7460000000000022
AC1_RA5T,Pt 10_FD10_1,Pt 10,64.54599999999999,61.34,1.5800000000000018,1,2,63.55,0.9959999999999951
AC1_RA5T,Pt 10_FD10_1,Pt 10,68.59599999999999,65.06,1.5800000000000018,1,1,67.8,0.7959999999999923
AC1_RA5T,Pt 10_FD10_1,Pt 10,71.716,69.43,1.5800000000000018,1,1,70.2,1.5159999999999911
AC1_RA5T,Pt 10_FD10_1,Pt 10,73.996,72.64,1.5800000000000018,1,1,73.6,0.3960000000000008
AC1_RA5T,Pt 10_FD10_1,Pt 10,75.836,74.48,1.5800000000000018,1,1,75.1,0.7360000000000042
AC1_RA5T,Pt 10_FD10_1,Pt 10,79.696,76.74,1.5800000000000018,0,0,,
AC1_RA5T,Pt 10_FD10_1,Pt 10,83.68599999999999,81.29,1.5800000000000018,1,1,83.2,0.48599999999999
AC1_RA5T,Pt 10_FD10_1,Pt 10,86.87599999999999,84.69,1.5800000000000018,1,2,85.8,1.0759999999999934
AC1_RA5T,Pt 10_FD10_1,Pt 10,89.056,87.7,1.5800000000000018,0,0,,
Recovery_A3T,Pt 10_FD10_1,Pt 10,60.746,48.54,1.5800000000000018,1,1,59.6,1.1460000000000008
Recovery_A3T,Pt 10_FD10_1,Pt 10,64.54599999999999,61.34,1.5800000000000018,0,0,,
Recovery_A3T,Pt 10_FD10_1,Pt 10,68.59599999999999,65.06,1.5800000000000018,1,1,68.5,0.09599999999998943
Recovery_A3T,Pt 10_FD10_1,Pt 10,71.716,69.43,1.5800000000000018,1,1,71.45,0.26599999999999113
Recovery_A3T,Pt 10_FD10_1,Pt 10,73.996,72.64,1.5800000000000018,1,1,73.75,0.2459999999999951
Recovery_A3T,Pt 10_FD10_1,Pt 10,75.836,74.48,1.5800000000000018,1,1,74.75,1.0859999999999985
Recovery_A3T,Pt 10_FD10_1,Pt 10,79.696,76.74,1.5800000000000018,1,2,78.15,1.5459999999999923
Recovery_A3T,Pt 10_FD10_1,Pt 10,83.68599999999999,81.29,1.5800000000000018,1,1,82.25,1.4359999999999928
Recovery_A3T,Pt 10_FD10_1,Pt 10,86.87599999999999,84.69,1.5800000000000018,1,3,85.4,1.4759999999999849
Recovery_A3T,Pt 10_FD10_1,Pt 10,89.056,87.7,1.5800000000000018,0,0,,
Recovery_A7T,Pt 10_FD10_1,Pt 10,60.746,48.54,1.5800000000000018,0,0,,
Recovery_A7T,Pt 10_FD10_1,Pt 10,64.54599999999999,61.34,1.5800000000000018,1,1,63.05,1.4959999999999951
Recovery_A7T,Pt 10_FD10_1,Pt 10,68.59599999999999,65.06,1.5800000000000018,1,1,68.15,0.44599999999998374
Recovery_A7T,Pt 10_FD10_1,Pt 10,71.716,69.43,1.5800000000000018,1,1,70.65,1.0659999999999883
Recovery_A7T,Pt 10_FD10_1,Pt 10,73.996,72.64,1.5800000000000018,1,1,73.05,0.945999999999998
Recovery_A7T,Pt 10_FD10_1,Pt 10,75.836,74.48,1.5800000000000018,0,0,,
Recovery_A7T,Pt 10_FD10_1,Pt 10,79.696,76.74,1.5800000000000018,0,0,,
Recovery_A7T,Pt 10_FD10_1,Pt 10,83.68599999999999,81.29,1.5800000000000018,0,0,,
Recovery_A7T,Pt 10_FD10_1,Pt 10,86.87599999999999,84.69,1.5800000000000018,0,0,,
Recovery_A7T,Pt 10_FD10_1,Pt 10,89.056,87.7,1.5800000000000018,1,1,87.85,1.206000000000003
Recovery_RA5T,Pt 10_FD10_1,Pt 10,60.746,48.54,1.5800000000000018,0,0,,
Recovery_RA5T,Pt 10_FD10_1,Pt 10,64.54599999999999,61.34,1.5800000000000018,1,2,63.55,0.9959999999999951
Recovery_RA5T,Pt 10_FD10_1,Pt 10,68.59599999999999,65.06,1.5800000000000018,1,1,68.05,0.5459999999999923
Recovery_RA5T,Pt 10_FD10_1,Pt 10,71.716,69.43,1.5800000000000018,1,1,70.25,1.465999999999994
Recovery_RA5T,Pt 10_FD10_1,Pt 10,73.996,72.64,1.5800000000000018,1,1,72.75,1.2459999999999951
Recovery_RA5T,Pt 10_FD10_1,Pt 10,75.836,74.48,1.5800000000000018,1,1,75.15,0.6859999999999928
Recovery_RA5T,Pt 10_FD10_1,Pt 10,79.696,76.74,1.5800000000000018,0,0,,
Recovery_RA5T,Pt 10_FD10_1,Pt 10,83.68599999999999,81.29,1.5800000000000018,1,2,82.9,0.7859999999999872
Recovery_RA5T,Pt 10_FD10_1,Pt 10,86.87599999999999,84.69,1.5800000000000018,1,1,85.55,1.3259999999999934
Recovery_RA5T,Pt 10_FD10_1,Pt 10,89.056,87.7,1.5800000000000018,0,0,,
Reddening_A3T,Pt 10_FD10_1,Pt 10,60.746,48.54,1.5800000000000018,1,1,59.65,1.0960000000000036
Reddening_A3T,Pt 10_FD10_1,Pt 10,64.54599999999999,61.34,1.5800000000000018,1,1,63.2,1.3459999999999894
Reddening_A3T,Pt 10_FD10_1,Pt 10,68.59599999999999,65.06,1.5800000000000018,0,0,,
Reddening_A3T,Pt 10_FD10_1,Pt 10,71.716,69.43,1.5800000000000018,0,0,,
Reddening_A3T,Pt 10_FD10_1,Pt 10,73.996,72.64,1.5800000000000018,1,1,73.85,0.1460000000000008
Reddening_A3T,Pt 10_FD10_1,Pt 10,75.836,74.48,1.5800000000000018,1,1,74.8,1.0360000000000014
Reddening_A3T,Pt 10_FD10_1,Pt 10,79.696,76.74,1.5800000000000018,1,2,78.35,1.3460000000000036
Reddening_A3T,Pt 10_FD10_1,Pt 10,83.68599999999999,81.29,1.5800000000000018,1,1,82.9,0.7859999999999872
Reddening_A3T,Pt 10_FD10_1,Pt 10,86.87599999999999,84.69,1.5800000000000018,0,0,,
Reddening_A3T,Pt 10_FD10_1,Pt 10,89.056,87.7,1.5800000000000018,0,0,,
Reddening_A7T,Pt 10_FD10_1,Pt 10,60.746,48.54,1.5800000000000018,0,0,,
Reddening_A7T,Pt 10_FD10_1,Pt 10,64.54599999999999,61.34,1.5800000000000018,0,0,,
Reddening_A7T,Pt 10_FD10_1,Pt 10,68.59599999999999,65.06,1.5800000000000018,0,0,,
Reddening_A7T,Pt 10_FD10_1,Pt 10,71.716,69.43,1.5800000000000018,1,1,70.5,1.215999999999994
Reddening_A7T,Pt 10_FD10_1,Pt 10,73.996,72.64,1.5800000000000018,0,0,,
Reddening_A7T,Pt 10_FD10_1,Pt 10,75.836,74.48,1.5800000000000018,0,0,,
Reddening_A7T,Pt 10_FD10_1,Pt 10,79.696,76.74,1.5800000000000018,0,0,,
Reddening_A7T,Pt 10_FD10_1,Pt 10,83.68599999999999,81.29,1.5800000000000018,0,0,,
Reddening_A7T,Pt 10_FD10_1,Pt 10,86.87599999999999,84.69,1.5800000000000018,1,1,85.4,1.4759999999999849
Reddening_A7T,Pt 10_FD10_1,Pt 10,89.056,87.7,1.5800000000000018,0,0,,
Reddening_RA5T,Pt 10_FD10_1,Pt 10,60.746,48.54,1.5800000000000018,1,1,60.45,0.2959999999999994
Reddening_RA5T,Pt 10_FD10_1,Pt 10,64.54599999999999,61.34,1.5800000000000018,0,0,,
Reddening_RA5T,Pt 10_FD10_1,Pt 10,68.59599999999999,65.06,1.5800000000000018,1,1,67.55,1.0459999999999923
Reddening_RA5T,Pt 10_FD10_1,Pt 10,71.716,69.43,1.5800000000000018,0,0,,
Reddening_RA5T,Pt 10_FD10_1,Pt 10,73.996,72.64,1.5800000000000018,0,0,,
Reddening_RA5T,Pt 10_FD10_1,Pt 10,75.836,74.48,1.5800000000000018,1,1,74.55,1.2860000000000014
Reddening_RA5T,Pt 10_FD10_1,Pt 10,79.696,76.74,1.5800000000000018,0,0,,
Reddening_RA5T,Pt 10_FD10_1,Pt 10,83.68599999999999,81.29,1.5800000000000018,0,0,,
Reddening_RA5T,Pt 10_FD10_1,Pt 10,86.87599999999999,84.69,1.5800000000000018,0,0,,
Reddening_RA5T,Pt 10_FD10_1,Pt 10,89.056,87.7,1.5800000000000018,0,0,,
Variance_A3T,Pt 10_FD10_1,Pt 10,60.746,48.54,1.5800000000000018,0,0,,
Variance_A3T,Pt 10_FD10_1,Pt 10,64.54599999999999,61.34,1.5800000000000018,0,0,,
Variance_A3T,Pt 10_FD10_1,Pt 10,68.59599999999999,65.06,1.5800000000000018,0,0,,
Variance_A3T,Pt 10_FD10_1,Pt 10,71.716,69.43,1.5800000000000018,0,0,,
Variance_A3T,Pt 10_FD10_1,Pt 10,73.996,72.64,1.5800000000000018,0,0,,
Variance_A3T,Pt 10_FD10_1,Pt 10,75.836,74.48,1.5800000000000018,0,0,,
Variance_A3T,Pt 10_FD10_1,Pt 10,79.696,76.74,1.5800000000000018,0,0,,
Variance_A3T,Pt 10_FD10_1,Pt 10,83.68599999999999,81.29,1.5800000000000018,0,0,,
Variance_A3T,Pt 10_FD10_1,Pt 10,86.87599999999999,84.69,1.5800000000000018,0,0,,
Variance_A3T,Pt 10_FD10_1,Pt 10,89.056,87.7,1.5800000000000018,0,0,,
Variance_A7T,Pt 10_FD10_1,Pt 10,60.746,48.54,1.5800000000000018,1,1,59.6,1.1460000000000008
Variance_A7T,Pt 10_FD10_1,Pt 10,64.54599999999999,61.34,1.5800000000000018,0,0,,
Variance_A7T,Pt 10_FD10_1,Pt 10,68.59599999999999,65.06,1.5800000000000018,0,0,,
Variance_A7T,Pt 10_FD10_1,Pt 10,71.716,69.43,1.5800000000000018,0,0,,
Variance_A7T,Pt 10_FD10_1,Pt 10,73.996,72.64,1.5800000000000018,0,0,,
Variance_A7T,Pt 10_FD10_1,Pt 10,75.836,74.48,1.5800000000000018,0,0,,
Variance_A7T,Pt 10_FD10_1,Pt 10,79.696,76.74,1.5800000000000018,1,1,78.4,1.2959999999999923
Variance_A7T,Pt 10_FD10_1,Pt 10,83.68599999999999,81.29,1.5800000000000018,0,0,,
Variance_A7T,Pt 10_FD10_1,Pt 10,86.87599999999999,84.69,1.5800000000000018,1,1,85.35,1.5259999999999962
Variance_A7T,Pt 10_FD10_1,Pt 10,89.056,87.7,1.5800000000000018,0,0,,
Variance_RA5T,Pt 10_FD10_1,Pt 10,60.746,48.54,1.5800000000000018,0,0,,
Variance_RA5T,Pt 10_FD10_1,Pt 10,64.54599999999999,61.34,1.5800000000000018,1,1,63.7,0.8459999999999894
Variance_RA5T,Pt 10_FD10_1,Pt 10,68.59599999999999,65.06,1.5800000000000018,0,0,,
Variance_RA5T,Pt 10_FD10_1,Pt 10,71.716,69.43,1.5800000000000018,0,0,,
Variance_RA5T,Pt 10_FD10_1,Pt 10,73.996,72.64,1.5800000000000018,0,0,,
Variance_RA5T,Pt 10_FD10_1,Pt 10,75.836,74.48,1.5800000000000018,0,0,,
Variance_RA5T,Pt 10_FD10_1,Pt 10,79.696,76.74,1.5800000000000018,0,0,,
Variance_RA5T,Pt 10_FD10_1,Pt 10,83.68599999999999,81.29,1.5800000000000018,1,1,82.8,0.8859999999999957
Variance_RA5T,Pt 10_FD10_1,Pt 10,86.87599999999999,84.69,1.5800000000000018,0,0,,
Variance_RA5T,Pt 10_FD10_1,Pt 10,89.056,87.7,1.5800000000000018,0,0,,
Persistence,Pt 10_FD10_2,Pt 10,81.416,55.09,1.8199999999999967,1,1,80.55,0.8659999999999997
Persistence,Pt 10_FD10_2,Pt 10,85.836,84.48,1.8199999999999967,0,0,,
AC1,Pt 10_FD10_2,Pt 10,81.416,55.09,1.8199999999999967,0,0,,
AC1,Pt 10_FD10_2,Pt 10,85.836,84.48,1.8199999999999967,0,0,,
Variance,Pt 10_FD10_2,Pt 10,81.416,55.09,1.8199999999999967,0,0,,
Variance,Pt 10_FD10_2,Pt 10,85.836,84.48,1.8199999999999967,0,0,,
Recovery,Pt 10_FD10_2,Pt 10,81.416,55.09,1.8199999999999967,1,1,80.5,0.9159999999999968
Recovery,Pt 10_FD10_2,Pt 10,85.836,84.48,1.8199999999999967,0,0,,
Reddening,Pt 10_FD10_2,Pt 10,81.416,55.09,1.8199999999999967,0,0,,
Reddening,Pt 10_FD10_2,Pt 10,85.836,84.48,1.8199999999999967,0,0,,
State-history,Pt 10_FD10_2,Pt 10,81.416,55.09,1.8199999999999967,1,1,80.5,0.9159999999999968
State-history,Pt 10_FD10_2,Pt 10,85.836,84.48,1.8199999999999967,0,0,,
AC1_A3T,Pt 10_FD10_2,Pt 10,81.416,55.09,1.8199999999999967,1,1,80.85,0.5660000000000025
AC1_A3T,Pt 10_FD10_2,Pt 10,85.836,84.48,1.8199999999999967,1,1,84.5,1.3359999999999985
AC1_A7T,Pt 10_FD10_2,Pt 10,81.416,55.09,1.8199999999999967,1,1,81.2,0.21599999999999397
AC1_A7T,Pt 10_FD10_2,Pt 10,85.836,84.48,1.8199999999999967,1,1,84.75,1.0859999999999985
AC1_RA5T,Pt 10_FD10_2,Pt 10,81.416,55.09,1.8199999999999967,0,0,,
AC1_RA5T,Pt 10_FD10_2,Pt 10,85.836,84.48,1.8199999999999967,1,1,85.8,0.036000000000001364
Recovery_A3T,Pt 10_FD10_2,Pt 10,81.416,55.09,1.8199999999999967,1,1,80.55,0.8659999999999997
Recovery_A3T,Pt 10_FD10_2,Pt 10,85.836,84.48,1.8199999999999967,1,1,85.1,0.7360000000000042
Recovery_A7T,Pt 10_FD10_2,Pt 10,81.416,55.09,1.8199999999999967,1,1,80.9,0.5159999999999911
Recovery_A7T,Pt 10_FD10_2,Pt 10,85.836,84.48,1.8199999999999967,1,1,85.2,0.6359999999999957
Recovery_RA5T,Pt 10_FD10_2,Pt 10,81.416,55.09,1.8199999999999967,0,0,,
Recovery_RA5T,Pt 10_FD10_2,Pt 10,85.836,84.48,1.8199999999999967,1,1,85.3,0.5360000000000014
Reddening_A3T,Pt 10_FD10_2,Pt 10,81.416,55.09,1.8199999999999967,1,1,80.25,1.1659999999999968
Reddening_A3T,Pt 10_FD10_2,Pt 10,85.836,84.48,1.8199999999999967,1,1,85.75,0.08599999999999852
Reddening_A7T,Pt 10_FD10_2,Pt 10,81.416,55.09,1.8199999999999967,0,0,,
Reddening_A7T,Pt 10_FD10_2,Pt 10,85.836,84.48,1.8199999999999967,1,1,85.65,0.18599999999999284
Reddening_RA5T,Pt 10_FD10_2,Pt 10,81.416,55.09,1.8199999999999967,0,0,,
Reddening_RA5T,Pt 10_FD10_2,Pt 10,85.836,84.48,1.8199999999999967,0,0,,
Variance_A3T,Pt 10_FD10_2,Pt 10,81.416,55.09,1.8199999999999967,0,0,,
Variance_A3T,Pt 10_FD10_2,Pt 10,85.836,84.48,1.8199999999999967,0,0,,
Variance_A7T,Pt 10_FD10_2,Pt 10,81.416,55.09,1.8199999999999967,0,0,,
Variance_A7T,Pt 10_FD10_2,Pt 10,85.836,84.48,1.8199999999999967,0,0,,
Variance_RA5T,Pt 10_FD10_2,Pt 10,81.416,55.09,1.8199999999999967,0,0,,
Variance_RA5T,Pt 10_FD10_2,Pt 10,85.836,84.48,1.8199999999999967,0,0,,
Persistence,Pt 10_FD10_4,Pt 10,68.856,59.31,1.8599999999999992,1,1,68.0,0.8559999999999945
Persistence,Pt 10_FD10_4,Pt 10,73.67599999999999,72.32,1.8599999999999992,1,1,73.4,0.27599999999998204
Persistence,Pt 10_FD10_4,Pt 10,75.746,74.39,1.8599999999999992,1,1,75.4,0.3459999999999894
Persistence,Pt 10_FD10_4,Pt 10,80.966,79.61,1.8599999999999992,1,1,80.0,0.965999999999994
Persistence,Pt 10_FD10_4,Pt 10,82.726,81.37,1.8599999999999992,1,1,82.0,0.7259999999999991
AC1,Pt 10_FD10_4,Pt 10,68.856,59.31,1.8599999999999992,1,1,68.05,0.8059999999999974
AC1,Pt 10_FD10_4,Pt 10,73.67599999999999,72.32,1.8599999999999992,1,1,72.7,0.9759999999999849
AC1,Pt 10_FD10_4,Pt 10,75.746,74.39,1.8599999999999992,1,1,74.75,0.9959999999999951
AC1,Pt 10_FD10_4,Pt 10,80.966,79.61,1.8599999999999992,1,1,80.9,0.06599999999998829
AC1,Pt 10_FD10_4,Pt 10,82.726,81.37,1.8599999999999992,1,2,81.75,0.9759999999999991
Variance,Pt 10_FD10_4,Pt 10,68.856,59.31,1.8599999999999992,0,0,,
Variance,Pt 10_FD10_4,Pt 10,73.67599999999999,72.32,1.8599999999999992,0,0,,
Variance,Pt 10_FD10_4,Pt 10,75.746,74.39,1.8599999999999992,0,0,,
Variance,Pt 10_FD10_4,Pt 10,80.966,79.61,1.8599999999999992,0,0,,
Variance,Pt 10_FD10_4,Pt 10,82.726,81.37,1.8599999999999992,0,0,,
Recovery,Pt 10_FD10_4,Pt 10,68.856,59.31,1.8599999999999992,1,1,67.55,1.3059999999999974
Recovery,Pt 10_FD10_4,Pt 10,73.67599999999999,72.32,1.8599999999999992,1,1,73.4,0.27599999999998204
Recovery,Pt 10_FD10_4,Pt 10,75.746,74.39,1.8599999999999992,1,1,75.7,0.04599999999999227
Recovery,Pt 10_FD10_4,Pt 10,80.966,79.61,1.8599999999999992,1,1,80.55,0.4159999999999968
Recovery,Pt 10_FD10_4,Pt 10,82.726,81.37,1.8599999999999992,1,1,81.7,1.0259999999999962
Reddening,Pt 10_FD10_4,Pt 10,68.856,59.31,1.8599999999999992,1,1,67.0,1.8559999999999945
Reddening,Pt 10_FD10_4,Pt 10,73.67599999999999,72.32,1.8599999999999992,0,0,,
Reddening,Pt 10_FD10_4,Pt 10,75.746,74.39,1.8599999999999992,0,0,,
Reddening,Pt 10_FD10_4,Pt 10,80.966,79.61,1.8599999999999992,0,0,,
Reddening,Pt 10_FD10_4,Pt 10,82.726,81.37,1.8599999999999992,0,0,,
State-history,Pt 10_FD10_4,Pt 10,68.856,59.31,1.8599999999999992,1,1,68.0,0.8559999999999945
State-history,Pt 10_FD10_4,Pt 10,73.67599999999999,72.32,1.8599999999999992,1,1,73.4,0.27599999999998204
State-history,Pt 10_FD10_4,Pt 10,75.746,74.39,1.8599999999999992,1,2,74.85,0.8960000000000008
State-history,Pt 10_FD10_4,Pt 10,80.966,79.61,1.8599999999999992,1,1,80.0,0.965999999999994
State-history,Pt 10_FD10_4,Pt 10,82.726,81.37,1.8599999999999992,1,1,81.9,0.8259999999999934
AC1_A3T,Pt 10_FD10_4,Pt 10,68.856,59.31,1.8599999999999992,1,1,68.0,0.8559999999999945
AC1_A3T,Pt 10_FD10_4,Pt 10,73.67599999999999,72.32,1.8599999999999992,1,1,73.35,0.3259999999999934
AC1_A3T,Pt 10_FD10_4,Pt 10,75.746,74.39,1.8599999999999992,1,1,74.75,0.9959999999999951
AC1_A3T,Pt 10_FD10_4,Pt 10,80.966,79.61,1.8599999999999992,1,1,80.8,0.16599999999999682
AC1_A3T,Pt 10_FD10_4,Pt 10,82.726,81.37,1.8599999999999992,1,1,81.7,1.0259999999999962
AC1_A7T,Pt 10_FD10_4,Pt 10,68.856,59.31,1.8599999999999992,1,1,68.4,0.45599999999998886
AC1_A7T,Pt 10_FD10_4,Pt 10,73.67599999999999,72.32,1.8599999999999992,1,1,72.8,0.8759999999999906
AC1_A7T,Pt 10_FD10_4,Pt 10,75.746,74.39,1.8599999999999992,1,1,74.7,1.0459999999999923
AC1_A7T,Pt 10_FD10_4,Pt 10,80.966,79.61,1.8599999999999992,0,0,,
AC1_A7T,Pt 10_FD10_4,Pt 10,82.726,81.37,1.8599999999999992,1,1,82.35,0.3760000000000048
AC1_RA5T,Pt 10_FD10_4,Pt 10,68.856,59.31,1.8599999999999992,1,1,68.05,0.8059999999999974
AC1_RA5T,Pt 10_FD10_4,Pt 10,73.67599999999999,72.32,1.8599999999999992,1,1,72.7,0.9759999999999849
AC1_RA5T,Pt 10_FD10_4,Pt 10,75.746,74.39,1.8599999999999992,1,1,74.75,0.9959999999999951
AC1_RA5T,Pt 10_FD10_4,Pt 10,80.966,79.61,1.8599999999999992,1,1,80.9,0.06599999999998829
AC1_RA5T,Pt 10_FD10_4,Pt 10,82.726,81.37,1.8599999999999992,1,2,81.75,0.9759999999999991
Recovery_A3T,Pt 10_FD10_4,Pt 10,68.856,59.31,1.8599999999999992,1,1,67.85,1.0060000000000002
Recovery_A3T,Pt 10_FD10_4,Pt 10,73.67599999999999,72.32,1.8599999999999992,0,0,,
Recovery_A3T,Pt 10_FD10_4,Pt 10,75.746,74.39,1.8599999999999992,1,2,74.9,0.8459999999999894
Recovery_A3T,Pt 10_FD10_4,Pt 10,80.966,79.61,1.8599999999999992,1,2,79.8,1.1659999999999968
Recovery_A3T,Pt 10_FD10_4,Pt 10,82.726,81.37,1.8599999999999992,1,1,81.7,1.0259999999999962
Recovery_A7T,Pt 10_FD10_4,Pt 10,68.856,59.31,1.8599999999999992,1,3,67.65,1.2059999999999889
Recovery_A7T,Pt 10_FD10_4,Pt 10,73.67599999999999,72.32,1.8599999999999992,0,0,,
Recovery_A7T,Pt 10_FD10_4,Pt 10,75.746,74.39,1.8599999999999992,1,1,75.55,0.19599999999999795
Recovery_A7T,Pt 10_FD10_4,Pt 10,80.966,79.61,1.8599999999999992,1,1,80.65,0.3159999999999883
Recovery_A7T,Pt 10_FD10_4,Pt 10,82.726,81.37,1.8599999999999992,1,2,81.55,1.176000000000002
Recovery_RA5T,Pt 10_FD10_4,Pt 10,68.856,59.31,1.8599999999999992,1,1,67.55,1.3059999999999974
Recovery_RA5T,Pt 10_FD10_4,Pt 10,73.67599999999999,72.32,1.8599999999999992,1,1,73.4,0.27599999999998204
Recovery_RA5T,Pt 10_FD10_4,Pt 10,75.746,74.39,1.8599999999999992,1,1,75.7,0.04599999999999227
Recovery_RA5T,Pt 10_FD10_4,Pt 10,80.966,79.61,1.8599999999999992,1,1,80.3,0.6659999999999968
Recovery_RA5T,Pt 10_FD10_4,Pt 10,82.726,81.37,1.8599999999999992,1,1,81.4,1.3259999999999934
Reddening_A3T,Pt 10_FD10_4,Pt 10,68.856,59.31,1.8599999999999992,1,1,68.05,0.8059999999999974
Reddening_A3T,Pt 10_FD10_4,Pt 10,73.67599999999999,72.32,1.8599999999999992,0,0,,
Reddening_A3T,Pt 10_FD10_4,Pt 10,75.746,74.39,1.8599999999999992,0,0,,
Reddening_A3T,Pt 10_FD10_4,Pt 10,80.966,79.61,1.8599999999999992,1,1,79.85,1.1159999999999997
Reddening_A3T,Pt 10_FD10_4,Pt 10,82.726,81.37,1.8599999999999992,1,1,81.55,1.176000000000002
Reddening_A7T,Pt 10_FD10_4,Pt 10,68.856,59.31,1.8599999999999992,1,1,67.8,1.0559999999999974
Reddening_A7T,Pt 10_FD10_4,Pt 10,73.67599999999999,72.32,1.8599999999999992,0,0,,
Reddening_A7T,Pt 10_FD10_4,Pt 10,75.746,74.39,1.8599999999999992,0,0,,
Reddening_A7T,Pt 10_FD10_4,Pt 10,80.966,79.61,1.8599999999999992,0,0,,
Reddening_A7T,Pt 10_FD10_4,Pt 10,82.726,81.37,1.8599999999999992,0,0,,
Reddening_RA5T,Pt 10_FD10_4,Pt 10,68.856,59.31,1.8599999999999992,0,0,,
Reddening_RA5T,Pt 10_FD10_4,Pt 10,73.67599999999999,72.32,1.8599999999999992,0,0,,
Reddening_RA5T,Pt 10_FD10_4,Pt 10,75.746,74.39,1.8599999999999992,0,0,,
Reddening_RA5T,Pt 10_FD10_4,Pt 10,80.966,79.61,1.8599999999999992,0,0,,
Reddening_RA5T,Pt 10_FD10_4,Pt 10,82.726,81.37,1.8599999999999992,0,0,,
Variance_A3T,Pt 10_FD10_4,Pt 10,68.856,59.31,1.8599999999999992,0,0,,
Variance_A3T,Pt 10_FD10_4,Pt 10,73.67599999999999,72.32,1.8599999999999992,0,0,,
Variance_A3T,Pt 10_FD10_4,Pt 10,75.746,74.39,1.8599999999999992,0,0,,
Variance_A3T,Pt 10_FD10_4,Pt 10,80.966,79.61,1.8599999999999992,0,0,,
Variance_A3T,Pt 10_FD10_4,Pt 10,82.726,81.37,1.8599999999999992,0,0,,
Variance_A7T,Pt 10_FD10_4,Pt 10,68.856,59.31,1.8599999999999992,0,0,,
Variance_A7T,Pt 10_FD10_4,Pt 10,73.67599999999999,72.32,1.8599999999999992,0,0,,
Variance_A7T,Pt 10_FD10_4,Pt 10,75.746,74.39,1.8599999999999992,0,0,,
Variance_A7T,Pt 10_FD10_4,Pt 10,80.966,79.61,1.8599999999999992,0,0,,
Variance_A7T,Pt 10_FD10_4,Pt 10,82.726,81.37,1.8599999999999992,0,0,,
Variance_RA5T,Pt 10_FD10_4,Pt 10,68.856,59.31,1.8599999999999992,0,0,,
Variance_RA5T,Pt 10_FD10_4,Pt 10,73.67599999999999,72.32,1.8599999999999992,0,0,,
Variance_RA5T,Pt 10_FD10_4,Pt 10,75.746,74.39,1.8599999999999992,0,0,,
Variance_RA5T,Pt 10_FD10_4,Pt 10,80.966,79.61,1.8599999999999992,0,0,,
Variance_RA5T,Pt 10_FD10_4,Pt 10,82.726,81.37,1.8599999999999992,0,0,,
Persistence,Pt 18_FD18_2,Pt 18,62.826,60.82,1.1999999999999886,0,0,,
Persistence,Pt 18_FD18_2,Pt 18,65.256,63.9,1.1999999999999886,0,0,,
Persistence,Pt 18_FD18_2,Pt 18,69.306,66.53,1.1999999999999886,1,1,68.85,0.45600000000000307
Persistence,Pt 18_FD18_2,Pt 18,77.31599999999999,73.39,1.1999999999999886,1,1,77.15,0.1659999999999826
AC1,Pt 18_FD18_2,Pt 18,62.826,60.82,1.1999999999999886,1,1,61.8,1.0260000000000034
AC1,Pt 18_FD18_2,Pt 18,65.256,63.9,1.1999999999999886,1,1,64.95,0.3059999999999974
AC1,Pt 18_FD18_2,Pt 18,69.306,66.53,1.1999999999999886,0,0,,
AC1,Pt 18_FD18_2,Pt 18,77.31599999999999,73.39,1.1999999999999886,1,1,76.65,0.6659999999999826
Variance,Pt 18_FD18_2,Pt 18,62.826,60.82,1.1999999999999886,0,0,,
Variance,Pt 18_FD18_2,Pt 18,65.256,63.9,1.1999999999999886,0,0,,
Variance,Pt 18_FD18_2,Pt 18,69.306,66.53,1.1999999999999886,1,1,68.45,0.8559999999999945
Variance,Pt 18_FD18_2,Pt 18,77.31599999999999,73.39,1.1999999999999886,1,1,76.5,0.8159999999999883
Recovery,Pt 18_FD18_2,Pt 18,62.826,60.82,1.1999999999999886,1,1,61.8,1.0260000000000034
Recovery,Pt 18_FD18_2,Pt 18,65.256,63.9,1.1999999999999886,1,1,64.45,0.8059999999999974
Recovery,Pt 18_FD18_2,Pt 18,69.306,66.53,1.1999999999999886,1,1,68.7,0.6059999999999945
Recovery,Pt 18_FD18_2,Pt 18,77.31599999999999,73.39,1.1999999999999886,1,1,76.6,0.715999999999994
Reddening,Pt 18_FD18_2,Pt 18,62.826,60.82,1.1999999999999886,0,0,,
Reddening,Pt 18_FD18_2,Pt 18,65.256,63.9,1.1999999999999886,1,1,64.35,0.9060000000000059
Reddening,Pt 18_FD18_2,Pt 18,69.306,66.53,1.1999999999999886,0,0,,
Reddening,Pt 18_FD18_2,Pt 18,77.31599999999999,73.39,1.1999999999999886,0,0,,
State-history,Pt 18_FD18_2,Pt 18,62.826,60.82,1.1999999999999886,0,0,,
State-history,Pt 18_FD18_2,Pt 18,65.256,63.9,1.1999999999999886,0,0,,
State-history,Pt 18_FD18_2,Pt 18,69.306,66.53,1.1999999999999886,1,1,68.45,0.8559999999999945
State-history,Pt 18_FD18_2,Pt 18,77.31599999999999,73.39,1.1999999999999886,1,1,76.25,1.0659999999999883
AC1_A3T,Pt 18_FD18_2,Pt 18,62.826,60.82,1.1999999999999886,1,1,61.65,1.176000000000002
AC1_A3T,Pt 18_FD18_2,Pt 18,65.256,63.9,1.1999999999999886,1,1,64.8,0.45600000000000307
AC1_A3T,Pt 18_FD18_2,Pt 18,69.306,66.53,1.1999999999999886,1,1,68.9,0.4059999999999917
AC1_A3T,Pt 18_FD18_2,Pt 18,77.31599999999999,73.39,1.1999999999999886,1,1,76.7,0.6159999999999854
AC1_A7T,Pt 18_FD18_2,Pt 18,62.826,60.82,1.1999999999999886,1,1,61.75,1.0760000000000005
AC1_A7T,Pt 18_FD18_2,Pt 18,65.256,63.9,1.1999999999999886,0,0,,
AC1_A7T,Pt 18_FD18_2,Pt 18,69.306,66.53,1.1999999999999886,0,0,,
AC1_A7T,Pt 18_FD18_2,Pt 18,77.31599999999999,73.39,1.1999999999999886,1,1,76.55,0.7659999999999911
AC1_RA5T,Pt 18_FD18_2,Pt 18,62.826,60.82,1.1999999999999886,1,2,61.8,1.0260000000000034
AC1_RA5T,Pt 18_FD18_2,Pt 18,65.256,63.9,1.1999999999999886,1,1,64.55,0.7060000000000031
AC1_RA5T,Pt 18_FD18_2,Pt 18,69.306,66.53,1.1999999999999886,0,0,,
AC1_RA5T,Pt 18_FD18_2,Pt 18,77.31599999999999,73.39,1.1999999999999886,1,1,76.65,0.6659999999999826
Recovery_A3T,Pt 18_FD18_2,Pt 18,62.826,60.82,1.1999999999999886,1,1,62.2,0.6259999999999977
Recovery_A3T,Pt 18_FD18_2,Pt 18,65.256,63.9,1.1999999999999886,0,0,,
Recovery_A3T,Pt 18_FD18_2,Pt 18,69.306,66.53,1.1999999999999886,0,0,,
Recovery_A3T,Pt 18_FD18_2,Pt 18,77.31599999999999,73.39,1.1999999999999886,1,1,76.4,0.9159999999999826
Recovery_A7T,Pt 18_FD18_2,Pt 18,62.826,60.82,1.1999999999999886,1,1,61.8,1.0260000000000034
Recovery_A7T,Pt 18_FD18_2,Pt 18,65.256,63.9,1.1999999999999886,1,1,65.2,0.055999999999997385
Recovery_A7T,Pt 18_FD18_2,Pt 18,69.306,66.53,1.1999999999999886,1,1,68.75,0.5559999999999974
Recovery_A7T,Pt 18_FD18_2,Pt 18,77.31599999999999,73.39,1.1999999999999886,1,1,76.8,0.5159999999999911
Recovery_RA5T,Pt 18_FD18_2,Pt 18,62.826,60.82,1.1999999999999886,1,2,61.65,1.176000000000002
Recovery_RA5T,Pt 18_FD18_2,Pt 18,65.256,63.9,1.1999999999999886,1,1,65.15,0.10599999999999454
Recovery_RA5T,Pt 18_FD18_2,Pt 18,69.306,66.53,1.1999999999999886,1,1,68.8,0.5060000000000002
Recovery_RA5T,Pt 18_FD18_2,Pt 18,77.31599999999999,73.39,1.1999999999999886,1,1,76.65,0.6659999999999826
Reddening_A3T,Pt 18_FD18_2,Pt 18,62.826,60.82,1.1999999999999886,0,0,,
Reddening_A3T,Pt 18_FD18_2,Pt 18,65.256,63.9,1.1999999999999886,0,0,,
Reddening_A3T,Pt 18_FD18_2,Pt 18,69.306,66.53,1.1999999999999886,1,1,69.25,0.055999999999997385
Reddening_A3T,Pt 18_FD18_2,Pt 18,77.31599999999999,73.39,1.1999999999999886,1,1,76.55,0.7659999999999911
Reddening_A7T,Pt 18_FD18_2,Pt 18,62.826,60.82,1.1999999999999886,0,0,,
Reddening_A7T,Pt 18_FD18_2,Pt 18,65.256,63.9,1.1999999999999886,0,0,,
Reddening_A7T,Pt 18_FD18_2,Pt 18,69.306,66.53,1.1999999999999886,0,0,,
Reddening_A7T,Pt 18_FD18_2,Pt 18,77.31599999999999,73.39,1.1999999999999886,1,1,76.2,1.1159999999999854
Reddening_RA5T,Pt 18_FD18_2,Pt 18,62.826,60.82,1.1999999999999886,1,1,61.7,1.1259999999999977
Reddening_RA5T,Pt 18_FD18_2,Pt 18,65.256,63.9,1.1999999999999886,0,0,,
Reddening_RA5T,Pt 18_FD18_2,Pt 18,69.306,66.53,1.1999999999999886,0,0,,
Reddening_RA5T,Pt 18_FD18_2,Pt 18,77.31599999999999,73.39,1.1999999999999886,0,0,,
Variance_A3T,Pt 18_FD18_2,Pt 18,62.826,60.82,1.1999999999999886,0,0,,
Variance_A3T,Pt 18_FD18_2,Pt 18,65.256,63.9,1.1999999999999886,0,0,,
Variance_A3T,Pt 18_FD18_2,Pt 18,69.306,66.53,1.1999999999999886,0,0,,
Variance_A3T,Pt 18_FD18_2,Pt 18,77.31599999999999,73.39,1.1999999999999886,0,0,,
Variance_A7T,Pt 18_FD18_2,Pt 18,62.826,60.82,1.1999999999999886,0,0,,
Variance_A7T,Pt 18_FD18_2,Pt 18,65.256,63.9,1.1999999999999886,0,0,,
Variance_A7T,Pt 18_FD18_2,Pt 18,69.306,66.53,1.1999999999999886,1,1,68.5,0.8059999999999974
Variance_A7T,Pt 18_FD18_2,Pt 18,77.31599999999999,73.39,1.1999999999999886,1,1,76.45,0.8659999999999854
Variance_RA5T,Pt 18_FD18_2,Pt 18,62.826,60.82,1.1999999999999886,0,0,,
Variance_RA5T,Pt 18_FD18_2,Pt 18,65.256,63.9,1.1999999999999886,1,1,65.0,0.2560000000000002
Variance_RA5T,Pt 18_FD18_2,Pt 18,69.306,66.53,1.1999999999999886,0,0,,
Variance_RA5T,Pt 18_FD18_2,Pt 18,77.31599999999999,73.39,1.1999999999999886,0,0,,
Persistence,Pt 18_FD18_3,Pt 18,62.196000000000005,60.84,1.7000000000000028,0,0,,
Persistence,Pt 18_FD18_3,Pt 18,69.62599999999999,68.27,1.7000000000000028,0,0,,
Persistence,Pt 18_FD18_3,Pt 18,74.136,71.03,1.7000000000000028,0,0,,
Persistence,Pt 18_FD18_3,Pt 18,75.90599999999999,74.55,1.7000000000000028,1,1,74.9,1.005999999999986
Persistence,Pt 18_FD18_3,Pt 18,83.84599999999999,82.49,1.7000000000000028,0,0,,
Persistence,Pt 18_FD18_3,Pt 18,87.526,86.17,1.7000000000000028,0,0,,
AC1,Pt 18_FD18_3,Pt 18,62.196000000000005,60.84,1.7000000000000028,0,0,,
AC1,Pt 18_FD18_3,Pt 18,69.62599999999999,68.27,1.7000000000000028,1,1,69.35,0.27599999999999625
AC1,Pt 18_FD18_3,Pt 18,74.136,71.03,1.7000000000000028,1,2,73.05,1.0859999999999985
AC1,Pt 18_FD18_3,Pt 18,75.90599999999999,74.55,1.7000000000000028,0,0,,
AC1,Pt 18_FD18_3,Pt 18,83.84599999999999,82.49,1.7000000000000028,0,0,,
AC1,Pt 18_FD18_3,Pt 18,87.526,86.17,1.7000000000000028,0,0,,
Variance,Pt 18_FD18_3,Pt 18,62.196000000000005,60.84,1.7000000000000028,0,0,,
Variance,Pt 18_FD18_3,Pt 18,69.62599999999999,68.27,1.7000000000000028,0,0,,
Variance,Pt 18_FD18_3,Pt 18,74.136,71.03,1.7000000000000028,0,0,,
Variance,Pt 18_FD18_3,Pt 18,75.90599999999999,74.55,1.7000000000000028,0,0,,
Variance,Pt 18_FD18_3,Pt 18,83.84599999999999,82.49,1.7000000000000028,0,0,,
Variance,Pt 18_FD18_3,Pt 18,87.526,86.17,1.7000000000000028,0,0,,
Recovery,Pt 18_FD18_3,Pt 18,62.196000000000005,60.84,1.7000000000000028,0,0,,
Recovery,Pt 18_FD18_3,Pt 18,69.62599999999999,68.27,1.7000000000000028,1,2,68.4,1.2259999999999849
Recovery,Pt 18_FD18_3,Pt 18,74.136,71.03,1.7000000000000028,1,1,73.95,0.18599999999999284
Recovery,Pt 18_FD18_3,Pt 18,75.90599999999999,74.55,1.7000000000000028,0,0,,
Recovery,Pt 18_FD18_3,Pt 18,83.84599999999999,82.49,1.7000000000000028,0,0,,
Recovery,Pt 18_FD18_3,Pt 18,87.526,86.17,1.7000000000000028,1,1,87.25,0.27599999999999625
Reddening,Pt 18_FD18_3,Pt 18,62.196000000000005,60.84,1.7000000000000028,0,0,,
Reddening,Pt 18_FD18_3,Pt 18,69.62599999999999,68.27,1.7000000000000028,1,1,68.95,0.6759999999999877
Reddening,Pt 18_FD18_3,Pt 18,74.136,71.03,1.7000000000000028,1,1,73.1,1.0360000000000014
Reddening,Pt 18_FD18_3,Pt 18,75.90599999999999,74.55,1.7000000000000028,0,0,,
Reddening,Pt 18_FD18_3,Pt 18,83.84599999999999,82.49,1.7000000000000028,0,0,,
Reddening,Pt 18_FD18_3,Pt 18,87.526,86.17,1.7000000000000028,0,0,,
State-history,Pt 18_FD18_3,Pt 18,62.196000000000005,60.84,1.7000000000000028,1,2,61.7,0.4960000000000022
State-history,Pt 18_FD18_3,Pt 18,69.62599999999999,68.27,1.7000000000000028,1,1,69.55,0.0759999999999934
State-history,Pt 18_FD18_3,Pt 18,74.136,71.03,1.7000000000000028,0,0,,
State-history,Pt 18_FD18_3,Pt 18,75.90599999999999,74.55,1.7000000000000028,1,1,74.85,1.0559999999999974
State-history,Pt 18_FD18_3,Pt 18,83.84599999999999,82.49,1.7000000000000028,0,0,,
State-history,Pt 18_FD18_3,Pt 18,87.526,86.17,1.7000000000000028,1,1,86.85,0.6760000000000019
AC1_A3T,Pt 18_FD18_3,Pt 18,62.196000000000005,60.84,1.7000000000000028,1,1,61.35,0.8460000000000036
AC1_A3T,Pt 18_FD18_3,Pt 18,69.62599999999999,68.27,1.7000000000000028,1,1,69.3,0.3259999999999934
AC1_A3T,Pt 18_FD18_3,Pt 18,74.136,71.03,1.7000000000000028,1,2,72.95,1.1859999999999928
AC1_A3T,Pt 18_FD18_3,Pt 18,75.90599999999999,74.55,1.7000000000000028,1,1,75.2,0.7059999999999889
AC1_A3T,Pt 18_FD18_3,Pt 18,83.84599999999999,82.49,1.7000000000000028,1,1,83.5,0.3459999999999894
AC1_A3T,Pt 18_FD18_3,Pt 18,87.526,86.17,1.7000000000000028,1,2,86.25,1.2759999999999962
AC1_A7T,Pt 18_FD18_3,Pt 18,62.196000000000005,60.84,1.7000000000000028,0,0,,
AC1_A7T,Pt 18_FD18_3,Pt 18,69.62599999999999,68.27,1.7000000000000028,1,1,69.35,0.27599999999999625
AC1_A7T,Pt 18_FD18_3,Pt 18,74.136,71.03,1.7000000000000028,1,1,73.05,1.0859999999999985
AC1_A7T,Pt 18_FD18_3,Pt 18,75.90599999999999,74.55,1.7000000000000028,0,0,,
AC1_A7T,Pt 18_FD18_3,Pt 18,83.84599999999999,82.49,1.7000000000000028,1,2,82.75,1.0959999999999894
AC1_A7T,Pt 18_FD18_3,Pt 18,87.526,86.17,1.7000000000000028,0,0,,
AC1_RA5T,Pt 18_FD18_3,Pt 18,62.196000000000005,60.84,1.7000000000000028,0,0,,
AC1_RA5T,Pt 18_FD18_3,Pt 18,69.62599999999999,68.27,1.7000000000000028,1,1,69.35,0.27599999999999625
AC1_RA5T,Pt 18_FD18_3,Pt 18,74.136,71.03,1.7000000000000028,1,2,73.0,1.1359999999999957
AC1_RA5T,Pt 18_FD18_3,Pt 18,75.90599999999999,74.55,1.7000000000000028,1,1,75.05,0.8559999999999945
AC1_RA5T,Pt 18_FD18_3,Pt 18,83.84599999999999,82.49,1.7000000000000028,0,0,,
AC1_RA5T,Pt 18_FD18_3,Pt 18,87.526,86.17,1.7000000000000028,0,0,,
Recovery_A3T,Pt 18_FD18_3,Pt 18,62.196000000000005,60.84,1.7000000000000028,0,0,,
Recovery_A3T,Pt 18_FD18_3,Pt 18,69.62599999999999,68.27,1.7000000000000028,1,1,68.55,1.0759999999999934
Recovery_A3T,Pt 18_FD18_3,Pt 18,74.136,71.03,1.7000000000000028,1,1,73.45,0.6859999999999928
Recovery_A3T,Pt 18_FD18_3,Pt 18,75.90599999999999,74.55,1.7000000000000028,0,0,,
Recovery_A3T,Pt 18_FD18_3,Pt 18,83.84599999999999,82.49,1.7000000000000028,0,0,,
Recovery_A3T,Pt 18_FD18_3,Pt 18,87.526,86.17,1.7000000000000028,1,2,86.35,1.176000000000002
Recovery_A7T,Pt 18_FD18_3,Pt 18,62.196000000000005,60.84,1.7000000000000028,0,0,,
Recovery_A7T,Pt 18_FD18_3,Pt 18,69.62599999999999,68.27,1.7000000000000028,0,0,,
Recovery_A7T,Pt 18_FD18_3,Pt 18,74.136,71.03,1.7000000000000028,1,1,73.3,0.8359999999999985
Recovery_A7T,Pt 18_FD18_3,Pt 18,75.90599999999999,74.55,1.7000000000000028,1,2,74.65,1.255999999999986
Recovery_A7T,Pt 18_FD18_3,Pt 18,83.84599999999999,82.49,1.7000000000000028,0,0,,
Recovery_A7T,Pt 18_FD18_3,Pt 18,87.526,86.17,1.7000000000000028,0,0,,
Recovery_RA5T,Pt 18_FD18_3,Pt 18,62.196000000000005,60.84,1.7000000000000028,0,0,,
Recovery_RA5T,Pt 18_FD18_3,Pt 18,69.62599999999999,68.27,1.7000000000000028,1,1,69.6,0.02599999999999625
Recovery_RA5T,Pt 18_FD18_3,Pt 18,74.136,71.03,1.7000000000000028,1,1,72.85,1.2860000000000014
Recovery_RA5T,Pt 18_FD18_3,Pt 18,75.90599999999999,74.55,1.7000000000000028,0,0,,
Recovery_RA5T,Pt 18_FD18_3,Pt 18,83.84599999999999,82.49,1.7000000000000028,1,1,82.5,1.3459999999999894
Recovery_RA5T,Pt 18_FD18_3,Pt 18,87.526,86.17,1.7000000000000028,1,1,87.0,0.5259999999999962
Reddening_A3T,Pt 18_FD18_3,Pt 18,62.196000000000005,60.84,1.7000000000000028,1,1,61.5,0.6960000000000051
Reddening_A3T,Pt 18_FD18_3,Pt 18,69.62599999999999,68.27,1.7000000000000028,1,1,68.4,1.2259999999999849
Reddening_A3T,Pt 18_FD18_3,Pt 18,74.136,71.03,1.7000000000000028,0,0,,
Reddening_A3T,Pt 18_FD18_3,Pt 18,75.90599999999999,74.55,1.7000000000000028,1,1,75.7,0.20599999999998886
Reddening_A3T,Pt 18_FD18_3,Pt 18,83.84599999999999,82.49,1.7000000000000028,1,1,83.25,0.5959999999999894
Reddening_A3T,Pt 18_FD18_3,Pt 18,87.526,86.17,1.7000000000000028,1,1,86.5,1.0259999999999962
Reddening_A7T,Pt 18_FD18_3,Pt 18,62.196000000000005,60.84,1.7000000000000028,0,0,,
Reddening_A7T,Pt 18_FD18_3,Pt 18,69.62599999999999,68.27,1.7000000000000028,1,1,69.3,0.3259999999999934
Reddening_A7T,Pt 18_FD18_3,Pt 18,74.136,71.03,1.7000000000000028,0,0,,
Reddening_A7T,Pt 18_FD18_3,Pt 18,75.90599999999999,74.55,1.7000000000000028,0,0,,
Reddening_A7T,Pt 18_FD18_3,Pt 18,83.84599999999999,82.49,1.7000000000000028,0,0,,
Reddening_A7T,Pt 18_FD18_3,Pt 18,87.526,86.17,1.7000000000000028,0,0,,
Reddening_RA5T,Pt 18_FD18_3,Pt 18,62.196000000000005,60.84,1.7000000000000028,0,0,,
Reddening_RA5T,Pt 18_FD18_3,Pt 18,69.62599999999999,68.27,1.7000000000000028,1,1,69.2,0.4259999999999877
Reddening_RA5T,Pt 18_FD18_3,Pt 18,74.136,71.03,1.7000000000000028,0,0,,
Reddening_RA5T,Pt 18_FD18_3,Pt 18,75.90599999999999,74.55,1.7000000000000028,0,0,,
Reddening_RA5T,Pt 18_FD18_3,Pt 18,83.84599999999999,82.49,1.7000000000000028,0,0,,
Reddening_RA5T,Pt 18_FD18_3,Pt 18,87.526,86.17,1.7000000000000028,0,0,,
Variance_A3T,Pt 18_FD18_3,Pt 18,62.196000000000005,60.84,1.7000000000000028,0,0,,
Variance_A3T,Pt 18_FD18_3,Pt 18,69.62599999999999,68.27,1.7000000000000028,0,0,,
Variance_A3T,Pt 18_FD18_3,Pt 18,74.136,71.03,1.7000000000000028,1,1,72.9,1.23599999999999
Variance_A3T,Pt 18_FD18_3,Pt 18,75.90599999999999,74.55,1.7000000000000028,0,0,,
Variance_A3T,Pt 18_FD18_3,Pt 18,83.84599999999999,82.49,1.7000000000000028,0,0,,
Variance_A3T,Pt 18_FD18_3,Pt 18,87.526,86.17,1.7000000000000028,0,0,,
Variance_A7T,Pt 18_FD18_3,Pt 18,62.196000000000005,60.84,1.7000000000000028,0,0,,
Variance_A7T,Pt 18_FD18_3,Pt 18,69.62599999999999,68.27,1.7000000000000028,0,0,,
Variance_A7T,Pt 18_FD18_3,Pt 18,74.136,71.03,1.7000000000000028,0,0,,
Variance_A7T,Pt 18_FD18_3,Pt 18,75.90599999999999,74.55,1.7000000000000028,1,1,75.65,0.255999999999986
Variance_A7T,Pt 18_FD18_3,Pt 18,83.84599999999999,82.49,1.7000000000000028,0,0,,
Variance_A7T,Pt 18_FD18_3,Pt 18,87.526,86.17,1.7000000000000028,0,0,,
Variance_RA5T,Pt 18_FD18_3,Pt 18,62.196000000000005,60.84,1.7000000000000028,0,0,,
Variance_RA5T,Pt 18_FD18_3,Pt 18,69.62599999999999,68.27,1.7000000000000028,0,0,,
Variance_RA5T,Pt 18_FD18_3,Pt 18,74.136,71.03,1.7000000000000028,0,0,,
Variance_RA5T,Pt 18_FD18_3,Pt 18,75.90599999999999,74.55,1.7000000000000028,0,0,,
Variance_RA5T,Pt 18_FD18_3,Pt 18,83.84599999999999,82.49,1.7000000000000028,0,0,,
Variance_RA5T,Pt 18_FD18_3,Pt 18,87.526,86.17,1.7000000000000028,0,0,,
Persistence,Pt 18_FD18_4,Pt 18,61.836,53.99,1.7199999999999989,1,2,60.5,1.3359999999999985
Persistence,Pt 18_FD18_4,Pt 18,64.196,62.22,1.7199999999999989,0,0,,
Persistence,Pt 18_FD18_4,Pt 18,67.866,65.11,1.7199999999999989,1,1,66.3,1.5660000000000025
Persistence,Pt 18_FD18_4,Pt 18,74.246,70.94,1.7199999999999989,0,0,,
Persistence,Pt 18_FD18_4,Pt 18,76.20599999999999,74.85,1.7199999999999989,1,1,76.0,0.20599999999998886
Persistence,Pt 18_FD18_4,Pt 18,80.136,77.04,1.7199999999999989,0,0,,
AC1,Pt 18_FD18_4,Pt 18,61.836,53.99,1.7199999999999989,0,0,,
AC1,Pt 18_FD18_4,Pt 18,64.196,62.22,1.7199999999999989,1,1,63.15,1.0459999999999994
AC1,Pt 18_FD18_4,Pt 18,67.866,65.11,1.7199999999999989,0,0,,
AC1,Pt 18_FD18_4,Pt 18,74.246,70.94,1.7199999999999989,0,0,,
AC1,Pt 18_FD18_4,Pt 18,76.20599999999999,74.85,1.7199999999999989,1,1,75.4,0.8059999999999832
AC1,Pt 18_FD18_4,Pt 18,80.136,77.04,1.7199999999999989,0,0,,
Variance,Pt 18_FD18_4,Pt 18,61.836,53.99,1.7199999999999989,0,0,,
Variance,Pt 18_FD18_4,Pt 18,64.196,62.22,1.7199999999999989,1,1,62.8,1.3960000000000008
Variance,Pt 18_FD18_4,Pt 18,67.866,65.11,1.7199999999999989,0,0,,
Variance,Pt 18_FD18_4,Pt 18,74.246,70.94,1.7199999999999989,1,1,73.5,0.7459999999999951
Variance,Pt 18_FD18_4,Pt 18,76.20599999999999,74.85,1.7199999999999989,0,0,,
Variance,Pt 18_FD18_4,Pt 18,80.136,77.04,1.7199999999999989,0,0,,
Recovery,Pt 18_FD18_4,Pt 18,61.836,53.99,1.7199999999999989,0,0,,
Recovery,Pt 18_FD18_4,Pt 18,64.196,62.22,1.7199999999999989,1,2,62.55,1.6460000000000008
Recovery,Pt 18_FD18_4,Pt 18,67.866,65.11,1.7199999999999989,1,1,67.5,0.36599999999999966
Recovery,Pt 18_FD18_4,Pt 18,74.246,70.94,1.7199999999999989,0,0,,
Recovery,Pt 18_FD18_4,Pt 18,76.20599999999999,74.85,1.7199999999999989,1,1,75.4,0.8059999999999832
Recovery,Pt 18_FD18_4,Pt 18,80.136,77.04,1.7199999999999989,0,0,,
Reddening,Pt 18_FD18_4,Pt 18,61.836,53.99,1.7199999999999989,0,0,,
Reddening,Pt 18_FD18_4,Pt 18,64.196,62.22,1.7199999999999989,1,1,62.75,1.445999999999998
Reddening,Pt 18_FD18_4,Pt 18,67.866,65.11,1.7199999999999989,0,0,,
Reddening,Pt 18_FD18_4,Pt 18,74.246,70.94,1.7199999999999989,0,0,,
Reddening,Pt 18_FD18_4,Pt 18,76.20599999999999,74.85,1.7199999999999989,0,0,,
Reddening,Pt 18_FD18_4,Pt 18,80.136,77.04,1.7199999999999989,0,0,,
State-history,Pt 18_FD18_4,Pt 18,61.836,53.99,1.7199999999999989,1,1,60.25,1.5859999999999985
State-history,Pt 18_FD18_4,Pt 18,64.196,62.22,1.7199999999999989,1,1,63.95,0.2459999999999951
State-history,Pt 18_FD18_4,Pt 18,67.866,65.11,1.7199999999999989,1,2,66.2,1.6659999999999968
State-history,Pt 18_FD18_4,Pt 18,74.246,70.94,1.7199999999999989,1,3,72.6,1.6460000000000008
State-history,Pt 18_FD18_4,Pt 18,76.20599999999999,74.85,1.7199999999999989,1,1,75.45,0.755999999999986
State-history,Pt 18_FD18_4,Pt 18,80.136,77.04,1.7199999999999989,1,1,79.4,0.73599999999999
AC1_A3T,Pt 18_FD18_4,Pt 18,61.836,53.99,1.7199999999999989,1,1,61.25,0.5859999999999985
AC1_A3T,Pt 18_FD18_4,Pt 18,64.196,62.22,1.7199999999999989,1,2,63.0,1.195999999999998
AC1_A3T,Pt 18_FD18_4,Pt 18,67.866,65.11,1.7199999999999989,1,1,66.45,1.4159999999999968
AC1_A3T,Pt 18_FD18_4,Pt 18,74.246,70.94,1.7199999999999989,0,0,,
AC1_A3T,Pt 18_FD18_4,Pt 18,76.20599999999999,74.85,1.7199999999999989,1,1,75.25,0.9559999999999889
AC1_A3T,Pt 18_FD18_4,Pt 18,80.136,77.04,1.7199999999999989,1,1,79.8,0.3359999999999985
AC1_A7T,Pt 18_FD18_4,Pt 18,61.836,53.99,1.7199999999999989,0,0,,
AC1_A7T,Pt 18_FD18_4,Pt 18,64.196,62.22,1.7199999999999989,1,1,63.15,1.0459999999999994
AC1_A7T,Pt 18_FD18_4,Pt 18,67.866,65.11,1.7199999999999989,0,0,,
AC1_A7T,Pt 18_FD18_4,Pt 18,74.246,70.94,1.7199999999999989,0,0,,
AC1_A7T,Pt 18_FD18_4,Pt 18,76.20599999999999,74.85,1.7199999999999989,0,0,,
AC1_A7T,Pt 18_FD18_4,Pt 18,80.136,77.04,1.7199999999999989,0,0,,
AC1_RA5T,Pt 18_FD18_4,Pt 18,61.836,53.99,1.7199999999999989,0,0,,
AC1_RA5T,Pt 18_FD18_4,Pt 18,64.196,62.22,1.7199999999999989,1,1,63.05,1.1460000000000008
AC1_RA5T,Pt 18_FD18_4,Pt 18,67.866,65.11,1.7199999999999989,1,1,66.55,1.3160000000000025
AC1_RA5T,Pt 18_FD18_4,Pt 18,74.246,70.94,1.7199999999999989,0,0,,
AC1_RA5T,Pt 18_FD18_4,Pt 18,76.20599999999999,74.85,1.7199999999999989,1,1,75.4,0.8059999999999832
AC1_RA5T,Pt 18_FD18_4,Pt 18,80.136,77.04,1.7199999999999989,0,0,,
Recovery_A3T,Pt 18_FD18_4,Pt 18,61.836,53.99,1.7199999999999989,1,3,60.15,1.686
Recovery_A3T,Pt 18_FD18_4,Pt 18,64.196,62.22,1.7199999999999989,1,2,62.6,1.5959999999999965
Recovery_A3T,Pt 18_FD18_4,Pt 18,67.866,65.11,1.7199999999999989,1,2,66.4,1.465999999999994
Recovery_A3T,Pt 18_FD18_4,Pt 18,74.246,70.94,1.7199999999999989,1,2,73.0,1.2459999999999951
Recovery_A3T,Pt 18_FD18_4,Pt 18,76.20599999999999,74.85,1.7199999999999989,1,1,75.25,0.9559999999999889
Recovery_A3T,Pt 18_FD18_4,Pt 18,80.136,77.04,1.7199999999999989,1,1,78.5,1.6359999999999957
Recovery_A7T,Pt 18_FD18_4,Pt 18,61.836,53.99,1.7199999999999989,0,0,,
Recovery_A7T,Pt 18_FD18_4,Pt 18,64.196,62.22,1.7199999999999989,1,1,63.15,1.0459999999999994
Recovery_A7T,Pt 18_FD18_4,Pt 18,67.866,65.11,1.7199999999999989,0,0,,
Recovery_A7T,Pt 18_FD18_4,Pt 18,74.246,70.94,1.7199999999999989,0,0,,
Recovery_A7T,Pt 18_FD18_4,Pt 18,76.20599999999999,74.85,1.7199999999999989,0,0,,
Recovery_A7T,Pt 18_FD18_4,Pt 18,80.136,77.04,1.7199999999999989,1,1,78.5,1.6359999999999957
Recovery_RA5T,Pt 18_FD18_4,Pt 18,61.836,53.99,1.7199999999999989,0,0,,
Recovery_RA5T,Pt 18_FD18_4,Pt 18,64.196,62.22,1.7199999999999989,1,3,62.6,1.5959999999999965
Recovery_RA5T,Pt 18_FD18_4,Pt 18,67.866,65.11,1.7199999999999989,1,1,66.65,1.215999999999994
Recovery_RA5T,Pt 18_FD18_4,Pt 18,74.246,70.94,1.7199999999999989,1,1,73.6,0.6460000000000008
Recovery_RA5T,Pt 18_FD18_4,Pt 18,76.20599999999999,74.85,1.7199999999999989,1,1,75.4,0.8059999999999832
Recovery_RA5T,Pt 18_FD18_4,Pt 18,80.136,77.04,1.7199999999999989,0,0,,
Reddening_A3T,Pt 18_FD18_4,Pt 18,61.836,53.99,1.7199999999999989,1,1,60.45,1.3859999999999957
Reddening_A3T,Pt 18_FD18_4,Pt 18,64.196,62.22,1.7199999999999989,0,0,,
Reddening_A3T,Pt 18_FD18_4,Pt 18,67.866,65.11,1.7199999999999989,0,0,,
Reddening_A3T,Pt 18_FD18_4,Pt 18,74.246,70.94,1.7199999999999989,0,0,,
Reddening_A3T,Pt 18_FD18_4,Pt 18,76.20599999999999,74.85,1.7199999999999989,1,1,75.3,0.9059999999999917
Reddening_A3T,Pt 18_FD18_4,Pt 18,80.136,77.04,1.7199999999999989,0,0,,
Reddening_A7T,Pt 18_FD18_4,Pt 18,61.836,53.99,1.7199999999999989,0,0,,
Reddening_A7T,Pt 18_FD18_4,Pt 18,64.196,62.22,1.7199999999999989,1,1,63.4,0.7959999999999994
Reddening_A7T,Pt 18_FD18_4,Pt 18,67.866,65.11,1.7199999999999989,0,0,,
Reddening_A7T,Pt 18_FD18_4,Pt 18,74.246,70.94,1.7199999999999989,0,0,,
Reddening_A7T,Pt 18_FD18_4,Pt 18,76.20599999999999,74.85,1.7199999999999989,0,0,,
Reddening_A7T,Pt 18_FD18_4,Pt 18,80.136,77.04,1.7199999999999989,0,0,,
Reddening_RA5T,Pt 18_FD18_4,Pt 18,61.836,53.99,1.7199999999999989,0,0,,
Reddening_RA5T,Pt 18_FD18_4,Pt 18,64.196,62.22,1.7199999999999989,1,1,62.7,1.4959999999999951
Reddening_RA5T,Pt 18_FD18_4,Pt 18,67.866,65.11,1.7199999999999989,0,0,,
Reddening_RA5T,Pt 18_FD18_4,Pt 18,74.246,70.94,1.7199999999999989,0,0,,
Reddening_RA5T,Pt 18_FD18_4,Pt 18,76.20599999999999,74.85,1.7199999999999989,1,1,75.8,0.4059999999999917
Reddening_RA5T,Pt 18_FD18_4,Pt 18,80.136,77.04,1.7199999999999989,0,0,,
Variance_A3T,Pt 18_FD18_4,Pt 18,61.836,53.99,1.7199999999999989,0,0,,
Variance_A3T,Pt 18_FD18_4,Pt 18,64.196,62.22,1.7199999999999989,1,1,62.5,1.695999999999998
Variance_A3T,Pt 18_FD18_4,Pt 18,67.866,65.11,1.7199999999999989,0,0,,
Variance_A3T,Pt 18_FD18_4,Pt 18,74.246,70.94,1.7199999999999989,1,1,72.65,1.5959999999999894
Variance_A3T,Pt 18_FD18_4,Pt 18,76.20599999999999,74.85,1.7199999999999989,0,0,,
Variance_A3T,Pt 18_FD18_4,Pt 18,80.136,77.04,1.7199999999999989,1,1,78.8,1.3359999999999985
Variance_A7T,Pt 18_FD18_4,Pt 18,61.836,53.99,1.7199999999999989,0,0,,
Variance_A7T,Pt 18_FD18_4,Pt 18,64.196,62.22,1.7199999999999989,0,0,,
Variance_A7T,Pt 18_FD18_4,Pt 18,67.866,65.11,1.7199999999999989,0,0,,
Variance_A7T,Pt 18_FD18_4,Pt 18,74.246,70.94,1.7199999999999989,0,0,,
Variance_A7T,Pt 18_FD18_4,Pt 18,76.20599999999999,74.85,1.7199999999999989,0,0,,
Variance_A7T,Pt 18_FD18_4,Pt 18,80.136,77.04,1.7199999999999989,0,0,,
Variance_RA5T,Pt 18_FD18_4,Pt 18,61.836,53.99,1.7199999999999989,1,1,61.5,0.3359999999999985
Variance_RA5T,Pt 18_FD18_4,Pt 18,64.196,62.22,1.7199999999999989,0,0,,
Variance_RA5T,Pt 18_FD18_4,Pt 18,67.866,65.11,1.7199999999999989,0,0,,
Variance_RA5T,Pt 18_FD18_4,Pt 18,74.246,70.94,1.7199999999999989,0,0,,
Variance_RA5T,Pt 18_FD18_4,Pt 18,76.20599999999999,74.85,1.7199999999999989,0,0,,
Variance_RA5T,Pt 18_FD18_4,Pt 18,80.136,77.04,1.7199999999999989,0,0,,
Persistence,Pt 18_FD18_5,Pt 18,59.876000000000005,53.81,1.5500000000000016,1,1,59.7,0.17600000000000193
Persistence,Pt 18_FD18_5,Pt 18,62.996,60.54,1.5500000000000016,0,0,,
Persistence,Pt 18_FD18_5,Pt 18,66.636,65.28,1.5500000000000016,1,1,66.6,0.036000000000001364
Persistence,Pt 18_FD18_5,Pt 18,75.95599999999999,67.9,1.5500000000000016,1,1,74.75,1.2059999999999889
Persistence,Pt 18_FD18_5,Pt 18,85.67599999999999,83.78,1.5500000000000016,0,0,,
AC1,Pt 18_FD18_5,Pt 18,59.876000000000005,53.81,1.5500000000000016,1,1,59.6,0.27600000000000335
AC1,Pt 18_FD18_5,Pt 18,62.996,60.54,1.5500000000000016,0,0,,
AC1,Pt 18_FD18_5,Pt 18,66.636,65.28,1.5500000000000016,0,0,,
AC1,Pt 18_FD18_5,Pt 18,75.95599999999999,67.9,1.5500000000000016,0,0,,
AC1,Pt 18_FD18_5,Pt 18,85.67599999999999,83.78,1.5500000000000016,1,1,84.65,1.025999999999982
Variance,Pt 18_FD18_5,Pt 18,59.876000000000005,53.81,1.5500000000000016,1,1,59.6,0.27600000000000335
Variance,Pt 18_FD18_5,Pt 18,62.996,60.54,1.5500000000000016,0,0,,
Variance,Pt 18_FD18_5,Pt 18,66.636,65.28,1.5500000000000016,0,0,,
Variance,Pt 18_FD18_5,Pt 18,75.95599999999999,67.9,1.5500000000000016,0,0,,
Variance,Pt 18_FD18_5,Pt 18,85.67599999999999,83.78,1.5500000000000016,1,1,84.55,1.1259999999999906
Recovery,Pt 18_FD18_5,Pt 18,59.876000000000005,53.81,1.5500000000000016,1,1,59.6,0.27600000000000335
Recovery,Pt 18_FD18_5,Pt 18,62.996,60.54,1.5500000000000016,1,1,62.7,0.2959999999999994
Recovery,Pt 18_FD18_5,Pt 18,66.636,65.28,1.5500000000000016,0,0,,
Recovery,Pt 18_FD18_5,Pt 18,75.95599999999999,67.9,1.5500000000000016,0,0,,
Recovery,Pt 18_FD18_5,Pt 18,85.67599999999999,83.78,1.5500000000000016,1,1,84.75,0.9259999999999877
Reddening,Pt 18_FD18_5,Pt 18,59.876000000000005,53.81,1.5500000000000016,1,1,59.6,0.27600000000000335
Reddening,Pt 18_FD18_5,Pt 18,62.996,60.54,1.5500000000000016,1,1,61.7,1.2959999999999994
Reddening,Pt 18_FD18_5,Pt 18,66.636,65.28,1.5500000000000016,0,0,,
Reddening,Pt 18_FD18_5,Pt 18,75.95599999999999,67.9,1.5500000000000016,0,0,,
Reddening,Pt 18_FD18_5,Pt 18,85.67599999999999,83.78,1.5500000000000016,0,0,,
State-history,Pt 18_FD18_5,Pt 18,59.876000000000005,53.81,1.5500000000000016,1,1,59.6,0.27600000000000335
State-history,Pt 18_FD18_5,Pt 18,62.996,60.54,1.5500000000000016,1,1,62.8,0.19600000000000506
State-history,Pt 18_FD18_5,Pt 18,66.636,65.28,1.5500000000000016,1,1,66.5,0.13599999999999568
State-history,Pt 18_FD18_5,Pt 18,75.95599999999999,67.9,1.5500000000000016,1,1,74.6,1.3559999999999945
State-history,Pt 18_FD18_5,Pt 18,85.67599999999999,83.78,1.5500000000000016,1,1,85.5,0.17599999999998772
AC1_A3T,Pt 18_FD18_5,Pt 18,59.876000000000005,53.81,1.5500000000000016,1,1,59.6,0.27600000000000335
AC1_A3T,Pt 18_FD18_5,Pt 18,62.996,60.54,1.5500000000000016,1,1,62.05,0.9460000000000051
AC1_A3T,Pt 18_FD18_5,Pt 18,66.636,65.28,1.5500000000000016,1,2,65.65,0.98599999999999
AC1_A3T,Pt 18_FD18_5,Pt 18,75.95599999999999,67.9,1.5500000000000016,1,1,75.9,0.055999999999983174
AC1_A3T,Pt 18_FD18_5,Pt 18,85.67599999999999,83.78,1.5500000000000016,1,1,84.5,1.1759999999999877
AC1_A7T,Pt 18_FD18_5,Pt 18,59.876000000000005,53.81,1.5500000000000016,1,1,59.6,0.27600000000000335
AC1_A7T,Pt 18_FD18_5,Pt 18,62.996,60.54,1.5500000000000016,0,0,,
AC1_A7T,Pt 18_FD18_5,Pt 18,66.636,65.28,1.5500000000000016,0,0,,
AC1_A7T,Pt 18_FD18_5,Pt 18,75.95599999999999,67.9,1.5500000000000016,0,0,,
AC1_A7T,Pt 18_FD18_5,Pt 18,85.67599999999999,83.78,1.5500000000000016,1,1,84.65,1.025999999999982
AC1_RA5T,Pt 18_FD18_5,Pt 18,59.876000000000005,53.81,1.5500000000000016,1,1,59.6,0.27600000000000335
AC1_RA5T,Pt 18_FD18_5,Pt 18,62.996,60.54,1.5500000000000016,1,1,62.6,0.3960000000000008
AC1_RA5T,Pt 18_FD18_5,Pt 18,66.636,65.28,1.5500000000000016,0,0,,
AC1_RA5T,Pt 18_FD18_5,Pt 18,75.95599999999999,67.9,1.5500000000000016,1,1,75.0,0.9559999999999889
AC1_RA5T,Pt 18_FD18_5,Pt 18,85.67599999999999,83.78,1.5500000000000016,1,1,84.55,1.1259999999999906
Recovery_A3T,Pt 18_FD18_5,Pt 18,59.876000000000005,53.81,1.5500000000000016,1,1,59.6,0.27600000000000335
Recovery_A3T,Pt 18_FD18_5,Pt 18,62.996,60.54,1.5500000000000016,0,0,,
Recovery_A3T,Pt 18_FD18_5,Pt 18,66.636,65.28,1.5500000000000016,1,2,65.6,1.0360000000000014
Recovery_A3T,Pt 18_FD18_5,Pt 18,75.95599999999999,67.9,1.5500000000000016,1,1,75.9,0.055999999999983174
Recovery_A3T,Pt 18_FD18_5,Pt 18,85.67599999999999,83.78,1.5500000000000016,1,1,84.55,1.1259999999999906
Recovery_A7T,Pt 18_FD18_5,Pt 18,59.876000000000005,53.81,1.5500000000000016,1,1,59.7,0.17600000000000193
Recovery_A7T,Pt 18_FD18_5,Pt 18,62.996,60.54,1.5500000000000016,0,0,,
Recovery_A7T,Pt 18_FD18_5,Pt 18,66.636,65.28,1.5500000000000016,1,1,65.75,0.8859999999999957
Recovery_A7T,Pt 18_FD18_5,Pt 18,75.95599999999999,67.9,1.5500000000000016,0,0,,
Recovery_A7T,Pt 18_FD18_5,Pt 18,85.67599999999999,83.78,1.5500000000000016,1,1,84.75,0.9259999999999877
Recovery_RA5T,Pt 18_FD18_5,Pt 18,59.876000000000005,53.81,1.5500000000000016,1,1,59.65,0.2260000000000062
Recovery_RA5T,Pt 18_FD18_5,Pt 18,62.996,60.54,1.5500000000000016,1,1,62.7,0.2959999999999994
Recovery_RA5T,Pt 18_FD18_5,Pt 18,66.636,65.28,1.5500000000000016,1,1,65.75,0.8859999999999957
Recovery_RA5T,Pt 18_FD18_5,Pt 18,75.95599999999999,67.9,1.5500000000000016,0,0,,
Recovery_RA5T,Pt 18_FD18_5,Pt 18,85.67599999999999,83.78,1.5500000000000016,1,1,84.65,1.025999999999982
Reddening_A3T,Pt 18_FD18_5,Pt 18,59.876000000000005,53.81,1.5500000000000016,0,0,,
Reddening_A3T,Pt 18_FD18_5,Pt 18,62.996,60.54,1.5500000000000016,1,1,62.85,0.1460000000000008
Reddening_A3T,Pt 18_FD18_5,Pt 18,66.636,65.28,1.5500000000000016,1,1,65.55,1.0859999999999985
Reddening_A3T,Pt 18_FD18_5,Pt 18,75.95599999999999,67.9,1.5500000000000016,0,0,,
Reddening_A3T,Pt 18_FD18_5,Pt 18,85.67599999999999,83.78,1.5500000000000016,0,0,,
Reddening_A7T,Pt 18_FD18_5,Pt 18,59.876000000000005,53.81,1.5500000000000016,1,1,59.7,0.17600000000000193
Reddening_A7T,Pt 18_FD18_5,Pt 18,62.996,60.54,1.5500000000000016,0,0,,
Reddening_A7T,Pt 18_FD18_5,Pt 18,66.636,65.28,1.5500000000000016,0,0,,
Reddening_A7T,Pt 18_FD18_5,Pt 18,75.95599999999999,67.9,1.5500000000000016,0,0,,
Reddening_A7T,Pt 18_FD18_5,Pt 18,85.67599999999999,83.78,1.5500000000000016,0,0,,
Reddening_RA5T,Pt 18_FD18_5,Pt 18,59.876000000000005,53.81,1.5500000000000016,0,0,,
Reddening_RA5T,Pt 18_FD18_5,Pt 18,62.996,60.54,1.5500000000000016,1,1,61.8,1.196000000000005
Reddening_RA5T,Pt 18_FD18_5,Pt 18,66.636,65.28,1.5500000000000016,0,0,,
Reddening_RA5T,Pt 18_FD18_5,Pt 18,75.95599999999999,67.9,1.5500000000000016,0,0,,
Reddening_RA5T,Pt 18_FD18_5,Pt 18,85.67599999999999,83.78,1.5500000000000016,0,0,,
Variance_A3T,Pt 18_FD18_5,Pt 18,59.876000000000005,53.81,1.5500000000000016,1,1,59.6,0.27600000000000335
Variance_A3T,Pt 18_FD18_5,Pt 18,62.996,60.54,1.5500000000000016,1,1,62.95,0.045999999999999375
Variance_A3T,Pt 18_FD18_5,Pt 18,66.636,65.28,1.5500000000000016,0,0,,
Variance_A3T,Pt 18_FD18_5,Pt 18,75.95599999999999,67.9,1.5500000000000016,0,0,,
Variance_A3T,Pt 18_FD18_5,Pt 18,85.67599999999999,83.78,1.5500000000000016,1,1,84.35,1.3259999999999934
Variance_A7T,Pt 18_FD18_5,Pt 18,59.876000000000005,53.81,1.5500000000000016,1,1,59.6,0.27600000000000335
Variance_A7T,Pt 18_FD18_5,Pt 18,62.996,60.54,1.5500000000000016,0,0,,
Variance_A7T,Pt 18_FD18_5,Pt 18,66.636,65.28,1.5500000000000016,0,0,,
Variance_A7T,Pt 18_FD18_5,Pt 18,75.95599999999999,67.9,1.5500000000000016,0,0,,
Variance_A7T,Pt 18_FD18_5,Pt 18,85.67599999999999,83.78,1.5500000000000016,1,1,84.55,1.1259999999999906
Variance_RA5T,Pt 18_FD18_5,Pt 18,59.876000000000005,53.81,1.5500000000000016,1,1,59.6,0.27600000000000335
Variance_RA5T,Pt 18_FD18_5,Pt 18,62.996,60.54,1.5500000000000016,0,0,,
Variance_RA5T,Pt 18_FD18_5,Pt 18,66.636,65.28,1.5500000000000016,0,0,,
Variance_RA5T,Pt 18_FD18_5,Pt 18,75.95599999999999,67.9,1.5500000000000016,0,0,,
Variance_RA5T,Pt 18_FD18_5,Pt 18,85.67599999999999,83.78,1.5500000000000016,1,1,84.15,1.525999999999982
Persistence,Pt 20_FD20_2,Pt 20,63.386,53.0,1.5200000000000014,0,0,,
Persistence,Pt 20_FD20_2,Pt 20,66.776,63.89,1.5200000000000014,0,0,,
Persistence,Pt 20_FD20_2,Pt 20,75.556,68.22,1.5200000000000014,1,1,75.4,0.1559999999999917
Persistence,Pt 20_FD20_2,Pt 20,78.446,76.37,1.5200000000000014,0,0,,
Persistence,Pt 20_FD20_2,Pt 20,81.226,78.81,1.5200000000000014,0,0,,
Persistence,Pt 20_FD20_2,Pt 20,83.076,81.72,1.5200000000000014,1,1,83.0,0.0759999999999934
AC1,Pt 20_FD20_2,Pt 20,63.386,53.0,1.5200000000000014,0,0,,
AC1,Pt 20_FD20_2,Pt 20,66.776,63.89,1.5200000000000014,0,0,,
AC1,Pt 20_FD20_2,Pt 20,75.556,68.22,1.5200000000000014,1,1,74.15,1.4059999999999917
AC1,Pt 20_FD20_2,Pt 20,78.446,76.37,1.5200000000000014,1,1,77.4,1.0459999999999923
AC1,Pt 20_FD20_2,Pt 20,81.226,78.81,1.5200000000000014,0,0,,
AC1,Pt 20_FD20_2,Pt 20,83.076,81.72,1.5200000000000014,1,1,82.75,0.3259999999999934
Variance,Pt 20_FD20_2,Pt 20,63.386,53.0,1.5200000000000014,0,0,,
Variance,Pt 20_FD20_2,Pt 20,66.776,63.89,1.5200000000000014,0,0,,
Variance,Pt 20_FD20_2,Pt 20,75.556,68.22,1.5200000000000014,0,0,,
Variance,Pt 20_FD20_2,Pt 20,78.446,76.37,1.5200000000000014,0,0,,
Variance,Pt 20_FD20_2,Pt 20,81.226,78.81,1.5200000000000014,0,0,,
Variance,Pt 20_FD20_2,Pt 20,83.076,81.72,1.5200000000000014,0,0,,
Recovery,Pt 20_FD20_2,Pt 20,63.386,53.0,1.5200000000000014,0,0,,
Recovery,Pt 20_FD20_2,Pt 20,66.776,63.89,1.5200000000000014,0,0,,
Recovery,Pt 20_FD20_2,Pt 20,75.556,68.22,1.5200000000000014,1,1,75.2,0.35599999999999454
Recovery,Pt 20_FD20_2,Pt 20,78.446,76.37,1.5200000000000014,1,1,77.4,1.0459999999999923
Recovery,Pt 20_FD20_2,Pt 20,81.226,78.81,1.5200000000000014,1,1,80.35,0.8760000000000048
Recovery,Pt 20_FD20_2,Pt 20,83.076,81.72,1.5200000000000014,0,0,,
Reddening,Pt 20_FD20_2,Pt 20,63.386,53.0,1.5200000000000014,0,0,,
Reddening,Pt 20_FD20_2,Pt 20,66.776,63.89,1.5200000000000014,0,0,,
Reddening,Pt 20_FD20_2,Pt 20,75.556,68.22,1.5200000000000014,0,0,,
Reddening,Pt 20_FD20_2,Pt 20,78.446,76.37,1.5200000000000014,0,0,,
Reddening,Pt 20_FD20_2,Pt 20,81.226,78.81,1.5200000000000014,0,0,,
Reddening,Pt 20_FD20_2,Pt 20,83.076,81.72,1.5200000000000014,0,0,,
State-history,Pt 20_FD20_2,Pt 20,63.386,53.0,1.5200000000000014,1,1,63.25,0.13600000000000279
State-history,Pt 20_FD20_2,Pt 20,66.776,63.89,1.5200000000000014,1,1,66.55,0.2259999999999991
State-history,Pt 20_FD20_2,Pt 20,75.556,68.22,1.5200000000000014,1,1,75.2,0.35599999999999454
State-history,Pt 20_FD20_2,Pt 20,78.446,76.37,1.5200000000000014,1,1,77.9,0.5459999999999923
State-history,Pt 20_FD20_2,Pt 20,81.226,78.81,1.5200000000000014,1,1,80.6,0.6260000000000048
State-history,Pt 20_FD20_2,Pt 20,83.076,81.72,1.5200000000000014,1,1,82.55,0.5259999999999962
AC1_A3T,Pt 20_FD20_2,Pt 20,63.386,53.0,1.5200000000000014,1,1,61.9,1.4860000000000042
AC1_A3T,Pt 20_FD20_2,Pt 20,66.776,63.89,1.5200000000000014,1,2,65.65,1.1259999999999906
AC1_A3T,Pt 20_FD20_2,Pt 20,75.556,68.22,1.5200000000000014,0,0,,
AC1_A3T,Pt 20_FD20_2,Pt 20,78.446,76.37,1.5200000000000014,1,1,77.7,0.7459999999999951
AC1_A3T,Pt 20_FD20_2,Pt 20,81.226,78.81,1.5200000000000014,1,1,79.75,1.475999999999999
AC1_A3T,Pt 20_FD20_2,Pt 20,83.076,81.72,1.5200000000000014,1,1,82.1,0.9759999999999991
AC1_A7T,Pt 20_FD20_2,Pt 20,63.386,53.0,1.5200000000000014,0,0,,
AC1_A7T,Pt 20_FD20_2,Pt 20,66.776,63.89,1.5200000000000014,0,0,,
AC1_A7T,Pt 20_FD20_2,Pt 20,75.556,68.22,1.5200000000000014,1,1,74.35,1.206000000000003
AC1_A7T,Pt 20_FD20_2,Pt 20,78.446,76.37,1.5200000000000014,0,0,,
AC1_A7T,Pt 20_FD20_2,Pt 20,81.226,78.81,1.5200000000000014,1,4,79.75,1.475999999999999
AC1_A7T,Pt 20_FD20_2,Pt 20,83.076,81.72,1.5200000000000014,0,0,,
AC1_RA5T,Pt 20_FD20_2,Pt 20,63.386,53.0,1.5200000000000014,0,0,,
AC1_RA5T,Pt 20_FD20_2,Pt 20,66.776,63.89,1.5200000000000014,0,0,,
AC1_RA5T,Pt 20_FD20_2,Pt 20,75.556,68.22,1.5200000000000014,1,3,74.15,1.4059999999999917
AC1_RA5T,Pt 20_FD20_2,Pt 20,78.446,76.37,1.5200000000000014,1,1,77.4,1.0459999999999923
AC1_RA5T,Pt 20_FD20_2,Pt 20,81.226,78.81,1.5200000000000014,1,1,81.15,0.0759999999999934
AC1_RA5T,Pt 20_FD20_2,Pt 20,83.076,81.72,1.5200000000000014,1,1,82.65,0.4259999999999877
Recovery_A3T,Pt 20_FD20_2,Pt 20,63.386,53.0,1.5200000000000014,0,0,,
Recovery_A3T,Pt 20_FD20_2,Pt 20,66.776,63.89,1.5200000000000014,1,1,65.9,0.8759999999999906
Recovery_A3T,Pt 20_FD20_2,Pt 20,75.556,68.22,1.5200000000000014,1,1,74.85,0.7060000000000031
Recovery_A3T,Pt 20_FD20_2,Pt 20,78.446,76.37,1.5200000000000014,1,3,77.1,1.3460000000000036
Recovery_A3T,Pt 20_FD20_2,Pt 20,81.226,78.81,1.5200000000000014,1,1,80.25,0.9759999999999991
Recovery_A3T,Pt 20_FD20_2,Pt 20,83.076,81.72,1.5200000000000014,1,2,81.95,1.1259999999999906
Recovery_A7T,Pt 20_FD20_2,Pt 20,63.386,53.0,1.5200000000000014,1,1,63.35,0.036000000000001364
Recovery_A7T,Pt 20_FD20_2,Pt 20,66.776,63.89,1.5200000000000014,1,1,65.35,1.426000000000002
Recovery_A7T,Pt 20_FD20_2,Pt 20,75.556,68.22,1.5200000000000014,1,1,75.3,0.2560000000000002
Recovery_A7T,Pt 20_FD20_2,Pt 20,78.446,76.37,1.5200000000000014,1,1,77.05,1.3960000000000008
Recovery_A7T,Pt 20_FD20_2,Pt 20,81.226,78.81,1.5200000000000014,1,1,80.85,0.3760000000000048
Recovery_A7T,Pt 20_FD20_2,Pt 20,83.076,81.72,1.5200000000000014,1,1,82.75,0.3259999999999934
Recovery_RA5T,Pt 20_FD20_2,Pt 20,63.386,53.0,1.5200000000000014,0,0,,
Recovery_RA5T,Pt 20_FD20_2,Pt 20,66.776,63.89,1.5200000000000014,1,1,66.45,0.3259999999999934
Recovery_RA5T,Pt 20_FD20_2,Pt 20,75.556,68.22,1.5200000000000014,1,1,75.25,0.3059999999999974
Recovery_RA5T,Pt 20_FD20_2,Pt 20,78.446,76.37,1.5200000000000014,1,2,77.4,1.0459999999999923
Recovery_RA5T,Pt 20_FD20_2,Pt 20,81.226,78.81,1.5200000000000014,1,2,80.3,0.9260000000000019
Recovery_RA5T,Pt 20_FD20_2,Pt 20,83.076,81.72,1.5200000000000014,0,0,,
Reddening_A3T,Pt 20_FD20_2,Pt 20,63.386,53.0,1.5200000000000014,0,0,,
Reddening_A3T,Pt 20_FD20_2,Pt 20,66.776,63.89,1.5200000000000014,1,2,66.2,0.5759999999999934
Reddening_A3T,Pt 20_FD20_2,Pt 20,75.556,68.22,1.5200000000000014,1,1,75.05,0.5060000000000002
Reddening_A3T,Pt 20_FD20_2,Pt 20,78.446,76.37,1.5200000000000014,0,0,,
Reddening_A3T,Pt 20_FD20_2,Pt 20,81.226,78.81,1.5200000000000014,0,0,,
Reddening_A3T,Pt 20_FD20_2,Pt 20,83.076,81.72,1.5200000000000014,1,1,82.05,1.0259999999999962
Reddening_A7T,Pt 20_FD20_2,Pt 20,63.386,53.0,1.5200000000000014,0,0,,
Reddening_A7T,Pt 20_FD20_2,Pt 20,66.776,63.89,1.5200000000000014,1,1,66.0,0.7759999999999962
Reddening_A7T,Pt 20_FD20_2,Pt 20,75.556,68.22,1.5200000000000014,0,0,,
Reddening_A7T,Pt 20_FD20_2,Pt 20,78.446,76.37,1.5200000000000014,0,0,,
Reddening_A7T,Pt 20_FD20_2,Pt 20,81.226,78.81,1.5200000000000014,0,0,,
Reddening_A7T,Pt 20_FD20_2,Pt 20,83.076,81.72,1.5200000000000014,0,0,,
Reddening_RA5T,Pt 20_FD20_2,Pt 20,63.386,53.0,1.5200000000000014,0,0,,
Reddening_RA5T,Pt 20_FD20_2,Pt 20,66.776,63.89,1.5200000000000014,0,0,,
Reddening_RA5T,Pt 20_FD20_2,Pt 20,75.556,68.22,1.5200000000000014,0,0,,
Reddening_RA5T,Pt 20_FD20_2,Pt 20,78.446,76.37,1.5200000000000014,0,0,,
Reddening_RA5T,Pt 20_FD20_2,Pt 20,81.226,78.81,1.5200000000000014,1,1,81.15,0.0759999999999934
Reddening_RA5T,Pt 20_FD20_2,Pt 20,83.076,81.72,1.5200000000000014,0,0,,
Variance_A3T,Pt 20_FD20_2,Pt 20,63.386,53.0,1.5200000000000014,0,0,,
Variance_A3T,Pt 20_FD20_2,Pt 20,66.776,63.89,1.5200000000000014,1,1,65.8,0.9759999999999991
Variance_A3T,Pt 20_FD20_2,Pt 20,75.556,68.22,1.5200000000000014,0,0,,
Variance_A3T,Pt 20_FD20_2,Pt 20,78.446,76.37,1.5200000000000014,1,1,77.7,0.7459999999999951
Variance_A3T,Pt 20_FD20_2,Pt 20,81.226,78.81,1.5200000000000014,0,0,,
Variance_A3T,Pt 20_FD20_2,Pt 20,83.076,81.72,1.5200000000000014,1,1,81.85,1.225999999999999
Variance_A7T,Pt 20_FD20_2,Pt 20,63.386,53.0,1.5200000000000014,0,0,,
Variance_A7T,Pt 20_FD20_2,Pt 20,66.776,63.89,1.5200000000000014,0,0,,
Variance_A7T,Pt 20_FD20_2,Pt 20,75.556,68.22,1.5200000000000014,0,0,,
Variance_A7T,Pt 20_FD20_2,Pt 20,78.446,76.37,1.5200000000000014,0,0,,
Variance_A7T,Pt 20_FD20_2,Pt 20,81.226,78.81,1.5200000000000014,0,0,,
Variance_A7T,Pt 20_FD20_2,Pt 20,83.076,81.72,1.5200000000000014,0,0,,
Variance_RA5T,Pt 20_FD20_2,Pt 20,63.386,53.0,1.5200000000000014,0,0,,
Variance_RA5T,Pt 20_FD20_2,Pt 20,66.776,63.89,1.5200000000000014,0,0,,
Variance_RA5T,Pt 20_FD20_2,Pt 20,75.556,68.22,1.5200000000000014,0,0,,
Variance_RA5T,Pt 20_FD20_2,Pt 20,78.446,76.37,1.5200000000000014,0,0,,
Variance_RA5T,Pt 20_FD20_2,Pt 20,81.226,78.81,1.5200000000000014,0,0,,
Variance_RA5T,Pt 20_FD20_2,Pt 20,83.076,81.72,1.5200000000000014,0,0,,
Persistence,Pt 20_FD20_3,Pt 20,61.196000000000005,57.28,1.6400000000000006,1,1,60.9,0.2960000000000065
Persistence,Pt 20_FD20_3,Pt 20,65.226,62.08,1.6400000000000006,0,0,,
Persistence,Pt 20_FD20_3,Pt 20,68.34599999999999,66.11,1.6400000000000006,0,0,,
Persistence,Pt 20_FD20_3,Pt 20,71.15599999999999,69.09,1.6400000000000006,0,0,,
Persistence,Pt 20_FD20_3,Pt 20,76.336,71.72,1.6400000000000006,1,1,76.15,0.18599999999999284
AC1,Pt 20_FD20_3,Pt 20,61.196000000000005,57.28,1.6400000000000006,0,0,,
AC1,Pt 20_FD20_3,Pt 20,65.226,62.08,1.6400000000000006,1,3,64.1,1.1260000000000048
AC1,Pt 20_FD20_3,Pt 20,68.34599999999999,66.11,1.6400000000000006,0,0,,
AC1,Pt 20_FD20_3,Pt 20,71.15599999999999,69.09,1.6400000000000006,1,2,70.2,0.9559999999999889
AC1,Pt 20_FD20_3,Pt 20,76.336,71.72,1.6400000000000006,0,0,,
Variance,Pt 20_FD20_3,Pt 20,61.196000000000005,57.28,1.6400000000000006,1,1,59.6,1.5960000000000036
Variance,Pt 20_FD20_3,Pt 20,65.226,62.08,1.6400000000000006,0,0,,
Variance,Pt 20_FD20_3,Pt 20,68.34599999999999,66.11,1.6400000000000006,0,0,,
Variance,Pt 20_FD20_3,Pt 20,71.15599999999999,69.09,1.6400000000000006,0,0,,
Variance,Pt 20_FD20_3,Pt 20,76.336,71.72,1.6400000000000006,0,0,,
Recovery,Pt 20_FD20_3,Pt 20,61.196000000000005,57.28,1.6400000000000006,1,1,60.2,0.9960000000000022
Recovery,Pt 20_FD20_3,Pt 20,65.226,62.08,1.6400000000000006,1,1,65.05,0.17600000000000193
Recovery,Pt 20_FD20_3,Pt 20,68.34599999999999,66.11,1.6400000000000006,0,0,,
Recovery,Pt 20_FD20_3,Pt 20,71.15599999999999,69.09,1.6400000000000006,1,1,69.75,1.4059999999999917
Recovery,Pt 20_FD20_3,Pt 20,76.336,71.72,1.6400000000000006,1,1,76.05,0.28600000000000136
Reddening,Pt 20_FD20_3,Pt 20,61.196000000000005,57.28,1.6400000000000006,0,0,,
Reddening,Pt 20_FD20_3,Pt 20,65.226,62.08,1.6400000000000006,0,0,,
Reddening,Pt 20_FD20_3,Pt 20,68.34599999999999,66.11,1.6400000000000006,0,0,,
Reddening,Pt 20_FD20_3,Pt 20,71.15599999999999,69.09,1.6400000000000006,0,0,,
Reddening,Pt 20_FD20_3,Pt 20,76.336,71.72,1.6400000000000006,0,0,,
State-history,Pt 20_FD20_3,Pt 20,61.196000000000005,57.28,1.6400000000000006,1,1,60.7,0.4960000000000022
State-history,Pt 20_FD20_3,Pt 20,65.226,62.08,1.6400000000000006,0,0,,
State-history,Pt 20_FD20_3,Pt 20,68.34599999999999,66.11,1.6400000000000006,1,1,67.3,1.0459999999999923
State-history,Pt 20_FD20_3,Pt 20,71.15599999999999,69.09,1.6400000000000006,1,1,70.3,0.8559999999999945
State-history,Pt 20_FD20_3,Pt 20,76.336,71.72,1.6400000000000006,1,1,76.05,0.28600000000000136
AC1_A3T,Pt 20_FD20_3,Pt 20,61.196000000000005,57.28,1.6400000000000006,1,2,59.6,1.5960000000000036
AC1_A3T,Pt 20_FD20_3,Pt 20,65.226,62.08,1.6400000000000006,1,1,63.6,1.6259999999999977
AC1_A3T,Pt 20_FD20_3,Pt 20,68.34599999999999,66.11,1.6400000000000006,1,1,67.1,1.2459999999999951
AC1_A3T,Pt 20_FD20_3,Pt 20,71.15599999999999,69.09,1.6400000000000006,1,1,70.05,1.1059999999999945
AC1_A3T,Pt 20_FD20_3,Pt 20,76.336,71.72,1.6400000000000006,0,0,,
AC1_A7T,Pt 20_FD20_3,Pt 20,61.196000000000005,57.28,1.6400000000000006,1,1,59.6,1.5960000000000036
AC1_A7T,Pt 20_FD20_3,Pt 20,65.226,62.08,1.6400000000000006,1,1,64.0,1.225999999999999
AC1_A7T,Pt 20_FD20_3,Pt 20,68.34599999999999,66.11,1.6400000000000006,1,1,67.2,1.1459999999999866
AC1_A7T,Pt 20_FD20_3,Pt 20,71.15599999999999,69.09,1.6400000000000006,1,1,70.2,0.9559999999999889
AC1_A7T,Pt 20_FD20_3,Pt 20,76.336,71.72,1.6400000000000006,0,0,,
AC1_RA5T,Pt 20_FD20_3,Pt 20,61.196000000000005,57.28,1.6400000000000006,0,0,,
AC1_RA5T,Pt 20_FD20_3,Pt 20,65.226,62.08,1.6400000000000006,0,0,,
AC1_RA5T,Pt 20_FD20_3,Pt 20,68.34599999999999,66.11,1.6400000000000006,1,1,67.6,0.7459999999999951
AC1_RA5T,Pt 20_FD20_3,Pt 20,71.15599999999999,69.09,1.6400000000000006,1,2,70.15,1.005999999999986
AC1_RA5T,Pt 20_FD20_3,Pt 20,76.336,71.72,1.6400000000000006,0,0,,
Recovery_A3T,Pt 20_FD20_3,Pt 20,61.196000000000005,57.28,1.6400000000000006,0,0,,
Recovery_A3T,Pt 20_FD20_3,Pt 20,65.226,62.08,1.6400000000000006,0,0,,
Recovery_A3T,Pt 20_FD20_3,Pt 20,68.34599999999999,66.11,1.6400000000000006,1,2,67.15,1.1959999999999837
Recovery_A3T,Pt 20_FD20_3,Pt 20,71.15599999999999,69.09,1.6400000000000006,1,2,70.15,1.005999999999986
Recovery_A3T,Pt 20_FD20_3,Pt 20,76.336,71.72,1.6400000000000006,0,0,,
Recovery_A7T,Pt 20_FD20_3,Pt 20,61.196000000000005,57.28,1.6400000000000006,1,1,60.9,0.2960000000000065
Recovery_A7T,Pt 20_FD20_3,Pt 20,65.226,62.08,1.6400000000000006,1,2,64.05,1.176000000000002
Recovery_A7T,Pt 20_FD20_3,Pt 20,68.34599999999999,66.11,1.6400000000000006,1,1,66.85,1.4959999999999951
Recovery_A7T,Pt 20_FD20_3,Pt 20,71.15599999999999,69.09,1.6400000000000006,1,1,69.85,1.3059999999999974
Recovery_A7T,Pt 20_FD20_3,Pt 20,76.336,71.72,1.6400000000000006,1,1,76.15,0.18599999999999284
Recovery_RA5T,Pt 20_FD20_3,Pt 20,61.196000000000005,57.28,1.6400000000000006,1,1,60.2,0.9960000000000022
Recovery_RA5T,Pt 20_FD20_3,Pt 20,65.226,62.08,1.6400000000000006,1,1,65.05,0.17600000000000193
Recovery_RA5T,Pt 20_FD20_3,Pt 20,68.34599999999999,66.11,1.6400000000000006,1,1,67.15,1.1959999999999837
Recovery_RA5T,Pt 20_FD20_3,Pt 20,71.15599999999999,69.09,1.6400000000000006,1,1,69.75,1.4059999999999917
Recovery_RA5T,Pt 20_FD20_3,Pt 20,76.336,71.72,1.6400000000000006,1,1,75.55,0.7860000000000014
Reddening_A3T,Pt 20_FD20_3,Pt 20,61.196000000000005,57.28,1.6400000000000006,1,1,60.9,0.2960000000000065
Reddening_A3T,Pt 20_FD20_3,Pt 20,65.226,62.08,1.6400000000000006,0,0,,
Reddening_A3T,Pt 20_FD20_3,Pt 20,68.34599999999999,66.11,1.6400000000000006,1,1,67.0,1.3459999999999894
Reddening_A3T,Pt 20_FD20_3,Pt 20,71.15599999999999,69.09,1.6400000000000006,1,1,69.85,1.3059999999999974
Reddening_A3T,Pt 20_FD20_3,Pt 20,76.336,71.72,1.6400000000000006,0,0,,
Reddening_A7T,Pt 20_FD20_3,Pt 20,61.196000000000005,57.28,1.6400000000000006,0,0,,
Reddening_A7T,Pt 20_FD20_3,Pt 20,65.226,62.08,1.6400000000000006,1,1,63.6,1.6259999999999977
Reddening_A7T,Pt 20_FD20_3,Pt 20,68.34599999999999,66.11,1.6400000000000006,0,0,,
Reddening_A7T,Pt 20_FD20_3,Pt 20,71.15599999999999,69.09,1.6400000000000006,0,0,,
Reddening_A7T,Pt 20_FD20_3,Pt 20,76.336,71.72,1.6400000000000006,0,0,,
Reddening_RA5T,Pt 20_FD20_3,Pt 20,61.196000000000005,57.28,1.6400000000000006,0,0,,
Reddening_RA5T,Pt 20_FD20_3,Pt 20,65.226,62.08,1.6400000000000006,0,0,,
Reddening_RA5T,Pt 20_FD20_3,Pt 20,68.34599999999999,66.11,1.6400000000000006,0,0,,
Reddening_RA5T,Pt 20_FD20_3,Pt 20,71.15599999999999,69.09,1.6400000000000006,0,0,,
Reddening_RA5T,Pt 20_FD20_3,Pt 20,76.336,71.72,1.6400000000000006,0,0,,
Variance_A3T,Pt 20_FD20_3,Pt 20,61.196000000000005,57.28,1.6400000000000006,1,1,59.6,1.5960000000000036
Variance_A3T,Pt 20_FD20_3,Pt 20,65.226,62.08,1.6400000000000006,0,0,,
Variance_A3T,Pt 20_FD20_3,Pt 20,68.34599999999999,66.11,1.6400000000000006,1,2,67.15,1.1959999999999837
Variance_A3T,Pt 20_FD20_3,Pt 20,71.15599999999999,69.09,1.6400000000000006,1,1,70.0,1.1559999999999917
Variance_A3T,Pt 20_FD20_3,Pt 20,76.336,71.72,1.6400000000000006,0,0,,
Variance_A7T,Pt 20_FD20_3,Pt 20,61.196000000000005,57.28,1.6400000000000006,1,1,59.6,1.5960000000000036
Variance_A7T,Pt 20_FD20_3,Pt 20,65.226,62.08,1.6400000000000006,0,0,,
Variance_A7T,Pt 20_FD20_3,Pt 20,68.34599999999999,66.11,1.6400000000000006,0,0,,
Variance_A7T,Pt 20_FD20_3,Pt 20,71.15599999999999,69.09,1.6400000000000006,0,0,,
Variance_A7T,Pt 20_FD20_3,Pt 20,76.336,71.72,1.6400000000000006,0,0,,
Variance_RA5T,Pt 20_FD20_3,Pt 20,61.196000000000005,57.28,1.6400000000000006,1,1,59.6,1.5960000000000036
Variance_RA5T,Pt 20_FD20_3,Pt 20,65.226,62.08,1.6400000000000006,0,0,,
Variance_RA5T,Pt 20_FD20_3,Pt 20,68.34599999999999,66.11,1.6400000000000006,1,1,67.1,1.2459999999999951
Variance_RA5T,Pt 20_FD20_3,Pt 20,71.15599999999999,69.09,1.6400000000000006,0,0,,
Variance_RA5T,Pt 20_FD20_3,Pt 20,76.336,71.72,1.6400000000000006,0,0,,
Persistence,Pt 20_FD20_4,Pt 20,62.916,60.73,1.5399999999999991,0,0,,
Persistence,Pt 20_FD20_4,Pt 20,67.466,64.15,1.5399999999999991,1,1,67.3,0.16599999999999682
Persistence,Pt 20_FD20_4,Pt 20,73.576,70.93,1.5399999999999991,0,0,,
Persistence,Pt 20_FD20_4,Pt 20,76.20599999999999,74.85,1.5399999999999991,0,0,,
Persistence,Pt 20_FD20_4,Pt 20,83.54599999999999,77.62,1.5399999999999991,0,0,,
AC1,Pt 20_FD20_4,Pt 20,62.916,60.73,1.5399999999999991,1,2,61.9,1.0159999999999982
AC1,Pt 20_FD20_4,Pt 20,67.466,64.15,1.5399999999999991,1,1,67.45,0.015999999999991132
AC1,Pt 20_FD20_4,Pt 20,73.576,70.93,1.5399999999999991,1,1,73.05,0.5259999999999962
AC1,Pt 20_FD20_4,Pt 20,76.20599999999999,74.85,1.5399999999999991,1,1,75.95,0.255999999999986
AC1,Pt 20_FD20_4,Pt 20,83.54599999999999,77.62,1.5399999999999991,0,0,,
Variance,Pt 20_FD20_4,Pt 20,62.916,60.73,1.5399999999999991,1,1,62.7,0.21599999999999397
Variance,Pt 20_FD20_4,Pt 20,67.466,64.15,1.5399999999999991,0,0,,
Variance,Pt 20_FD20_4,Pt 20,73.576,70.93,1.5399999999999991,1,1,72.85,0.7259999999999991
Variance,Pt 20_FD20_4,Pt 20,76.20599999999999,74.85,1.5399999999999991,1,1,75.55,0.6559999999999917
Variance,Pt 20_FD20_4,Pt 20,83.54599999999999,77.62,1.5399999999999991,0,0,,
Recovery,Pt 20_FD20_4,Pt 20,62.916,60.73,1.5399999999999991,1,1,61.9,1.0159999999999982
Recovery,Pt 20_FD20_4,Pt 20,67.466,64.15,1.5399999999999991,1,1,66.45,1.0159999999999911
Recovery,Pt 20_FD20_4,Pt 20,73.576,70.93,1.5399999999999991,1,1,72.95,0.6259999999999906
Recovery,Pt 20_FD20_4,Pt 20,76.20599999999999,74.85,1.5399999999999991,1,1,75.4,0.8059999999999832
Recovery,Pt 20_FD20_4,Pt 20,83.54599999999999,77.62,1.5399999999999991,0,0,,
Reddening,Pt 20_FD20_4,Pt 20,62.916,60.73,1.5399999999999991,0,0,,
Reddening,Pt 20_FD20_4,Pt 20,67.466,64.15,1.5399999999999991,0,0,,
Reddening,Pt 20_FD20_4,Pt 20,73.576,70.93,1.5399999999999991,0,0,,
Reddening,Pt 20_FD20_4,Pt 20,76.20599999999999,74.85,1.5399999999999991,0,0,,
Reddening,Pt 20_FD20_4,Pt 20,83.54599999999999,77.62,1.5399999999999991,0,0,,
State-history,Pt 20_FD20_4,Pt 20,62.916,60.73,1.5399999999999991,1,1,62.9,0.015999999999998238
State-history,Pt 20_FD20_4,Pt 20,67.466,64.15,1.5399999999999991,1,1,67.0,0.465999999999994
State-history,Pt 20_FD20_4,Pt 20,73.576,70.93,1.5399999999999991,1,1,73.55,0.02599999999999625
State-history,Pt 20_FD20_4,Pt 20,76.20599999999999,74.85,1.5399999999999991,0,0,,
State-history,Pt 20_FD20_4,Pt 20,83.54599999999999,77.62,1.5399999999999991,1,1,83.35,0.19599999999999795
AC1_A3T,Pt 20_FD20_4,Pt 20,62.916,60.73,1.5399999999999991,1,1,61.75,1.1659999999999968
AC1_A3T,Pt 20_FD20_4,Pt 20,67.466,64.15,1.5399999999999991,0,0,,
AC1_A3T,Pt 20_FD20_4,Pt 20,73.576,70.93,1.5399999999999991,1,1,72.85,0.7259999999999991
AC1_A3T,Pt 20_FD20_4,Pt 20,76.20599999999999,74.85,1.5399999999999991,1,1,75.0,1.2059999999999889
AC1_A3T,Pt 20_FD20_4,Pt 20,83.54599999999999,77.62,1.5399999999999991,1,1,82.1,1.445999999999998
AC1_A7T,Pt 20_FD20_4,Pt 20,62.916,60.73,1.5399999999999991,1,1,61.95,0.965999999999994
AC1_A7T,Pt 20_FD20_4,Pt 20,67.466,64.15,1.5399999999999991,1,1,67.35,0.11599999999999966
AC1_A7T,Pt 20_FD20_4,Pt 20,73.576,70.93,1.5399999999999991,1,2,72.5,1.0759999999999934
AC1_A7T,Pt 20_FD20_4,Pt 20,76.20599999999999,74.85,1.5399999999999991,0,0,,
AC1_A7T,Pt 20_FD20_4,Pt 20,83.54599999999999,77.62,1.5399999999999991,0,0,,
AC1_RA5T,Pt 20_FD20_4,Pt 20,62.916,60.73,1.5399999999999991,1,1,61.65,1.2659999999999982
AC1_RA5T,Pt 20_FD20_4,Pt 20,67.466,64.15,1.5399999999999991,1,1,67.45,0.015999999999991132
AC1_RA5T,Pt 20_FD20_4,Pt 20,73.576,70.93,1.5399999999999991,1,2,72.3,1.2759999999999962
AC1_RA5T,Pt 20_FD20_4,Pt 20,76.20599999999999,74.85,1.5399999999999991,1,2,75.25,0.9559999999999889
AC1_RA5T,Pt 20_FD20_4,Pt 20,83.54599999999999,77.62,1.5399999999999991,0,0,,
Recovery_A3T,Pt 20_FD20_4,Pt 20,62.916,60.73,1.5399999999999991,1,2,61.85,1.0659999999999954
Recovery_A3T,Pt 20_FD20_4,Pt 20,67.466,64.15,1.5399999999999991,0,0,,
Recovery_A3T,Pt 20_FD20_4,Pt 20,73.576,70.93,1.5399999999999991,1,2,72.1,1.475999999999999
Recovery_A3T,Pt 20_FD20_4,Pt 20,76.20599999999999,74.85,1.5399999999999991,1,1,75.05,1.1559999999999917
Recovery_A3T,Pt 20_FD20_4,Pt 20,83.54599999999999,77.62,1.5399999999999991,0,0,,
Recovery_A7T,Pt 20_FD20_4,Pt 20,62.916,60.73,1.5399999999999991,1,1,62.6,0.3159999999999954
Recovery_A7T,Pt 20_FD20_4,Pt 20,67.466,64.15,1.5399999999999991,1,1,66.7,0.7659999999999911
Recovery_A7T,Pt 20_FD20_4,Pt 20,73.576,70.93,1.5399999999999991,1,1,72.75,0.8259999999999934
Recovery_A7T,Pt 20_FD20_4,Pt 20,76.20599999999999,74.85,1.5399999999999991,1,1,75.5,0.7059999999999889
Recovery_A7T,Pt 20_FD20_4,Pt 20,83.54599999999999,77.62,1.5399999999999991,0,0,,
Recovery_RA5T,Pt 20_FD20_4,Pt 20,62.916,60.73,1.5399999999999991,1,1,61.85,1.0659999999999954
Recovery_RA5T,Pt 20_FD20_4,Pt 20,67.466,64.15,1.5399999999999991,1,1,66.9,0.5659999999999883
Recovery_RA5T,Pt 20_FD20_4,Pt 20,73.576,70.93,1.5399999999999991,1,2,72.5,1.0759999999999934
Recovery_RA5T,Pt 20_FD20_4,Pt 20,76.20599999999999,74.85,1.5399999999999991,1,2,75.3,0.9059999999999917
Recovery_RA5T,Pt 20_FD20_4,Pt 20,83.54599999999999,77.62,1.5399999999999991,0,0,,
Reddening_A3T,Pt 20_FD20_4,Pt 20,62.916,60.73,1.5399999999999991,0,0,,
Reddening_A3T,Pt 20_FD20_4,Pt 20,67.466,64.15,1.5399999999999991,1,2,66.5,0.965999999999994
Reddening_A3T,Pt 20_FD20_4,Pt 20,73.576,70.93,1.5399999999999991,0,0,,
Reddening_A3T,Pt 20_FD20_4,Pt 20,76.20599999999999,74.85,1.5399999999999991,0,0,,
Reddening_A3T,Pt 20_FD20_4,Pt 20,83.54599999999999,77.62,1.5399999999999991,1,2,82.5,1.0459999999999923
Reddening_A7T,Pt 20_FD20_4,Pt 20,62.916,60.73,1.5399999999999991,0,0,,
Reddening_A7T,Pt 20_FD20_4,Pt 20,67.466,64.15,1.5399999999999991,0,0,,
Reddening_A7T,Pt 20_FD20_4,Pt 20,73.576,70.93,1.5399999999999991,0,0,,
Reddening_A7T,Pt 20_FD20_4,Pt 20,76.20599999999999,74.85,1.5399999999999991,0,0,,
Reddening_A7T,Pt 20_FD20_4,Pt 20,83.54599999999999,77.62,1.5399999999999991,0,0,,
Reddening_RA5T,Pt 20_FD20_4,Pt 20,62.916,60.73,1.5399999999999991,0,0,,
Reddening_RA5T,Pt 20_FD20_4,Pt 20,67.466,64.15,1.5399999999999991,0,0,,
Reddening_RA5T,Pt 20_FD20_4,Pt 20,73.576,70.93,1.5399999999999991,0,0,,
Reddening_RA5T,Pt 20_FD20_4,Pt 20,76.20599999999999,74.85,1.5399999999999991,0,0,,
Reddening_RA5T,Pt 20_FD20_4,Pt 20,83.54599999999999,77.62,1.5399999999999991,0,0,,
Variance_A3T,Pt 20_FD20_4,Pt 20,62.916,60.73,1.5399999999999991,1,1,61.5,1.4159999999999968
Variance_A3T,Pt 20_FD20_4,Pt 20,67.466,64.15,1.5399999999999991,0,0,,
Variance_A3T,Pt 20_FD20_4,Pt 20,73.576,70.93,1.5399999999999991,0,0,,
Variance_A3T,Pt 20_FD20_4,Pt 20,76.20599999999999,74.85,1.5399999999999991,1,1,76.2,0.0059999999999860165
Variance_A3T,Pt 20_FD20_4,Pt 20,83.54599999999999,77.62,1.5399999999999991,0,0,,
Variance_A7T,Pt 20_FD20_4,Pt 20,62.916,60.73,1.5399999999999991,1,1,61.8,1.1159999999999997
Variance_A7T,Pt 20_FD20_4,Pt 20,67.466,64.15,1.5399999999999991,0,0,,
Variance_A7T,Pt 20_FD20_4,Pt 20,73.576,70.93,1.5399999999999991,0,0,,
Variance_A7T,Pt 20_FD20_4,Pt 20,76.20599999999999,74.85,1.5399999999999991,0,0,,
Variance_A7T,Pt 20_FD20_4,Pt 20,83.54599999999999,77.62,1.5399999999999991,0,0,,
Variance_RA5T,Pt 20_FD20_4,Pt 20,62.916,60.73,1.5399999999999991,0,0,,
Variance_RA5T,Pt 20_FD20_4,Pt 20,67.466,64.15,1.5399999999999991,0,0,,
Variance_RA5T,Pt 20_FD20_4,Pt 20,73.576,70.93,1.5399999999999991,0,0,,
Variance_RA5T,Pt 20_FD20_4,Pt 20,76.20599999999999,74.85,1.5399999999999991,0,0,,
Variance_RA5T,Pt 20_FD20_4,Pt 20,83.54599999999999,77.62,1.5399999999999991,0,0,,
Persistence,Pt 20_FD20_5,Pt 20,66.896,59.53,1.4700000000000024,0,0,,
Persistence,Pt 20_FD20_5,Pt 20,70.976,68.32,1.4700000000000024,0,0,,
Persistence,Pt 20_FD20_5,Pt 20,78.276,75.98,1.4700000000000024,0,0,,
Persistence,Pt 20_FD20_5,Pt 20,88.776,84.76,1.4700000000000024,0,0,,
AC1,Pt 20_FD20_5,Pt 20,66.896,59.53,1.4700000000000024,0,0,,
AC1,Pt 20_FD20_5,Pt 20,70.976,68.32,1.4700000000000024,1,2,69.7,1.2759999999999962
AC1,Pt 20_FD20_5,Pt 20,78.276,75.98,1.4700000000000024,0,0,,
AC1,Pt 20_FD20_5,Pt 20,88.776,84.76,1.4700000000000024,0,0,,
Variance,Pt 20_FD20_5,Pt 20,66.896,59.53,1.4700000000000024,0,0,,
Variance,Pt 20_FD20_5,Pt 20,70.976,68.32,1.4700000000000024,0,0,,
Variance,Pt 20_FD20_5,Pt 20,78.276,75.98,1.4700000000000024,0,0,,
Variance,Pt 20_FD20_5,Pt 20,88.776,84.76,1.4700000000000024,0,0,,
Recovery,Pt 20_FD20_5,Pt 20,66.896,59.53,1.4700000000000024,0,0,,
Recovery,Pt 20_FD20_5,Pt 20,70.976,68.32,1.4700000000000024,1,1,70.35,0.6260000000000048
Recovery,Pt 20_FD20_5,Pt 20,78.276,75.98,1.4700000000000024,1,2,77.45,0.8259999999999934
Recovery,Pt 20_FD20_5,Pt 20,88.776,84.76,1.4700000000000024,0,0,,
Reddening,Pt 20_FD20_5,Pt 20,66.896,59.53,1.4700000000000024,0,0,,
Reddening,Pt 20_FD20_5,Pt 20,70.976,68.32,1.4700000000000024,0,0,,
Reddening,Pt 20_FD20_5,Pt 20,78.276,75.98,1.4700000000000024,1,1,77.2,1.0759999999999934
Reddening,Pt 20_FD20_5,Pt 20,88.776,84.76,1.4700000000000024,0,0,,
State-history,Pt 20_FD20_5,Pt 20,66.896,59.53,1.4700000000000024,1,1,66.7,0.19599999999999795
State-history,Pt 20_FD20_5,Pt 20,70.976,68.32,1.4700000000000024,1,1,70.8,0.17600000000000193
State-history,Pt 20_FD20_5,Pt 20,78.276,75.98,1.4700000000000024,1,1,78.25,0.02599999999999625
State-history,Pt 20_FD20_5,Pt 20,88.776,84.76,1.4700000000000024,0,0,,
AC1_A3T,Pt 20_FD20_5,Pt 20,66.896,59.53,1.4700000000000024,0,0,,
AC1_A3T,Pt 20_FD20_5,Pt 20,70.976,68.32,1.4700000000000024,1,1,70.15,0.8259999999999934
AC1_A3T,Pt 20_FD20_5,Pt 20,78.276,75.98,1.4700000000000024,1,2,77.1,1.176000000000002
AC1_A3T,Pt 20_FD20_5,Pt 20,88.776,84.76,1.4700000000000024,1,1,88.1,0.6760000000000019
AC1_A7T,Pt 20_FD20_5,Pt 20,66.896,59.53,1.4700000000000024,0,0,,
AC1_A7T,Pt 20_FD20_5,Pt 20,70.976,68.32,1.4700000000000024,1,2,69.85,1.1260000000000048
AC1_A7T,Pt 20_FD20_5,Pt 20,78.276,75.98,1.4700000000000024,1,1,77.25,1.0259999999999962
AC1_A7T,Pt 20_FD20_5,Pt 20,88.776,84.76,1.4700000000000024,0,0,,
AC1_RA5T,Pt 20_FD20_5,Pt 20,66.896,59.53,1.4700000000000024,0,0,,
AC1_RA5T,Pt 20_FD20_5,Pt 20,70.976,68.32,1.4700000000000024,1,2,69.7,1.2759999999999962
AC1_RA5T,Pt 20_FD20_5,Pt 20,78.276,75.98,1.4700000000000024,0,0,,
AC1_RA5T,Pt 20_FD20_5,Pt 20,88.776,84.76,1.4700000000000024,0,0,,
Recovery_A3T,Pt 20_FD20_5,Pt 20,66.896,59.53,1.4700000000000024,0,0,,
Recovery_A3T,Pt 20_FD20_5,Pt 20,70.976,68.32,1.4700000000000024,1,1,70.25,0.7259999999999991
Recovery_A3T,Pt 20_FD20_5,Pt 20,78.276,75.98,1.4700000000000024,1,1,77.65,0.6259999999999906
Recovery_A3T,Pt 20_FD20_5,Pt 20,88.776,84.76,1.4700000000000024,0,0,,
Recovery_A7T,Pt 20_FD20_5,Pt 20,66.896,59.53,1.4700000000000024,0,0,,
Recovery_A7T,Pt 20_FD20_5,Pt 20,70.976,68.32,1.4700000000000024,0,0,,
Recovery_A7T,Pt 20_FD20_5,Pt 20,78.276,75.98,1.4700000000000024,1,1,78.25,0.02599999999999625
Recovery_A7T,Pt 20_FD20_5,Pt 20,88.776,84.76,1.4700000000000024,1,1,88.4,0.37599999999999056
Recovery_RA5T,Pt 20_FD20_5,Pt 20,66.896,59.53,1.4700000000000024,0,0,,
Recovery_RA5T,Pt 20_FD20_5,Pt 20,70.976,68.32,1.4700000000000024,1,1,70.35,0.6260000000000048
Recovery_RA5T,Pt 20_FD20_5,Pt 20,78.276,75.98,1.4700000000000024,0,0,,
Recovery_RA5T,Pt 20_FD20_5,Pt 20,88.776,84.76,1.4700000000000024,0,0,,
Reddening_A3T,Pt 20_FD20_5,Pt 20,66.896,59.53,1.4700000000000024,0,0,,
Reddening_A3T,Pt 20_FD20_5,Pt 20,70.976,68.32,1.4700000000000024,0,0,,
Reddening_A3T,Pt 20_FD20_5,Pt 20,78.276,75.98,1.4700000000000024,0,0,,
Reddening_A3T,Pt 20_FD20_5,Pt 20,88.776,84.76,1.4700000000000024,0,0,,
Reddening_A7T,Pt 20_FD20_5,Pt 20,66.896,59.53,1.4700000000000024,0,0,,
Reddening_A7T,Pt 20_FD20_5,Pt 20,70.976,68.32,1.4700000000000024,0,0,,
Reddening_A7T,Pt 20_FD20_5,Pt 20,78.276,75.98,1.4700000000000024,1,1,77.05,1.225999999999999
Reddening_A7T,Pt 20_FD20_5,Pt 20,88.776,84.76,1.4700000000000024,0,0,,
Reddening_RA5T,Pt 20_FD20_5,Pt 20,66.896,59.53,1.4700000000000024,0,0,,
Reddening_RA5T,Pt 20_FD20_5,Pt 20,70.976,68.32,1.4700000000000024,0,0,,
Reddening_RA5T,Pt 20_FD20_5,Pt 20,78.276,75.98,1.4700000000000024,0,0,,
Reddening_RA5T,Pt 20_FD20_5,Pt 20,88.776,84.76,1.4700000000000024,0,0,,
Variance_A3T,Pt 20_FD20_5,Pt 20,66.896,59.53,1.4700000000000024,0,0,,
Variance_A3T,Pt 20_FD20_5,Pt 20,70.976,68.32,1.4700000000000024,1,1,70.4,0.5759999999999934
Variance_A3T,Pt 20_FD20_5,Pt 20,78.276,75.98,1.4700000000000024,1,1,77.65,0.6259999999999906
Variance_A3T,Pt 20_FD20_5,Pt 20,88.776,84.76,1.4700000000000024,0,0,,
Variance_A7T,Pt 20_FD20_5,Pt 20,66.896,59.53,1.4700000000000024,0,0,,
Variance_A7T,Pt 20_FD20_5,Pt 20,70.976,68.32,1.4700000000000024,0,0,,
Variance_A7T,Pt 20_FD20_5,Pt 20,78.276,75.98,1.4700000000000024,0,0,,
Variance_A7T,Pt 20_FD20_5,Pt 20,88.776,84.76,1.4700000000000024,0,0,,
Variance_RA5T,Pt 20_FD20_5,Pt 20,66.896,59.53,1.4700000000000024,0,0,,
Variance_RA5T,Pt 20_FD20_5,Pt 20,70.976,68.32,1.4700000000000024,0,0,,
Variance_RA5T,Pt 20_FD20_5,Pt 20,78.276,75.98,1.4700000000000024,0,0,,
Variance_RA5T,Pt 20_FD20_5,Pt 20,88.776,84.76,1.4700000000000024,0,0,,
Persistence,Pt 20_FD20_6,Pt 20,60.296,57.32,1.8000000000000007,0,0,,
Persistence,Pt 20_FD20_6,Pt 20,72.526,61.75,1.8000000000000007,0,0,,
Persistence,Pt 20_FD20_6,Pt 20,74.98599999999999,73.63,1.8000000000000007,0,0,,
Persistence,Pt 20_FD20_6,Pt 20,78.06599999999999,76.71,1.8000000000000007,0,0,,
Persistence,Pt 20_FD20_6,Pt 20,81.646,79.05,1.8000000000000007,0,0,,
Persistence,Pt 20_FD20_6,Pt 20,84.216,82.86,1.8000000000000007,0,0,,
Persistence,Pt 20_FD20_6,Pt 20,87.836,86.48,1.8000000000000007,0,0,,
AC1,Pt 20_FD20_6,Pt 20,60.296,57.32,1.8000000000000007,1,1,59.75,0.5459999999999994
AC1,Pt 20_FD20_6,Pt 20,72.526,61.75,1.8000000000000007,1,2,71.3,1.225999999999999
AC1,Pt 20_FD20_6,Pt 20,74.98599999999999,73.63,1.8000000000000007,1,1,73.95,1.0359999999999872
AC1,Pt 20_FD20_6,Pt 20,78.06599999999999,76.71,1.8000000000000007,0,0,,
AC1,Pt 20_FD20_6,Pt 20,81.646,79.05,1.8000000000000007,0,0,,
AC1,Pt 20_FD20_6,Pt 20,84.216,82.86,1.8000000000000007,1,1,83.4,0.8159999999999883
AC1,Pt 20_FD20_6,Pt 20,87.836,86.48,1.8000000000000007,1,1,86.55,1.2860000000000014
Variance,Pt 20_FD20_6,Pt 20,60.296,57.32,1.8000000000000007,0,0,,
Variance,Pt 20_FD20_6,Pt 20,72.526,61.75,1.8000000000000007,0,0,,
Variance,Pt 20_FD20_6,Pt 20,74.98599999999999,73.63,1.8000000000000007,0,0,,
Variance,Pt 20_FD20_6,Pt 20,78.06599999999999,76.71,1.8000000000000007,0,0,,
Variance,Pt 20_FD20_6,Pt 20,81.646,79.05,1.8000000000000007,0,0,,
Variance,Pt 20_FD20_6,Pt 20,84.216,82.86,1.8000000000000007,0,0,,
Variance,Pt 20_FD20_6,Pt 20,87.836,86.48,1.8000000000000007,0,0,,
Recovery,Pt 20_FD20_6,Pt 20,60.296,57.32,1.8000000000000007,1,1,59.6,0.695999999999998
Recovery,Pt 20_FD20_6,Pt 20,72.526,61.75,1.8000000000000007,1,2,71.3,1.225999999999999
Recovery,Pt 20_FD20_6,Pt 20,74.98599999999999,73.63,1.8000000000000007,1,1,74.25,0.73599999999999
Recovery,Pt 20_FD20_6,Pt 20,78.06599999999999,76.71,1.8000000000000007,0,0,,
Recovery,Pt 20_FD20_6,Pt 20,81.646,79.05,1.8000000000000007,0,0,,
Recovery,Pt 20_FD20_6,Pt 20,84.216,82.86,1.8000000000000007,1,1,83.6,0.6159999999999997
Recovery,Pt 20_FD20_6,Pt 20,87.836,86.48,1.8000000000000007,1,1,86.6,1.2360000000000042
Reddening,Pt 20_FD20_6,Pt 20,60.296,57.32,1.8000000000000007,0,0,,
Reddening,Pt 20_FD20_6,Pt 20,72.526,61.75,1.8000000000000007,0,0,,
Reddening,Pt 20_FD20_6,Pt 20,74.98599999999999,73.63,1.8000000000000007,1,1,74.55,0.43599999999999284
Reddening,Pt 20_FD20_6,Pt 20,78.06599999999999,76.71,1.8000000000000007,0,0,,
Reddening,Pt 20_FD20_6,Pt 20,81.646,79.05,1.8000000000000007,0,0,,
Reddening,Pt 20_FD20_6,Pt 20,84.216,82.86,1.8000000000000007,1,1,84.0,0.21599999999999397
Reddening,Pt 20_FD20_6,Pt 20,87.836,86.48,1.8000000000000007,1,1,86.7,1.1359999999999957
State-history,Pt 20_FD20_6,Pt 20,60.296,57.32,1.8000000000000007,1,1,60.2,0.09599999999999653
State-history,Pt 20_FD20_6,Pt 20,72.526,61.75,1.8000000000000007,1,1,72.35,0.17600000000000193
State-history,Pt 20_FD20_6,Pt 20,74.98599999999999,73.63,1.8000000000000007,1,2,74.05,0.9359999999999928
State-history,Pt 20_FD20_6,Pt 20,78.06599999999999,76.71,1.8000000000000007,0,0,,
State-history,Pt 20_FD20_6,Pt 20,81.646,79.05,1.8000000000000007,1,1,81.45,0.19599999999999795
State-history,Pt 20_FD20_6,Pt 20,84.216,82.86,1.8000000000000007,0,0,,
State-history,Pt 20_FD20_6,Pt 20,87.836,86.48,1.8000000000000007,0,0,,
AC1_A3T,Pt 20_FD20_6,Pt 20,60.296,57.32,1.8000000000000007,1,1,59.6,0.695999999999998
AC1_A3T,Pt 20_FD20_6,Pt 20,72.526,61.75,1.8000000000000007,1,1,71.75,0.7759999999999962
AC1_A3T,Pt 20_FD20_6,Pt 20,74.98599999999999,73.63,1.8000000000000007,1,1,74.2,0.7859999999999872
AC1_A3T,Pt 20_FD20_6,Pt 20,78.06599999999999,76.71,1.8000000000000007,1,1,77.85,0.21599999999999397
AC1_A3T,Pt 20_FD20_6,Pt 20,81.646,79.05,1.8000000000000007,1,3,80.15,1.4959999999999951
AC1_A3T,Pt 20_FD20_6,Pt 20,84.216,82.86,1.8000000000000007,1,1,84.15,0.06599999999998829
AC1_A3T,Pt 20_FD20_6,Pt 20,87.836,86.48,1.8000000000000007,1,1,87.1,0.7360000000000042
AC1_A7T,Pt 20_FD20_6,Pt 20,60.296,57.32,1.8000000000000007,1,1,59.65,0.6460000000000008
AC1_A7T,Pt 20_FD20_6,Pt 20,72.526,61.75,1.8000000000000007,1,2,71.35,1.176000000000002
AC1_A7T,Pt 20_FD20_6,Pt 20,74.98599999999999,73.63,1.8000000000000007,0,0,,
AC1_A7T,Pt 20_FD20_6,Pt 20,78.06599999999999,76.71,1.8000000000000007,1,1,77.95,0.11599999999998545
AC1_A7T,Pt 20_FD20_6,Pt 20,81.646,79.05,1.8000000000000007,0,0,,
AC1_A7T,Pt 20_FD20_6,Pt 20,84.216,82.86,1.8000000000000007,0,0,,
AC1_A7T,Pt 20_FD20_6,Pt 20,87.836,86.48,1.8000000000000007,1,2,87.0,0.8359999999999985
AC1_RA5T,Pt 20_FD20_6,Pt 20,60.296,57.32,1.8000000000000007,0,0,,
AC1_RA5T,Pt 20_FD20_6,Pt 20,72.526,61.75,1.8000000000000007,1,1,72.0,0.5259999999999962
AC1_RA5T,Pt 20_FD20_6,Pt 20,74.98599999999999,73.63,1.8000000000000007,1,1,73.95,1.0359999999999872
AC1_RA5T,Pt 20_FD20_6,Pt 20,78.06599999999999,76.71,1.8000000000000007,0,0,,
AC1_RA5T,Pt 20_FD20_6,Pt 20,81.646,79.05,1.8000000000000007,1,1,80.4,1.2459999999999951
AC1_RA5T,Pt 20_FD20_6,Pt 20,84.216,82.86,1.8000000000000007,1,1,83.45,0.7659999999999911
AC1_RA5T,Pt 20_FD20_6,Pt 20,87.836,86.48,1.8000000000000007,0,0,,
Recovery_A3T,Pt 20_FD20_6,Pt 20,60.296,57.32,1.8000000000000007,1,1,59.6,0.695999999999998
Recovery_A3T,Pt 20_FD20_6,Pt 20,72.526,61.75,1.8000000000000007,1,2,70.9,1.6259999999999906
Recovery_A3T,Pt 20_FD20_6,Pt 20,74.98599999999999,73.63,1.8000000000000007,1,1,74.3,0.6859999999999928
Recovery_A3T,Pt 20_FD20_6,Pt 20,78.06599999999999,76.71,1.8000000000000007,1,1,77.9,0.1659999999999826
Recovery_A3T,Pt 20_FD20_6,Pt 20,81.646,79.05,1.8000000000000007,1,1,81.0,0.6460000000000008
Recovery_A3T,Pt 20_FD20_6,Pt 20,84.216,82.86,1.8000000000000007,1,1,83.55,0.6659999999999968
Recovery_A3T,Pt 20_FD20_6,Pt 20,87.836,86.48,1.8000000000000007,1,2,86.55,1.2860000000000014
Recovery_A7T,Pt 20_FD20_6,Pt 20,60.296,57.32,1.8000000000000007,1,1,59.95,0.34599999999999653
Recovery_A7T,Pt 20_FD20_6,Pt 20,72.526,61.75,1.8000000000000007,1,1,71.65,0.8759999999999906
Recovery_A7T,Pt 20_FD20_6,Pt 20,74.98599999999999,73.63,1.8000000000000007,0,0,,
Recovery_A7T,Pt 20_FD20_6,Pt 20,78.06599999999999,76.71,1.8000000000000007,1,2,77.0,1.0659999999999883
Recovery_A7T,Pt 20_FD20_6,Pt 20,81.646,79.05,1.8000000000000007,0,0,,
Recovery_A7T,Pt 20_FD20_6,Pt 20,84.216,82.86,1.8000000000000007,1,1,83.7,0.5159999999999911
Recovery_A7T,Pt 20_FD20_6,Pt 20,87.836,86.48,1.8000000000000007,1,1,87.8,0.036000000000001364
Recovery_RA5T,Pt 20_FD20_6,Pt 20,60.296,57.32,1.8000000000000007,1,1,59.65,0.6460000000000008
Recovery_RA5T,Pt 20_FD20_6,Pt 20,72.526,61.75,1.8000000000000007,1,1,72.0,0.5259999999999962
Recovery_RA5T,Pt 20_FD20_6,Pt 20,74.98599999999999,73.63,1.8000000000000007,1,1,74.35,0.6359999999999957
Recovery_RA5T,Pt 20_FD20_6,Pt 20,78.06599999999999,76.71,1.8000000000000007,1,1,77.8,0.26599999999999113
Recovery_RA5T,Pt 20_FD20_6,Pt 20,81.646,79.05,1.8000000000000007,1,1,80.05,1.5960000000000036
Recovery_RA5T,Pt 20_FD20_6,Pt 20,84.216,82.86,1.8000000000000007,1,1,83.65,0.5659999999999883
Recovery_RA5T,Pt 20_FD20_6,Pt 20,87.836,86.48,1.8000000000000007,1,1,86.5,1.3359999999999985
Reddening_A3T,Pt 20_FD20_6,Pt 20,60.296,57.32,1.8000000000000007,0,0,,
Reddening_A3T,Pt 20_FD20_6,Pt 20,72.526,61.75,1.8000000000000007,0,0,,
Reddening_A3T,Pt 20_FD20_6,Pt 20,74.98599999999999,73.63,1.8000000000000007,1,1,73.75,1.23599999999999
Reddening_A3T,Pt 20_FD20_6,Pt 20,78.06599999999999,76.71,1.8000000000000007,1,1,77.35,0.715999999999994
Reddening_A3T,Pt 20_FD20_6,Pt 20,81.646,79.05,1.8000000000000007,1,1,80.1,1.5460000000000065
Reddening_A3T,Pt 20_FD20_6,Pt 20,84.216,82.86,1.8000000000000007,1,1,83.95,0.26599999999999113
Reddening_A3T,Pt 20_FD20_6,Pt 20,87.836,86.48,1.8000000000000007,0,0,,
Reddening_A7T,Pt 20_FD20_6,Pt 20,60.296,57.32,1.8000000000000007,0,0,,
Reddening_A7T,Pt 20_FD20_6,Pt 20,72.526,61.75,1.8000000000000007,1,1,70.95,1.5759999999999934
Reddening_A7T,Pt 20_FD20_6,Pt 20,74.98599999999999,73.63,1.8000000000000007,0,0,,
Reddening_A7T,Pt 20_FD20_6,Pt 20,78.06599999999999,76.71,1.8000000000000007,0,0,,
Reddening_A7T,Pt 20_FD20_6,Pt 20,81.646,79.05,1.8000000000000007,0,0,,
Reddening_A7T,Pt 20_FD20_6,Pt 20,84.216,82.86,1.8000000000000007,0,0,,
Reddening_A7T,Pt 20_FD20_6,Pt 20,87.836,86.48,1.8000000000000007,0,0,,
Reddening_RA5T,Pt 20_FD20_6,Pt 20,60.296,57.32,1.8000000000000007,0,0,,
Reddening_RA5T,Pt 20_FD20_6,Pt 20,72.526,61.75,1.8000000000000007,0,0,,
Reddening_RA5T,Pt 20_FD20_6,Pt 20,74.98599999999999,73.63,1.8000000000000007,1,1,74.1,0.8859999999999957
Reddening_RA5T,Pt 20_FD20_6,Pt 20,78.06599999999999,76.71,1.8000000000000007,0,0,,
Reddening_RA5T,Pt 20_FD20_6,Pt 20,81.646,79.05,1.8000000000000007,0,0,,
Reddening_RA5T,Pt 20_FD20_6,Pt 20,84.216,82.86,1.8000000000000007,1,1,84.05,0.16599999999999682
Reddening_RA5T,Pt 20_FD20_6,Pt 20,87.836,86.48,1.8000000000000007,0,0,,
Variance_A3T,Pt 20_FD20_6,Pt 20,60.296,57.32,1.8000000000000007,1,1,59.9,0.3960000000000008
Variance_A3T,Pt 20_FD20_6,Pt 20,72.526,61.75,1.8000000000000007,0,0,,
Variance_A3T,Pt 20_FD20_6,Pt 20,74.98599999999999,73.63,1.8000000000000007,0,0,,
Variance_A3T,Pt 20_FD20_6,Pt 20,78.06599999999999,76.71,1.8000000000000007,0,0,,
Variance_A3T,Pt 20_FD20_6,Pt 20,81.646,79.05,1.8000000000000007,0,0,,
Variance_A3T,Pt 20_FD20_6,Pt 20,84.216,82.86,1.8000000000000007,0,0,,
Variance_A3T,Pt 20_FD20_6,Pt 20,87.836,86.48,1.8000000000000007,0,0,,
Variance_A7T,Pt 20_FD20_6,Pt 20,60.296,57.32,1.8000000000000007,0,0,,
Variance_A7T,Pt 20_FD20_6,Pt 20,72.526,61.75,1.8000000000000007,0,0,,
Variance_A7T,Pt 20_FD20_6,Pt 20,74.98599999999999,73.63,1.8000000000000007,0,0,,
Variance_A7T,Pt 20_FD20_6,Pt 20,78.06599999999999,76.71,1.8000000000000007,0,0,,
Variance_A7T,Pt 20_FD20_6,Pt 20,81.646,79.05,1.8000000000000007,0,0,,
Variance_A7T,Pt 20_FD20_6,Pt 20,84.216,82.86,1.8000000000000007,0,0,,
Variance_A7T,Pt 20_FD20_6,Pt 20,87.836,86.48,1.8000000000000007,0,0,,
Variance_RA5T,Pt 20_FD20_6,Pt 20,60.296,57.32,1.8000000000000007,1,1,60.25,0.045999999999999375
Variance_RA5T,Pt 20_FD20_6,Pt 20,72.526,61.75,1.8000000000000007,1,1,72.4,0.12599999999999056
Variance_RA5T,Pt 20_FD20_6,Pt 20,74.98599999999999,73.63,1.8000000000000007,0,0,,
Variance_RA5T,Pt 20_FD20_6,Pt 20,78.06599999999999,76.71,1.8000000000000007,0,0,,
Variance_RA5T,Pt 20_FD20_6,Pt 20,81.646,79.05,1.8000000000000007,0,0,,
Variance_RA5T,Pt 20_FD20_6,Pt 20,84.216,82.86,1.8000000000000007,0,0,,
Variance_RA5T,Pt 20_FD20_6,Pt 20,87.836,86.48,1.8000000000000007,0,0,,
Persistence,Pt 22_FD22_3,Pt 22,84.106,41.92,1.3000000000000007,0,0,,
AC1,Pt 22_FD22_3,Pt 22,84.106,41.92,1.3000000000000007,1,1,83.89,0.21599999999999397
Variance,Pt 22_FD22_3,Pt 22,84.106,41.92,1.3000000000000007,0,0,,
Recovery,Pt 22_FD22_3,Pt 22,84.106,41.92,1.3000000000000007,1,1,83.74,0.36599999999999966
Reddening,Pt 22_FD22_3,Pt 22,84.106,41.92,1.3000000000000007,0,0,,
State-history,Pt 22_FD22_3,Pt 22,84.106,41.92,1.3000000000000007,0,0,,
AC1_A3T,Pt 22_FD22_3,Pt 22,84.106,41.92,1.3000000000000007,1,1,83.84,0.26599999999999113
AC1_A7T,Pt 22_FD22_3,Pt 22,84.106,41.92,1.3000000000000007,0,0,,
AC1_RA5T,Pt 22_FD22_3,Pt 22,84.106,41.92,1.3000000000000007,1,1,83.84,0.26599999999999113
Recovery_A3T,Pt 22_FD22_3,Pt 22,84.106,41.92,1.3000000000000007,1,2,83.39,0.715999999999994
Recovery_A7T,Pt 22_FD22_3,Pt 22,84.106,41.92,1.3000000000000007,0,0,,
Recovery_RA5T,Pt 22_FD22_3,Pt 22,84.106,41.92,1.3000000000000007,1,1,83.74,0.36599999999999966
Reddening_A3T,Pt 22_FD22_3,Pt 22,84.106,41.92,1.3000000000000007,1,2,82.84,1.2659999999999911
Reddening_A7T,Pt 22_FD22_3,Pt 22,84.106,41.92,1.3000000000000007,0,0,,
Reddening_RA5T,Pt 22_FD22_3,Pt 22,84.106,41.92,1.3000000000000007,0,0,,
Variance_A3T,Pt 22_FD22_3,Pt 22,84.106,41.92,1.3000000000000007,0,0,,
Variance_A7T,Pt 22_FD22_3,Pt 22,84.106,41.92,1.3000000000000007,1,1,82.99,1.1159999999999997
Variance_RA5T,Pt 22_FD22_3,Pt 22,84.106,41.92,1.3000000000000007,0,0,,
Persistence,Pt 31_FD31_1,Pt 31,70.446,60.26,1.3400000000000016,0,0,,
Persistence,Pt 31_FD31_1,Pt 31,83.87599999999999,75.84,1.3400000000000016,1,1,83.7,0.17599999999998772
AC1,Pt 31_FD31_1,Pt 31,70.446,60.26,1.3400000000000016,0,0,,
AC1,Pt 31_FD31_1,Pt 31,83.87599999999999,75.84,1.3400000000000016,0,0,,
Variance,Pt 31_FD31_1,Pt 31,70.446,60.26,1.3400000000000016,1,1,70.4,0.04599999999999227
Variance,Pt 31_FD31_1,Pt 31,83.87599999999999,75.84,1.3400000000000016,1,1,83.15,0.7259999999999849
Recovery,Pt 31_FD31_1,Pt 31,70.446,60.26,1.3400000000000016,0,0,,
Recovery,Pt 31_FD31_1,Pt 31,83.87599999999999,75.84,1.3400000000000016,0,0,,
Reddening,Pt 31_FD31_1,Pt 31,70.446,60.26,1.3400000000000016,0,0,,
Reddening,Pt 31_FD31_1,Pt 31,83.87599999999999,75.84,1.3400000000000016,0,0,,
State-history,Pt 31_FD31_1,Pt 31,70.446,60.26,1.3400000000000016,1,2,69.5,0.945999999999998
State-history,Pt 31_FD31_1,Pt 31,83.87599999999999,75.84,1.3400000000000016,1,1,83.0,0.8759999999999906
AC1_A3T,Pt 31_FD31_1,Pt 31,70.446,60.26,1.3400000000000016,1,1,69.95,0.4959999999999951
AC1_A3T,Pt 31_FD31_1,Pt 31,83.87599999999999,75.84,1.3400000000000016,1,1,83.35,0.5259999999999962
AC1_A7T,Pt 31_FD31_1,Pt 31,70.446,60.26,1.3400000000000016,0,0,,
AC1_A7T,Pt 31_FD31_1,Pt 31,83.87599999999999,75.84,1.3400000000000016,0,0,,
AC1_RA5T,Pt 31_FD31_1,Pt 31,70.446,60.26,1.3400000000000016,0,0,,
AC1_RA5T,Pt 31_FD31_1,Pt 31,83.87599999999999,75.84,1.3400000000000016,0,0,,
Recovery_A3T,Pt 31_FD31_1,Pt 31,70.446,60.26,1.3400000000000016,0,0,,
Recovery_A3T,Pt 31_FD31_1,Pt 31,83.87599999999999,75.84,1.3400000000000016,1,1,83.45,0.4259999999999877
Recovery_A7T,Pt 31_FD31_1,Pt 31,70.446,60.26,1.3400000000000016,0,0,,
Recovery_A7T,Pt 31_FD31_1,Pt 31,83.87599999999999,75.84,1.3400000000000016,0,0,,
Recovery_RA5T,Pt 31_FD31_1,Pt 31,70.446,60.26,1.3400000000000016,0,0,,
Recovery_RA5T,Pt 31_FD31_1,Pt 31,83.87599999999999,75.84,1.3400000000000016,0,0,,
Reddening_A3T,Pt 31_FD31_1,Pt 31,70.446,60.26,1.3400000000000016,0,0,,
Reddening_A3T,Pt 31_FD31_1,Pt 31,83.87599999999999,75.84,1.3400000000000016,0,0,,
Reddening_A7T,Pt 31_FD31_1,Pt 31,70.446,60.26,1.3400000000000016,0,0,,
Reddening_A7T,Pt 31_FD31_1,Pt 31,83.87599999999999,75.84,1.3400000000000016,0,0,,
Reddening_RA5T,Pt 31_FD31_1,Pt 31,70.446,60.26,1.3400000000000016,0,0,,
Reddening_RA5T,Pt 31_FD31_1,Pt 31,83.87599999999999,75.84,1.3400000000000016,0,0,,
Variance_A3T,Pt 31_FD31_1,Pt 31,70.446,60.26,1.3400000000000016,1,1,69.65,0.7959999999999923
Variance_A3T,Pt 31_FD31_1,Pt 31,83.87599999999999,75.84,1.3400000000000016,0,0,,
Variance_A7T,Pt 31_FD31_1,Pt 31,70.446,60.26,1.3400000000000016,1,1,69.95,0.4959999999999951
Variance_A7T,Pt 31_FD31_1,Pt 31,83.87599999999999,75.84,1.3400000000000016,1,1,83.15,0.7259999999999849
Variance_RA5T,Pt 31_FD31_1,Pt 31,70.446,60.26,1.3400000000000016,1,1,69.75,0.695999999999998
Variance_RA5T,Pt 31_FD31_1,Pt 31,83.87599999999999,75.84,1.3400000000000016,1,1,83.0,0.8759999999999906
Persistence,Pt 31_FD31_2,Pt 31,71.90599999999999,60.23,1.3200000000000003,0,0,,
Persistence,Pt 31_FD31_2,Pt 31,84.23599999999999,81.29,1.3200000000000003,0,0,,
AC1,Pt 31_FD31_2,Pt 31,71.90599999999999,60.23,1.3200000000000003,0,0,,
AC1,Pt 31_FD31_2,Pt 31,84.23599999999999,81.29,1.3200000000000003,1,1,83.55,0.6859999999999928
Variance,Pt 31_FD31_2,Pt 31,71.90599999999999,60.23,1.3200000000000003,1,1,71.0,0.9059999999999917
Variance,Pt 31_FD31_2,Pt 31,84.23599999999999,81.29,1.3200000000000003,1,1,83.15,1.0859999999999843
Recovery,Pt 31_FD31_2,Pt 31,71.90599999999999,60.23,1.3200000000000003,1,1,71.05,0.8559999999999945
Recovery,Pt 31_FD31_2,Pt 31,84.23599999999999,81.29,1.3200000000000003,1,1,83.6,0.6359999999999957
Reddening,Pt 31_FD31_2,Pt 31,71.90599999999999,60.23,1.3200000000000003,0,0,,
Reddening,Pt 31_FD31_2,Pt 31,84.23599999999999,81.29,1.3200000000000003,1,1,84.0,0.23599999999999
State-history,Pt 31_FD31_2,Pt 31,71.90599999999999,60.23,1.3200000000000003,1,2,70.95,0.9559999999999889
State-history,Pt 31_FD31_2,Pt 31,84.23599999999999,81.29,1.3200000000000003,1,1,83.9,0.3359999999999843
AC1_A3T,Pt 31_FD31_2,Pt 31,71.90599999999999,60.23,1.3200000000000003,1,2,71.25,0.6559999999999917
AC1_A3T,Pt 31_FD31_2,Pt 31,84.23599999999999,81.29,1.3200000000000003,1,2,83.35,0.8859999999999957
AC1_A7T,Pt 31_FD31_2,Pt 31,71.90599999999999,60.23,1.3200000000000003,1,1,71.75,0.1559999999999917
AC1_A7T,Pt 31_FD31_2,Pt 31,84.23599999999999,81.29,1.3200000000000003,1,1,83.45,0.7859999999999872
AC1_RA5T,Pt 31_FD31_2,Pt 31,71.90599999999999,60.23,1.3200000000000003,0,0,,
AC1_RA5T,Pt 31_FD31_2,Pt 31,84.23599999999999,81.29,1.3200000000000003,0,0,,
Recovery_A3T,Pt 31_FD31_2,Pt 31,71.90599999999999,60.23,1.3200000000000003,0,0,,
Recovery_A3T,Pt 31_FD31_2,Pt 31,84.23599999999999,81.29,1.3200000000000003,1,1,83.35,0.8859999999999957
Recovery_A7T,Pt 31_FD31_2,Pt 31,71.90599999999999,60.23,1.3200000000000003,0,0,,
Recovery_A7T,Pt 31_FD31_2,Pt 31,84.23599999999999,81.29,1.3200000000000003,1,1,83.6,0.6359999999999957
Recovery_RA5T,Pt 31_FD31_2,Pt 31,71.90599999999999,60.23,1.3200000000000003,0,0,,
Recovery_RA5T,Pt 31_FD31_2,Pt 31,84.23599999999999,81.29,1.3200000000000003,1,2,83.6,0.6359999999999957
Reddening_A3T,Pt 31_FD31_2,Pt 31,71.90599999999999,60.23,1.3200000000000003,0,0,,
Reddening_A3T,Pt 31_FD31_2,Pt 31,84.23599999999999,81.29,1.3200000000000003,0,0,,
Reddening_A7T,Pt 31_FD31_2,Pt 31,71.90599999999999,60.23,1.3200000000000003,0,0,,
Reddening_A7T,Pt 31_FD31_2,Pt 31,84.23599999999999,81.29,1.3200000000000003,0,0,,
Reddening_RA5T,Pt 31_FD31_2,Pt 31,71.90599999999999,60.23,1.3200000000000003,0,0,,
Reddening_RA5T,Pt 31_FD31_2,Pt 31,84.23599999999999,81.29,1.3200000000000003,0,0,,
Variance_A3T,Pt 31_FD31_2,Pt 31,71.90599999999999,60.23,1.3200000000000003,0,0,,
Variance_A3T,Pt 31_FD31_2,Pt 31,84.23599999999999,81.29,1.3200000000000003,0,0,,
Variance_A7T,Pt 31_FD31_2,Pt 31,71.90599999999999,60.23,1.3200000000000003,0,0,,
Variance_A7T,Pt 31_FD31_2,Pt 31,84.23599999999999,81.29,1.3200000000000003,0,0,,
Variance_RA5T,Pt 31_FD31_2,Pt 31,71.90599999999999,60.23,1.3200000000000003,1,1,71.1,0.8059999999999974
Variance_RA5T,Pt 31_FD31_2,Pt 31,84.23599999999999,81.29,1.3200000000000003,0,0,,
Persistence,Pt 32_FD32_1,Pt 32,68.866,67.51,2.26,0,0,,
Persistence,Pt 32_FD32_1,Pt 32,76.48599999999999,75.13,2.26,0,0,,
Persistence,Pt 32_FD32_1,Pt 32,86.17599999999999,84.82,2.26,0,0,,
AC1,Pt 32_FD32_1,Pt 32,68.866,67.51,2.26,0,0,,
AC1,Pt 32_FD32_1,Pt 32,76.48599999999999,75.13,2.26,0,0,,
AC1,Pt 32_FD32_1,Pt 32,86.17599999999999,84.82,2.26,0,0,,
Variance,Pt 32_FD32_1,Pt 32,68.866,67.51,2.26,0,0,,
Variance,Pt 32_FD32_1,Pt 32,76.48599999999999,75.13,2.26,0,0,,
Variance,Pt 32_FD32_1,Pt 32,86.17599999999999,84.82,2.26,0,0,,
Recovery,Pt 32_FD32_1,Pt 32,68.866,67.51,2.26,0,0,,
Recovery,Pt 32_FD32_1,Pt 32,76.48599999999999,75.13,2.26,0,0,,
Recovery,Pt 32_FD32_1,Pt 32,86.17599999999999,84.82,2.26,0,0,,
Reddening,Pt 32_FD32_1,Pt 32,68.866,67.51,2.26,1,1,68.15,0.715999999999994
Reddening,Pt 32_FD32_1,Pt 32,76.48599999999999,75.13,2.26,1,1,75.65,0.8359999999999843
Reddening,Pt 32_FD32_1,Pt 32,86.17599999999999,84.82,2.26,1,1,85.2,0.9759999999999849
State-history,Pt 32_FD32_1,Pt 32,68.866,67.51,2.26,0,0,,
State-history,Pt 32_FD32_1,Pt 32,76.48599999999999,75.13,2.26,0,0,,
State-history,Pt 32_FD32_1,Pt 32,86.17599999999999,84.82,2.26,1,1,86.05,0.12599999999999056
AC1_A3T,Pt 32_FD32_1,Pt 32,68.866,67.51,2.26,0,0,,
AC1_A3T,Pt 32_FD32_1,Pt 32,76.48599999999999,75.13,2.26,1,1,75.65,0.8359999999999843
AC1_A3T,Pt 32_FD32_1,Pt 32,86.17599999999999,84.82,2.26,1,1,85.65,0.525999999999982
AC1_A7T,Pt 32_FD32_1,Pt 32,68.866,67.51,2.26,0,0,,
AC1_A7T,Pt 32_FD32_1,Pt 32,76.48599999999999,75.13,2.26,0,0,,
AC1_A7T,Pt 32_FD32_1,Pt 32,86.17599999999999,84.82,2.26,0,0,,
AC1_RA5T,Pt 32_FD32_1,Pt 32,68.866,67.51,2.26,1,1,67.85,1.0160000000000053
AC1_RA5T,Pt 32_FD32_1,Pt 32,76.48599999999999,75.13,2.26,0,0,,
AC1_RA5T,Pt 32_FD32_1,Pt 32,86.17599999999999,84.82,2.26,1,2,84.95,1.2259999999999849
Recovery_A3T,Pt 32_FD32_1,Pt 32,68.866,67.51,2.26,0,0,,
Recovery_A3T,Pt 32_FD32_1,Pt 32,76.48599999999999,75.13,2.26,1,1,75.9,0.5859999999999843
Recovery_A3T,Pt 32_FD32_1,Pt 32,86.17599999999999,84.82,2.26,0,0,,
Recovery_A7T,Pt 32_FD32_1,Pt 32,68.866,67.51,2.26,0,0,,
Recovery_A7T,Pt 32_FD32_1,Pt 32,76.48599999999999,75.13,2.26,0,0,,
Recovery_A7T,Pt 32_FD32_1,Pt 32,86.17599999999999,84.82,2.26,0,0,,
Recovery_RA5T,Pt 32_FD32_1,Pt 32,68.866,67.51,2.26,1,1,68.3,0.5660000000000025
Recovery_RA5T,Pt 32_FD32_1,Pt 32,76.48599999999999,75.13,2.26,0,0,,
Recovery_RA5T,Pt 32_FD32_1,Pt 32,86.17599999999999,84.82,2.26,1,1,85.3,0.8759999999999906
Reddening_A3T,Pt 32_FD32_1,Pt 32,68.866,67.51,2.26,1,1,67.65,1.215999999999994
Reddening_A3T,Pt 32_FD32_1,Pt 32,76.48599999999999,75.13,2.26,0,0,,
Reddening_A3T,Pt 32_FD32_1,Pt 32,86.17599999999999,84.82,2.26,0,0,,
Reddening_A7T,Pt 32_FD32_1,Pt 32,68.866,67.51,2.26,1,1,68.35,0.5160000000000053
Reddening_A7T,Pt 32_FD32_1,Pt 32,76.48599999999999,75.13,2.26,1,1,75.35,1.1359999999999957
Reddening_A7T,Pt 32_FD32_1,Pt 32,86.17599999999999,84.82,2.26,0,0,,
Reddening_RA5T,Pt 32_FD32_1,Pt 32,68.866,67.51,2.26,0,0,,
Reddening_RA5T,Pt 32_FD32_1,Pt 32,76.48599999999999,75.13,2.26,0,0,,
Reddening_RA5T,Pt 32_FD32_1,Pt 32,86.17599999999999,84.82,2.26,1,1,85.55,0.6259999999999906
Variance_A3T,Pt 32_FD32_1,Pt 32,68.866,67.51,2.26,0,0,,
Variance_A3T,Pt 32_FD32_1,Pt 32,76.48599999999999,75.13,2.26,0,0,,
Variance_A3T,Pt 32_FD32_1,Pt 32,86.17599999999999,84.82,2.26,0,0,,
Variance_A7T,Pt 32_FD32_1,Pt 32,68.866,67.51,2.26,0,0,,
Variance_A7T,Pt 32_FD32_1,Pt 32,76.48599999999999,75.13,2.26,0,0,,
Variance_A7T,Pt 32_FD32_1,Pt 32,86.17599999999999,84.82,2.26,0,0,,
Variance_RA5T,Pt 32_FD32_1,Pt 32,68.866,67.51,2.26,0,0,,
Variance_RA5T,Pt 32_FD32_1,Pt 32,76.48599999999999,75.13,2.26,0,0,,
Variance_RA5T,Pt 32_FD32_1,Pt 32,86.17599999999999,84.82,2.26,0,0,,
Persistence,Pt 33_FD33_1,Pt 33,71.806,34.46,1.6000000000000014,1,1,71.4,0.4059999999999917
Persistence,Pt 33_FD33_1,Pt 33,85.116,72.26,1.6000000000000014,1,1,84.85,0.26600000000000534
Persistence,Pt 33_FD33_1,Pt 33,91.156,87.86,1.6000000000000014,1,1,89.9,1.2560000000000002
AC1,Pt 33_FD33_1,Pt 33,71.806,34.46,1.6000000000000014,1,1,70.4,1.4059999999999917
AC1,Pt 33_FD33_1,Pt 33,85.116,72.26,1.6000000000000014,0,0,,
AC1,Pt 33_FD33_1,Pt 33,91.156,87.86,1.6000000000000014,0,0,,
Variance,Pt 33_FD33_1,Pt 33,71.806,34.46,1.6000000000000014,0,0,,
Variance,Pt 33_FD33_1,Pt 33,85.116,72.26,1.6000000000000014,1,1,84.85,0.26600000000000534
Variance,Pt 33_FD33_1,Pt 33,91.156,87.86,1.6000000000000014,0,0,,
Recovery,Pt 33_FD33_1,Pt 33,71.806,34.46,1.6000000000000014,0,0,,
Recovery,Pt 33_FD33_1,Pt 33,85.116,72.26,1.6000000000000014,0,0,,
Recovery,Pt 33_FD33_1,Pt 33,91.156,87.86,1.6000000000000014,1,1,91.05,0.10600000000000875
Reddening,Pt 33_FD33_1,Pt 33,71.806,34.46,1.6000000000000014,1,1,70.35,1.456000000000003
Reddening,Pt 33_FD33_1,Pt 33,85.116,72.26,1.6000000000000014,0,0,,
Reddening,Pt 33_FD33_1,Pt 33,91.156,87.86,1.6000000000000014,0,0,,
State-history,Pt 33_FD33_1,Pt 33,71.806,34.46,1.6000000000000014,1,1,70.85,0.9560000000000031
State-history,Pt 33_FD33_1,Pt 33,85.116,72.26,1.6000000000000014,1,2,83.65,1.465999999999994
State-history,Pt 33_FD33_1,Pt 33,91.156,87.86,1.6000000000000014,1,1,89.9,1.2560000000000002
AC1_A3T,Pt 33_FD33_1,Pt 33,71.806,34.46,1.6000000000000014,1,1,71.0,0.8059999999999974
AC1_A3T,Pt 33_FD33_1,Pt 33,85.116,72.26,1.6000000000000014,1,2,83.8,1.3160000000000025
AC1_A3T,Pt 33_FD33_1,Pt 33,91.156,87.86,1.6000000000000014,1,1,91.0,0.1560000000000059
AC1_A7T,Pt 33_FD33_1,Pt 33,71.806,34.46,1.6000000000000014,1,1,70.8,1.0060000000000002
AC1_A7T,Pt 33_FD33_1,Pt 33,85.116,72.26,1.6000000000000014,1,1,83.95,1.1659999999999968
AC1_A7T,Pt 33_FD33_1,Pt 33,91.156,87.86,1.6000000000000014,0,0,,
AC1_RA5T,Pt 33_FD33_1,Pt 33,71.806,34.46,1.6000000000000014,0,0,,
AC1_RA5T,Pt 33_FD33_1,Pt 33,85.116,72.26,1.6000000000000014,1,1,83.9,1.215999999999994
AC1_RA5T,Pt 33_FD33_1,Pt 33,91.156,87.86,1.6000000000000014,0,0,,
Recovery_A3T,Pt 33_FD33_1,Pt 33,71.806,34.46,1.6000000000000014,1,1,71.0,0.8059999999999974
Recovery_A3T,Pt 33_FD33_1,Pt 33,85.116,72.26,1.6000000000000014,1,1,84.55,0.5660000000000025
Recovery_A3T,Pt 33_FD33_1,Pt 33,91.156,87.86,1.6000000000000014,0,0,,
Recovery_A7T,Pt 33_FD33_1,Pt 33,71.806,34.46,1.6000000000000014,0,0,,
Recovery_A7T,Pt 33_FD33_1,Pt 33,85.116,72.26,1.6000000000000014,0,0,,
Recovery_A7T,Pt 33_FD33_1,Pt 33,91.156,87.86,1.6000000000000014,1,1,91.0,0.1560000000000059
Recovery_RA5T,Pt 33_FD33_1,Pt 33,71.806,34.46,1.6000000000000014,1,1,71.45,0.35599999999999454
Recovery_RA5T,Pt 33_FD33_1,Pt 33,85.116,72.26,1.6000000000000014,0,0,,
Recovery_RA5T,Pt 33_FD33_1,Pt 33,91.156,87.86,1.6000000000000014,1,2,90.0,1.156000000000006
Reddening_A3T,Pt 33_FD33_1,Pt 33,71.806,34.46,1.6000000000000014,1,1,71.2,0.6059999999999945
Reddening_A3T,Pt 33_FD33_1,Pt 33,85.116,72.26,1.6000000000000014,1,1,83.75,1.3659999999999997
Reddening_A3T,Pt 33_FD33_1,Pt 33,91.156,87.86,1.6000000000000014,0,0,,
Reddening_A7T,Pt 33_FD33_1,Pt 33,71.806,34.46,1.6000000000000014,0,0,,
Reddening_A7T,Pt 33_FD33_1,Pt 33,85.116,72.26,1.6000000000000014,0,0,,
Reddening_A7T,Pt 33_FD33_1,Pt 33,91.156,87.86,1.6000000000000014,0,0,,
Reddening_RA5T,Pt 33_FD33_1,Pt 33,71.806,34.46,1.6000000000000014,0,0,,
Reddening_RA5T,Pt 33_FD33_1,Pt 33,85.116,72.26,1.6000000000000014,0,0,,
Reddening_RA5T,Pt 33_FD33_1,Pt 33,91.156,87.86,1.6000000000000014,0,0,,
Variance_A3T,Pt 33_FD33_1,Pt 33,71.806,34.46,1.6000000000000014,0,0,,
Variance_A3T,Pt 33_FD33_1,Pt 33,85.116,72.26,1.6000000000000014,0,0,,
Variance_A3T,Pt 33_FD33_1,Pt 33,91.156,87.86,1.6000000000000014,0,0,,
Variance_A7T,Pt 33_FD33_1,Pt 33,71.806,34.46,1.6000000000000014,0,0,,
Variance_A7T,Pt 33_FD33_1,Pt 33,85.116,72.26,1.6000000000000014,0,0,,
Variance_A7T,Pt 33_FD33_1,Pt 33,91.156,87.86,1.6000000000000014,0,0,,
Variance_RA5T,Pt 33_FD33_1,Pt 33,71.806,34.46,1.6000000000000014,0,0,,
Variance_RA5T,Pt 33_FD33_1,Pt 33,85.116,72.26,1.6000000000000014,1,1,84.25,0.8659999999999997
Variance_RA5T,Pt 33_FD33_1,Pt 33,91.156,87.86,1.6000000000000014,0,0,,
Persistence,Pt 33_FD33_2,Pt 33,66.42599999999999,64.24,1.9200000000000017,0,0,,
Persistence,Pt 33_FD33_2,Pt 33,75.946,67.49,1.9200000000000017,0,0,,
Persistence,Pt 33_FD33_2,Pt 33,80.636,77.84,1.9200000000000017,0,0,,
Persistence,Pt 33_FD33_2,Pt 33,86.56599999999999,81.06,1.9200000000000017,1,1,86.55,0.015999999999991132
Persistence,Pt 33_FD33_2,Pt 33,90.766,89.41,1.9200000000000017,0,0,,
AC1,Pt 33_FD33_2,Pt 33,66.42599999999999,64.24,1.9200000000000017,0,0,,
AC1,Pt 33_FD33_2,Pt 33,75.946,67.49,1.9200000000000017,0,0,,
AC1,Pt 33_FD33_2,Pt 33,80.636,77.84,1.9200000000000017,0,0,,
AC1,Pt 33_FD33_2,Pt 33,86.56599999999999,81.06,1.9200000000000017,0,0,,
AC1,Pt 33_FD33_2,Pt 33,90.766,89.41,1.9200000000000017,0,0,,
Variance,Pt 33_FD33_2,Pt 33,66.42599999999999,64.24,1.9200000000000017,1,1,66.1,0.3259999999999934
Variance,Pt 33_FD33_2,Pt 33,75.946,67.49,1.9200000000000017,1,1,74.05,1.8960000000000008
Variance,Pt 33_FD33_2,Pt 33,80.636,77.84,1.9200000000000017,0,0,,
Variance,Pt 33_FD33_2,Pt 33,86.56599999999999,81.06,1.9200000000000017,0,0,,
Variance,Pt 33_FD33_2,Pt 33,90.766,89.41,1.9200000000000017,0,0,,
Recovery,Pt 33_FD33_2,Pt 33,66.42599999999999,64.24,1.9200000000000017,1,1,66.1,0.3259999999999934
Recovery,Pt 33_FD33_2,Pt 33,75.946,67.49,1.9200000000000017,1,2,74.2,1.7459999999999951
Recovery,Pt 33_FD33_2,Pt 33,80.636,77.84,1.9200000000000017,1,2,79.55,1.0859999999999985
Recovery,Pt 33_FD33_2,Pt 33,86.56599999999999,81.06,1.9200000000000017,0,0,,
Recovery,Pt 33_FD33_2,Pt 33,90.766,89.41,1.9200000000000017,1,1,90.25,0.5160000000000053
Reddening,Pt 33_FD33_2,Pt 33,66.42599999999999,64.24,1.9200000000000017,1,1,66.1,0.3259999999999934
Reddening,Pt 33_FD33_2,Pt 33,75.946,67.49,1.9200000000000017,0,0,,
Reddening,Pt 33_FD33_2,Pt 33,80.636,77.84,1.9200000000000017,0,0,,
Reddening,Pt 33_FD33_2,Pt 33,86.56599999999999,81.06,1.9200000000000017,0,0,,
Reddening,Pt 33_FD33_2,Pt 33,90.766,89.41,1.9200000000000017,0,0,,
State-history,Pt 33_FD33_2,Pt 33,66.42599999999999,64.24,1.9200000000000017,0,0,,
State-history,Pt 33_FD33_2,Pt 33,75.946,67.49,1.9200000000000017,1,1,75.65,0.29599999999999227
State-history,Pt 33_FD33_2,Pt 33,80.636,77.84,1.9200000000000017,1,1,80.35,0.28600000000000136
State-history,Pt 33_FD33_2,Pt 33,86.56599999999999,81.06,1.9200000000000017,1,1,86.3,0.26599999999999113
State-history,Pt 33_FD33_2,Pt 33,90.766,89.41,1.9200000000000017,0,0,,
AC1_A3T,Pt 33_FD33_2,Pt 33,66.42599999999999,64.24,1.9200000000000017,1,1,66.25,0.17599999999998772
AC1_A3T,Pt 33_FD33_2,Pt 33,75.946,67.49,1.9200000000000017,1,2,74.75,1.195999999999998
AC1_A3T,Pt 33_FD33_2,Pt 33,80.636,77.84,1.9200000000000017,1,1,80.55,0.08599999999999852
AC1_A3T,Pt 33_FD33_2,Pt 33,86.56599999999999,81.06,1.9200000000000017,1,2,85.75,0.8159999999999883
AC1_A3T,Pt 33_FD33_2,Pt 33,90.766,89.41,1.9200000000000017,1,2,89.75,1.0160000000000053
AC1_A7T,Pt 33_FD33_2,Pt 33,66.42599999999999,64.24,1.9200000000000017,1,1,66.1,0.3259999999999934
AC1_A7T,Pt 33_FD33_2,Pt 33,75.946,67.49,1.9200000000000017,1,1,74.65,1.2959999999999923
AC1_A7T,Pt 33_FD33_2,Pt 33,80.636,77.84,1.9200000000000017,0,0,,
AC1_A7T,Pt 33_FD33_2,Pt 33,86.56599999999999,81.06,1.9200000000000017,0,0,,
AC1_A7T,Pt 33_FD33_2,Pt 33,90.766,89.41,1.9200000000000017,0,0,,
AC1_RA5T,Pt 33_FD33_2,Pt 33,66.42599999999999,64.24,1.9200000000000017,1,1,66.1,0.3259999999999934
AC1_RA5T,Pt 33_FD33_2,Pt 33,75.946,67.49,1.9200000000000017,1,1,75.1,0.8460000000000036
AC1_RA5T,Pt 33_FD33_2,Pt 33,80.636,77.84,1.9200000000000017,1,2,79.15,1.48599999999999
AC1_RA5T,Pt 33_FD33_2,Pt 33,86.56599999999999,81.06,1.9200000000000017,1,1,85.15,1.4159999999999826
AC1_RA5T,Pt 33_FD33_2,Pt 33,90.766,89.41,1.9200000000000017,0,0,,
Recovery_A3T,Pt 33_FD33_2,Pt 33,66.42599999999999,64.24,1.9200000000000017,0,0,,
Recovery_A3T,Pt 33_FD33_2,Pt 33,75.946,67.49,1.9200000000000017,1,2,74.2,1.7459999999999951
Recovery_A3T,Pt 33_FD33_2,Pt 33,80.636,77.84,1.9200000000000017,1,1,80.5,0.13599999999999568
Recovery_A3T,Pt 33_FD33_2,Pt 33,86.56599999999999,81.06,1.9200000000000017,1,1,86.55,0.015999999999991132
Recovery_A3T,Pt 33_FD33_2,Pt 33,90.766,89.41,1.9200000000000017,1,1,90.25,0.5160000000000053
Recovery_A7T,Pt 33_FD33_2,Pt 33,66.42599999999999,64.24,1.9200000000000017,1,1,66.1,0.3259999999999934
Recovery_A7T,Pt 33_FD33_2,Pt 33,75.946,67.49,1.9200000000000017,1,2,74.65,1.2959999999999923
Recovery_A7T,Pt 33_FD33_2,Pt 33,80.636,77.84,1.9200000000000017,1,1,79.6,1.0360000000000014
Recovery_A7T,Pt 33_FD33_2,Pt 33,86.56599999999999,81.06,1.9200000000000017,1,1,86.35,0.21599999999999397
Recovery_A7T,Pt 33_FD33_2,Pt 33,90.766,89.41,1.9200000000000017,0,0,,
Recovery_RA5T,Pt 33_FD33_2,Pt 33,66.42599999999999,64.24,1.9200000000000017,1,1,66.1,0.3259999999999934
Recovery_RA5T,Pt 33_FD33_2,Pt 33,75.946,67.49,1.9200000000000017,1,2,74.45,1.4959999999999951
Recovery_RA5T,Pt 33_FD33_2,Pt 33,80.636,77.84,1.9200000000000017,1,2,79.55,1.0859999999999985
Recovery_RA5T,Pt 33_FD33_2,Pt 33,86.56599999999999,81.06,1.9200000000000017,0,0,,
Recovery_RA5T,Pt 33_FD33_2,Pt 33,90.766,89.41,1.9200000000000017,1,1,90.15,0.6159999999999997
Reddening_A3T,Pt 33_FD33_2,Pt 33,66.42599999999999,64.24,1.9200000000000017,1,1,66.1,0.3259999999999934
Reddening_A3T,Pt 33_FD33_2,Pt 33,75.946,67.49,1.9200000000000017,0,0,,
Reddening_A3T,Pt 33_FD33_2,Pt 33,80.636,77.84,1.9200000000000017,1,1,80.3,0.3359999999999985
Reddening_A3T,Pt 33_FD33_2,Pt 33,86.56599999999999,81.06,1.9200000000000017,1,1,86.05,0.5159999999999911
Reddening_A3T,Pt 33_FD33_2,Pt 33,90.766,89.41,1.9200000000000017,1,1,89.95,0.8160000000000025
Reddening_A7T,Pt 33_FD33_2,Pt 33,66.42599999999999,64.24,1.9200000000000017,0,0,,
Reddening_A7T,Pt 33_FD33_2,Pt 33,75.946,67.49,1.9200000000000017,0,0,,
Reddening_A7T,Pt 33_FD33_2,Pt 33,80.636,77.84,1.9200000000000017,0,0,,
Reddening_A7T,Pt 33_FD33_2,Pt 33,86.56599999999999,81.06,1.9200000000000017,0,0,,
Reddening_A7T,Pt 33_FD33_2,Pt 33,90.766,89.41,1.9200000000000017,0,0,,
Reddening_RA5T,Pt 33_FD33_2,Pt 33,66.42599999999999,64.24,1.9200000000000017,1,1,66.1,0.3259999999999934
Reddening_RA5T,Pt 33_FD33_2,Pt 33,75.946,67.49,1.9200000000000017,0,0,,
Reddening_RA5T,Pt 33_FD33_2,Pt 33,80.636,77.84,1.9200000000000017,0,0,,
Reddening_RA5T,Pt 33_FD33_2,Pt 33,86.56599999999999,81.06,1.9200000000000017,0,0,,
Reddening_RA5T,Pt 33_FD33_2,Pt 33,90.766,89.41,1.9200000000000017,0,0,,
Variance_A3T,Pt 33_FD33_2,Pt 33,66.42599999999999,64.24,1.9200000000000017,1,1,66.1,0.3259999999999934
Variance_A3T,Pt 33_FD33_2,Pt 33,75.946,67.49,1.9200000000000017,0,0,,
Variance_A3T,Pt 33_FD33_2,Pt 33,80.636,77.84,1.9200000000000017,0,0,,
Variance_A3T,Pt 33_FD33_2,Pt 33,86.56599999999999,81.06,1.9200000000000017,0,0,,
Variance_A3T,Pt 33_FD33_2,Pt 33,90.766,89.41,1.9200000000000017,1,1,89.5,1.2660000000000053
Variance_A7T,Pt 33_FD33_2,Pt 33,66.42599999999999,64.24,1.9200000000000017,1,1,66.1,0.3259999999999934
Variance_A7T,Pt 33_FD33_2,Pt 33,75.946,67.49,1.9200000000000017,0,0,,
Variance_A7T,Pt 33_FD33_2,Pt 33,80.636,77.84,1.9200000000000017,0,0,,
Variance_A7T,Pt 33_FD33_2,Pt 33,86.56599999999999,81.06,1.9200000000000017,0,0,,
Variance_A7T,Pt 33_FD33_2,Pt 33,90.766,89.41,1.9200000000000017,0,0,,
Variance_RA5T,Pt 33_FD33_2,Pt 33,66.42599999999999,64.24,1.9200000000000017,1,1,66.1,0.3259999999999934
Variance_RA5T,Pt 33_FD33_2,Pt 33,75.946,67.49,1.9200000000000017,0,0,,
Variance_RA5T,Pt 33_FD33_2,Pt 33,80.636,77.84,1.9200000000000017,0,0,,
Variance_RA5T,Pt 33_FD33_2,Pt 33,86.56599999999999,81.06,1.9200000000000017,0,0,,
Variance_RA5T,Pt 33_FD33_2,Pt 33,90.766,89.41,1.9200000000000017,0,0,,
Persistence,Pt 33_FD33_4,Pt 33,90.706,10.0,1.9599999999999935,0,0,,
AC1,Pt 33_FD33_4,Pt 33,90.706,10.0,1.9599999999999935,1,1,90.65,0.055999999999997385
Variance,Pt 33_FD33_4,Pt 33,90.706,10.0,1.9599999999999935,0,0,,
Recovery,Pt 33_FD33_4,Pt 33,90.706,10.0,1.9599999999999935,1,2,88.75,1.956000000000003
Reddening,Pt 33_FD33_4,Pt 33,90.706,10.0,1.9599999999999935,1,1,90.3,0.4060000000000059
State-history,Pt 33_FD33_4,Pt 33,90.706,10.0,1.9599999999999935,0,0,,
AC1_A3T,Pt 33_FD33_4,Pt 33,90.706,10.0,1.9599999999999935,0,0,,
AC1_A7T,Pt 33_FD33_4,Pt 33,90.706,10.0,1.9599999999999935,0,0,,
AC1_RA5T,Pt 33_FD33_4,Pt 33,90.706,10.0,1.9599999999999935,1,1,90.65,0.055999999999997385
Recovery_A3T,Pt 33_FD33_4,Pt 33,90.706,10.0,1.9599999999999935,1,1,90.0,0.7060000000000031
Recovery_A7T,Pt 33_FD33_4,Pt 33,90.706,10.0,1.9599999999999935,1,1,90.2,0.5060000000000002
Recovery_RA5T,Pt 33_FD33_4,Pt 33,90.706,10.0,1.9599999999999935,1,1,90.05,0.6560000000000059
Reddening_A3T,Pt 33_FD33_4,Pt 33,90.706,10.0,1.9599999999999935,0,0,,
Reddening_A7T,Pt 33_FD33_4,Pt 33,90.706,10.0,1.9599999999999935,0,0,,
Reddening_RA5T,Pt 33_FD33_4,Pt 33,90.706,10.0,1.9599999999999935,1,1,90.55,0.1560000000000059
Variance_A3T,Pt 33_FD33_4,Pt 33,90.706,10.0,1.9599999999999935,0,0,,
Variance_A7T,Pt 33_FD33_4,Pt 33,90.706,10.0,1.9599999999999935,0,0,,
Variance_RA5T,Pt 33_FD33_4,Pt 33,90.706,10.0,1.9599999999999935,0,0,,
Persistence,Pt 33_FD33_5,Pt 33,74.62599999999999,6.63,1.5799999999999983,1,1,73.1,1.5259999999999962
Persistence,Pt 33_FD33_5,Pt 33,81.95599999999999,75.46,1.5799999999999983,1,1,81.9,0.055999999999983174
Persistence,Pt 33_FD33_5,Pt 33,86.466,82.76,1.5799999999999983,1,1,86.45,0.015999999999991132
Persistence,Pt 33_FD33_5,Pt 33,91.916,90.56,1.5799999999999983,1,1,90.85,1.0660000000000025
AC1,Pt 33_FD33_5,Pt 33,74.62599999999999,6.63,1.5799999999999983,0,0,,
AC1,Pt 33_FD33_5,Pt 33,81.95599999999999,75.46,1.5799999999999983,0,0,,
AC1,Pt 33_FD33_5,Pt 33,86.466,82.76,1.5799999999999983,0,0,,
AC1,Pt 33_FD33_5,Pt 33,91.916,90.56,1.5799999999999983,1,1,91.45,0.465999999999994
Variance,Pt 33_FD33_5,Pt 33,74.62599999999999,6.63,1.5799999999999983,0,0,,
Variance,Pt 33_FD33_5,Pt 33,81.95599999999999,75.46,1.5799999999999983,1,1,81.75,0.20599999999998886
Variance,Pt 33_FD33_5,Pt 33,86.466,82.76,1.5799999999999983,1,1,86.35,0.11599999999999966
Variance,Pt 33_FD33_5,Pt 33,91.916,90.56,1.5799999999999983,0,0,,
Recovery,Pt 33_FD33_5,Pt 33,74.62599999999999,6.63,1.5799999999999983,0,0,,
Recovery,Pt 33_FD33_5,Pt 33,81.95599999999999,75.46,1.5799999999999983,0,0,,
Recovery,Pt 33_FD33_5,Pt 33,86.466,82.76,1.5799999999999983,0,0,,
Recovery,Pt 33_FD33_5,Pt 33,91.916,90.56,1.5799999999999983,1,1,91.1,0.8160000000000025
Reddening,Pt 33_FD33_5,Pt 33,74.62599999999999,6.63,1.5799999999999983,1,1,74.0,0.6259999999999906
Reddening,Pt 33_FD33_5,Pt 33,81.95599999999999,75.46,1.5799999999999983,0,0,,
Reddening,Pt 33_FD33_5,Pt 33,86.466,82.76,1.5799999999999983,0,0,,
Reddening,Pt 33_FD33_5,Pt 33,91.916,90.56,1.5799999999999983,0,0,,
State-history,Pt 33_FD33_5,Pt 33,74.62599999999999,6.63,1.5799999999999983,1,1,73.05,1.5759999999999934
State-history,Pt 33_FD33_5,Pt 33,81.95599999999999,75.46,1.5799999999999983,1,1,81.75,0.20599999999998886
State-history,Pt 33_FD33_5,Pt 33,86.466,82.76,1.5799999999999983,1,1,86.25,0.21599999999999397
State-history,Pt 33_FD33_5,Pt 33,91.916,90.56,1.5799999999999983,1,1,90.9,1.0159999999999911
AC1_A3T,Pt 33_FD33_5,Pt 33,74.62599999999999,6.63,1.5799999999999983,0,0,,
AC1_A3T,Pt 33_FD33_5,Pt 33,81.95599999999999,75.46,1.5799999999999983,0,0,,
AC1_A3T,Pt 33_FD33_5,Pt 33,86.466,82.76,1.5799999999999983,0,0,,
AC1_A3T,Pt 33_FD33_5,Pt 33,91.916,90.56,1.5799999999999983,1,2,90.75,1.1659999999999968
AC1_A7T,Pt 33_FD33_5,Pt 33,74.62599999999999,6.63,1.5799999999999983,0,0,,
AC1_A7T,Pt 33_FD33_5,Pt 33,81.95599999999999,75.46,1.5799999999999983,0,0,,
AC1_A7T,Pt 33_FD33_5,Pt 33,86.466,82.76,1.5799999999999983,1,1,85.15,1.3159999999999883
AC1_A7T,Pt 33_FD33_5,Pt 33,91.916,90.56,1.5799999999999983,0,0,,
AC1_RA5T,Pt 33_FD33_5,Pt 33,74.62599999999999,6.63,1.5799999999999983,1,1,73.4,1.2259999999999849
AC1_RA5T,Pt 33_FD33_5,Pt 33,81.95599999999999,75.46,1.5799999999999983,0,0,,
AC1_RA5T,Pt 33_FD33_5,Pt 33,86.466,82.76,1.5799999999999983,0,0,,
AC1_RA5T,Pt 33_FD33_5,Pt 33,91.916,90.56,1.5799999999999983,1,1,91.5,0.4159999999999968
Recovery_A3T,Pt 33_FD33_5,Pt 33,74.62599999999999,6.63,1.5799999999999983,1,1,74.05,0.5759999999999934
Recovery_A3T,Pt 33_FD33_5,Pt 33,81.95599999999999,75.46,1.5799999999999983,1,1,80.85,1.1059999999999945
Recovery_A3T,Pt 33_FD33_5,Pt 33,86.466,82.76,1.5799999999999983,0,0,,
Recovery_A3T,Pt 33_FD33_5,Pt 33,91.916,90.56,1.5799999999999983,1,1,91.3,0.6159999999999997
Recovery_A7T,Pt 33_FD33_5,Pt 33,74.62599999999999,6.63,1.5799999999999983,0,0,,
Recovery_A7T,Pt 33_FD33_5,Pt 33,81.95599999999999,75.46,1.5799999999999983,1,1,81.95,0.0059999999999860165
Recovery_A7T,Pt 33_FD33_5,Pt 33,86.466,82.76,1.5799999999999983,0,0,,
Recovery_A7T,Pt 33_FD33_5,Pt 33,91.916,90.56,1.5799999999999983,0,0,,
Recovery_RA5T,Pt 33_FD33_5,Pt 33,74.62599999999999,6.63,1.5799999999999983,0,0,,
Recovery_RA5T,Pt 33_FD33_5,Pt 33,81.95599999999999,75.46,1.5799999999999983,0,0,,
Recovery_RA5T,Pt 33_FD33_5,Pt 33,86.466,82.76,1.5799999999999983,0,0,,
Recovery_RA5T,Pt 33_FD33_5,Pt 33,91.916,90.56,1.5799999999999983,1,1,91.3,0.6159999999999997
Reddening_A3T,Pt 33_FD33_5,Pt 33,74.62599999999999,6.63,1.5799999999999983,0,0,,
Reddening_A3T,Pt 33_FD33_5,Pt 33,81.95599999999999,75.46,1.5799999999999983,1,1,81.05,0.9059999999999917
Reddening_A3T,Pt 33_FD33_5,Pt 33,86.466,82.76,1.5799999999999983,1,1,86.15,0.3159999999999883
Reddening_A3T,Pt 33_FD33_5,Pt 33,91.916,90.56,1.5799999999999983,0,0,,
Reddening_A7T,Pt 33_FD33_5,Pt 33,74.62599999999999,6.63,1.5799999999999983,0,0,,
Reddening_A7T,Pt 33_FD33_5,Pt 33,81.95599999999999,75.46,1.5799999999999983,0,0,,
Reddening_A7T,Pt 33_FD33_5,Pt 33,86.466,82.76,1.5799999999999983,0,0,,
Reddening_A7T,Pt 33_FD33_5,Pt 33,91.916,90.56,1.5799999999999983,0,0,,
Reddening_RA5T,Pt 33_FD33_5,Pt 33,74.62599999999999,6.63,1.5799999999999983,1,1,74.2,0.4259999999999877
Reddening_RA5T,Pt 33_FD33_5,Pt 33,81.95599999999999,75.46,1.5799999999999983,0,0,,
Reddening_RA5T,Pt 33_FD33_5,Pt 33,86.466,82.76,1.5799999999999983,0,0,,
Reddening_RA5T,Pt 33_FD33_5,Pt 33,91.916,90.56,1.5799999999999983,0,0,,
Variance_A3T,Pt 33_FD33_5,Pt 33,74.62599999999999,6.63,1.5799999999999983,0,0,,
Variance_A3T,Pt 33_FD33_5,Pt 33,81.95599999999999,75.46,1.5799999999999983,1,1,81.1,0.8559999999999945
Variance_A3T,Pt 33_FD33_5,Pt 33,86.466,82.76,1.5799999999999983,1,1,86.15,0.3159999999999883
Variance_A3T,Pt 33_FD33_5,Pt 33,91.916,90.56,1.5799999999999983,0,0,,
Variance_A7T,Pt 33_FD33_5,Pt 33,74.62599999999999,6.63,1.5799999999999983,0,0,,
Variance_A7T,Pt 33_FD33_5,Pt 33,81.95599999999999,75.46,1.5799999999999983,0,0,,
Variance_A7T,Pt 33_FD33_5,Pt 33,86.466,82.76,1.5799999999999983,0,0,,
Variance_A7T,Pt 33_FD33_5,Pt 33,91.916,90.56,1.5799999999999983,0,0,,
Variance_RA5T,Pt 33_FD33_5,Pt 33,74.62599999999999,6.63,1.5799999999999983,0,0,,
Variance_RA5T,Pt 33_FD33_5,Pt 33,81.95599999999999,75.46,1.5799999999999983,0,0,,
Variance_RA5T,Pt 33_FD33_5,Pt 33,86.466,82.76,1.5799999999999983,1,1,86.15,0.3159999999999883
Variance_RA5T,Pt 33_FD33_5,Pt 33,91.916,90.56,1.5799999999999983,0,0,,
Persistence,Pt 33_FD33_6,Pt 33,83.62599999999999,63.44,1.9200000000000017,1,1,83.35,0.27599999999999625
Persistence,Pt 33_FD33_6,Pt 33,90.836,84.11,1.9200000000000017,1,1,90.55,0.28600000000000136
AC1,Pt 33_FD33_6,Pt 33,83.62599999999999,63.44,1.9200000000000017,0,0,,
AC1,Pt 33_FD33_6,Pt 33,90.836,84.11,1.9200000000000017,1,1,90.05,0.7860000000000014
Variance,Pt 33_FD33_6,Pt 33,83.62599999999999,63.44,1.9200000000000017,0,0,,
Variance,Pt 33_FD33_6,Pt 33,90.836,84.11,1.9200000000000017,0,0,,
Recovery,Pt 33_FD33_6,Pt 33,83.62599999999999,63.44,1.9200000000000017,1,1,83.05,0.5759999999999934
Recovery,Pt 33_FD33_6,Pt 33,90.836,84.11,1.9200000000000017,1,2,89.85,0.9860000000000042
Reddening,Pt 33_FD33_6,Pt 33,83.62599999999999,63.44,1.9200000000000017,1,1,83.4,0.22599999999998488
Reddening,Pt 33_FD33_6,Pt 33,90.836,84.11,1.9200000000000017,1,1,89.9,0.9359999999999928
State-history,Pt 33_FD33_6,Pt 33,83.62599999999999,63.44,1.9200000000000017,1,2,82.9,0.7259999999999849
State-history,Pt 33_FD33_6,Pt 33,90.836,84.11,1.9200000000000017,1,2,89.25,1.5859999999999985
AC1_A3T,Pt 33_FD33_6,Pt 33,83.62599999999999,63.44,1.9200000000000017,1,2,82.2,1.4259999999999877
AC1_A3T,Pt 33_FD33_6,Pt 33,90.836,84.11,1.9200000000000017,1,1,89.7,1.1359999999999957
AC1_A7T,Pt 33_FD33_6,Pt 33,83.62599999999999,63.44,1.9200000000000017,0,0,,
AC1_A7T,Pt 33_FD33_6,Pt 33,90.836,84.11,1.9200000000000017,1,1,89.8,1.0360000000000014
AC1_RA5T,Pt 33_FD33_6,Pt 33,83.62599999999999,63.44,1.9200000000000017,1,2,83.05,0.5759999999999934
AC1_RA5T,Pt 33_FD33_6,Pt 33,90.836,84.11,1.9200000000000017,0,0,,
Recovery_A3T,Pt 33_FD33_6,Pt 33,83.62599999999999,63.44,1.9200000000000017,1,2,82.1,1.5259999999999962
Recovery_A3T,Pt 33_FD33_6,Pt 33,90.836,84.11,1.9200000000000017,1,2,89.3,1.5360000000000014
Recovery_A7T,Pt 33_FD33_6,Pt 33,83.62599999999999,63.44,1.9200000000000017,0,0,,
Recovery_A7T,Pt 33_FD33_6,Pt 33,90.836,84.11,1.9200000000000017,1,2,89.15,1.6859999999999928
Recovery_RA5T,Pt 33_FD33_6,Pt 33,83.62599999999999,63.44,1.9200000000000017,1,2,83.05,0.5759999999999934
Recovery_RA5T,Pt 33_FD33_6,Pt 33,90.836,84.11,1.9200000000000017,1,1,89.6,1.2360000000000042
Reddening_A3T,Pt 33_FD33_6,Pt 33,83.62599999999999,63.44,1.9200000000000017,1,1,82.55,1.0759999999999934
Reddening_A3T,Pt 33_FD33_6,Pt 33,90.836,84.11,1.9200000000000017,1,1,89.45,1.3859999999999957
Reddening_A7T,Pt 33_FD33_6,Pt 33,83.62599999999999,63.44,1.9200000000000017,0,0,,
Reddening_A7T,Pt 33_FD33_6,Pt 33,90.836,84.11,1.9200000000000017,1,2,89.1,1.7360000000000042
Reddening_RA5T,Pt 33_FD33_6,Pt 33,83.62599999999999,63.44,1.9200000000000017,1,1,83.3,0.3259999999999934
Reddening_RA5T,Pt 33_FD33_6,Pt 33,90.836,84.11,1.9200000000000017,0,0,,
Variance_A3T,Pt 33_FD33_6,Pt 33,83.62599999999999,63.44,1.9200000000000017,0,0,,
Variance_A3T,Pt 33_FD33_6,Pt 33,90.836,84.11,1.9200000000000017,0,0,,
Variance_A7T,Pt 33_FD33_6,Pt 33,83.62599999999999,63.44,1.9200000000000017,0,0,,
Variance_A7T,Pt 33_FD33_6,Pt 33,90.836,84.11,1.9200000000000017,0,0,,
Variance_RA5T,Pt 33_FD33_6,Pt 33,83.62599999999999,63.44,1.9200000000000017,0,0,,
Variance_RA5T,Pt 33_FD33_6,Pt 33,90.836,84.11,1.9200000000000017,0,0,,
