time_s,RA,RE,algorithmic_event
0.0,0.0,0.0,0
0.01,0.007308387866584646,0.11791401705947172,0
0.02,0.014948221894919156,0.1907944239919424,0
0.03,0.02260411034671341,0.2379255701849002,0
0.04,0.030497604265712106,0.27611511410709855,0
0.05,0.038330712837117004,0.30188711567987964,0
0.06,0.0458594236210434,0.3192076873453581,0
0.07,0.053186233383671726,0.33290627020269214,0
0.08,0.060618740932703315,0.3478417135666694,0
0.09,0.06863110663658793,0.3749578993815951,0
0.1,0.08589530858673429,0.46614996775992856,0
0.11,0.10619535022465836,0.5731916747391671,0
0.12,0.13031675895370734,0.7085294102246265,0
0.13,0.15864484093691544,0.8698390915478916,0
0.14,0.19101553032421648,1.0527885267844586,0
0.15,0.22749221619404517,1.2618958226194537,0
0.16,0.26843286040109127,1.4950105225807848,0
0.17,0.3142122042619833,1.748221635705118,0
0.18,0.3650614314745418,2.0,0
0.19,0.4209103168832459,2.0,0
0.2,0.48109265370297866,2.0,0
0.21,0.543629708348093,2.0,0
0.22,0.607616632797012,2.0,0
0.23,0.6722268831838717,2.0,0
0.24,0.7368315404167521,2.0,0
0.25,0.8008514023279948,2.0,0
0.26,0.8635307716688106,2.0,0
0.27,0.9238591519535645,2.0,0
0.28,0.9807489854640142,2.0,0
0.29,1.0333451411028456,2.0,0
0.3,1.08103610070163,2.0,0
0.31,1.124332084195611,2.0,0
0.32,1.163069025734723,2.0,0
0.33,1.1975352834796877,2.0,0
0.34,1.228221812057597,2.0,0
0.35,1.2555909788640927,2.0,0
0.36,1.280162325757717,2.0,0
0.37,1.302618838985526,2.0,0
0.38,1.3236540696409818,2.0,0
0.39,1.3436185220401342,2.0,0
0.4,1.3623928755647532,2.0,0
0.41,1.380105151294815,2.0,0
0.42,1.3965564815332698,2.0,0
0.43,1.4117220078179862,2.0,0
0.44,1.425702406920596,2.0,0
0.45,1.4384423687628567,2.0,0
0.46,1.4494919551801926,2.0,0
0.47,1.45862681855187,2.0,0
0.48,1.465793513184307,2.0,0
0.49,1.4710610213099167,2.0,0
0.5,1.4747027860121436,2.0,0
0.51,1.4767486374455445,2.0,0
0.52,1.4775813959269413,2.0,0
0.53,1.4774055223073623,2.0,0
0.54,1.4763067782811616,2.0,0
0.55,1.47450143246888,2.0,0
0.56,1.4725065408828484,2.0,0
0.57,1.4705085419890498,2.0,0
0.58,1.4685074357874848,2.0,0
0.59,1.4665032222781538,2.0,0
0.6,1.4644959014610563,2.0,0
0.61,1.4624860947977456,2.0,0
0.62,1.4604738022882215,2.0,0
0.63,1.4584590239324846,2.0,0
0.64,1.4564417597305344,2.0,0
0.65,1.4544220096823712,2.0,0
0.66,1.4523997737879946,2.0,0
0.67,1.4503750520474052,2.0,0
0.68,1.4483478444606026,2.0,0
0.69,1.4463181510275869,2.0,0
0.7,1.4442859717483578,2.0,0
0.71,1.4421643020054562,2.0,0
0.72,1.4399531417988827,2.0,0
0.73,1.4376524911286361,2.0,0
0.74,1.4353070952265539,2.0,0
0.75,1.4342785763558739,2.0,0
0.76,1.4341791425073491,2.0,0
0.77,1.4352965303801482,2.0,0
0.78,1.4374107425844098,2.0,0
0.79,1.4402943241916337,2.0,0
0.8,1.4433811237267804,2.0,0
0.81,1.4467606316535229,2.0,0
0.82,1.4504328479718602,2.0,0
0.83,1.4543977726817932,2.0,0
0.84,1.458610660551485,2.0,0
0.85,1.4632884016630308,2.0,0
0.86,1.468775285716949,2.0,0
0.87,1.4732485659774657,2.0,0
0.88,1.4769282398344425,2.0,0
0.89,1.4800417622163806,2.0,0
0.9,1.4831552845983182,2.0,0
0.91,1.486268806980256,2.0,0
0.92,1.489382329362194,2.0,0
0.93,1.4924958517441316,2.0,0
0.94,1.4956093741260696,2.0,0
0.95,1.4971443841626737,2.0,0
0.96,1.4971443841626737,2.0,0
0.97,1.4971443841626737,2.0,0
0.98,1.4971443841626737,2.0,0
0.99,1.4971443841626737,2.0,0
1.0,1.4971443841626737,2.0,0
1.01,1.4971443841626737,2.0,0
1.02,1.4971443841626737,2.0,0
1.03,1.4971443841626737,2.0,0
1.04,1.4971443841626737,2.0,0
1.05,1.4971443841626737,2.0,0
1.06,1.4971443841626737,2.0,0
1.07,1.4971443841626737,2.0,0
1.08,1.4971443841626737,2.0,0
1.09,1.4971443841626737,2.0,0
1.1,1.4971443841626737,2.0,0
1.11,1.4971443841626737,2.0,0
1.12,1.4971443841626737,2.0,0
1.13,1.4971443841626737,2.0,0
1.14,1.4971443841626737,2.0,0
1.15,1.4971443841626737,2.0,0
1.16,1.4971443841626737,2.0,0
1.17,1.4971443841626737,2.0,0
1.18,1.4971443841626737,2.0,0
1.19,1.4971443841626737,2.0,0
1.2,1.4962469936797358,2.0,0
1.21,1.4943502930191224,2.0,0
1.22,1.49125106425291,2.0,0
1.23,1.488075395715644,2.0,0
1.24,1.4848997271783784,2.0,0
1.25,1.4817240586411122,2.0,0
1.26,1.478548390103846,2.0,0
1.27,1.4753727215665804,2.0,0
1.28,1.4721970530293145,2.0,0
1.29,1.4689306511052695,2.0,0
1.3,1.4665063295859202,2.0,0
1.31,1.464259124609256,2.0,0
1.32,1.4632144477381905,2.0,0
1.33,1.4622462106381788,2.0,0
1.34,1.461277973538167,2.0,0
1.35,1.4603097364381552,2.0,0
1.36,1.4593414993381433,2.0,0
1.37,1.4583732622381314,2.0,0
1.38,1.4574050251381196,2.0,0
1.39,1.4565275214248867,2.0,0
1.4,1.4557053277898961,2.0,0
1.41,1.4557053277898961,2.0,0
1.42,1.4557053277898961,2.0,0
1.43,1.4557053277898961,2.0,0
1.44,1.4557053277898961,2.0,0
1.45,1.4557053277898961,2.0,0
1.46,1.4557053277898961,2.0,0
1.47,1.4557053277898961,2.0,0
1.48,1.4557053277898961,2.0,0
1.49,1.4557053277898961,2.0,0
1.5,1.4557053277898961,2.0,0
1.51,1.4557053277898961,2.0,0
1.52,1.4557053277898961,2.0,0
1.53,1.4557053277898961,2.0,0
1.54,1.4557053277898961,2.0,0
1.55,1.4557053277898961,2.0,0
1.56,1.4557053277898961,2.0,0
1.57,1.4557053277898961,2.0,0
1.58,1.4548607615389872,2.0,0
1.59,1.4525383597143762,2.0,0
1.6,1.4484864303869838,2.0,0
1.61,1.442826780021254,2.0,0
1.62,1.4350616179130078,2.0,0
1.63,1.4248149598225106,2.0,0
1.64,1.4112180024982752,2.0,0
1.65,1.3928134185978585,2.0,0
1.66,1.3729229201235467,2.0,0
1.67,1.352721069411041,2.0,0
1.68,1.3332015834840378,2.0,0
1.69,1.3149150772787443,2.0,0
1.7,1.2979858431058162,2.0,0
1.71,1.2822342785763556,2.0,0
1.72,1.2681587958560943,2.0,0
1.73,1.2560297307207091,2.0,0
1.74,1.2463293373355457,2.0,0
1.75,1.2414365705265642,2.0,0
1.76,1.238029718291478,2.0,0
1.77,1.234934218294585,2.0,0
1.78,1.2320009197630988,2.0,0
1.79,1.2293124770836055,2.0,0
1.8,1.226996289874527,2.0,0
1.81,1.225110154060319,2.0,0
1.82,1.2236534481794283,2.0,0
1.83,1.2227318206959126,1.956617894877653,0
1.84,1.2227318206959126,1.896161133168491,0
1.85,1.2227318206959126,1.837514409462303,0
1.86,1.2227318206959126,1.7829326976922564,0
1.87,1.2227318206959126,1.7353088173781763,0
1.88,1.2227318206959126,1.6958546216589694,0
1.89,1.2227318206959126,1.6650248521702595,0
1.9,1.2227318206959126,1.6441592809433097,0
1.91,1.2227318206959126,1.6334933035680788,0
1.92,1.2227318206959126,1.6326566209751894,0
1.93,1.2227318206959126,1.6411237453014667,0
1.94,1.2227318206959126,1.6577887585854147,0
1.95,1.2227318206959126,1.6809086830449231,0
1.96,1.2227318206959126,1.7085375608856135,0
1.97,1.2227318206959126,1.7373875137028183,0
1.98,1.2227318206959126,1.7656768101696456,0
1.99,1.2227318206959126,1.7921905413903492,0
2.0,1.2227318206959126,1.8150897283434897,0
2.01,1.2226982617720357,1.8338194715063088,0
2.02,1.2208978876521805,1.8485792272214674,0
2.03,1.2184810236714707,1.8597278763955087,0
2.04,1.2160641596907606,1.8677450296136937,0
2.05,1.2136472957100508,1.8732542454352787,0
2.06,1.2112304317293412,1.8768502027890273,0
2.07,1.2088135677486314,1.8791047101736047,0
2.08,1.2063967037679213,1.8804795756623263,0
2.09,1.2039798397872117,1.8812934096519511,0
2.1,1.201562975806502,1.8816808768908955,0
2.11,1.1991952072885013,1.881215658374679,0
2.12,1.1985942539664785,1.8794519205445377,0
2.13,1.1986097905053106,1.8745774495349259,0
2.14,1.1986253270441425,1.8639265886068122,0
2.15,1.1986408635829744,1.8466663439023503,0
2.16,1.1986564001218065,1.826014734313811,0
2.17,1.1986719366606384,1.804578177187023,0
2.18,1.1986874731994706,1.7845439600769732,0
2.19,1.1987030097383025,1.766288384432545,0
2.2,1.1987185462771346,1.748417840970829,0
2.21,1.1987185462771346,1.7306697460510547,0
2.22,1.1987185462771346,1.7141073666357896,0
2.23,1.1987185462771346,1.702284240989971,0
2.24,1.1987185462771346,1.6992536354843866,0
2.25,1.1987185462771346,1.7062393398080995,0
2.26,1.1987185462771346,1.720831159858072,0
2.27,1.1987185462771346,1.7403015529983779,0
2.28,1.1987185462771346,1.7626857562524805,0
2.29,0.9935288644035534,1.110072366116547,0
2.3,0.9935288644035534,1.1291655520152248,0
2.31,0.9935288644035534,1.1513271928697362,0
2.32,0.9935288644035534,1.176164512440816,0
2.33,0.9935288644035534,1.2034380538216325,0
2.34,0.9942927330447322,1.2314621997481339,0
2.35,0.9955000884694948,1.2527063292284986,0
2.36,0.9970633665045436,1.2672166005531773,0
2.37,0.9989830822332512,1.281051498987495,0
2.38,1.0012010312345432,1.2941502312330269,0
2.39,1.0035266326606536,1.3054789505268507,0
2.4,1.005957826178094,1.3155046847080365,0
2.41,1.0085234564557144,1.326065031889512,0
2.42,1.0116721611108228,1.3354179877426777,0
2.43,1.01899149583176,1.3414343933775617,0
2.44,1.0297433461459646,1.3461992281094708,0
2.45,1.0437330105386924,1.3501725231947277,0
2.46,1.0606524691532841,1.3531080906782615,0
2.47,1.0799232833626036,1.3548139918552067,0
2.48,1.1009711352064928,1.3558139870106782,0
2.49,1.123251066477017,1.3564910333437925,0
2.5,1.1454254056562112,1.3568477299760822,0
2.51,1.1674653080752255,1.3570912789798564,0
2.52,1.1889221361167517,1.3571532832380693,0
2.53,1.206208334092449,1.3574931466808586,0
2.54,1.2192981478337004,1.3578307593566836,0
2.55,1.2287066607128447,1.3583435274709312,0
2.56,1.2348294567598388,1.3592793242274905,0
2.57,1.2382444595184463,1.3618708912586277,0
2.58,1.2395841913699002,1.3659815578299002,0
2.59,1.2395841913699002,1.3712807673902545,0
2.6,1.2395841913699002,1.378434413596984,0
2.61,1.2395841913699002,1.3881688399066083,0
2.62,1.2395841913699002,1.3996384212619424,0
2.63,1.239764024949672,1.4115432606535634,0
2.64,1.2399439368206233,1.4247879044266956,0
2.65,1.2400374318909488,1.4393352810301416,0
2.66,1.2401309481137954,1.4544779102336256,0
2.67,1.240136114640797,1.4681069593543152,0
2.68,1.2401412812323718,1.4798452463927936,0
2.69,1.2405378441506074,1.4890634805801826,0
2.7,1.240934787741901,1.4957067298615898,0
2.71,1.2409643880359809,1.5020740223304476,0
2.72,1.2409939904483491,1.5060053091725087,0
2.73,1.2414143608394124,1.5067727623213087,0
2.74,1.2418351587049088,1.5056176663749608,0
2.75,1.2418475298539116,1.5013333842486347,0
2.76,1.2418599013726455,1.4957031812138915,0
2.77,1.242048978855367,1.4924704217448586,0
2.78,1.242238142727505,1.4896354586385727,0
2.79,1.242453636556756,1.4849888539251885,0
2.8,1.2426692425715193,1.48131907204033,0
2.81,1.2426989671591464,1.4792809128620414,0
2.82,1.2427286938799076,1.478209171077904,0
2.83,1.2430321134070077,1.47743995210996,0
2.84,1.2426605008988636,1.4772872754046615,0
2.85,1.2420228277346572,1.477929118943915,0
2.86,1.241385064298274,1.4788478233704738,0
2.87,1.2410583583093224,1.4805345802824421,0
2.88,1.2404895658403485,1.4822492554810418,0
2.89,1.2394767668137958,1.4835212058105345,0
2.9,1.2380715843119814,1.4847243431250332,0
2.91,1.236475017043033,1.4857763794713255,0
2.92,1.2344275190824068,1.486781109137963,0
2.93,1.2322650966571618,1.4883754630502803,0
2.94,1.230503770667726,1.4899683825266719,0
2.95,1.2290195863515563,1.4909903436155267,0
2.96,1.2275345682231382,1.4918688578099695,0
2.97,1.2257533231266102,1.4917172174065196,0
2.98,1.2242142452679634,1.490585107582031,0
2.99,1.22312540277511,1.488914233351975,0
3.0,1.2224288419277343,1.4875989883053478,0
3.01,1.2216949607464576,1.4868466040294923,0
3.02,1.2214123466648001,1.4862091086375002,0
3.03,1.2211884638358854,1.485436545673199,0
3.04,1.2212398086461191,1.4834740791507095,0
3.05,1.2216868744377238,1.4795718408758987,0
3.06,1.2221344315683735,1.4743562492709776,0
3.07,1.2221366805118643,1.4677312714996398,0
3.08,1.2221389294677705,1.4603286723067976,0
3.09,1.2221889388712108,1.4518997751015892,0
3.1,1.2222389544142442,1.4413793729080977,0
3.11,1.222405717248659,1.4294715517836625,0
3.12,1.222572548361295,1.4158141942794664,0
3.13,1.222593738152468,1.4002170011944475,0
3.14,1.2226149290454722,1.3840687883045408,0
3.15,1.2244255136891549,1.3683658273261838,0
3.16,1.2262441661787908,1.3526881218703062,0
3.17,1.2264350336602012,1.3388508822197236,0
3.18,1.22662599029614,1.3258038074556069,0
3.19,1.229453675135551,1.3117381327634532,0
3.2,1.2323010061693014,1.2862951958486701,0
3.21,1.231857576452387,1.2650258807147032,0
3.22,1.2304630104241359,1.2468385209463282,0
3.23,1.2306240543228675,1.2321759700812962,0
3.24,1.2286603392258246,1.219618644507712,0
3.25,1.221760945672701,1.2103886998079383,0
3.26,1.211837617033669,1.2042257312789222,0
3.27,1.200490885526045,1.200081138420574,0
3.28,1.1850504192206934,1.1980970835802958,0
3.29,1.1633623712324543,1.1982950712135407,0
3.3,1.1321077937649855,1.1997693035835912,0
3.31,1.0948004471407349,1.2022934641510046,0
3.32,1.0501186742211976,1.20526184398459,0
3.33,1.0020839037107336,1.2075348736420697,0
3.34,0.9560604172359242,1.2088035983459526,0
3.35,0.9136302230699291,1.2087886872919553,0
3.36,0.874200678204997,1.2066350207531398,0
3.37,0.836471476904896,1.2015778461258149,0
3.38,0.8026995679915513,1.192232737604946,0
3.39,0.7744780366284786,1.1774410895261411,0
3.4,0.7524985066899961,1.1572193329809979,0
3.41,0.7376089812244481,1.1316459152686607,0
3.42,0.7309946112686487,1.1010028636104907,0
3.43,0.7260451502998586,1.0662507891150304,0
3.44,0.7214352439003123,1.0274238517504684,0
3.45,0.7186550842418717,0.9850068299861138,0
3.46,0.7159429486701666,0.9396219628385054,0
3.47,0.7127331953962994,0.8931570428624908,0
3.48,0.709747268080535,0.8474629435541836,0
3.49,0.7086197954684315,0.8039060011067153,0
3.5,0.7077398853396221,0.7631422136699553,0
3.51,0.707716810446902,0.7257585682741811,0
3.52,0.707693737811011,0.6923045690469765,0
3.53,0.7076202423652709,0.6628476079076148,0
3.54,0.707546769812734,0.6374727621738061,0
3.55,0.7075178161160891,0.6161559638930524,0
3.56,0.7074888659736176,0.5989281877201496,0
3.57,0.7074875640665877,0.5847987761258933,0
3.58,0.7074862621667452,0.5732154732547265,0
3.59,0.7072271740392115,0.5639565337289449,0
3.6,0.7069683703448919,0.5564113898270708,0
3.61,0.7069386471434703,0.5497869680558706,0
3.62,0.706754990429714,0.5437599698194965,0
3.63,0.7058733243215931,0.5386356960521109,0
3.64,0.7040612893749386,0.5341830034602855,0
3.65,0.7007507093977506,0.5302158325715961,0
3.66,0.6958043369889544,0.5269293728565501,0
3.67,0.6889615202028209,0.5243875774152744,0
3.68,0.6794459512380548,0.5224120871245728,0
3.69,0.666339837091948,0.5209096434782833,0
3.7,0.6491023257599525,0.5198152642820879,0
3.71,0.6269720659973437,0.5190083842809606,0
3.72,0.6000083853996367,0.51842886191083,0
3.73,0.573188899582221,0.5176905584372344,0
3.74,0.5472192841619448,0.5167300656945801,0
3.75,0.5225341179044004,0.5151312848230973,0
3.76,0.4994726846981291,0.5128371079948668,0
3.77,0.4782346129577313,0.5095443421278731,0
3.78,0.4596655654121997,0.5043729744556572,0
3.79,0.44463385977699044,0.4964466855352895,0
3.8,0.4336184121470405,0.48430515428289556,0
3.81,0.4276541606189843,0.4678416949565508,0
3.82,0.4267173629785362,0.4473051332834644,0
3.83,0.426227431235204,0.4236962490420338,0
3.84,0.4258915167050692,0.3981423138352382,0
3.85,0.4255737646377705,0.3710832190505793,0
3.86,0.42526945167383706,0.3432141858882144,0
3.87,0.42509956612938465,0.31499029749766233,0
3.88,0.4249521130914199,0.28752908576056596,0
3.89,0.4249131451805351,0.2619953307419654,0
3.9,0.4248428083070876,0.23950175550515734,0
3.91,0.4247811747495524,0.22034497899368588,0
3.92,0.42475320133192085,0.20458395675222718,0
3.93,0.42475320133192085,0.19181727446685148,0
3.94,0.42475320133192085,0.18185004305537156,0
3.95,0.42475320133192085,0.17465297725919585,0
3.96,0.4235283330724987,0.16969110762068135,0
3.97,0.4209724893789525,0.16666113660973053,0
3.98,0.41693372065644224,0.16527322906874634,0
3.99,0.4113914235700746,0.1657588379536981,0
4.0,0.4056894506382816,0.16839797710986515,0
4.01,0.39998747770648874,0.17337526696710967,0
4.02,0.39428550477469587,0.17998293045343003,0
4.03,0.38858353184290306,0.18752981005861266,0
4.04,0.38288155891111014,0.19537855459386344,0
4.05,0.3771795859793172,0.20318459809925737,0
4.06,0.3727024813069465,0.2108132904359541,0
4.07,0.36955635206869986,0.2183328111396237,0
4.08,0.3681372973779059,0.22547580071356796,0
4.09,0.3706828394040052,0.23163829338721495,0
4.1,0.37595832330350143,0.23648534070245983,0
4.11,0.38400547082955383,0.2400792857114113,0
4.12,0.3945219280425995,0.24229987280306348,0
4.13,0.40721924825412853,0.24341692727443712,0
4.14,0.42182855794378,0.2435607330778627,0
4.15,0.4382566270211604,0.2430542786390031,0
4.16,0.45638653156074904,0.24231266975542282,0
4.17,0.4759365209578764,0.2414993847573592,0
4.18,0.4964574425118627,0.24054028617387813,0
4.19,0.5156906556350015,0.23954528182999582,0
4.2,0.5336145268256544,0.23858533590810518,0
4.21,0.5500307489854712,0.23758290531897017,0
4.22,0.564950653948643,0.2366774772057957,0
4.23,0.5787960949971157,0.2353489527554065,0
4.24,0.5918282194006651,0.23382525496286227,0
4.25,0.604153134333993,0.23183741137869146,0
4.26,0.6158656151376097,0.22940370591739606,0
4.27,0.6271114304058875,0.22662935215355823,0
4.28,0.637919424807677,0.22374728201461633,0
4.29,0.6483828284333717,0.22089837273744167,0
4.3,0.6585021563663441,0.2182781470711643,0
4.31,0.6682738030229876,0.21604955487308927,0
4.32,0.6779800340913438,0.21415652281284886,0
4.33,0.6874364497241159,0.21273737403778026,0
4.34,0.6965014019939101,0.21174992514642388,0
4.35,0.7049781290524932,0.21113553026852439,0
4.36,0.7131597133387263,0.2109821068479915,0
4.37,0.7208818432568327,0.2112160114643209,0
4.38,0.7285169968807205,0.21159904746848837,0
4.39,0.7361563540758553,0.21211263987196347,0
4.4,0.7437282389898782,0.21266553943438452,0
4.41,0.7509889203834947,0.2132201406247521,0
4.42,0.7584236521211751,0.21380500488852253,0
4.43,0.765739128725487,0.21441654797151916,0
4.44,0.7730282918977264,0.21492511016622332,0
4.45,0.7804072774370582,0.21542735065597546,0
4.46,0.7865715507230658,0.21589365078536255,0
4.47,0.7918957036753344,0.21630302050902822,0
4.48,0.7958910291416448,0.21674689763595517,0
4.49,0.7985008954927645,0.21736273537641784,0
4.5,0.7994718524956238,0.2182262184011601,0
4.51,0.7987899629683632,0.2193542821992269,0
4.52,0.79619919571831,0.22064967606191063,0
4.53,0.7917522023213764,0.22225112128961844,0
4.54,0.7852383764739124,0.2245410572493265,0
4.55,0.7771450033490698,0.22795079363789908,0
4.56,0.768275793767397,0.23338984945199312,0
4.57,0.7585078940517646,0.24183882743866508,0
4.58,0.7477798773636082,0.2532683072604337,0
4.59,0.7363513882390454,0.267759148229629,0
4.6,0.7243819299815768,0.284932133469167,0
4.61,0.7119602876015644,0.30527043989377184,0
4.62,0.7001258899361135,0.3290164426156118,0
4.63,0.6876853118371193,0.3565836753470674,0
4.64,0.6749703678122367,0.38725445128647273,0
4.65,0.6613993398433519,0.42032487173940497,0
4.66,0.6485544793147043,0.4550352384253031,0
4.67,0.6375146596139788,0.49016327449207453,0
4.68,0.6286124264376856,0.5260206488015539,0
4.69,0.6206586116932686,0.5624754965742422,0
4.7,0.6130894317465687,0.599282886423149,0
4.71,0.6084260458914268,0.6353590929500867,0
4.72,0.6048884113954327,0.6701576427089301,0
4.73,0.6024426182872832,0.7025023701167226,0
4.74,0.6068157891218859,0.7324074514126815,0
4.75,0.6180547347889204,0.7592468554805144,0
4.76,0.6345238017324288,0.7828828998338454,0
4.77,0.655443155175828,0.8042412457758803,0
4.78,0.6823666266872117,0.8211178528291264,0
4.79,0.7138887543379407,0.8325127884291992,0
4.8,0.7473078500510001,0.8421604428240229,0
4.81,0.7860051017750851,0.8486468999871444,0
4.82,0.8300143933712142,0.8520770765590061,0
4.83,0.8758976269497073,0.8522157784136658,0
4.84,0.9202093622655962,0.848298818702032,0
4.85,0.9617566969616187,0.8458396269115397,0
4.86,0.9985566931937958,0.842775282564598,0
4.87,1.0333310782088079,0.8371856558767493,0
4.88,1.066018728661451,0.8329151854942795,0
4.89,1.0935639063723233,0.8284341281151008,0
4.9,1.1179932772064602,0.8237749609673731,0
4.91,1.139609448622689,0.8214982097960519,0
4.92,1.156500723838242,0.8181406482510989,0
4.93,1.1709642537969012,0.8160032456670115,0
4.94,1.1842867296315929,0.816655225778326,0
4.95,1.1956166358196685,0.816367614543135,0
4.96,1.205577797406246,0.8159722504954271,0
4.97,1.2150801636211392,0.8169778442522021,0
4.98,1.2231629910354829,0.8186355410939876,0
4.99,1.230610452101435,0.8187688913265613,0
5.0,1.2379634423577752,0.8192660462661305,0
5.01,1.2448552821330383,0.8205294771581919,0
5.02,1.2508146898337325,0.8229031552449588,0
5.03,1.2556173081272048,0.8244381539027563,0
5.04,1.2592749080805166,0.8232260358198072,0
5.05,1.2619995615183859,0.8239093272058986,0
5.06,1.2639587492008144,0.8258639114255635,0
5.07,1.2653193898718293,0.8292898922037042,0
5.08,1.2663259604797552,0.8369862473384798,0
5.09,1.267125709209559,0.8491543040135336,0
5.1,1.2676506321284882,0.8652324702839042,0
5.11,1.2677000895341262,0.8859565866093027,0
5.12,1.2677000895341262,0.912177170146641,0
5.13,1.2677000895341262,0.9438305764778717,0
5.14,1.2677000895341262,0.9810514054470664,0
5.15,1.2677000895341262,1.023927914650802,0
5.16,1.2677000895341262,1.0716302951909105,0
5.17,1.2668654958139869,1.1223762953386747,0
5.18,1.265222161108473,1.1749505580830986,0
5.19,1.262730182283491,1.2280152162941167,0
5.2,1.2592560096678693,1.2822799400571758,0
5.21,1.2552328639066466,1.3372723261430428,0
5.22,1.2502649349319073,1.3915324578912747,0
5.23,1.2441616083396996,1.4440033760607232,0
5.24,1.2368505362172764,1.4835188989780397,0
5.25,1.2269160502026406,1.50675232682039,0
5.26,1.2142083388242935,1.5272213519263549,0
5.27,1.2019814736468786,1.545528754678297,0
5.28,1.190571358331803,1.561259922086992,0
5.29,1.1800956367531976,1.574948490440676,0
5.3,1.1704954385354183,1.5862651251089968,0
5.31,1.1619964166123133,1.5945725110821993,0
5.32,1.154408008217272,1.6008940369306104,0
5.33,1.1480957606921909,1.6056835326307202,0
5.34,1.1432770872170483,1.6088441875979096,0
5.35,1.1420907337120227,1.6099151897952508,0
5.36,1.1461944515050253,1.60887432817718,0
5.37,1.1520789517156196,1.6059096026800634,0
5.38,1.1594286276216765,1.602159468446731,0
5.39,1.1679998286985895,1.596500731520849,0
5.4,1.1773319150017427,1.5885098454380957,0
5.41,1.187317543447661,1.58068163232229,0
5.42,1.1980324559674524,1.5718689230818,0
5.43,1.2092735497610612,1.5593106956454734,0
5.44,1.2205146435546699,1.5438637097682875,0
5.45,1.2303679129529357,1.5265495106669893,0
5.46,1.2378996274322018,1.5073926102896718,0
5.47,1.2437001090256623,1.4794585123440986,0
5.48,1.2480480578470639,1.4402443196871944,0
5.49,1.2511750617709678,1.3969432255825611,0
5.5,1.2533076001158772,1.3537342506001986,0
5.51,1.2546800988430509,1.3140927956913124,0
5.52,1.2552062801168682,1.276913258990471,0
5.53,1.2552062801168682,1.2407652370640412,0
5.54,1.2552103473051082,1.2071095794668236,0
5.55,1.2552184818001981,1.1788224102035494,0
5.56,1.2552266164534394,1.1572932982694923,0
5.57,1.255234751264836,1.142202128224264,0
5.58,1.255242886234394,1.1338489019145674,0
5.59,1.2552510213621186,1.1309449846190778,0
5.6,1.2552591566480142,1.1323962834681311,0
5.61,1.2552672920920862,1.1384678494979732,0
5.62,1.2600798164434315,1.14948733149211,0
5.63,1.2791144926219629,1.1646645876089854,0
5.64,1.3081554251315861,1.1860368310334863,0
5.65,1.3196674709758633,1.2093091977853831,0
5.66,1.3196674709758633,1.2337666374787062,0
5.67,1.3196674709758633,1.261131975713146,0
5.68,1.3196674709758633,1.2900219951878116,0
5.69,1.3196674709758633,1.320506929148537,0
5.7,1.3196674709758633,1.3519568016680956,0
5.71,1.3196674709758633,1.383087054412386,0
5.72,1.3196674709758633,1.4162482802616005,0
5.73,1.3196674709758633,1.4647426828350278,0
5.74,1.3192980719795289,1.5260534090111981,0
5.75,1.3177763152094921,1.5918528199295157,0
5.76,1.314310290377973,1.6617056832896606,0
5.77,1.3078222356313696,1.734005887707996,0
5.78,1.2971699382411124,1.7804459767802863,0
5.79,1.2811914921557268,1.8020862312172574,0
5.8,1.2639007546439445,1.8129486695780737,0
5.81,1.2466100171321621,1.8227645646058248,0
5.82,1.2293192796203802,1.8311954505366983,0
5.83,1.212028542108598,1.8398497221348995,0
5.84,1.1951072035931503,1.8463817935868747,0
5.85,1.1793382228514047,1.8524304110490508,0
5.86,1.1655135101711414,1.8585756941618605,0
5.87,1.154710827405963,1.8600610198928755,0
5.88,1.1480980482809524,1.8571295584830463,0
5.89,1.1479130503991046,1.8544449691936842,0
5.9,1.1495076127871589,1.8513347620034486,0
5.91,1.1511021751752133,1.838751656404315,0
5.92,1.1526967375632673,1.8224216390156833,0
5.93,1.1542912999513213,1.787827413996643,0
5.94,1.1558858623393757,1.7411989497813862,0
5.95,1.1574804247274297,1.6881006012160484,0
5.96,1.159074987115484,1.6295516048335372,0
5.97,1.1606695495035382,1.56743216666452,0
5.98,1.1622384508950778,1.5038198065136925,0
5.99,1.1627057197385833,1.4391770012007017,0
6.0,1.1627057197385833,1.3731324106481009,0
6.01,1.1627057197385833,1.3069874605926626,0
6.02,1.1627057197385833,1.242133944949974,0
6.03,1.1627057197385833,1.1802369872870313,0
6.04,1.1627057197385833,1.1229023235341973,0
6.05,1.1627057197385833,1.0713242491298962,0
6.06,1.1627057197385833,1.0270353067381237,0
6.07,1.1627057197385833,0.9907744241889809,0
6.08,1.1627057197385833,0.9631762241044741,0
6.09,1.1627057197385833,0.9453590405888525,0
6.1,1.1627057197385833,0.9371563185185819,0
6.11,1.1627057197385833,0.9380775656989648,0
6.12,1.1627057197385833,0.9476699929278769,0
6.13,1.1627057197385833,0.9640907897418693,0
6.14,1.1627057197385833,0.9858469349896619,0
6.15,1.1621298392354127,1.011272548937055,0
6.16,1.1611266733019099,1.03880100189425,0
6.17,1.1592235821883228,1.067118075262947,0
6.18,1.1562582451725143,1.095407195237511,0
6.19,1.1523100323134696,1.1221807763931937,0
6.2,1.1471473978751998,1.1471397484032326,0
6.21,1.1408025672951878,1.169693340145287,0
6.22,1.133217654139436,1.1893968385308804,0
6.23,1.1240310173873007,1.2068294676372842,0
6.24,1.1127521142682049,1.222187793748651,0
6.25,1.0992997844210797,1.2356395434278689,0
6.26,1.082346220468149,1.2470656141424197,0
6.27,1.061660473440783,1.2564031634392858,0
6.28,1.0416353478818212,1.2637227379996245,0
6.29,1.0225930981660947,1.2688823581339896,0
6.3,1.0047652700295935,1.2722995397039276,0
6.31,0.9881196380348347,1.2744355756935462,0
6.32,0.9727140886158158,1.2753891211304316,0
6.33,0.9589102627931805,1.274915047680979,0
6.34,0.9471987033375056,1.2725232350359994,0
6.35,0.9382364511130303,1.266962703728089,0
6.36,0.9338884041222508,1.2573559527089686,0
6.37,0.9348939571251966,1.2445646654965783,0
6.38,0.936927143523438,1.2289972343612965,0
6.39,0.939737321025439,1.2116792141708368,0
6.4,0.9432325874576372,1.1928076360662379,0
6.41,0.9467278538898354,1.1719081414858232,0
6.42,0.9502231203220335,1.1489702680505918,0
6.43,0.9537183867542315,1.1240302436072627,0
6.44,0.9572136531864297,1.0970373057837859,0
6.45,0.9607089196186277,1.0695656335458041,0
6.46,0.9635185003532681,1.0428137333153273,0
6.47,0.9656065893487029,1.0161456560786974,0
6.48,0.9670686693826597,0.9891696080554453,0
6.49,0.9677537583128567,0.9610233293050902,0
6.5,0.9677537583128567,0.9318075574140715,0
6.51,0.9677537583128567,0.901962573835209,0
6.52,0.9677537583128567,0.8718769741335912,0
6.53,0.9677537583128567,0.842662819944539,0
6.54,0.9677537583128567,0.8152711526758397,0
6.55,0.9677537583128567,0.7903853119512487,0
6.56,0.9677537583128567,0.7685041325970616,0
6.57,0.9677537583128567,0.7503966304603359,0
6.58,0.9677537583128567,0.7368101900476596,0
6.59,0.9677537583128567,0.7284505818771037,0
6.6,0.9677537583128567,0.7250300099509372,0
6.61,0.9677537583128567,0.7266376400181616,0
6.62,0.9670907497750093,0.7328864570271039,0
6.63,0.9654090593522785,0.7432206904799603,0
6.64,0.9627570252008887,0.7577436935579204,0
6.65,0.9592569846298045,0.7752948487743023,0
6.66,0.9548623897848827,0.7951033986182453,0
6.67,0.9494270326627278,0.8160786958616848,0
6.68,0.9429891063744312,0.8374251658340912,0
6.69,0.9355921749373312,0.8580367342568468,0
6.7,0.927181335754234,0.8776096202534026,0
6.71,0.9174546245405757,0.8960843221422347,0
6.72,0.9079069435351568,0.913384237706472,0
6.73,0.8993779444146215,0.9291735481329212,0
6.74,0.8918192890227448,0.9429130132346759,0
6.75,0.8851086400505632,0.9548488522095023,0
6.76,0.8792925453522188,0.9649369904264298,0
6.77,0.8745172129311075,0.9733175543454474,0
6.78,0.8707444496761378,0.9799778750668644,0
6.79,0.8679306915699719,0.9853258118251623,0
6.8,0.8663212099978977,0.9895531955623382,0
6.81,0.8682911390558943,0.9925098960981966,0
6.82,0.8727346688244018,0.9940869695727214,0
6.83,0.8789625330016972,0.9940985600044349,0
6.84,0.8868267332823029,0.9925577205747216,0
6.85,0.8959524997636369,0.9914553125558903,0
6.86,0.9062598656193525,0.9892864241995091,0
6.87,0.9178097011202508,0.985358900554079,0
6.88,0.9306431832142273,0.9764081426198916,0
6.89,0.9445448788840335,0.9628230968553504,0
6.9,0.9592927906714526,0.9452239215807177,0
6.91,0.97300113371636,0.9234625096427216,0
6.92,0.9858423737860268,0.8997551159769502,0
6.93,0.9980044925991048,0.8741099584452267,0
6.94,1.009430797256318,0.845825476246894,0
6.95,1.020462638688043,0.8158802449744682,0
6.96,1.0309341155679783,0.7858257342619905,0
6.97,1.040864324451669,0.7554067607720681,0
6.98,1.0504131989918093,0.7260981131645445,0
6.99,1.0599119450736425,0.6988628356507612,0
7.0,1.069383239856879,0.6737605925557496,0
7.01,1.0787703904422432,0.6512386069071323,0
7.02,1.088323442353909,0.6316976926313547,0
7.03,1.0979075261683366,0.6144019159038181,0
7.04,1.1073507728856153,0.5990455460935766,0
7.05,1.1164759425995887,0.5854842562739835,0
7.06,1.1253826954595096,0.5737873785419306,0
7.07,1.1336461331044894,0.5639722743934819,0
7.08,1.1425023221274224,0.556098443649697,0
7.09,1.1545352375541433,0.5503192989181072,0
7.1,1.1692120324146043,0.5464087927607086,0
7.11,1.1791157846724862,0.5441834399785729,0
7.12,1.1858368426296484,0.5450056055195924,0
7.13,1.1915440950336549,0.5539354404035722,0
7.14,1.1961975097629804,0.5709411637286426,0
7.15,1.201867083481649,0.595786547791797,0
7.16,1.2008808583961215,0.6285116999266908,0
7.17,1.1935808617119699,0.668905143950945,0
7.18,1.1837592288957597,0.7168758458975881,0
7.19,1.1711616198296089,0.7722652998630489,0
7.2,1.1560523243670628,0.8348184804020443,0
7.21,1.1383355763023657,0.9042483597197675,0
7.22,1.1182302698201012,0.9787330942948301,0
7.23,1.0991510298280698,1.0530647642515314,0
7.24,1.0813198598032496,1.1270818013816013,0
7.25,1.0644709755050454,1.2006945636747492,0
7.26,1.0485517153182997,1.2759357519188574,0
7.27,1.0344543447629961,1.3487398662453687,0
7.28,1.0231431921004102,1.4166382385538803,0
7.29,1.0147101065230066,1.477881374792214,0
7.3,1.0091788023321697,1.5316389869939686,0
7.31,1.0098461405415393,1.5776858588665716,0
7.32,1.0214026059334769,1.6170934089104727,0
7.33,1.0411274643426967,1.6495518488730962,0
7.34,1.0678754693059944,1.6752381496788447,0
7.35,1.1004840409001837,1.6937871448516395,0
7.36,1.137689074650744,1.7048445551035152,0
7.37,1.1787532794562294,1.7096837383157721,0
7.38,1.2232612713291748,1.7099237466960124,0
7.39,1.2708211902635225,1.706108570376726,0
7.4,1.3217147049840061,1.6989153096903051,0
7.41,1.3721525973277773,1.6890225484281058,0
7.42,1.4173464989743607,1.676145417901451,0
7.43,1.4572016949459883,1.6605884537721605,0
7.44,1.4925068576719152,1.6419917294213586,0
7.45,1.5236841807131711,1.621330068392219,0
7.46,1.5502650415980552,1.599227077359526,0
7.47,1.572986731428015,1.5766699568803053,0
7.48,1.5922646341905142,1.554400531938605,0
7.49,1.6084906098916114,1.533440988529268,0
7.5,1.6213712278158694,1.514030106244636,0
7.51,1.631284109770074,1.496415711866704,0
7.52,1.6383196373669984,1.4810785352349405,0
7.53,1.6425254776215956,1.468747623212611,0
7.54,1.6442582045678156,1.460533901927826,0
7.55,1.6442582045678156,1.4562497870394706,0
7.56,1.6442582045678156,1.4566558091214579,0
7.57,1.6442582045678156,1.4633090589108093,0
7.58,1.6442582045678156,1.4771896189082283,0
7.59,1.6442582045678156,1.4977045066347263,0
7.6,1.6442582045678156,1.5245083180890195,0
7.61,1.6442582045678156,1.55764353240507,0
7.62,1.6442582045678156,1.595951249792536,0
7.63,1.6442582045678156,1.638284629136096,0
7.64,1.6442582045678156,1.6837262943184976,0
7.65,1.6442582045678156,1.7313225785954534,0
7.66,1.6442582045678156,1.7805953879730372,0
7.67,1.6442582045678156,1.8295904403514867,0
7.68,1.6442582045678156,1.872730760417165,0
7.69,1.6442582045678156,1.89779782684537,0
7.7,1.6442582045678156,1.923535867004968,0
7.71,1.6421552883231931,1.9497566723983326,0
7.72,1.6399394391611672,1.9766604341570138,0
7.73,1.6344347147973664,2.0,0
7.74,1.6281636457863073,2.0,0
7.75,1.6231709247734285,2.0,0
7.76,1.6165121885663343,2.0,0
7.77,1.6137902976447043,2.0,0
7.78,1.6118201356304382,2.0,0
7.79,1.6055758572565721,2.0,0
7.8,1.6003955727681203,2.0,0
7.81,1.5951361852261874,2.0,0
7.82,1.5850424678641424,2.0,0
7.83,1.576602093211941,2.0,0
7.84,1.5700541387414853,2.0,0
7.85,1.5624173136865085,2.0,0
7.86,1.5531721871954782,2.0,0
7.87,1.5447274514604985,2.0,0
7.88,1.536978238657218,2.0,0
7.89,1.526549574117499,2.0,0
7.9,1.5176817978181525,2.0,0
7.91,1.5123062598245536,2.0,0
7.92,1.5104608704088205,2.0,0
7.93,1.5087046861687106,2.0,0
7.94,1.5081387507082757,2.0,0
7.95,1.5083277903525054,2.0,0
7.96,1.5072122669872456,2.0,0
7.97,1.507626784513589,2.0,0
7.98,1.5087087080083526,2.0,0
7.99,1.509746674202585,2.0,0
8.0,1.513417119675798,2.0,0
8.01,1.5171088380942652,2.0,0
8.02,1.5196305445237004,2.0,0
8.03,1.5212978834761308,2.0,0
8.04,1.5223776291839461,1.9659350672421492,0
8.05,1.5232400458834792,1.9283008475491634,0
8.06,1.5240507175810405,1.8892724012339943,0
8.07,1.5248130939434275,1.8432911249845347,0
8.08,1.525558221971824,1.7776614066445078,0
8.09,1.5262734528879702,1.726127864927771,0
8.1,1.5268564465768548,1.6872737831041091,0
8.11,1.5273876952637666,1.6599891618051341,0
8.12,1.5276101987722464,1.6458838613860516,0
8.13,1.5276101987722464,1.6464413817009482,0
8.14,1.5276101987722464,1.6603984435605725,0
8.15,1.5276101987722464,1.6878356012176248,0
8.16,1.5276101987722464,1.7272524427782396,0
8.17,1.5253258169244406,1.7771527539648801,0
8.18,1.5229694344968072,1.8323318680696288,0
8.19,1.517101675984288,1.8561049406612409,0
8.2,1.5105746711529788,1.8821711342949745,0
8.21,1.504783686518938,1.9119309501289512,0
8.22,1.497426490756694,1.9422537250838752,0
8.23,1.4871239935257177,1.9698251975371077,0
8.24,1.4740385273799317,1.995886413834212,0
8.25,1.4577354125878792,2.0,0
8.26,1.4375308170134957,2.0,0
8.27,1.4190869385222276,2.0,0
8.28,1.402113447946784,2.0,0
8.29,1.3862076166669552,2.0,0
8.3,1.370894139740617,2.0,0
8.31,1.3563807528651453,2.0,0
8.32,1.3437914000261804,2.0,0
8.33,1.3334653731952761,2.0,0
8.34,1.3260072449354952,2.0,0
8.35,1.3229184993816128,2.0,0
8.36,1.3264854308132692,2.0,0
8.37,1.3334140524892664,2.0,0
8.38,1.343405175669543,2.0,0
8.39,1.3555389268450986,2.0,0
8.4,1.3695146552064439,2.0,0
8.41,1.3834670917054597,2.0,0
8.42,1.3975116609725182,2.0,0
8.43,1.4117342148520722,2.0,0
8.44,1.4256729475177454,1.999194335354425,0
8.45,1.4389441576769781,1.9777778271534225,0
8.46,1.4486819895600813,1.9556918332385196,0
8.47,1.4552660842046068,1.9319440221467228,0
8.48,1.4592499093293634,1.910380748399582,0
8.49,1.4609385508350616,1.8894720249425732,0
8.5,1.4606908215255188,1.8704427996472333,0
8.51,1.4603755243589003,1.8562190823461766,0
8.52,1.4602459759806126,1.8451887090554389,0
8.53,1.4600651158812281,1.8371081667115996,0
8.54,1.4599184155591851,1.8296656277971939,0
8.55,1.4599184155591851,1.8243331037662307,0
8.56,1.4599184155591851,1.822599248066213,0
8.57,1.4599184155591851,1.8244163170821643,0
8.58,1.4599184155591851,1.8290571479177133,0
8.59,1.4599184155591851,1.8328920259158819,0
8.6,1.4599184155591851,1.8381402390686983,0
8.61,1.4599184155591851,1.8459486169854815,0
8.62,1.4599184155591851,1.8542588508961253,0
8.63,1.4599184155591851,1.865000199628817,0
8.64,1.4599184155591851,1.876293808257021,0
8.65,1.4599184155591851,1.8885849813110327,0
8.66,1.4599184155591851,1.9020470595666332,0
8.67,1.4599184155591851,1.9142948187504372,0
8.68,1.4599184155591851,1.9256070944973602,0
8.69,1.4599184155591851,1.936550646031495,0
8.7,1.4599184155591851,1.9348725057145006,0
8.71,1.4599184155591851,1.9287750631522338,0
8.72,1.4599184155591851,1.928707300084624,0
8.73,1.4599184155591851,1.9263135481480254,0
8.74,1.4599184155591851,1.9280246133668015,0
8.75,1.4594106836578837,1.9320120414128827,0
8.76,1.4589029517565826,1.9351707772470321,0
8.77,1.4583952198552812,1.9354946612764754,0
8.78,1.4578874879539796,1.9349845989579098,0
8.79,1.4573797560526787,1.9342570157230137,0
8.8,1.456872024151377,1.9310884571469014,0
8.81,1.456364292250076,1.930344540221964,0
8.82,1.4558565603487748,1.930393548045745,0
8.83,1.4554454048157968,1.9275226244120585,0
8.84,1.4564292412697086,1.9218636587238844,0
8.85,1.4580631326940294,1.915681583764818,0
8.86,1.4596970241183507,1.909658443900131,0
8.87,1.4613309155426712,1.9062399412993123,0
8.88,1.4629648069669927,1.9023984071288997,0
8.89,1.4645986983913135,1.8950541729455925,0
8.9,1.4662325898156345,1.886187850858703,0
8.91,1.4678664812399553,1.873911509513348,0
8.92,1.4695003726642766,1.8566012497942168,0
8.93,1.4710376877202742,1.8378831304003926,0
8.94,1.4711800107893818,1.8189620612375264,0
8.95,1.4711800107893818,1.796638214655673,0
8.96,1.4711800107893818,1.7705494982732257,0
8.97,1.4711800107893818,1.7422107987972208,0
8.98,1.4711800107893818,1.7177531280920209,0
8.99,1.4711800107893818,1.6959379885767076,0
9.0,1.4711800107893818,1.676693051803964,0
9.01,1.4711800107893818,1.6592469555757738,0
9.02,1.4711800107893818,1.6447043584737013,0
9.03,1.4711800107893818,1.6341489356695893,0
9.04,1.4711800107893818,1.6279907248644159,0
9.05,1.4711800107893818,1.6263858001784093,0
9.06,1.4711800107893818,1.6297099534615265,0
9.07,1.4711800107893818,1.6370581220474503,0
9.08,1.4711800107893818,1.6465235564041858,0
9.09,1.4711800107893818,1.6581665020388785,0
9.1,1.4711800107893818,1.6722225339780745,0
9.11,1.4711800107893818,1.6895705367685747,0
9.12,1.470763207515566,1.7089987019865716,0
9.13,1.4691756275661139,1.7296727019738247,0
9.14,1.466302057027937,1.7508534283018886,0
9.15,1.461469285193193,1.7722928832079567,0
9.16,1.4541102788817857,1.793559928752917,0
9.17,1.4436822901992197,1.8141907382008107,0
9.18,1.4332418764868116,1.8336776920342657,0
9.19,1.422801462774403,1.8515393766911854,0
9.2,1.4123610490619947,1.867601080108223,0
9.21,1.4019206353495863,1.8814746086232415,0
9.22,1.391897024910994,1.8929140928035695,0
9.23,1.3830441911480382,1.9020333023565439,0
9.24,1.3754773479738063,1.908980586542127,0
9.25,1.369869706096142,1.913701520391194,0
9.26,1.3697816013390753,1.9158983440883641,0
9.27,1.3756761484512903,1.9157789269364938,0
9.28,1.3841799518304814,1.9130895533759067,0
9.29,1.3947090350740405,1.9072050957626412,0
9.3,1.4066376284971596,1.8982379521866664,0
9.31,1.4185662219202784,1.8863751438909842,0
9.32,1.4304948153433972,1.8718692099463408,0
9.33,1.4424234087665162,1.854804048261477,0
9.34,1.454352002189635,1.8321862805556606,0
9.35,1.4662805956127543,1.809213319986332,0
9.36,1.4752158863919391,1.7823450502938307,0
9.37,1.4812375076730002,1.7540377821433428,0
9.38,1.484662297716928,1.7283592661661373,0
9.39,1.4860618078964878,1.7034904442788597,0
9.4,1.4860618078964878,1.683974295689814,0
9.41,1.4860618078964878,1.6668814026241643,0
9.42,1.4860618078964878,1.653400245629596,0
9.43,1.4860618078964878,1.645000782740227,0
9.44,1.4860618078964878,1.6402162900628372,0
9.45,1.4860618078964878,1.6360834309868801,0
9.46,1.4860618078964878,1.63625653198476,0
9.47,1.4860618078964878,1.644737135555482,0
9.48,1.4860618078964878,1.6528552837294475,0
9.49,1.4860618078964878,1.66342342717424,0
9.5,1.4860618078964878,1.6796322246056419,0
9.51,1.4860618078964878,1.6962071115978998,0
9.52,1.4860618078964878,1.7124428053717418,0
9.53,1.4860618078964878,1.7280772133515314,0
9.54,1.4860618078964878,1.742450867139707,0
9.55,1.4860618078964878,1.7552305901467105,0
9.56,1.4860618078964878,1.7662150285096885,0
9.57,1.4855823146993745,1.775254899093429,0
9.58,1.4844759222692865,1.7825118821602686,0
9.59,1.4829290060538645,1.788112678838345,0
9.6,1.4812081394206447,1.7924070067857298,0
9.61,1.479386178226431,1.7960302837523827,0
9.62,1.4773157164353632,1.7993873948999917,0
9.63,1.475071304226496,1.8025754363529902,0
9.64,1.4723174657940767,1.805877687883617,0
9.65,1.4689751327663785,1.8094637919785972,0
9.66,1.4649381276156537,1.813279456401424,0
9.67,1.4549007638499865,1.8173062926322663,0
9.68,1.4317252392161606,1.8213859751314818,0
9.69,1.4006005256527412,1.8252752097447902,0
9.7,1.3705640441185862,1.8288808169843498,0
9.71,1.3435775255487832,1.8320188078408628,0
9.72,1.323648271182421,1.8346818938479768,0
9.73,1.3140044933251152,1.8367940600601766,0
9.74,1.3106630393958087,1.838471422488883,0
9.75,1.3071179168288354,1.8396562199591517,0
9.76,1.3057456128344145,1.8403155158832434,0
9.77,1.30820783779734,1.8398250295103402,0
9.78,1.3104011056043343,1.8305364877890287,0
9.79,1.3135488846105208,1.8183936332113904,0
9.8,1.315994796578149,1.8041625586478747,0
9.81,1.3183144752938345,1.7883589372364392,0
9.82,1.3206153811417318,1.772730471170835,0
9.83,1.3231943618133732,1.7527595137589436,0
9.84,1.3275898281566731,1.731128184337914,0
9.85,1.3293223300917791,1.7094707088932017,0
9.86,1.3295646269955346,1.6845124975018322,0
9.87,1.3288714507671864,1.6578219464135635,0
9.88,1.3268167586628314,1.6326300817332111,0
9.89,1.3257953739302135,1.6071708973727465,0
9.9,1.322095815725967,1.5838756472000326,0
9.91,1.3184800237367238,1.5620434119191535,0
9.92,1.3171786809914445,1.5402009252451319,0
9.93,1.3140693343079035,1.519904797344484,0
9.94,1.311068396968727,1.5020673777083784,0
9.95,1.3083372218882878,1.4874419318165872,0
9.96,1.3061946079935216,1.4737653570870313,0
9.97,1.3042400522058843,1.461829559030874,0
9.98,1.3042400522058843,1.4594181429623074,0
9.99,1.3042400522058843,1.4659550011381328,0
10.0,1.3042400522058843,1.472944003519473,0
10.01,1.3042400522058843,1.4753713365773837,0
10.02,1.3033292424675385,1.483597789073048,0
10.03,1.3009695294326915,1.4910793645501113,0
10.04,1.2969945483957488,1.5028362681463097,0
10.05,1.2911683280532251,1.5190820985408122,0
10.06,1.2835061719833798,1.5336640081656727,0
10.07,1.2738836769048787,1.5475777731823692,0
10.08,1.2623665001050925,1.5626292255424885,0
10.09,1.2508493233053062,1.5781110681969175,0
10.1,1.23933214650552,1.585490478763246,0
10.11,1.2278149697057337,1.592304701835068,0
10.12,1.2172086026442932,1.605486276359808,0
10.13,1.206861460061856,1.6093160832345221,0
10.14,1.1986876646223732,1.6099060547819082,0
10.15,1.1923296154545626,1.6146414638842541,0
10.16,1.187146847729684,1.6160153840459368,0
10.17,1.1870948960655507,1.6153564978043735,0
10.18,1.192691291028476,1.6132577902711085,0
10.19,1.2005093627483803,1.6099602207450598,0
10.2,1.2096421926576313,1.6042158166394984,0
10.21,1.2191331725984884,1.5931879090499215,0
10.22,1.2287428665954734,1.5798961412396324,0
10.23,1.2384231507207146,1.5634845749126023,0
10.24,1.2481154562552748,1.5445736710428282,0
10.25,1.2577105249165454,1.5270701971511125,0
10.26,1.2671573626618826,1.5070040298644567,0
10.27,1.2735393854526351,1.4828677509737718,0
10.28,1.277406053111082,1.4574401876487444,0
10.29,1.2792461841067633,1.4310608125528455,0
10.3,1.2794646968267689,1.4061168369850678,0
10.31,1.2792420745710895,1.3847886011845845,0
10.32,1.2790680693667282,1.3666505118897603,0
10.33,1.2789568472018713,1.3520136537753573,0
10.34,1.2789083589672394,1.3402193153743984,0
10.35,1.2789083589672394,1.3329692528128,0
10.36,1.2789083589672394,1.3319571503140808,0
10.37,1.2789083589672394,1.3360837206894352,0
10.38,1.2789083589672394,1.3453563582863735,0
10.39,1.2789083589672394,1.3590631286866734,0
10.4,1.2789083589672394,1.376607006584004,0
10.41,1.2789083589672394,1.3962142832812197,0
10.42,1.2789083589672394,1.4157730979294778,0
10.43,1.2789083589672394,1.4345323584019973,0
10.44,1.2789083589672394,1.4529432534538005,0
10.45,1.2789083589672394,1.4703513303427944,0
10.46,1.2789083589672394,1.4861475164054356,0
10.47,1.2789083589672394,1.4998605145775363,0
10.48,1.2789083589672394,1.5111527901114354,0
10.49,1.2789083589672394,1.520578068181972,0
10.5,1.2789083589672394,1.528617703550942,0
10.51,1.2784626574600177,1.5342341133415676,0
10.52,1.276599438837969,1.536832265718973,0
10.53,1.2731622908009794,1.5391806706209956,0
10.54,1.2681320908421385,1.5417589786257342,0
10.55,1.2618878568548257,1.54406134652681,0
10.56,1.2556176358709423,1.5443999943569224,0
10.57,1.2493474148870587,1.542087054736951,0
10.58,1.2430771939031753,1.5407960910334635,0
10.59,1.2368069729192916,1.5402860383182466,0
10.6,1.2305367519354085,1.5386315743467,0
10.61,1.2247122324587463,1.537089546462243,0
10.62,1.2203052300969115,1.5362796882193188,0
10.63,1.2174721571500178,1.5347140709568048,0
10.64,1.2171598228704794,1.5321941295692125,0
10.65,1.21910149280293,1.5300878156890612,0
10.66,1.221853172515282,1.527138240733907,0
10.67,1.2254055459144249,1.524267839995326,0
10.68,1.2295379686898522,1.52256870163707,0
10.69,1.234134725158722,1.5204082660587719,0
10.7,1.2391811057003335,1.5161220404803573,0
10.71,1.2442274862419451,1.5097603252626877,0
10.72,1.2492436625308656,1.502661837317256,0
10.73,1.254252926003681,1.4944695326700481,0
10.74,1.2583431680350414,1.4854185701160252,0
10.75,1.261381284669578,1.4752552786462712,0
10.76,1.2636481238809278,1.4638106650914708,0
10.77,1.2649138638363793,1.4515109931685017,0
10.78,1.2655782697472195,1.439089918303438,0
10.79,1.2656969264622588,1.4269732958018064,0
10.8,1.2653734074086456,1.4163402042449016,0
10.81,1.2653241926837648,1.407586258708103,0
10.82,1.264971065396903,1.3993050492935712,0
10.83,1.264571179156091,1.3920971783461413,0
10.84,1.2642739798716192,1.385994522370317,0
10.85,1.2639948838617372,1.381190072067186,0
10.86,1.2639379183917672,1.3777719970389797,0
10.87,1.2639379183917672,1.375783067392278,0
10.88,1.2639379183917672,1.372057303579125,0
10.89,1.2639379183917672,1.3696786974014525,0
10.9,1.2639379183917672,1.3720940703187399,0
10.91,1.2639379183917672,1.375601856527978,0
10.92,1.2639379183917672,1.3802085580533063,0
10.93,1.262659963084573,1.3867723038314113,0
10.94,1.2597943489060761,1.394205124554915,0
10.95,1.2553626034341916,1.4020170678836474,0
10.96,1.2494581759276007,1.4091695187311342,0
10.97,1.2420027842847905,1.413307650106719,0
10.98,1.2331407611304248,1.4176287452560026,0
10.99,1.2226910791047563,1.4232938118270995,0
11.0,1.210336695696658,1.4271886614872389,0
11.01,1.195595686718693,1.4281656467347987,0
11.02,1.1772072210733735,1.4277425422994154,0
11.03,1.1563279168105487,1.427609950398722,0
11.04,1.1366776415414723,1.4272831149558718,0
11.05,1.1185934975657832,1.426297712905958,0
11.06,1.1019820356248005,1.425165396082441,0
11.07,1.0869215378200372,1.4244038858874561,0
11.08,1.0732588867168764,1.4232945838723674,0
11.09,1.0611283111072634,1.4217671284406537,0
11.1,1.050614740328807,1.4197119924880939,0
11.11,1.0422428814688347,1.4165707487510106,0
11.12,1.037609062039109,1.4112874599535556,0
11.13,1.0366935721772732,1.403956236197735,0
11.14,1.0361053627710735,1.3946057440512123,0
11.15,1.0355743384223963,1.3833673108769469,0
11.16,1.0351233436817109,1.3707945599871616,0
11.17,1.0346736956787104,1.3582669139922783,0
11.18,1.0340808437023856,1.3458406485212981,0
11.19,1.0335197799540399,1.3333655156073794,0
11.2,1.0332082961907847,1.3200596424640016,0
11.21,1.0331351099249824,1.3066733333922456,0
11.22,1.0331101230544608,1.295562463651502,0
11.23,1.0331101230544608,1.2872255438692195,0
11.24,1.0331101230544608,1.2820673756746193,0
11.25,1.0331101230544608,1.2802308219803165,0
11.26,1.0331101230544608,1.2809342744043384,0
11.27,1.0331101230544608,1.2830129770836982,0
11.28,1.0331101230544608,1.2864256680586172,0
11.29,1.0331101230544608,1.2907514441322079,0
11.3,1.0331101230544608,1.2953226269204972,0
11.31,1.0331101230544608,1.302511730756068,0
11.32,1.0331101230544608,1.3123083652707495,0
11.33,1.0331101230544608,1.3219256287210421,0
11.34,1.0331101230544608,1.3310038040016199,0
11.35,1.0331101230544608,1.33852564765296,0
11.36,1.0331101230544608,1.3453909325074906,0
11.37,1.0331101230544608,1.3517092424746429,0
11.38,1.0331101230544608,1.3568298556261256,0
11.39,1.0331351099249824,1.3605119665472099,0
11.4,1.0332082961907847,1.3630915738865392,0
11.41,1.0333121521765734,1.3650084324852612,0
11.42,1.0328709450063918,1.3665413243921969,0
11.43,1.031891732652175,1.3672441632770356,0
11.44,1.0303395887817857,1.3657960797993105,0
11.45,1.0284654200906869,1.3645829428614276,0
11.46,1.026486751385782,1.3622818983936007,0
11.47,1.0244006945806656,1.3595807493856673,0
11.48,1.0223287741592073,1.358890883895346,0
11.49,1.0201420057807649,1.3580246481366425,0
11.5,1.0178263945910264,1.3573489193749175,0
11.51,1.0153815257141918,1.3571301451918725,0
11.52,1.0132993298564117,1.3569229503112974,0
11.53,1.0117961977969843,1.3559443698872229,0
11.54,1.0108978749360356,1.3543903568723863,0
11.55,1.0102158688629106,1.3543236654430222,0
11.56,1.0096434806849173,1.3545048777574613,0
11.57,1.0093866994037166,1.3555220950254476,0
11.58,1.0092245767507628,1.3567038663047744,0
11.59,1.009275381216899,1.3598484936536166,0
11.6,1.0094523117608578,1.3632046261836392,0
11.61,1.0094342655609085,1.366236790915515,0
11.62,1.0096472735935258,1.3697390905778282,0
11.63,1.0099111046051863,1.3735940485146723,0
11.64,1.0100451963385453,1.3775564229637087,0
11.65,1.0102202595738936,1.381574115746127,0
11.66,1.0102921468008355,1.3874901633258847,0
11.67,1.010314223947676,1.3923156348077292,0
11.68,1.0103465607883115,1.396356011117325,0
11.69,1.010577602844845,1.4005270379342734,0
11.7,1.0109476848640404,1.4031458824185723,0
11.71,1.011365855103145,1.4054941728796115,0
11.72,1.0119267819725195,1.4076180535105924,0
11.73,1.0125279151384752,1.4095021853985512,0
11.74,1.013178570694122,1.411067707664373,0
11.75,1.0138816905636003,1.4122294022523603,0
11.76,1.0148000612159944,1.413682846968577,0
11.77,1.017893494449285,1.4161620025941748,0
11.78,1.0264873451831389,1.4180138393801398,0
11.79,1.0397794487686953,1.4187014376427267,0
11.8,1.0568435894225203,1.4186201174590842,0
11.81,1.0766961838404479,1.417265762755772,0
11.82,1.0974362587072986,1.4157634714191358,0
11.83,1.118136127277568,1.41388294561963,0
11.84,1.1387864734581463,1.4123894251262705,0
11.85,1.1593843553248935,1.411620495284262,0
11.86,1.1797669864087246,1.4113727338123765,0
11.87,1.1979745549116594,1.411290465230079,0
11.88,1.2106817059140307,1.4113549430712196,0
11.89,1.218482217771444,1.4115236099373951,0
11.9,1.2223787962949755,1.4117680147670508,0
11.91,1.223433476099193,1.4121256302638228,0
11.92,1.223433476099193,1.4129537154094525,0
11.93,1.223433476099193,1.4158542529230567,0
11.94,1.223433476099193,1.4208143335553916,0
11.95,1.223433476099193,1.4276141242388365,0
11.96,1.2234798610719941,1.4357157624280676,0
11.97,1.2235862587812718,1.4437520847454988,0
11.98,1.2237304548064176,1.4517345005844258,0
11.99,1.223814651916984,1.4598933469463848,0
12.0,1.223814651916984,1.4690562229817552,0
12.01,1.223814651916984,1.479074001742444,0
12.02,1.223814651916984,1.4887605734594282,0
12.03,1.223814651916984,1.495638439886216,0
12.04,1.223814651916984,1.4994660428019937,0
12.05,1.223814651916984,1.5002540557127295,0
12.06,1.223814651916984,1.4988362522739873,0
12.07,1.223814651916984,1.496056313121891,0
12.08,1.223814651916984,1.4918733891480738,0
12.09,1.223814651916984,1.4860714591462634,0
12.1,1.223814651916984,1.4782545310324275,0
12.11,1.223814651916984,1.4689020112869438,0
12.12,1.223814651916984,1.4586115489772626,0
12.13,1.223814651916984,1.4485024306705065,0
12.14,1.223814651916984,1.4395973094497585,0
12.15,1.223814651916984,1.4317399626346965,0
12.16,1.223814651916984,1.4241404515771672,0
12.17,1.223814651916984,1.4183996379398762,0
12.18,1.223814651916984,1.4149864465941702,0
12.19,1.2237656045714356,1.4122299820650068,0
12.2,1.2236851669247364,1.4100936528074712,0
12.21,1.22342963025443,1.4089040463455582,0
12.22,1.2227356103149216,1.4081453118628848,0
12.23,1.2214520412819234,1.4074194449167277,0
12.24,1.2191061067443492,1.4066611759108227,0
12.25,1.2152230283972918,1.4062435137195202,0
12.26,1.2107401010141792,1.4059860702810896,0
12.27,1.2061728121967237,1.4059433770376042,0
12.28,1.2014824145419416,1.4060664871996789,0
12.29,1.1968189929272115,1.406327521010172,0
12.3,1.1920005817005483,1.4069051683370184,0
12.31,1.1871027137740973,1.4096335415742236,0
12.32,1.1825378773239188,1.4146231506458882,0
12.33,1.178200620557085,1.421780182101307,0
12.34,1.1745245220082414,1.4302420069076016,0
12.35,1.1723855672688808,1.440485518680253,0
12.36,1.1708677638612424,1.4517187857202007,0
12.37,1.1695167860206268,1.4628187383022926,0
12.38,1.168280114692053,1.4737702892319267,0
12.39,1.1669895100049745,1.4845636585609228,0
12.4,1.1659390173915967,1.4949881116562405,0
12.41,1.1651715845415016,1.5033241649685256,0
12.42,1.1645138114120375,1.509496231421009,0
12.43,1.1642020765872594,1.513596478896158,0
12.44,1.1642325288442066,1.5163072531253021,0
12.45,1.1642442592399531,1.5169130392399928,0
12.46,1.164346012740369,1.515358658961924,0
12.47,1.164535941233721,1.5112909679069944,0
12.48,1.16463743251292,1.5051212422992728,0
12.49,1.164751938397794,1.4967652411008356,0
12.5,1.1648632018049367,1.4862066350271943,0
12.51,1.164890994393668,1.4736734923596375,0
12.52,1.164963535642894,1.4599010274024313,0
12.53,1.1652368734419298,1.4454955868993498,0
12.54,1.1646743654343397,1.4310732326977835,0
12.55,1.1631638653360687,1.417931265420505,0
12.56,1.1608475427952178,1.4072571174385695,0
12.57,1.1580432084708563,1.4007262880439308,0
12.58,1.1547789969107596,1.3987408383621294,0
12.59,1.1512141780443979,1.4013655434454093,0
12.6,1.1477125067834373,1.408249746203108,0
12.61,1.1434276849857954,1.419004924365496,0
12.62,1.1375631968180806,1.4330290778419184,0
12.63,1.1297584493930464,1.4496107043035515,0
12.64,1.1223467156279348,1.468174939222283,0
12.65,1.1155729135001629,1.488180347739586,0
12.66,1.109590203669658,1.5089345035946446,0
12.67,1.1035159923429247,1.5291071913359586,0
12.68,1.0976878651891422,1.5485425439387417,0
12.69,1.0912059148518303,1.5671315594933715,0
12.7,1.0842066967951967,1.5849011871230514,0
12.71,1.0771569351620602,1.6016047017518344,0
12.72,1.0693449184111474,1.616361308664037,0
12.73,1.0634212221181643,1.6275666018776802,0
12.74,1.0583882480190132,1.6350718715970798,0
12.75,1.0535313573610405,1.6388923331927026,0
12.76,1.0484246094970502,1.6381529686682854,0
12.77,1.043934355682614,1.6339556729251672,0
12.78,1.039743704785639,1.6268133750918474,0
12.79,1.0365888995769499,1.6159327527807956,0
12.8,1.0343936327402292,1.6016461923997227,0
12.81,1.0328540569888198,1.5842794003810823,0
12.82,1.0328620135116169,1.5641802373174605,0
12.83,1.0329702537595307,1.5444979318270347,0
12.84,1.0330657043121363,1.525833405999359,0
12.85,1.033319519795414,1.507051758341444,0
12.86,1.0337038058440484,1.489312734876231,0
12.87,1.0339456436841314,1.4731021222162444,0
12.88,1.0346116506264158,1.458458473078143,0
12.89,1.035652810666584,1.4460711461671878,0
12.9,1.0361496680673088,1.4359470979055662,0
12.91,1.0363848007781387,1.4291462670634132,0
12.92,1.0367142968053413,1.426582819941906,0
12.93,1.0370651105756374,1.4280050474245043,0
12.94,1.037838073614358,1.4309767469081405,0
12.95,1.0385112220754864,1.43582425380334,0
12.96,1.038726757396977,1.4427972613713707,0
12.97,1.0390225611197235,1.4521165677317265,0
12.98,1.0389827060202133,1.4641153752464642,0
12.99,1.0380181841044842,1.478466418152165,0
13.0,1.035987902217181,1.494674484162451,0
13.01,1.0336993488040798,1.5119743855579113,0
13.02,1.0312617478042834,1.5292553060493508,0
13.03,1.0286466854638066,1.5462311457601305,0
13.04,1.0258611405994171,1.564431418821549,0
13.05,1.022865732745066,1.5836821327446169,0
13.06,1.0195483023455476,1.6028096035023376,0
13.07,1.0159462359192635,1.6202484643388697,0
13.08,1.012419939503607,1.6369696639772535,0
13.09,1.00967676602674,1.6518271607551387,0
13.1,1.007793980960026,1.66366680960708,0
13.11,1.0074325662342967,1.672328384782376,0
13.12,1.007464377148508,1.6775167533861115,0
13.13,1.0081207792078013,1.677781117992677,0
13.14,1.0090459317525828,1.6750697272782673,0
13.15,1.0100570373253515,1.6688719097557378,0
13.16,1.0114903518391678,1.6595459387005764,0
13.17,1.0132086324349443,1.6463284011203134,0
13.18,1.0156106320014477,1.630949590998275,0
13.19,1.0181483772322124,1.613811993506276,0
13.2,1.0203402704580766,1.5936968113848373,0
13.21,1.0214766413313214,1.5732030156902495,0
13.22,1.0221398986394212,1.5533500347441533,0
13.23,1.0226045281005502,1.5325822347210762,0
13.24,1.0228435802078337,1.511055920836809,0
13.25,1.022943393196261,1.4907254947024668,0
13.26,1.022943393196261,1.4715980928730328,0
13.27,1.0228435802078337,1.4546282295990816,0
13.28,1.0226045281005502,1.4405317982526533,0
13.29,1.0221398986394212,1.4307280134642264,0
13.3,1.0214766413313217,1.4257403372731845,0
13.31,1.0207265467232902,1.4251145618005314,0
13.32,1.019582689875913,1.4287660559011814,0
13.33,1.0181578594661131,1.4367802409116612,0
13.34,1.016733029056313,1.4486985327866684,0
13.35,1.015308198646513,1.4635383258394796,0
13.36,1.013883368236713,1.4799598103687301,0
13.37,1.0125583508153404,1.4961574673748483,0
13.38,1.0113725725128235,1.5113846636056882,0
13.39,1.0104123715641526,1.523924429235728,0
13.4,1.0096507984624523,1.5332165131928688,0
13.41,1.0089861721043973,1.5397718330374797,0
13.42,1.0087318786857107,1.5426074668155698,0
13.43,1.0088011227548197,1.5419131670960886,0
13.44,1.0089919462467307,1.5376211114325489,0
13.45,1.0092709145317802,1.5298079470239578,0
13.46,1.0101993401593,1.5189410436088353,0
13.47,1.0115699351630147,1.5062020705945085,0
13.48,1.0132990197502445,1.491700113966339,0
13.49,1.01508467701506,1.4759767493463174,0
13.5,1.0171458520341552,1.4594455158987965,0
13.51,1.0192962093012858,1.4425928966593629,0
13.52,1.0215644244933024,1.4265407965229293,0
13.53,1.02396666205619,1.4117740985551428,0
13.54,1.02634447161922,1.398819459640053,0
13.55,1.0284141279973933,1.388033440835051,0
13.56,1.030262794577974,1.3797964982968283,0
13.57,1.0321891490810757,1.374329556601544,0
13.58,1.0338063260797308,1.3729309603687663,0
13.59,1.0350399603157294,1.375475526984556,0
13.6,1.035735734677298,1.3816677262982453,0
13.61,1.036173366747679,1.3912031819944537,0
13.62,1.0361714133847446,1.40361378582882,0
13.63,1.0365223321341832,1.4184653479573572,0
13.64,1.03644061923061,1.4353884480066312,0
13.65,1.035712089757142,1.45410217767286,0
13.66,1.034718098876907,1.4743306522039763,0
13.67,1.033400793157999,1.4951483399533025,0
13.68,1.0324102772532815,1.5151215097600594,0
13.69,1.032254972281525,1.5331026333119213,0
13.7,1.0319321622556303,1.5490137919800602,0
13.71,1.0313337199807118,1.5619903215368511,0
13.72,1.0317153566085926,1.570863588868937,0
13.73,1.032166021383783,1.575611320650365,0
13.74,1.0326715339527466,1.5778044395414377,0
13.75,1.033477748756628,1.5769584808282338,0
13.76,1.0339670791345394,1.5728356849252854,0
13.77,1.0346807387105532,1.5653011573150943,0
13.78,1.0352107156128905,1.5545076839557381,0
13.79,1.035635090143253,1.5406645798627496,0
13.8,1.0368657401464174,1.5243318357450033,0
13.81,1.0381494917750687,1.506772967783635,0
13.82,1.0389639393683625,1.4889660766533042,0
13.83,1.039628296529564,1.4712912333088057,0
13.84,1.0402477609412297,1.4521461511473401,0
13.85,1.040835972540511,1.432268726417986,0
13.86,1.041378644488389,1.4128255890722738,0
13.87,1.0418235896925319,1.3949059256575027,0
13.88,1.0421885392010497,1.3795161284623962,0
13.89,1.0424491856194198,1.3670969014241336,0
13.9,1.0425390408587174,1.3571820028229336,0
13.91,1.0418163562800393,1.3497765796510524,0
13.92,1.0403346481672398,1.3449564975516926,0
13.93,1.0380493885044935,1.3427664832526323,0
13.94,1.0350429797118907,1.3427932931153195,0
13.95,1.0313804224562106,1.344633106383533,0
13.96,1.0276206201084988,1.347461425288523,0
13.97,1.0238111715822236,1.3505280817118894,0
13.98,1.0199873922002802,1.3532768269591415,0
13.99,1.0161625891857893,1.3555103227048027,0
14.0,1.0125045491957274,1.3576723300119165,0
14.01,1.0098776259462472,1.3597409136786507,0
14.02,1.0080879696560556,1.3616265371435852,0
14.03,1.0064793915364956,1.3632415274184366,0
14.04,1.0051914052871542,1.3645420836977384,0
14.05,1.005078255995641,1.3656209296535364,0
14.06,1.0057583732174602,1.3665008646383563,0
14.07,1.0066915105321759,1.3663823353258395,0
14.08,1.0078048342981623,1.3647477789912623,0
14.09,1.0091437091984814,1.3612305589517228,0
14.1,1.0095964590132618,1.3550813417973915,0
14.11,1.0090791710629488,1.3464264322457216,0
14.12,1.0098534026585975,1.3354511962253033,0
14.13,1.012740157554442,1.3218864764128355,0
14.14,1.0154835722578825,1.3058501664194764,0
14.15,1.0171012270559874,1.287224706526165,0
14.16,1.0178565358773324,1.2658704029543237,0
14.17,1.0195886532189065,1.2320601934522675,0
14.18,1.0226511025951415,1.1820412930492468,0
14.19,1.0241385351725087,1.1325143531578712,0
14.2,1.0256665062876893,1.0848373259022819,0
14.21,1.0272260006774188,1.0400389887969868,0
14.22,1.0286126645487867,0.9988008179418186,0
14.23,1.030536217507745,0.9615132700076522,0
14.24,1.0321118972626948,0.9288233611066816,0
14.25,1.0327862506721908,0.9007319250795915,0
14.26,1.0302696884126723,0.8772352075084934,0
14.27,1.0233214713860344,0.8593731500577916,0
14.28,1.013575818315724,0.8465147141059117,0
14.29,0.9987042848774211,0.8376562966974401,0
14.3,0.9703095283275939,0.8317261053608589,0
14.31,0.932428556070925,0.8280678761598758,0
14.32,0.8902316834339182,0.8262281850923172,0
14.33,0.8470143501096666,0.82479245308904,0
14.34,0.8039566731948081,0.8231938223821808,0
14.35,0.7630812759549795,0.8210943166529913,0
14.36,0.7244316733442069,0.8182568196420353,0
14.37,0.6883618795413204,0.8135635728928027,0
14.38,0.6555792663105615,0.8037628393601364,0
14.39,0.6287815562765688,0.7891046656279619,0
14.4,0.6141463064672341,0.7693061649367502,0
14.41,0.6086891694792698,0.7442057400734268,0
14.42,0.6073802179394576,0.7140344735448417,0
14.43,0.6065187367869406,0.6791902967597956,0
14.44,0.6057690936337676,0.6398192688540921,0
14.45,0.6050598270942983,0.5963076126230128,0
14.46,0.6044140674785593,0.5489240079640078,0
14.47,0.6038462775471717,0.4990493957518297,0
14.48,0.6034689882701105,0.45088890508263285,0
14.49,0.6031014781345083,0.4056161655542436,0
14.5,0.6031014781345083,0.36399281839426967,0
14.51,0.6031014781345083,0.32665801443721854,0
14.52,0.6025746051967423,0.2940893933576002,0
14.53,0.6013951036405908,0.2665571895970323,0
14.54,0.599110361425895,0.24412267952836297,0
14.55,0.5951100298613744,0.2267834715451805,0
14.56,0.5888780770162125,0.21453485503699896,0
14.57,0.5796762303171198,0.20679195783931473,0
14.58,0.5668719170085685,0.20241801034003043,0
14.59,0.5500667300851493,0.20024955227699417,0
14.6,0.5294232846511103,0.19953801006275987,0
14.61,0.5060077937399768,0.19971197137312324,0
14.62,0.4808094992359289,0.20037853386209992,0
14.63,0.4540804545505522,0.20098316209685382,0
14.64,0.42615618884894657,0.20127816256641817,0
14.65,0.39761344370084817,0.2010672243233406,0
14.66,0.3693417237264977,0.19975142257720765,0
14.67,0.3425308294386491,0.19660887960659365,0
14.68,0.319122385182033,0.19117311062176448,0
14.69,0.2997508485404076,0.18364286775122943,0
14.7,0.2842485973722198,0.17520771828112225,0
14.71,0.27152197852695104,0.16610765538533548,0
14.72,0.26117902164915724,0.1564244290398863,0
14.73,0.2530907622084201,0.1462925185086656,0
14.74,0.2472053306343219,0.13598156335643125,0
14.75,0.24364660396090232,0.126009849747911,0
14.76,0.24222076868414882,0.11719760159118141,0
14.77,0.24318303997430216,0.11026358531080632,0
14.78,0.24553627133931388,0.10563751395629209,0
14.79,0.24914035847330687,0.1031546957608961,0
14.8,0.2540544975764724,0.10144616127305844,0
14.81,0.26049308399274174,0.10037701409374039,0
14.82,0.2684147428866895,0.09977978297404068,0
14.83,0.27777357858752544,0.0996723281086572,0
14.84,0.28871212826749476,0.10003833014905048,0
14.85,0.3012433368917893,0.10062102538579179,0
14.86,0.31544468221652194,0.10121159936905023,1
14.87,0.3306194100546757,0.10164305331932673,1
14.88,0.34631411184758865,0.10185440463189356,1
14.89,0.3626482779374352,0.10169615717753723,1
14.9,0.379209421115613,0.10130757024842443,1
14.91,0.395700179571688,0.10062043799139993,1
14.92,0.4118160984612158,0.09980993162967587,1
14.93,0.42744150676802767,0.09894008140844793,1
14.94,0.4427166283183279,0.09807304046474634,1
14.95,0.4575077867019218,0.0971901143335775,1
14.96,0.47153344303039807,0.09625531021075512,1
14.97,0.4843303676210804,0.09535908683262813,1
14.98,0.49550546747614194,0.09460579183337663,1
14.99,0.504818929713266,0.09412750382155076,1
15.0,0.5126721130348456,0.09414469149223481,1
15.01,0.5192316958326328,0.09465111910061642,1
15.02,0.5243611446933388,0.09554148556074903,1
15.03,0.527769444092649,0.09667982609683767,1
15.04,0.5288791775053764,0.09808709110885928,1
15.05,0.528013807117896,0.09974912779715449,1
15.06,0.5255114518739779,0.1015874679326346,1
15.07,0.5212473983589742,0.10354017971528659,1
15.08,0.5158593818125055,0.10549124423975266,1
15.09,0.5097183481826674,0.10737449025084361,1
15.1,0.5029142594527304,0.10901809637597343,1
15.11,0.49596378496854615,0.11034978330957358,1
15.12,0.489212290952435,0.11144557180410002,1
15.13,0.4830883091545124,0.11238720332260768,1
15.14,0.4777868439279754,0.11327520317924838,1
15.15,0.4731050298024268,0.11420953483266863,1
15.16,0.4688478658437613,0.11511513098217904,1
15.17,0.4653190895917771,0.11623978693152939,1
15.18,0.46260045067960864,0.1177989572410675,1
15.19,0.4606739030546331,0.11976016495999622,1
15.2,0.45918311256508254,0.12210794629247713,1
15.21,0.45769038686081737,0.12488699429006611,1
15.22,0.4560367962616723,0.12799343378798525,1
15.23,0.4542986327180734,0.13144251575801782,1
15.24,0.45226124738220963,0.13502811158990732,1
15.25,0.44998605193279617,0.13851727258598268,1
15.26,0.4476438041703296,0.1419275354483782,1
15.27,0.44586810859072346,0.14501146241775645,1
15.28,0.44521901510343614,0.1476353616792303,0
15.29,0.445431655355446,0.14986582587961778,0
15.3,0.4466647775036029,0.1517420103885629,0
15.31,0.44878703340877035,0.15323335792824483,0
15.32,0.45145270190254255,0.15440858512955086,0
15.33,0.4530463518790305,0.15525431387238198,0
15.34,0.45391950951604493,0.1559641076347858,0
15.35,0.45412214798652184,0.15671203946785064,0
15.36,0.4535076427061325,0.1577103502886933,0
15.37,0.4513307893268084,0.1592252787336723,0
15.38,0.447041440779252,0.1615709871598572,0
15.39,0.4407657492418785,0.1649393619917422,0
15.4,0.4328018486038624,0.16962472612798712,0
15.41,0.4229217718765216,0.17562609632145776,0
15.42,0.41142124414961406,0.18315572625871443,0
15.43,0.39989005881392975,0.19246677866617445,0
15.44,0.3880253446222961,0.20355343067769255,0
15.45,0.37727474967521313,0.21705671685997413,0
15.46,0.367700173551043,0.23275120120449053,0
15.47,0.35931005693873125,0.24992721764327103,0
15.48,0.35216738035802925,0.26807296688878507,0
15.49,0.3460505771760683,0.28717352571829396,0
15.5,0.3408025767594893,0.30680383341613454,0
15.51,0.3367668668943112,0.3270413366559312,0
15.52,0.334013665446529,0.3471966429891951,0
15.53,0.3347821605736141,0.366911965384057,0
15.54,0.34139703930506393,0.38624939313033063,0
15.55,0.35198498693475105,0.40486705843546306,0
15.56,0.36630843116128664,0.4230021579652634,0
15.57,0.3845014497203918,0.44132916945844447,0
15.58,0.4065877810349233,0.4601051716040363,0
15.59,0.43252501051790787,0.4789340094495292,0
15.6,0.46201870092975816,0.49818914239020484,0
15.61,0.4951181785819466,0.5175331549127411,0
15.62,0.5319082123511739,0.5373183942661607,0
15.63,0.570535415332397,0.5574667795611552,0
15.64,0.6089922903143219,0.5773436226443397,0
15.65,0.6478016864228909,0.5961403368269667,0
15.66,0.6871861541267024,0.6134670326967069,0
15.67,0.7271125825066656,0.6287287180429191,0
15.68,0.7676640850503514,0.6418156267309822,0
15.69,0.8084149222402793,0.6528925569396667,0
15.7,0.8497038461120527,0.6617544995132452,0
15.71,0.8912958974277382,0.6686268564083977,0
15.72,0.9323253417266274,0.6735625186592795,0
15.73,0.9719973336275792,0.6767190569397522,0
15.74,1.0097773498224971,0.6785249499198028,0
15.75,1.0447318726166606,0.6796010959152455,0
15.76,1.076481216365584,0.6804868308087743,0
15.77,1.1047164813840562,0.6813173898383651,0
15.78,1.129444846727223,0.6818376187216574,0
15.79,1.1505260143138856,0.6822496761141907,0
15.8,1.1679760024289052,0.6830169866151014,0
15.81,1.1816799213050018,0.6836233505537878,0
15.82,1.1921928873658139,0.6832880480760563,0
15.83,1.2001517655232372,0.6830645694312557,0
15.84,1.2058680838000901,0.6829945252976714,0
15.85,1.2101173481255156,0.682323745710233,0
15.86,1.2132425707374042,0.6812598023760416,0
15.87,1.2158872448034561,0.6802615324290744,0
15.88,1.2178652268064916,0.6793525184508694,0
15.89,1.2197150625306368,0.6788974588574099,0
15.9,1.221136271046082,0.6797299266127722,0
15.91,1.2224978252592853,0.684461475213599,0
15.92,1.2238035916527998,0.6940249718372135,0
15.93,1.225217310554979,0.7083801810889889,0
15.94,1.2266617289512316,0.7278524624686621,0
15.95,1.227940668955728,0.7523961940337387,0
15.96,1.22910817171195,0.7818295728478365,0
15.97,1.2301366553027901,0.8151068182952629,0
15.98,1.2310547474991351,0.8527313496676439,0
15.99,1.2312966861954053,0.894772378713462,0
16.0,1.2313845890412143,0.9400678561244687,0
16.01,1.2315092008455248,0.9859590741202428,0
16.02,1.231823930633511,1.0303503587742833,0
16.03,1.232134498173794,1.0731119312588189,0
16.04,1.231542815977688,1.1148237204363574,0
16.05,1.2297341342142862,1.1566996272513066,0
16.06,1.2265162965196956,1.1988444946749135,0
16.07,1.2216579541984285,1.2442016729032186,0
16.08,1.2147549055347122,1.2841909985139124,0
16.09,1.2062107930773762,1.3055947619524129,0
16.1,1.1977426551228256,1.3261696462283636,0
16.11,1.1892904355079186,1.3460973468543693,0
16.12,1.180731316712046,1.3665775770273354,0
16.13,1.1721670086274834,1.3854807973422547,0
16.14,1.1643749444314748,1.401441131365251,0
16.15,1.1577977011092955,1.4166465466186196,0
16.16,1.1526016522542204,1.4292903549238838,0
16.17,1.1493142127505518,1.4381170901603821,0
16.18,1.1525104990235762,1.4451346309368678,0
16.19,1.1610160149135236,1.4493273956041668,0
16.2,1.1724643315970757,1.4508407519330524,0
16.21,1.1866163661902303,1.4509574203411835,0
16.22,1.203379511128656,1.4496463819152063,0
16.23,1.2225685981018282,1.4473036888136266,0
16.24,1.2445889335898135,1.4441350052405855,0
16.25,1.269543987961071,1.4390376900877786,0
16.26,1.2967123990162976,1.432343274853402,0
16.27,1.3247232916084684,1.4253293169465187,0
16.28,1.3493675738887045,1.4180543946799615,0
16.29,1.370995970887145,1.4094324972567058,0
16.3,1.389928887380213,1.3994130304209522,0
16.31,1.4061725387770967,1.3894825003942124,0
16.32,1.4194860097344548,1.380598053006916,0
16.33,1.4299592722742016,1.3725425082064768,0
16.34,1.4378455679011959,1.3639329399548303,0
16.35,1.4436598598996475,1.3549000346431805,0
16.36,1.447684675072477,1.3464958126980207,0
16.37,1.4506653983899844,1.3387998759870166,0
16.38,1.4526681256608278,1.3303182774568825,0
16.39,1.4539825642419375,1.3214746273313576,0
16.4,1.4548114621594865,1.3025891314919769,0
16.41,1.455232099164931,1.2858921184354162,0
16.42,1.455474280020438,1.2780277749664692,0
16.43,1.4555207522671698,1.2802414590577722,0
16.44,1.4555207522671698,1.2906033625270974,0
16.45,1.4555207522671698,1.3104023272783396,0
16.46,1.4555207522671698,1.3400658838668562,0
16.47,1.4555207522671698,1.380369759989657,0
16.48,1.4555207522671698,1.4317140690990304,0
16.49,1.4555207522671698,1.493438459596175,0
16.5,1.4555207522671698,1.5496870213980998,0
16.51,1.4555207522671698,1.60571660002105,0
16.52,1.4555207522671698,1.6637952883209945,0
16.53,1.4555207522671698,1.7219280384574995,0
16.54,1.4562346322783182,1.778869158408152,0
16.55,1.458556288754243,1.8327228211967206,0
16.56,1.458556288754243,1.8824797042594175,0
16.57,1.458556288754243,1.9265279511791198,0
16.58,1.458556288754243,1.9640565107355819,0
16.59,1.458556288754243,1.995422190247406,0
16.6,1.458556288754243,2.0,0
16.61,1.4563820328125507,2.0,0
16.62,1.4494157009337958,2.0,0
16.63,1.4398117470929874,2.0,0
16.64,1.430077100272078,2.0,0
16.65,1.4203424534511682,2.0,0
16.66,1.4106078066302583,2.0,0
16.67,1.4008731598093485,2.0,0
16.68,1.3911385129884386,2.0,0
16.69,1.3814038661675287,2.0,0
16.7,1.3716692193466191,2.0,0
16.71,1.3641088284674012,2.0,0
16.72,1.3623843600546306,2.0,0
16.73,1.3641784182360268,2.0,0
16.74,1.3671475816973853,2.0,0
16.75,1.3713840710263971,2.0,0
16.76,1.376792271012511,2.0,0
16.77,1.3834174432938577,2.0,0
16.78,1.3911413418408218,2.0,0
16.79,1.3998078140018524,2.0,0
16.8,1.4097416120305366,2.0,0
16.81,1.4208408972410798,2.0,0
16.82,1.4319973252697629,2.0,0
16.83,1.4426852953437956,2.0,0
16.84,1.452328853117968,1.9948757471750758,0
16.85,1.460705085024487,1.9619697599645682,0
16.86,1.467909606273904,1.9284895917120366,0
16.87,1.4738971552280875,1.8861699349659478,0
16.88,1.4787859779166546,1.81877613142574,0
16.89,1.482732226991155,1.7539274232325401,0
16.9,1.4854111501980016,1.6923527549419335,0
16.91,1.486924586222989,1.636755598626589,0
16.92,1.487337032900453,1.592791629878858,0
16.93,1.487337032900453,1.5607510572308516,0
16.94,1.487337032900453,1.540970400080778,0
16.95,1.487337032900453,1.533211881821674,0
16.96,1.487337032900453,1.539578962806133,0
16.97,1.487337032900453,1.5580893710862025,0
16.98,1.487337032900453,1.5892868388969024,0
16.99,1.487337032900453,1.6331093017878942,0
17.0,1.487337032900453,1.6878990778272311,0
17.01,1.487337032900453,1.7510165462694778,0
17.02,1.487337032900453,1.8160143230779804,0
17.03,1.486228688536733,1.8824170951057873,0
17.04,1.48364820939282,1.9262394402427292,0
17.05,1.479273106297034,1.9610744718950182,0
17.06,1.4728770710587222,1.9954962050500917,0
17.07,1.4646575575742296,2.0,0
17.08,1.454710181054107,2.0,0
17.09,1.443047954219316,2.0,0
17.1,1.4293302832429253,2.0,0
17.11,1.4132850325256754,2.0,0
17.12,1.3967854681156906,2.0,0
17.13,1.381394248069426,2.0,0
17.14,1.3674751628033548,2.0,0
17.15,1.3553507014891562,2.0,0
17.16,1.3452471723174833,2.0,0
17.17,1.3369671213919914,2.0,0
17.18,1.3304149335021298,2.0,0
17.19,1.3255775959269362,2.0,0
17.2,1.3230859427478543,2.0,0
17.21,1.3260149365053717,2.0,0
17.22,1.3319640130671448,2.0,0
17.23,1.3399685337705178,2.0,0
17.24,1.3497699415076698,2.0,0
17.25,1.3611555065793886,2.0,0
17.26,1.373748425848237,2.0,0
17.27,1.3873427588607226,2.0,0
17.28,1.4009370918732078,2.0,0
17.29,1.414531424885693,2.0,0
17.3,1.4278355176436666,2.0,0
17.31,1.4380465432059,2.0,0
17.32,1.4456917996566119,2.0,0
17.33,1.451281611965724,2.0,0
17.34,1.4550745372410572,1.9830235644904095,0
17.35,1.457283305181824,1.9520402023588204,0
17.36,1.4582847189254604,1.924955927092816,0
17.37,1.4582847189254604,1.9028530153215628,0
17.38,1.4582847189254604,1.8709795011333639,0
17.39,1.4582847189254604,1.8489894102816764,0
17.4,1.4582847189254604,1.836076585278821,0
17.41,1.4582847189254604,1.8333663562940308,0
17.42,1.4582847189254604,1.8420786204200643,0
17.43,1.4582847189254604,1.8635373794692693,0
17.44,1.4582847189254604,1.898427466663695,0
17.45,1.4582847189254604,1.9222390304894457,0
17.46,1.4582847189254604,1.945027861006411,0
17.47,1.4582847189254604,1.9673764079938187,0
17.48,1.4582847189254604,1.9887899548961319,0
17.49,1.4582847189254604,2.0,0
17.5,1.4582847189254604,2.0,0
17.51,1.4582847189254604,2.0,0
17.52,1.4582847189254604,2.0,0
17.53,1.4582847189254604,2.0,0
17.54,1.4582847189254604,2.0,0
17.55,1.4579373358528092,2.0,0
17.56,1.4573025413780292,2.0,0
17.57,1.456253037143879,2.0,0
17.58,1.4543916522757638,2.0,0
17.59,1.4517319652651222,2.0,0
17.6,1.4478321093697062,2.0,0
17.61,1.4420720001471279,2.0,0
17.62,1.4330338167829504,2.0,0
17.63,1.4214225092910564,2.0,0
17.64,1.4097376516372002,2.0,0
17.65,1.3984001770559955,2.0,0
17.66,1.3873501138769186,2.0,0
17.67,1.3767147604572127,2.0,0
17.68,1.366891287671472,2.0,0
17.69,1.357866117028257,2.0,0
17.7,1.3500811152698171,2.0,0
17.71,1.3441563668385392,2.0,0
17.72,1.3432686729607055,2.0,0
17.73,1.3468664074216008,2.0,0
17.74,1.352481113631685,2.0,0
17.75,1.3597965258945213,2.0,0
17.76,1.3681885993743865,2.0,0
17.77,1.3772120727061712,2.0,0
17.78,1.386235546037956,2.0,0
17.79,1.395259019369741,2.0,0
17.8,1.4042824927015258,2.0,0
17.81,1.4133059660333105,2.0,0
17.82,1.4205704589532504,1.9946070099404343,0
17.83,1.4259226476621778,1.9600889908787849,0
17.84,1.4293314147838787,1.9249079203253998,0
17.85,1.4310394758528266,1.8746894027440202,0
17.86,1.431670875704747,1.807420859663425,0
17.87,1.431670875704747,1.747949331203558,0
17.88,1.431670875704747,1.697948337228464,0
17.89,1.431670875704747,1.6591617242494678,0
17.9,1.431670875704747,1.6322295263956386,0
17.91,1.431670875704747,1.6174699556873862,0
17.92,1.431670875704747,1.6153255074672583,0
17.93,1.431670875704747,1.626531701530656,0
17.94,1.431670875704747,1.6516453115888459,0
17.95,1.431670875704747,1.6903529529141186,0
17.96,1.431670875704747,1.73803689570421,0
17.97,1.431670875704747,1.7888213787494234,0
17.98,1.431670875704747,1.8413326479787764,0
17.99,1.431288980633021,1.8940466310600517,0
18.0,1.4291605520999358,1.9241660317132654,0
18.01,1.4247894093974864,1.9488946896069963,0
18.02,1.4182847462276615,1.9720710081037098,0
18.03,1.4096437337380794,1.9933254156167335,0
18.04,1.3986757072781142,2.0,0
18.05,1.3846851792474129,2.0,0
18.06,1.3570930202074059,2.0,0
18.07,1.324513444496516,2.0,0
18.08,1.2964884131410763,2.0,0
18.09,1.2753937520260836,2.0,0
18.1,1.2603557796925544,2.0,0
18.11,1.247741907664398,2.0,0
18.12,1.2364620119723622,2.0,0
18.13,1.2270590409834612,2.0,0
18.14,1.219751647063899,2.0,0
18.15,1.216170750124955,2.0,0
18.16,1.2188954857200136,2.0,0
18.17,1.225489999250268,2.0,0
18.18,1.2298251282678132,2.0,0
18.19,1.2328688421170602,2.0,0
18.2,1.2381011113019782,2.0,0
18.21,1.2437266781089016,2.0,0
18.22,1.247611144877567,1.985881741672762,0
18.23,1.2519095819264918,1.9385117876841194,0
18.24,1.256816187858354,1.882927586305579,0
18.25,1.2592082391728987,1.8215576472462092,0
18.26,1.259891039735019,1.7322740109092827,0
18.27,1.2583950583490309,1.6454237219137835,0
18.28,1.2564505702910276,1.5633270502729208,0
18.29,1.2550389351709614,1.486710153654801,0
18.3,1.254229807063163,1.419264054172515,0
18.31,1.2530465384272946,1.3653094836522688,0
18.32,1.2519467429536135,1.3342019754962724,0
18.33,1.251438232231553,1.3234522893917544,0
18.34,1.2512164765891403,1.3206748859792519,0
18.35,1.2507417230942142,1.3199543834597376,0
18.36,1.2500342117106038,1.3244760335643655,0
18.37,1.2493222517021036,1.3316446319482107,0
18.38,1.2487400789253864,1.3426445749430038,0
18.39,1.2484068883784558,1.3595353156687793,0
18.4,1.2480016126169857,1.370284349641192,0
18.41,1.2474013251005536,1.3806506904202596,0
18.42,1.2469285129469418,1.3908091979302686,0
18.43,1.246637030937624,1.3982960298217029,0
18.44,1.246251275606916,1.4133721554064238,0
18.45,1.2458525756508183,1.4277191524502746,0
18.46,1.245669604440296,1.4398678865781511,0
18.47,1.245489511847268,1.4597197751053657,0
18.48,1.2453665564273964,1.471327940066266,0
18.49,1.2451906101805452,1.4759883056603402,0
18.5,1.244628955945102,1.4883357177802263,0
18.51,1.243490853195201,1.500102598429479,0
18.52,1.2417984933493635,1.5113263138874773,0
18.53,1.2373677423956038,1.5212963927704544,0
18.54,1.2268851170369974,1.5296131891859666,0
18.55,1.212255198209104,1.5376283509676563,0
18.56,1.200226473313202,1.5447895802053142,0
18.57,1.1891737050532507,1.549519737215909,0
18.58,1.1784401537256934,1.552270978532166,0
18.59,1.1674531376569572,1.5543869205023042,0
18.6,1.1566207650143978,1.5548846952858546,0
18.61,1.146244555828068,1.555180247912058,0
18.62,1.1361198638009988,1.5550513305789353,0
18.63,1.126810624208829,1.5542900418078787,0
18.64,1.1182576241150994,1.552174312988982,0
18.65,1.1107581792505035,1.5486712447072908,0
18.66,1.1044644720958363,1.5465703046529258,0
18.67,1.102258119762795,1.5418261166374574,0
18.68,1.1005495224633037,1.5344943740815076,0
18.69,1.0991280732832418,1.5246158103755516,0
18.7,1.0978109615863234,1.5122422092800993,0
18.71,1.0959773286870405,1.4976094311533303,0
18.72,1.0941301161148365,1.482018703992325,0
18.73,1.0924956942975272,1.4662728389996968,0
18.74,1.0913567511436963,1.4500232504520008,0
18.75,1.0904433215143745,1.4320579022679494,0
18.76,1.0898525805025945,1.4013478813641191,0
18.77,1.0894941907326303,1.3713393264995792,0
18.78,1.089150938463961,1.3481502101498282,0
18.79,1.088610184579942,1.330558861871054,0
18.8,1.0883475979259016,1.3215077341563288,0
18.81,1.0882314040154746,1.3181102285715622,0
18.82,1.088024328873674,1.3172116252936394,0
18.83,1.087247838173291,1.3180128835848504,0
18.84,1.0865578228215333,1.3211050361769043,0
18.85,1.0860898500199945,1.3293100042589772,0
18.86,1.0860898500199945,1.3409486694648942,0
18.87,1.0860898500199945,1.35468740568268,0
18.88,1.0860898500199945,1.3664688874872244,0
18.89,1.0860033065764774,1.3756149821459986,0
18.9,1.0855589490126871,1.3852238304195865,0
18.91,1.0848534428123193,1.396465127177055,0
18.92,1.0840634175764696,1.4038956591419707,0
18.93,1.0831939343252268,1.409346616034653,0
18.94,1.0823072436056824,1.4151180073767788,0
18.95,1.081337552156683,1.420289899915298,0
18.96,1.080294982018406,1.4242466921299215,0
18.97,1.0787260657909017,1.4272171561009566,0
18.98,1.0760290481856207,1.4265267369393189,0
18.99,1.0715687711814286,1.4247246316518565,0
19.0,1.0672998007365904,1.4259124914360124,0
19.01,1.0632919789283302,1.4262849698182793,0
19.02,1.059359060217383,1.4252672896507605,0
19.03,1.0554210804863473,1.4248425772865507,0
19.04,1.0512831904618067,1.4252699604033,0
19.05,1.0471731360477543,1.425526739841805,0
19.06,1.0427361397359705,1.4257497562517165,0
19.07,1.0385764873250483,1.4259748197734994,0
19.08,1.034998346122321,1.4260258048688221,0
19.09,1.0332700077620218,1.4252418894011194,0
19.1,1.0317081769626417,1.4225310652022598,0
19.11,1.0301463461632614,1.4176329609036264,0
19.12,1.02859413130205,1.4119770157446492,0
19.13,1.02712643547632,1.4074336175315698,0
19.14,1.0258758574123967,1.40446699055697,0
19.15,1.02468044446744,1.4029950123635677,0
19.16,1.0238848521094928,1.4015611066027378,0
19.17,1.0233382619399105,1.3999931067868854,0
19.18,1.0233382619399105,1.3985936797354737,0
19.19,1.0233382619399105,1.3981035237235218,0
19.2,1.0233382619399105,1.399779810024928,0
19.21,1.0233382619399105,1.4038710853162983,0
19.22,1.0233382619399105,1.4089981351645149,0
19.23,1.0233382619399105,1.413028562722101,0
19.24,1.0233382619399105,1.4153079298817435,0
19.25,1.0233382619399105,1.4158516239959973,0
19.26,1.0233382619399105,1.4164161065724823,0
19.27,1.0233382619399105,1.4171311172286432,0
19.28,1.0233382619399105,1.4180195479509785,0
19.29,1.0233382619399105,1.418520276246253,0
19.3,1.0233382619399105,1.4184498277392414,0
19.31,1.0233382619399105,1.4150129952067383,0
19.32,1.0233382619399105,1.4109876400051478,0
19.33,1.0233382619399105,1.4090199387417834,0
19.34,1.0233382619399105,1.4075887009034111,0
19.35,1.0236024471885419,1.4064284597828587,0
19.36,1.023995688449436,1.4045798516992587,0
19.37,1.0244172714228266,1.4016771972238642,0
19.38,1.024842903212288,1.398152936933954,0
19.39,1.0252685350017496,1.3957226662943993,0
19.4,1.0256941667912116,1.394431798246413,0
19.41,1.0261197985806731,1.3912523461865027,0
19.42,1.0265454303701347,1.3879756491473287,0
19.43,1.0270424225428474,1.3873359830781864,0
19.44,1.0286239913205735,1.3863701782143856,0
19.45,1.030861974403807,1.3846895384836715,0
19.46,1.0332988555765277,1.3837201805976092,0
19.47,1.035707395036751,1.3818556749201742,0
19.48,1.0381118856809035,1.3796646540706032,0
19.49,1.0405163763250562,1.3788015777575595,0
19.5,1.042920866969209,1.3779914023201305,0
19.51,1.0453253576133614,1.376713415552673,0
19.52,1.0477298482575141,1.3743339275157613,0
19.53,1.0500629785184155,1.3703660730314464,0
19.54,1.0513115321743034,1.3658719233066203,0
19.55,1.051639486276053,1.3619496139103802,0
19.56,1.051639486276053,1.3576948335208834,0
19.57,1.051639486276053,1.3529891002287544,0
19.58,1.051639486276053,1.3474770988112492,0
19.59,1.051639486276053,1.336980265524421,0
19.6,1.051639486276053,1.327381928707415,0
19.61,1.051639486276053,1.320196554689625,0
19.62,1.051639486276053,1.3184395044284767,0
19.63,1.051639486276053,1.3223012635894336,0
19.64,1.051639486276053,1.3295854060109973,0
19.65,1.051639486276053,1.3380938797597342,0
19.66,1.051639486276053,1.3488279836321513,0
19.67,1.051639486276053,1.3559567086702096,0
19.68,1.051639486276053,1.3642051875809982,0
19.69,1.051639486276053,1.3729608431501263,0
19.7,1.051639486276053,1.3814032764967756,0
19.71,1.051639486276053,1.388812766246469,0
19.72,1.051639486276053,1.394686613725331,0
19.73,1.051639486276053,1.3990369535670426,0
19.74,1.051639486276053,1.4020369389289091,0
19.75,1.051639486276053,1.4036885488532664,0
19.76,1.051639486276053,1.4041355967798894,0
19.77,1.0506338615844235,1.4035772101066826,0
19.78,1.0482384807764304,1.4023799873876335,0
19.79,1.044379452958779,1.400827479315974,0
19.8,1.0390071801345988,1.3992713704969095,0
19.81,1.0318524160351703,1.3979595810705134,0
19.82,1.023209205927648,1.3970026209432613,0
19.83,1.0142431027384653,1.3964245657254535,0
19.84,1.005220822226298,1.3961978307038079,0
19.85,0.9960305158471847,1.3963172334155554,0
19.86,0.9866853422533567,1.3967613042301001,0
19.87,0.978171188158097,1.3974692481735875,0
19.88,0.970824105295297,1.3984513044574034,0
19.89,0.9646719292754447,1.3996951630220187,0
19.9,0.9599418999005235,1.4012171820520547,0
19.91,0.9563814722681065,1.403218372096825,0
19.92,0.954309490643783,1.40493316889539,0
19.93,0.9525604021011201,1.4056601035207914,0
19.94,0.9508674908814421,1.4065007383676844,0
19.95,0.9493426055287096,1.405783326253504,0
19.96,0.9479725873906921,1.4039243096679235,0
19.97,0.9467771744457357,1.4026247310940658,0
19.98,0.945804446384683,1.4002330130797782,0
19.99,0.9451004584903415,1.3968453638439822,0
20.0,0.944487568957597,1.3946229202157066,0
20.01,0.944487568957597,1.3920037162563064,0
20.02,0.944487568957597,1.387552053382715,0
20.03,0.944487568957597,1.384566016084587,0
20.04,0.944487568957597,1.381812560556555,0
20.05,0.944487568957597,1.37807648830259,0
20.06,0.944487568957597,1.3730948713031474,0
20.07,0.944487568957597,1.3663623755083634,0
20.08,0.944487568957597,1.3517132824156874,0
20.09,0.9448945283759689,1.336053748398696,0
20.1,0.9454291750721463,1.320316093576481,0
20.11,0.9459809616551514,1.3044590513378282,0
20.12,0.9461698342229229,1.2885603249802415,0
20.13,0.946349911310714,1.2725971397398537,0
20.14,0.9464509560852183,1.2572685556424907,0
20.15,0.9469652974468349,1.2430084062800886,0
20.16,0.9474480583531305,1.231261313210934,0
20.17,0.9477597219623305,1.2215398957639276,0
20.18,0.9478750688708047,1.2144166937287908,0
20.19,0.9474045422062093,1.2089902290617165,0
20.2,0.946393697040569,1.2047349838648926,0
20.21,0.9446359962807908,1.2015331019562063,0
20.22,0.941790510689737,1.199287338081217,0
20.23,0.9365239573127063,1.1978617535908813,0
20.24,0.9276441739655521,1.1969971088171405,0
20.25,0.9171497725224177,1.1966144512880732,0
20.26,0.9067038370357835,1.1965983878507915,0
20.27,0.8963847664973137,1.196928602019448,0
20.28,0.8861287133526163,1.1977392284027037,0
20.29,0.8762262159998471,1.199389018657735,0
20.3,0.8670724338998437,1.202320430045937,0
20.31,0.8590989385182751,1.2067200218416645,0
20.32,0.8519820452369705,1.2125335965599466,0
20.33,0.8463972575178462,1.2175354899670943,0
20.34,0.8439469626986109,1.2199748348421773,0
20.35,0.8428065160347874,1.2202628099004265,0
20.36,0.8418041964094911,1.2200995557446512,0
20.37,0.8408809532300429,1.2194609972198691,0
20.38,0.8399803033208371,1.216504603137911,0
20.39,0.8391227860184572,1.209369852395105,0
20.4,0.838533307058498,1.19756746259912,0
20.41,0.8380424169141418,1.1801982655971566,0
20.42,0.837707112244409,1.157524712597235,0
20.43,0.837707112244409,1.131341882309712,0
20.44,0.837707112244409,1.1031291033012303,0
20.45,0.837707112244409,1.0725187036764015,0
20.46,0.837707112244409,1.0389825555650218,0
20.47,0.837707112244409,1.0033188950618461,0
20.48,0.837707112244409,0.96675687671988,0
20.49,0.837707112244409,0.9308026144754896,0
20.5,0.837707112244409,0.8973385858143261,0
20.51,0.837707112244409,0.8677768406517146,0
20.52,0.837707112244409,0.8426717987464654,0
20.53,0.837707112244409,0.8224135851417779,0
20.54,0.8369409949898278,0.806896707052215,0
20.55,0.8348357129899737,0.7958379632836314,0
20.56,0.8312285831033079,0.7885703306681107,0
20.57,0.8259098299580838,0.784728117483018,0
20.58,0.8187762071971666,0.7835550963421648,0
20.59,0.8114478794707,0.7844028488442834,0
20.6,0.8040191187121067,0.7862058386594777,0
20.61,0.7967065263252644,0.7881269546483707,0
20.62,0.7894768872252387,0.789812151860177,0
20.63,0.782417614509767,0.7910247410173724,0
20.64,0.7760164515066937,0.7915178894860712,0
20.65,0.7708210244292879,0.7912691728846531,0
20.66,0.7672202452715424,0.7900370197500635,0
20.67,0.765794002509108,0.787763635379147,0
20.68,0.7666675330086012,0.7844806608104168,0
20.69,0.7678236615872014,0.7802678843740782,0
20.7,0.7688630973998662,0.774971824682288,0
20.71,0.7698908666124274,0.7685555255884365,0
20.72,0.7712317891983196,0.7604938731440603,0
20.73,0.7726540490814554,0.7507889677834101,0
20.74,0.7746749093917854,0.739877583769915,0
20.75,0.776501204458775,0.7282173509569118,0
20.76,0.7775414720133111,0.7166275040756062,0
20.77,0.7786677370186762,0.7055965685617188,0
20.78,0.7800870499305209,0.6949275534718444,0
20.79,0.7811296548605711,0.6856113977381207,0
20.8,0.781567440526798,0.6769406447836888,0
20.81,0.7826160004499737,0.6690411456208416,0
20.82,0.7838338123162756,0.6626071677937778,0
20.83,0.7844973597983605,0.6585160565839544,0
20.84,0.785232855553832,0.656637468475047,0
20.85,0.7864769769539796,0.6576876027756097,0
20.86,0.7873542837140757,0.6604500399321993,0
20.87,0.7875711810125877,0.6652118512302011,0
20.88,0.7884391610513083,0.6720600088561014,0
20.89,0.7892132009816564,0.6805529727966267,0
20.9,0.7898787715210346,0.690858461229803,0
20.91,0.7919059195770397,0.702850510528518,0
20.92,0.7947674856256896,0.7164395411972381,0
20.93,0.7975605591353615,0.7304999735664339,0
20.94,0.8006147555835518,0.744549219672608,0
20.95,0.8035134738761381,0.7576327157982283,0
20.96,0.8055049459951449,0.7693665092415284,0
20.97,0.8068464267725788,0.779419808907395,0
20.98,0.8080726780930001,0.7875423985180768,0
20.99,0.809320338822931,0.7941858591762337,0
21.0,0.8105695055669973,0.7993935924901695,0
21.01,0.811818698794905,0.8033884789339664,0
21.02,0.8133273180022198,0.8060552441884178,0
21.03,0.8164779130959956,0.8075556032919091,0
21.04,0.8202787581628176,0.8084618847626651,0
21.05,0.824561240053168,0.808690444771774,0
21.06,0.8291025827223203,0.8086502595320986,0
21.07,0.833593340463057,0.808380637004167,0
21.08,0.8380388946507412,0.8076228822433636,0
21.09,0.8424607707868266,0.806049241922832,0
21.1,0.8468821087853757,0.8032633717000219,0
21.11,0.8513034467839248,0.7989679744257897,0
21.12,0.8554616355272049,0.7939712945846563,0
21.13,0.8579263054436307,0.789926722451596,0
21.14,0.8593265393131809,0.7867593897538808,0
21.15,0.8599932917207032,0.784198078587329,0
21.16,0.8602236145862555,0.7812524130674674,0
21.17,0.8602236145862555,0.77815022833642,0
21.18,0.8602407515060139,0.7754524061248391,0
21.19,0.8603459004075024,0.7736645799852343,0
21.2,0.8605737717526192,0.7736163262622897,0
21.21,0.860870415983244,0.7755891540911236,0
21.22,0.8611999450040078,0.7783645661762421,0
21.23,0.8615490813684905,0.7807777569807283,0
21.24,0.8619186016897512,0.7829735395540682,0
21.25,0.8623196879555141,0.7853765947656888,0
21.26,0.8628410482158626,0.7888126031949377,0
21.27,0.8636947421682364,0.7931215979625963,0
21.28,0.8651327618435077,0.7981748620624652,0
21.29,0.8668963737804002,0.8040120733237004,0
21.3,0.8685785745646757,0.8103875899879951,0
21.31,0.8702017143328443,0.8166970414579595,0
21.32,0.8718195912994672,0.822930413579747,0
21.33,0.8734151607332349,0.8284674626324607,0
21.34,0.874199987300873,0.8331153408923438,0
21.35,0.874199987300873,0.836882173442714,0
21.36,0.874199987300873,0.8400376963462822,0
21.37,0.874199987300873,0.8426277335069463,0
21.38,0.874199987300873,0.8444529043008485,0
21.39,0.874199987300873,0.8457218179884617,0
21.4,0.8736328718523139,0.8463451907972112,0
21.41,0.8721683249176544,0.8467095731540971,0
21.42,0.8695082964299085,0.8467886652556404,0
21.43,0.8650572331359605,0.846753790067017,0
21.44,0.8602288220507821,0.8471160781705791,0
21.45,0.8552904879133758,0.8477503794973797,0
21.46,0.8501946520891949,0.848614272972207,0
21.47,0.8448707669477051,0.8495193790971627,0
21.48,0.8390360950859124,0.8501639427902018,0
21.49,0.8330832969590388,0.850854875629406,0
21.5,0.8271589366367217,0.8518022533360761,0
21.51,0.8220483350294058,0.8528594198850032,0
21.52,0.8176579755105687,0.8541458160972162,0
21.53,0.8146796623641329,0.8559144866449755,0
21.54,0.8120786970089277,0.8577270610634841,0
21.55,0.8096507796287663,0.8590481816449552,0
21.56,0.8073854562409554,0.8594458385518863,0
21.57,0.8054094253879738,0.8587477910760937,0
21.58,0.8040476223485202,0.8573646258125225,0
21.59,0.8030281055173879,0.8553100776200506,0
21.6,0.8025353922481322,0.8525743736169853,0
21.61,0.8018834936033298,0.8491165605480188,0
21.62,0.8019641201591449,0.8449126345491366,0
21.63,0.8025000057282236,0.8396690849598739,0
21.64,0.8029620974429583,0.8347070913434812,0
21.65,0.803278366708311,0.828593635933831,0
21.66,0.8037418050808981,0.8230009834377111,0
21.67,0.8044621090950093,0.8181079107389668,0
21.68,0.8048375941130476,0.8136567262076876,0
21.69,0.8050110647690712,0.809159249995789,0
21.7,0.8055677315845372,0.8040296529037089,0
21.71,0.8061731350539336,0.7983287220350809,0
21.72,0.8066423942241738,0.7919700153470225,0
21.73,0.8069796342857438,0.7851736405569528,0
21.74,0.8072621945158973,0.7780515273737413,0
21.75,0.8075676298127418,0.7708039735812774,0
21.76,0.8077615026373444,0.7636719434832109,0
21.77,0.8080675052536085,0.7568603755016599,0
21.78,0.8085065902197752,0.7504686825262139,0
21.79,0.8088065736981769,0.7447485343493296,0
21.8,0.8085650983119821,0.7408330355378854,0
21.81,0.8074393941846685,0.7374011588953766,0
21.82,0.804789085528912,0.7356069790357245,0
21.83,0.7995907739325351,0.7352411797293419,0
21.84,0.790473226300706,0.7351298454759241,0
21.85,0.7806080161074276,0.7351323283041653,0
21.86,0.770691834042423,0.7352861122993102,0
21.87,0.7606180250359582,0.7354715229801013,0
21.88,0.7504353675523815,0.7366332992503793,0
21.89,0.7399323448577477,0.7376305441270488,0
21.9,0.7297836106920533,0.73777575366158,0
21.91,0.7202903181290479,0.7377554311056379,0
21.92,0.7117453922800446,0.7367085672755136,0
21.93,0.705685402342747,0.7344604519419098,0
21.94,0.7034485160744384,0.7303977888461372,0
21.95,0.701865173970616,0.7251686842823392,0
21.96,0.7003649905907339,0.7211140319363702,0
21.97,0.6990649425398013,0.7175198446068933,0
21.98,0.6978214424211482,0.7136509179125472,0
21.99,0.6968712154022577,0.7094376786235117,0
22.0,0.696142744980541,0.7043654296897311,0
22.01,0.6956249433261399,0.6982497699541802,0
22.02,0.6954674961421463,0.691917543484707,0
22.03,0.6954674961421463,0.6863218508032161,0
22.04,0.6954674961421463,0.6807426033020817,0
22.05,0.6954674961421463,0.6741322179767174,0
22.06,0.6954674961421463,0.6647751251413437,0
22.07,0.6954674961421463,0.6533622096420079,0
22.08,0.6954674961421463,0.6404807901407241,0
22.09,0.6954674961421463,0.6265193469303934,0
22.1,0.6954674961421463,0.6118633305996466,0
22.11,0.695489424010466,0.5969022167065547,0
22.12,0.6970400231058437,0.5819610081168782,0
22.13,0.7001375840340233,0.5677433329125863,0
22.14,0.7033162044426907,0.5547209516633683,0
22.15,0.7065960434032866,0.5430914830506287,0
22.16,0.709800039267976,0.5329160724586084,0
22.17,0.7126824202334555,0.5240736439277844,0
22.18,0.7151634296294258,0.5167955770953544,0
22.19,0.7171824282255422,0.5111269808915573,0
22.2,0.7186599122481014,0.5071923122502456,0
22.21,0.7182167955231185,0.5045351201218577,0
22.22,0.7156421050447198,0.5027869368494261,0
22.23,0.7105119538983008,0.5015340687557247,0
22.24,0.7023574440213288,0.5005845272378142,0
22.25,0.6911542364950748,0.49979745788027863,0
22.26,0.6766738982278686,0.4991204921716333,0
22.27,0.6589592564305555,0.49975778562026185,0
22.28,0.6379568225124315,0.500784064824444,0
22.29,0.6134787498680786,0.5014116403022427,0
22.3,0.5884486244034473,0.5018077436341392,0
22.31,0.5647564634027128,0.5020404436166532,0
22.32,0.5428636047694835,0.5017999395239495,0
22.33,0.5234602234978375,0.5001393213597701,0
22.34,0.5070397139188261,0.4969721093016638,0
22.35,0.49360207603244877,0.49217475312777,0
22.36,0.4833706356938132,0.486146931364204,0
22.37,0.47628768596361504,0.478504940180621,0
22.38,0.4724547910550298,0.46892856470379835,0
22.39,0.47282238425839757,0.45743847081683525,0
22.4,0.47438047161961105,0.44428489052419745,0
22.41,0.4766246944891516,0.42972715382086357,0
22.42,0.4794996542052871,0.41413297668117216,0
22.43,0.4830365125152418,0.398777596116636,0
22.44,0.4873645329630572,0.38362906679359443,0
22.45,0.49240754238885165,0.36741962092008706,0
22.46,0.49835078006779177,0.3498745459052137,0
22.47,0.5051134188583379,0.3305598452643356,0
22.48,0.5128972746277027,0.30999655067883364,0
22.49,0.5209603938414714,0.28939392866980745,0
22.5,0.529465407571191,0.26949760961291513,0
22.51,0.5387852388632202,0.25089797641765144,0
22.52,0.5488005203334219,0.2339975078883496,0
22.53,0.5599943966441748,0.2190877409420264,0
22.54,0.5722951928591921,0.20613926436291852,0
22.55,0.5852055858350255,0.19573524189746136,0
22.56,0.5981955511295812,0.18768796778392788,0
22.57,0.6112265407054963,0.18207699790459417,0
22.58,0.6236545535666479,0.17865391106810502,0
22.59,0.635337182168935,0.17697602106165602,0
22.6,0.646271768401357,0.1764160591244818,0
22.61,0.6559485324769511,0.1764737123967771,0
22.62,0.6641690847160789,0.17685414898544205,0
22.63,0.6699298152645006,0.17731034503063045,0
22.64,0.6723705776947078,0.17797126070844257,0
22.65,0.6715042544509293,0.17867784482429694,0
22.66,0.6669417496576143,0.1795187591374924,0
22.67,0.6583088748708285,0.18046227066442203,0
22.68,0.6460554831497297,0.18150176693580206,0
22.69,0.63062452153504,0.18281377975417168,0
22.7,0.6124680863107753,0.18487906009771027,0
22.71,0.5919153761907966,0.18774030439927644,0
22.72,0.5699233674166783,0.19078854805277165,0
22.73,0.5472129638262015,0.19365853819553838,0
22.74,0.525424653478582,0.19568044756809957,0
22.75,0.5056070551285816,0.19625603098661307,0
22.76,0.488792740392867,0.19463494495131728,0
22.77,0.47597169425239055,0.19065344541941143,0
22.78,0.4666816356904856,0.1845304365502828,0
22.79,0.46050595631429486,0.1762853819555866,0
22.8,0.456697847004771,0.16601543400468502,0
22.81,0.4551567045500091,0.15361680108089912,0
22.82,0.4550777032547709,0.13922572830454694,0
22.83,0.4562923781888111,0.12423085397874752,0
22.84,0.45808786562601506,0.11023212749063521,0
22.85,0.45989222487790454,0.09806972689093241,0
22.86,0.4613122081667026,0.08846481464578268,0
22.87,0.46156818122396903,0.08132855544138505,0
22.88,0.46008362652632506,0.0762186227488885,0
22.89,0.45724849605231466,0.072677348573514,0
22.9,0.45451188121826325,0.07042049441979094,0
22.91,0.45183013585456866,0.06927979170415528,0
22.92,0.4498779050399378,0.06875618491127283,0
22.93,0.448510532897975,0.06849886662548257,0
22.94,0.4472878166324077,0.06826082693042604,0
22.95,0.4461860626083091,0.06797290589822261,0
22.96,0.44547650059392074,0.06755571517738056,0
22.97,0.4448573485022796,0.06706525725075821,0
22.98,0.444069846899316,0.06654805850379912,0
22.99,0.4429150939549862,0.06605828681380511,0
23.0,0.44069288040553095,0.0656262698161891,0
23.01,0.43771309405512504,0.06522976800045734,0
23.02,0.43321878561952637,0.06486861902251209,0
23.03,0.4274718321163474,0.06457003742617383,0
23.04,0.42103776320028996,0.06437508746157564,0
23.05,0.41443035663924105,0.06431117590490483,0
23.06,0.40751805040768624,0.06432632510233985,0
23.07,0.40038876036153814,0.06437974138445682,0
23.08,0.3934303138935469,0.06448112161500581,0
23.09,0.3864120098215298,0.06448642841989556,0
23.1,0.37966431200104567,0.06438430715700957,0
23.11,0.37267781335150885,0.06423432338381388,0
23.12,0.3661967117959914,0.06399691276559501,0
23.13,0.3599269946605575,0.06367703161652077,0
23.14,0.35352364840385603,0.06330933656614655,0
23.15,0.3471133503593087,0.06282798023078137,0
23.16,0.3406848428947902,0.06232304359714058,0
23.17,0.33451165650532283,0.0617965434376493,0
23.18,0.32833407445846746,0.06115493716891371,0
23.19,0.3229296039219203,0.06056159806925046,0
23.2,0.3180414845629803,0.05981867683416125,0
23.21,0.3137494693361995,0.058977259765101375,0
23.22,0.3096435409661273,0.05807017125712293,0
23.23,0.30529753240033725,0.05698536078690447,0
23.24,0.3011998556989239,0.05581508451152605,0
23.25,0.29700277505538714,0.05460531805416101,0
23.26,0.2923657593455533,0.053443180521886964,0
23.27,0.28814099912890556,0.0523923186893752,0
23.28,0.28413488754167116,0.0516730229105875,0
23.29,0.27982691341438726,0.0512312869500511,0
23.3,0.2750249180501001,0.05131314232237058,0
23.31,0.26940984448855343,0.05209756655837109,0
23.32,0.2636340302747986,0.05370180148417699,0
23.33,0.25758330260402673,0.056760033660804836,0
23.34,0.2512667439900601,0.0616287908214862,0
23.35,0.24540739785250648,0.06844045958255746,0
23.36,0.24045451992663083,0.07742613389654579,0
23.37,0.23605341215968675,0.08839097155908061,0
23.38,0.23197157588967462,0.10095480102151076,0
23.39,0.22845586921305222,0.11496593253957238,0
23.4,0.22562002308727178,0.1302484667868411,0
23.41,0.22342518314430965,0.14657474146132246,0
23.42,0.22188112001281032,0.16362666944647994,0
23.43,0.22267367772552885,0.18105905482123708,0
23.44,0.22791532677764764,0.1988497534835644,0
23.45,0.2368013925695075,0.2171498928553041,0
23.46,0.24916326295413047,0.23544877100742517,0
23.47,0.2648238922263114,0.2535860457525732,0
23.48,0.2836981826212031,0.2720231953767479,0
23.49,0.30589925041994703,0.29120067691793755,0
23.5,0.33148489145776155,0.3110622939583004,0
23.51,0.36047958584565326,0.3310016679410278,0
23.52,0.3932965727431091,0.35065209853179136,0
23.53,0.4286418783280182,0.36982834995000585,0
23.54,0.4640931039244159,0.38796467490206715,0
23.55,0.4995559218339412,0.40462521137924573,0
23.56,0.5353587809285428,0.41977753451734745,0
23.57,0.5719512053506135,0.43316499979726864,0
23.58,0.609244964716904,0.44481549409641924,0
23.59,0.6465986177010206,0.45430953761600673,0
23.6,0.6834969503861809,0.46148951265255617,0
23.61,0.7197699421798462,0.46710468532816823,0
23.62,0.7547297825031128,0.47172086039800787,0
23.63,0.7879675203095343,0.4752290174924714,0
23.64,0.8193414717719956,0.4779149987570846,0
23.65,0.8482900537212039,0.4802069275298104,0
23.66,0.8745820639120034,0.4822386351362224,0
23.67,0.8974736622520394,0.4844720662729284,0
23.68,0.9168540777492032,0.486853734874169,0
23.69,0.9334566225812477,0.4897877202028574,0
23.7,0.948215672265708,0.4928632312133526,0
23.71,0.9614425371048343,0.49575151074635926,0
23.72,0.9737625125655109,0.4989642213604654,0
23.73,0.9854994466636388,0.501990084922746,0
23.74,0.9969265821132142,0.5044511408706738,0
23.75,1.0090718191849515,0.5066849844477622,0
23.76,1.0218270566468397,0.5084302823179424,0
23.77,1.0353682270900741,0.509700004900907,0
23.78,1.0493203091683507,0.5105734568093332,0
23.79,1.062553383429296,0.5116986325232654,0
23.8,1.07491420358218,0.5131398296471207,0
23.81,1.0862563671271177,0.5143127067062777,0
23.82,1.0961113039469177,0.514945426802137,0
23.83,1.1043106741817226,0.5159087773760817,0
23.84,1.1114255469909635,0.5170558047700559,0
23.85,1.117238698484728,0.5182185661066788,0
23.86,1.1212616421444799,0.5194432540514826,0
23.87,1.1235696556285448,0.5202288609640765,0
23.88,1.124643735256354,0.5217586149907126,0
23.89,1.1254902854837239,0.5242470350853944,0
23.9,1.126119868431561,0.5271020567654181,0
23.91,1.1265537171327056,0.530392860215462,0
23.92,1.1266871470067135,0.53580801912132,0
23.93,1.1262471621503467,0.5442152481874134,0
23.94,1.1251533923888903,0.5554646619197993,0
23.95,1.1233191444099047,0.5685797628392399,0
23.96,1.1207000938130445,0.5834421492646953,0
23.97,1.117128068608765,0.6004232416942266,0
23.98,1.1124381559546064,0.6194047532020253,0
23.99,1.1063618021308306,0.6408261443249013,0
24.0,1.0988709784725132,0.6639138598818105,0
24.01,1.0897486257838476,0.6888634382229857,0
24.02,1.078694902533087,0.7151603303936246,0
24.03,1.0657906355679194,0.742395426110786,0
24.04,1.0506147430850672,0.7703780751965388,0
24.05,1.0327943786580978,0.799910160334453,0
24.06,1.0122245977509001,0.8309905854572895,0
24.07,0.9888389137629571,0.8634807402451977,0
24.08,0.9663112200897452,0.8981761180956963,0
24.09,0.9453264831258315,0.9322469728124668,0
24.1,0.926157999830695,0.966337475593626,0
24.11,0.9092279223815269,1.0004214978947055,0
24.12,0.8952924665324115,1.034372932680067,0
24.13,0.8853980036074462,1.0670593151086012,0
24.14,0.8796726105363197,1.095996024191994,0
24.15,0.8775889819403637,1.1217906752422326,0
24.16,0.8807754347521705,1.1431177901170313,0
24.17,0.8925911835895292,1.1607264013468954,0
24.18,0.9098105991447347,1.1743845345731965,0
24.19,0.932481210223252,1.1846035372264478,0
24.2,0.9600773277192032,1.1904541566433782,0
24.21,0.9921067581859023,1.1901142471447044,0
24.22,1.0275013170193437,1.187111931790561,0
24.23,1.0647520500004946,1.1804065211963857,0
24.24,1.104035906295161,1.1699054314755892,0
24.25,1.146289439400969,1.1587387746704154,0
24.26,1.1894861163503498,1.1450716871555287,0
24.27,1.2299574288381785,1.1296989019109727,0
24.28,1.266893659097296,1.1140440548558208,0
24.29,1.299419398414492,1.096340030095785,0
24.3,1.3279789663420585,1.0767853579639808,0
24.31,1.353143442632654,1.057251857939876,0
24.32,1.375707870999318,1.03782385009574,0
24.33,1.3963636084719357,1.0192206126309238,0
24.34,1.4152097606021983,1.0038937989912564,0
24.35,1.4326249959681634,0.9921751391480723,0
24.36,1.448584679996909,0.9835547034283285,0
24.37,1.4624849137293765,0.9779265359208237,0
24.38,1.4748458385766903,0.9754968300228009,0
24.39,1.4861221383704957,0.9767149391543687,0
24.4,1.4962124594393424,0.9817310215866518,0
24.41,1.504797256180185,0.9897016887528959,0
24.42,1.5115407945563446,0.9997552153673124,0
24.43,1.516241774914801,1.011290544518884,0
24.44,1.5191395045353675,1.0235313067275797,0
24.45,1.5202769179594227,1.036119338194391,0
24.46,1.5202769179594227,1.0490904923145268,0
24.47,1.5202769179594227,1.0626264472377391,0
24.48,1.5202769179594227,1.0774755181241096,0
24.49,1.5202769179594227,1.0952461863477307,0
24.5,1.5199981953629338,1.116388177157823,0
24.51,1.5192626773999773,1.141316090825051,0
24.52,1.5179422642913587,1.170510772457695,0
24.53,1.5160869290278627,1.2046183792812908,0
24.54,1.513817732939277,1.2450346074888268,0
24.55,1.5109256340782355,1.2923825634918489,0
24.56,1.507500020752198,1.347119445471538,0
24.57,1.5031164744619652,1.408857910152392,0
24.58,1.4977581029289624,1.4767097627786065,0
24.59,1.4908076341402583,1.5481973542178542,0
24.6,1.4822531027318624,1.6219831062056675,0
24.61,1.4717538477525105,1.6813255949857684,0
24.62,1.4588256238830504,1.7180523127959981,0
24.63,1.4427040555179602,1.7543279360779418,0
24.64,1.4232652659476888,1.7890449779321194,0
24.65,1.4044493791498736,1.8214193321905137,0
24.66,1.3861670068170544,1.8508427968957522,0
24.67,1.3688425674484304,1.8771314299949453,0
24.68,1.3524929533225765,1.9000570726534824,0
24.69,1.3377354364524239,1.91966161006214,0
24.7,1.3248607047984515,1.9361852712489118,0
24.71,1.314387492081903,1.9494916474316166,0
24.72,1.3070386470568032,1.9592776781268033,0
24.73,1.3081943604493151,1.9652035051135717,0
24.74,1.3173732023200482,1.9676581252948295,0
24.75,1.3306878370619128,1.9674974915531211,0
24.76,1.3479313342623647,1.9650764929544766,0
24.77,1.3685772179058135,1.9603515402477318,0
24.78,1.3922693424523016,1.9534526166729778,0
24.79,1.4183960666484225,1.9444757284778416,0
24.8,1.446678667897688,1.9340672371157475,0
24.81,1.4769123273223754,1.9224066677806178,0
24.82,1.508683887942335,1.9097504278308166,0
24.83,1.537293073244052,1.8963273350284375,0
24.84,1.5627997100474793,1.8822451449357953,0
24.85,1.5853262673722868,1.867094153957283,0
24.86,1.6047896915154805,1.8508240939727327,0
24.87,1.6219015697120347,1.8338668120662716,0
24.88,1.6375578965713697,1.8162418727018124,0
24.89,1.652456886274589,1.7983454670188126,0
24.9,1.6664767736469634,1.7796327542836632,0
24.91,1.6794345590039295,1.7600720868721653,0
24.92,1.6913351692600722,1.7400990700316177,0
24.93,1.7022060543680757,1.7201224237985677,0
24.94,1.7124357367351668,1.7005890091213027,0
24.95,1.722319127391469,1.6818263142216745,0
24.96,1.7322391179846834,1.6640750492242293,0
24.97,1.7417128708855398,1.6472323292423454,0
24.98,1.75023854465137,1.6316799691333232,0
24.99,1.757557124344023,1.617484317907407,0
25.0,1.7640557246808435,1.6050218032338914,0
25.01,1.7680097267182862,1.59481863480278,0
25.02,1.7707395043186531,1.5866416079810612,0
25.03,1.7731742058693565,1.580298123771619,0
25.04,1.7753328982098442,1.5753495157060917,0
25.05,1.777086850156559,1.5714976240277727,0
25.06,1.7783911322062824,1.5686811538992447,0
25.07,1.77939447404784,1.5668390589018384,0
25.08,1.7796197289521494,1.566258093327827,0
25.09,1.778939686551302,1.569563040152695,0
25.1,1.7772840745450516,1.578137775282105,0
25.11,1.7745167358198592,1.5918225061771958,0
25.12,1.7708086424022957,1.6104973854954463,0
25.13,1.7660581568714426,1.6320595516282188,0
25.14,1.7545559295171842,1.6563404662725578,0
25.15,1.7406965187912729,1.6840996037852791,0
25.16,1.7243736507731628,1.7160960353694263,0
25.17,1.7052487760464117,1.7518349477108102,0
25.18,1.683426767507173,1.7899020193932054,0
25.19,1.6585275488875075,1.8274013571914665,0
25.2,1.6296037448973295,1.8629564837872992,0
25.21,1.5966440940175894,1.8969584774605597,0
25.22,1.5597281307265776,1.9288234396139659,0
25.23,1.519053635452611,1.9595274439203358,0
25.24,1.4776316568516972,1.9886227089175452,0
25.25,1.43841341675989,2.0,0
25.26,1.4016586339602823,2.0,0
25.27,1.3677058578693153,2.0,0
25.28,1.3373750678428218,2.0,0
25.29,1.3114756855625236,2.0,0
25.3,1.2911078206706228,2.0,0
25.31,1.2765558265231336,2.0,0
25.32,1.268008333564144,2.0,0
25.33,1.2695117463573258,2.0,0
25.34,1.2778016320680456,2.0,0
25.35,1.2899851879903208,2.0,0
25.36,1.3061102755801142,2.0,0
25.37,1.3259375875576123,2.0,0
25.38,1.3495269507427685,2.0,0
25.39,1.3762822084708708,1.9859451094393634,0
25.4,1.4062160299508502,1.9606982963842625,0
25.41,1.438968750418046,1.9341600824661929,0
25.42,1.474208155060481,1.9062188142426835,0
25.43,1.5078758739504934,1.877012176256265,0
25.44,1.5405877714111325,1.8476116988343048,0
25.45,1.572341032062636,1.8189030716951127,0
25.46,1.6030230407145034,1.7914662257477436,0
25.47,1.6327992009277819,1.7657068825279114,0
25.48,1.661007194613341,1.742000005827245,0
25.49,1.6877293716292334,1.7204411845341319,0
25.5,1.7124491097890389,1.7010225437601263,0
25.51,1.735072093870712,1.6839577811919535,0
25.52,1.755038767146455,1.6694590231111486,0
25.53,1.7691268033485419,1.6577216849748582,0
25.54,1.7762861880925718,1.648304385445524,0
25.55,1.7819631332707997,1.6405938790175005,0
25.56,1.7862037829529898,1.634399761233755,0
25.57,1.7890548249375944,1.6298813260434428,0
25.58,1.7908199763533597,1.6271471569378486,0
25.59,1.7917556617252937,1.626076055714387,0
25.6,1.7921114893979053,1.626617034659797,0
25.61,1.7921114893979053,1.6287638809279499,0
25.62,1.7921114893979053,1.6330933756808965,0
25.63,1.7921114893979053,1.6395939320290105,0
25.64,1.7921114893979053,1.6481616388598375,0
25.65,1.7921114893979053,1.658793940035978,0
25.66,1.7921114893979053,1.6710301739583397,0
25.67,1.7921114893979053,1.6845869547504848,0
25.68,1.7921114893979053,1.6991534008045959,0
25.69,1.7921114893979053,1.7150166842392323,0
25.7,1.7921114893979053,1.7325003789075961,0
25.71,1.7921114893979053,1.7516639362609012,0
25.72,1.7921114893979053,1.7717663892329454,0
25.73,1.792042826401445,1.7930295605302933,0
25.74,1.7913411339586616,1.815436764164437,0
25.75,1.7899660881882944,1.8390431797159525,0
25.76,1.7879283011130542,1.8637807157417898,0
25.77,1.7852237626604384,1.8889132168257408,0
25.78,1.7815696986287355,1.9138920095955398,0
25.79,1.7764695082427613,1.9382766744910542,0
25.8,1.7682975846261693,1.961420509269775,0
25.81,1.743462629407942,1.9827159820682074,0
25.82,1.7044773619914835,2.0,0
25.83,1.6573563509063025,2.0,0
25.84,1.6084067506653692,2.0,0
25.85,1.5608219057643145,2.0,0
25.86,1.5145771816302154,2.0,0
25.87,1.4696760974877763,2.0,0
25.88,1.4266831369793802,2.0,0
25.89,1.3865857945567286,2.0,0
25.9,1.3526161261871865,2.0,0
25.91,1.3294737045393292,2.0,0
25.92,1.3181453202199171,2.0,0
25.93,1.3135769185395285,2.0,0
25.94,1.304139278552093,2.0,0
25.95,1.3004737415192507,1.9924284298908397,0
25.96,1.3086432672636614,1.9658710154728294,0
25.97,1.3181954511702112,1.9349944171341051,0
25.98,1.327928754526972,1.9006085215056239,0
25.99,1.3383480217197392,1.8652428644282237,0
26.0,1.3499412448864345,1.8300083840354608,0
26.01,1.36197750759974,1.794530749991349,0
26.02,1.375760754599191,1.7595483336326196,0
26.03,1.3891239523731582,1.7241001809697012,0
26.04,1.3958078979644417,1.6888108719849686,0
26.05,1.4026137289766731,1.6549285286607722,0
26.06,1.4149006463866198,1.6238550736649913,0
26.07,1.4202298558379023,1.595677282913031,0
26.08,1.4236894017217723,1.5698147111998644,0
26.09,1.430964508407007,1.5462076327289038,0
26.1,1.4331372369602984,1.5249474299064218,0
26.11,1.4356637594983532,1.506975577179915,0
26.12,1.4364295685813329,1.491658003626885,0
26.13,1.4361320274876521,1.4671924274689592,0
26.14,1.4380498176136294,1.4437235376648425,0
26.15,1.4370854937632016,1.4223518932076842,0
26.16,1.4328337975564762,1.4021907886438336,0
26.17,1.4284228539510568,1.3832464144006071,0
26.18,1.4263904754822334,1.3657335673169773,0
26.19,1.4236833692269806,1.3493575152876267,0
26.2,1.4182601561209756,1.3349570886863062,0
26.21,1.4126985104400942,1.3221033623279617,0
26.22,1.4085631145669395,1.3112059849930588,0
26.23,1.403212453181272,1.291977564833714,0
26.24,1.39883038430475,1.2721864692204479,0
26.25,1.3965193250906345,1.2529784744149794,0
26.26,1.3908465500810463,1.234950191834202,0
26.27,1.3827394899936418,1.2185005270350695,0
26.28,1.3743008527602312,1.2031554181550466,0
26.29,1.3633133632646752,1.1891207765937613,0
26.3,1.3525046504850724,1.1759577378051735,0
26.31,1.3388281155110335,1.163701094119339,0
26.32,1.3198380116956554,1.1526852015788394,0
26.33,1.297042350245452,1.1428134048673786,0
26.34,1.2707278430937077,1.1336185850162313,0
26.35,1.2408448633109017,1.1242512407596061,0
26.36,1.208093335989712,1.1149422499764416,0
26.37,1.1724806433744255,1.1102330034931005,0
26.38,1.1355344268444032,1.1148893252950092,0
26.39,1.0981775708145736,1.1232525614042406,0
26.4,1.0576634334324735,1.1298234713272142,0
26.41,1.0155215414789867,1.1343166872460118,0
26.42,0.9721444593942297,1.1350228921414205,0
26.43,0.9274703537514971,1.1319407538830955,0
26.44,0.8820864895047005,1.12510932922933,0
26.45,0.8352798377337817,1.1142857304159022,0
26.46,0.7924395891122055,1.100330308217849,0
26.47,0.7536372883186759,1.084376293522115,0
26.48,0.7186906196788345,1.0656772876794631,0
26.49,0.6878136103354351,1.0423579626408512,0
26.5,0.661253352422126,1.0151986925733196,0
26.51,0.6395654786622078,0.9837587342647327,0
26.52,0.623071271046012,0.9499968758565343,0
26.53,0.611701972274357,0.9152818195568716,0
26.54,0.6061033676316196,0.87572773337095,0
26.55,0.6080737023061441,0.8327427464744727,0
26.56,0.6104411946615828,0.7858110705880187,0
26.57,0.6099823828723807,0.7376600997167515,0
26.58,0.6129236322577888,0.6918866080954766,0
26.59,0.6214809172356235,0.6443254957103566,0
26.6,0.6304522969812593,0.5974626071512835,0
26.61,0.640554652677182,0.5559220863346787,0
26.62,0.6511553146696218,0.5191079928835591,0
26.63,0.6627519540529151,0.4843985162123454,0
26.64,0.6752790138075,0.4539954643692319,0
26.65,0.6861639985940897,0.4301491821244474,0
26.66,0.6974897600158143,0.4103494917815222,0
26.67,0.7090880297647403,0.3925443258896079,0
26.68,0.7200939809694663,0.3783542647007297,0
26.69,0.7306168302805528,0.3677703097822827,0
26.7,0.7407787336908294,0.35797081616980686,0
26.71,0.7499627940349125,0.3491618868632287,0
26.72,0.7602671575452549,0.34185930325865915,0
26.73,0.7706352058596535,0.33522209488859533,0
26.74,0.7802509880658586,0.3302153330797742,0
26.75,0.7902252048374183,0.32725434669566306,0
26.76,0.7995635150068949,0.3237548624212178,0
26.77,0.8083680715772391,0.32036868409586944,0
26.78,0.8169186890129039,0.31744044639902397,0
26.79,0.8251051489599565,0.3145102248947202,0
26.8,0.8323218502702849,0.3121461021447885,0
26.81,0.8393658999953273,0.3100590682928672,0
26.82,0.8458884647012762,0.3083518853207376,0
26.83,0.8505745844035586,0.30709188229903844,0
26.84,0.8545819188646425,0.3059142677647406,0
26.85,0.8583382152835722,0.30472399681225976,0
26.86,0.8613059893954785,0.3038627602401003,0
26.87,0.8639841421736402,0.3005468165687425,0
26.88,0.8658297395885685,0.2974797565861284,0
26.89,0.8646341738410196,0.2972744927872868,0
26.9,0.8618818222923725,0.29717986269697333,0
26.91,0.8593780802516137,0.2971801090012167,0
26.92,0.8562057297527872,0.29725985615762285,0
26.93,0.8508137994185624,0.2973760809724761,0
26.94,0.8438308798558338,0.29756801971174984,0
26.95,0.8358549934906602,0.297844003616477,0
26.96,0.8252082351769117,0.2982659966766904,0
26.97,0.8129327331305161,0.29888491613710616,0
26.98,0.7983660363938659,0.2997544009043305,0
26.99,0.7814750367287816,0.300865146835569,0
27.0,0.764012750646704,0.30233692552677993,0
27.01,0.7453405849095466,0.30396845715025855,0
27.02,0.7252172121056273,0.3058049200618501,0
27.03,0.7043923240255497,0.30764359971163235,0
27.04,0.6820793198383959,0.30944006281409625,0
27.05,0.6591421333696831,0.31084605364189555,0
27.06,0.6365512734877129,0.31170401137052883,0
27.07,0.6133834261499282,0.311735846193988,0
27.08,0.5904944326427227,0.31100605287840666,0
27.09,0.5674175602767363,0.30962897816878227,0
27.1,0.5445354128648856,0.30752845247784394,0
27.11,0.5213625948355357,0.30484158106267906,0
27.12,0.4980149919263172,0.301308426740018,0
27.13,0.47489179958941863,0.2970567228904866,0
27.14,0.4518153896369911,0.29221641963290157,0
27.15,0.42959694513769314,0.2871901751443697,0
27.16,0.4095673852620414,0.2820191037607198,0
27.17,0.39190499020562664,0.2772606905064586,0
27.18,0.376392412199133,0.27261573114431226,0
27.19,0.3631820698048403,0.26807514936291194,0
27.2,0.3522392974291614,0.2634332995918386,0
27.21,0.34356299457706174,0.2586760501251274,0
27.22,0.337158663723714,0.25390304334444475,0
27.23,0.33301695066132475,0.24934658725455738,0
27.24,0.3325602452220019,0.24477408444321266,0
27.25,0.3360119478977516,0.24025510970156438,0
27.26,0.341366406488174,0.2358899765903423,0
27.27,0.34860381208264807,0.23141586616662893,0
27.28,0.35757064562385904,0.22717525216565654,0
27.29,0.3681172397871133,0.22323866996512826,0
27.3,0.3800900755150963,0.2196221354984709,0
27.31,0.3933846057795293,0.21659258098946682,0
27.32,0.40788802983937467,0.21430834312098423,0
27.33,0.4238281501667765,0.21256538345779247,0
27.34,0.4395283625766546,0.2115313489831602,0
27.35,0.45486155989252275,0.21110144955673385,0
27.36,0.46983104359948435,0.2112654881828367,0
27.37,0.4843234627089845,0.2118435457692729,0
27.38,0.49829919939978096,0.21255820368909742,0
27.39,0.5121659870821607,0.21318697531924924,0
27.4,0.52598270224047,0.21383463232726352,0
27.41,0.5397702542803646,0.21427634204216078,0
27.42,0.5537300337931607,0.21460770745601593,0
27.43,0.5675896682578161,0.21478473247335192,0
27.44,0.5814085844061944,0.21470558260473604,0
27.45,0.5949072564995295,0.21432849696570028,0
27.46,0.6079679315691284,0.21357264466116743,0
27.47,0.6205372356058174,0.2126278277410999,0
27.48,0.6328083054881534,0.21160195209453014,0
27.49,0.6444333847852303,0.2105917229250222,0
27.5,0.6554752017140153,0.20956555787096653,0
27.51,0.6657604283065727,0.20855641859773566,0
27.52,0.6750772192687589,0.20747920083162966,0
27.53,0.6835246191536798,0.2064073586556358,0
27.54,0.6909876262302289,0.20545810210158102,0
27.55,0.6972835583226771,0.2046860183474083,0
27.56,0.7025224649344758,0.2041951155174984,0
27.57,0.7067032455705902,0.20394665611197096,0
27.58,0.709899633398333,0.2039417361847091,0
27.59,0.7121220831205316,0.20424163623147013,0
27.6,0.7133078665202192,0.20479680599608857,0
27.61,0.7134272702314639,0.20577148730566813,0
27.62,0.7127014937562026,0.2071885310363899,0
27.63,0.7109616111066378,0.20906695187584434,0
27.64,0.7084178168343612,0.2113321750567366,0
27.65,0.7052731522732405,0.21386099303891315,0
27.66,0.7014571857410672,0.21652303082873736,0
27.67,0.6969198447137707,0.2193313671815338,0
27.68,0.6914377286993445,0.22230816947920815,0
27.69,0.684937104530477,0.22546003251787738,0
27.7,0.6773932110688912,0.2289877558319716,0
27.71,0.6687592772756203,0.23292769392781618,0
27.72,0.6591838699803236,0.23707745860861135,0
27.73,0.648634524579483,0.24135884211947217,0
27.74,0.6370066940448198,0.24576406124630715,0
27.75,0.624403274662061,0.25025398440244667,0
27.76,0.610831969896448,0.2550071575339297,0
27.77,0.5964804141513655,0.2598014881044845,0
27.78,0.581498274751507,0.2646300795952959,0
27.79,0.5662613707511588,0.26944644823802866,0
27.8,0.5508197746743911,0.27379993115853807,0
27.81,0.5355608607733527,0.2777398692543827,0
27.82,0.5201412745972753,0.2812611147668755,0
27.83,0.504740947084302,0.2846197502178772,0
27.84,0.490251279212388,0.2875732151884896,0
27.85,0.47733807047741383,0.2902058134636218,0
27.86,0.46606404909634647,0.2922225341357439,0
27.87,0.456435267791876,0.2938164920468923,0
27.88,0.4484517265640022,0.2950123053061943,0
27.89,0.44189057516823643,0.2955703137272179,0
27.9,0.4368211447917527,0.29588141445944743,0
27.91,0.4331895111778602,0.2955821178580827,0
27.92,0.4312179743235303,0.2948582974204038,0
27.93,0.43247088792032334,0.2935734020738709,0
27.94,0.4358009858947593,0.2919312424222897,0
27.95,0.4406068477104771,0.2900333327595763,0
27.96,0.4466744270832639,0.2879360829150753,0
27.97,0.45377537129345835,0.2855434157610429,0
27.98,0.4619305897467161,0.28297382211137195,0
27.99,0.47098491264317077,0.28033437657827337,0
28.0,0.4810582939415846,0.2777205590017003,0
28.01,0.4921655903249232,0.2753446466938251,0
28.02,0.5042462745662883,0.27321677507426356,0
28.03,0.5158823588137105,0.2712439458183148,0
28.04,0.5272790853911259,0.26955133690007965,0
28.05,0.5384601149417768,0.2679313384727981,0
28.06,0.5498799519149171,0.2665880628629738,0
28.07,0.5617097232884135,0.26540620273906035,0
28.08,0.5739873961409564,0.2642177724494542,0
28.09,0.5868175175008249,0.26305245165548485,0
28.1,0.6000504200433253,0.26183621977440524,0
28.11,0.613492416642383,0.260317520124827,0
28.12,0.6270736258633065,0.2584601398253649,0
28.13,0.6406251217182982,0.25634200338102364,0
28.14,0.6542464990079815,0.25383338234680575,0
28.15,0.6676466767957278,0.2511019237059799,0
28.16,0.681460880867003,0.2480286994546214,0
28.17,0.6942251560739889,0.2449079569571054,0
28.18,0.706141232447623,0.24180115527976573,0
28.19,0.7173097214054867,0.23882390347684715,0
28.2,0.7278151606187961,0.23590547528485806,0
28.21,0.7376444740140098,0.23324449044567439,0
28.22,0.7465043588636026,0.2308015710683828,0
28.23,0.7546339302373783,0.22868695061711602,0
28.24,0.7621383131688525,0.22694545030656638,0
28.25,0.768418556270933,0.22557431768681394,0
28.26,0.7726604208104026,0.2246123949370424,0
28.27,0.7756559270150926,0.2239278538685793,0
28.28,0.7775893591015817,0.2235149063317048,0
28.29,0.7786011554171661,0.2233096856361058,0
28.3,0.778732033504323,0.22334557832197494,0
28.31,0.7777062284523651,0.22362491812201835,0
28.32,0.7756709181392584,0.22408510065517045,0
28.33,0.7729777719576855,0.22461330626274298,0
28.34,0.7694112831610226,0.22519451038588859,0
28.35,0.7642019675490889,0.22575650893565524,0
28.36,0.757686328647131,0.22625279351328337,0
28.37,0.7513863869137096,0.22668918305652325,0
28.38,0.7455041758652969,0.22850015129658782,0
28.39,0.7405645504145757,0.23160310631111258,0
28.4,0.7349380555033665,0.23437578345461538,0
28.41,0.7274511895881898,0.23633301494966633,0
28.42,0.7197068193480315,0.23748456971993673,0
28.43,0.7116602273161657,0.23781113280996116,0
28.44,0.7038511387958162,0.23670971232587046,0
28.45,0.6954698142838452,0.23445536364176003,0
28.46,0.6853565521320606,0.23193014282165006,0
28.47,0.6743159422816967,0.22947483270564076,0
28.48,0.6621288182389984,0.22687121736227855,0
28.49,0.6480729301778914,0.22424287424548608,0
28.5,0.6326530402569432,0.22135324367090775,0
28.51,0.6164480772837516,0.21794281081156477,0
28.52,0.5996874271026534,0.21452254751331004,0
28.53,0.5822741741944164,0.21142726321529137,0
28.54,0.5638682540448107,0.20834070637318708,0
28.55,0.5458771079427608,0.205149069932925,0
28.56,0.5277329236875532,0.20202950154936164,0
28.57,0.509880403252598,0.19897352267309465,0
28.58,0.4921453214314981,0.1959047416619983,0
28.59,0.474478368009725,0.19333045446143665,0
28.6,0.45808908641897367,0.1914493608959813,0
28.61,0.4428365477502865,0.19034499907140612,0
28.62,0.4291293443428652,0.18973556651346524,0
28.63,0.41582410110941365,0.18966310395222494,0
28.64,0.40323186865253335,0.19014901283131605,0
28.65,0.3912825621835356,0.19102093620346808,0
28.66,0.378925639361713,0.1933942039976153,0
28.67,0.36862238767179817,0.19656233184388186,0
28.68,0.3599544358951636,0.20112313409052418,0
28.69,0.3546971530712975,0.20713468618642808,0
28.7,0.3538300512410764,0.21433854315555606,0
28.71,0.3552467403864118,0.22284650447542,0
28.72,0.35818682741931746,0.2325324867846124,0
28.73,0.35944443236708606,0.2442197841665655,0
28.74,0.35783983676206094,0.25703678896818044,0
28.75,0.35883256169542577,0.2706012267529211,0
28.76,0.3643696892623278,0.2846359220873872,0
28.77,0.3729763964601713,0.2991706177871341,0
28.78,0.3849023700006225,0.31362265495895264,0
28.79,0.4000784861279246,0.3273622542562114,0
28.8,0.41872563170140936,0.3413905711438489,0
28.81,0.44079776067424925,0.3577914793801307,0
28.82,0.4660806227694437,0.37639314277061653,0
28.83,0.49478316699108393,0.39574409683984957,0
28.84,0.526644392980066,0.416285705416698,0
28.85,0.5599093935383879,0.438336326009184,0
28.86,0.5931317836347831,0.46160663353773673,0
28.87,0.6266457992749442,0.4863108490947007,0
28.88,0.6597504943968245,0.5132092259499907,0
28.89,0.6915541882511796,0.5419569443491118,0
28.9,0.7246256961652,0.5715906710507799,0
28.91,0.7580652100030365,0.6011304847598427,0
28.92,0.7906080167041958,0.6298805578832752,0
28.93,0.8239104439095509,0.6573618383400178,0
28.94,0.8556227467550815,0.6828202720558719,0
28.95,0.8866327116901044,0.7055947156946889,0
28.96,0.919525898116898,0.7258106140945267,0
28.97,0.9501774575922002,0.7431361197627389,0
28.98,0.9776921997607794,0.7573169210288707,0
28.99,1.0056353213344393,0.7689540117140199,0
29.0,1.033173519153164,0.7787624558568643,0
29.01,1.0576914451857717,0.7871588441752667,0
29.02,1.0807865450846827,0.794326967730529,0
29.03,1.0982528955136046,0.8001410182133704,0
29.04,1.1140877512949612,0.8046952420538805,0
29.05,1.1277398218433534,0.8078044091211563,0
29.06,1.1390429740795405,0.8089243506871922,0
29.07,1.1486759802987059,0.8090585059129652,0
29.08,1.156962291434719,0.8092543371176095,0
29.09,1.1642721469213166,0.8091747219929512,0
29.1,1.1709751080980344,0.8095396109363036,0
29.11,1.177127456783554,0.8096413715354335,0
29.12,1.1829475393105915,0.8088740456458445,0
29.13,1.1883132987229708,0.8090060849640458,0
29.14,1.1932505026003284,0.8089789263880393,0
29.15,1.1993093095151917,0.8079129209929661,0
29.16,1.2063201163033137,0.8077721180851388,0
29.17,1.2112421448439838,0.8075673426609135,0
29.18,1.2154838674699417,0.8067904623196808,0
29.19,1.2186437353019195,0.8065052747309075,0
29.2,1.2197274260371174,0.8060357647555719,0
29.21,1.2205452530334835,0.8062254994005984,0
29.22,1.219328734960268,0.8069145660748631,0
29.23,1.2158015691152158,0.8076155298571694,0
29.24,1.2099286359486632,0.8086735609613146,0
29.25,1.204086101304557,0.8101505451397853,0
29.26,1.1967093367788617,0.8122418575128347,0
29.27,1.1863013472685782,0.8155252233768666,0
29.28,1.1744251152812446,0.8199608147455589,0
29.29,1.1607909371156144,0.8254495464021819,0
29.3,1.1456734221476186,0.8318706316273358,0
29.31,1.1288441521874735,0.8388278959593639,0
29.32,1.1107067085478373,0.8464352196687916,0
29.33,1.0913933580426753,0.8542946448122929,0
29.34,1.0710262830830468,0.8626039042291288,0
29.35,1.049531945342712,0.871544499434108,0
29.36,1.0272211635446937,0.8809230434217312,0
29.37,1.003547797516337,0.8898932957813191,0
29.38,0.9781546615135849,0.8984136281443388,0
29.39,0.9514851983002335,0.9061504053522883,0
29.4,0.9240185462330496,0.9133187337799186,0
29.41,0.8951759938136428,0.919799755839354,0
29.42,0.8654695281846561,0.9259439639369638,0
29.43,0.8348132814196181,0.9329088842973308,0
29.44,0.8038174080002056,0.939879524933201,0
29.45,0.771696257209204,0.9451433220843228,0
29.46,0.739165627717331,0.9497863589733421,0
29.47,0.7098028863855729,0.9535952321039489,0
29.48,0.6837685076002369,0.956295492804816,0
29.49,0.6612571662593655,0.9572351518000527,0
29.5,0.6420694637912671,0.9563925877886105,0
29.51,0.625987207790943,0.9530158505475077,0
29.52,0.6131815138469994,0.9461247670959263,0
29.53,0.6046516608426695,0.9378065515457791,0
29.54,0.6002189404869597,0.9268484879078107,0
29.55,0.6015178129933706,0.9138209651984603,0
29.56,0.607582792211475,0.8986008292597099,0
29.57,0.6165417001264937,0.8801317252482737,0
29.58,0.6278994479206023,0.8613935123487877,0
29.59,0.6409775425757367,0.8411536175833177,0
29.6,0.6563780433864056,0.8206973309405544,0
29.61,0.6734133224920522,0.8000635516095433,0
29.62,0.6920858834558364,0.7794068711681694,0
29.63,0.7136917202852395,0.7595131452755756,0
29.64,0.7371447354546573,0.7399625606103839,0
29.65,0.7587980085727238,0.7209954637808754,0
29.66,0.7797502832615011,0.703161106007717,0
29.67,0.8005958718012421,0.6861568075176165,0
29.68,0.8214316235233526,0.6691032310697869,0
29.69,0.841334876549419,0.6523559796803997,0
29.7,0.8595293560490382,0.6368978634019501,0
29.71,0.8785816495120885,0.6232695712737056,0
29.72,0.8959586103403041,0.611676280774125,0
29.73,0.9129129039327015,0.6015550436144179,0
29.74,0.9293839431769788,0.5928614866225231,0
29.75,0.9451712135824238,0.5854279145709455,0
29.76,0.9602307173651032,0.5790638643382279,0
29.77,0.9746331394893689,0.574253504877936,0
29.78,0.9883489076742165,0.5714682405903181,0
29.79,1.0011796712543728,0.5696851148438988,0
29.8,1.0131968364693362,0.5684418182854325,0
29.81,1.024273458893332,0.567633109958255,0
29.82,1.0343265918845186,0.5669580540128666,0
29.83,1.0434701969160347,0.5663986904563175,0
29.84,1.0520793370640333,0.5658981722171944,0
29.85,1.060095589041652,0.5654942722004266,0
29.86,1.0676141611682217,0.5650840141281642,0
29.87,1.0744222772755407,0.5646480816222852,0
29.88,1.08038361636093,0.5641783000400108,0
29.89,1.0857123971428848,0.5637254732723888,0
29.9,1.0901280435894372,0.5633044367822402,0
29.91,1.0933009329586605,0.5629819319863862,0
29.92,1.095205099345282,0.5627517219351511,0
29.93,1.0958030364416869,0.5625922013504352,0
29.94,1.0948105618401751,0.5625185811230976,0
29.95,1.0922817711767299,0.5624894188418954,0
29.96,1.0879353671442367,0.562512683269715,0
29.97,1.0818629516862943,0.5625492693376186,0
29.98,1.0738791570902657,0.5626458633388102,0
29.99,1.0636543606142246,0.5626797850786971,0
30.0,1.0512736727254517,0.5626271888215286,0
30.01,1.0375492492388467,0.562373835448293,0
30.02,1.0225077773348286,0.5619588058067642,0
30.03,1.006136274060761,0.5613078983616736,0
30.04,0.9885775518956406,0.5603047183104322,0
30.05,0.9697082727894251,0.558734654031285,0
30.06,0.9494389986239545,0.5564972240262525,0
30.07,0.9277538613460075,0.553392858016293,0
30.08,0.905379906303203,0.5489014912831057,0
30.09,0.8823878184598928,0.543151205340808,0
30.1,0.8589045422418519,0.536262779022635,0
30.11,0.8344251850465668,0.5283170020204058,0
30.12,0.8090774125749589,0.5193738943779902,0
30.13,0.7828431929483667,0.5094207278738171,0
30.14,0.7556662667053676,0.49852802242625865,0
30.15,0.7276021720322379,0.48640765518145995,0
30.16,0.6990490528098169,0.4733327318717265,0
30.17,0.6698467859555929,0.4597462212510185,0
30.18,0.6401554945520775,0.44582343610284225,0
30.19,0.6103588969771806,0.4314427740743939,0
30.2,0.5808673987892312,0.4163003322236097,0
30.21,0.5518649251505732,0.4004174978381156,0
30.22,0.5237178838356021,0.3837250589423836,0
30.23,0.496516393433118,0.3662810373342711,0
30.24,0.47082055489081237,0.3477884694351398,0
30.25,0.44606186171966006,0.3286617066939325,0
30.26,0.4223890546405777,0.3085917355030258,0
30.27,0.40030534776312016,0.2879400688425565,0
30.28,0.3792281311816751,0.2672040035368635,0
30.29,0.3586822651394472,0.24688647994144877,0
30.3,0.3387362677957764,0.22720112872093373,0
30.31,0.3195114201102985,0.20854600048103078,0
30.32,0.3006482366038538,0.1907682717888118,0
30.33,0.2823202870330466,0.17414121792472895,0
30.34,0.2642835570120232,0.15888625665756176,0
30.35,0.24669781786485465,0.14515577543929037,0
30.36,0.22953837765963883,0.1331965879289272,0
30.37,0.2128393693610637,0.12236752358922504,0
30.38,0.19680123335750926,0.1126718764984592,0
30.39,0.18149804544468093,0.1035194495585769,0
30.4,0.16686371839307673,0.09506528243899318,0
30.41,0.1528967997361142,0.08688298577236193,0
30.42,0.13980717089495925,0.07918790992593348,0
30.43,0.12753310203985713,0.0717057017774669,0
30.44,0.11618280193120137,0.06461607025169658,0
30.45,0.10603274951718368,0.05786901075597959,0
30.46,0.0969428285272227,0.05146178629880776,0
30.47,0.08836736093684963,0.045539711752334726,0
30.48,0.08024068119547406,0.040069265025876155,0
30.49,0.07248533232454345,0.03507429185518257,0
30.5,0.06541130543074918,0.030502740959270858,0
30.51,0.0592054146045964,0.026458618015452084,0
30.52,0.05364861116741437,0.02286384610225158,1
30.53,0.04889254420443672,0.019769592428174155,1
30.54,0.04485149901531397,0.0171878101375498,1
30.55,0.04125001639208566,0.015079212502712346,1
30.56,0.03810494623311106,0.013256896913282,1
30.57,0.03557306585355918,0.011691906967948711,1
30.58,0.03341408105074107,0.010285408207870418,1
30.59,0.03158623338089676,0.009162103294816102,1
30.6,0.030293919437167156,0.008284958069351991,1
30.61,0.029187686979666186,0.007556240135588438,1
30.62,0.02827412944688227,0.006980030759623938,1
30.63,0.027380352229563608,0.006522396090989738,1
30.64,0.02648657501224495,0.006118871502260734,1
30.65,0.025711479687717784,0.005778988021388002,1
30.66,0.02507484657144736,0.0055706739022185064,1
30.67,0.02464334265259433,0.005431686750720594,1
30.68,0.02463015577561749,0.0053490507943723085,1
30.69,0.024914406234895884,0.0052875448837298045,1
30.7,0.025199389298450767,0.005212355383476087,1
30.71,0.02548437236200565,0.005109217377219349,1
30.72,0.02576935542556053,0.005002523049115425,1
30.73,0.026054338489115408,0.004849283808304044,1
30.74,0.026339321552670294,0.004682944480269903,1
30.75,0.026624304616225173,0.00452894336780665,1
30.76,0.026909287679780056,0.0043583333178699776,1
30.77,0.02712760375417429,0.0041994221735105735,1
30.78,0.027165699176551806,0.003997558467016185,1
30.79,0.02701038706993578,0.003849097536757925,1
30.8,0.026848481524831345,0.003700866947645746,1
30.81,0.0266865759797269,0.0035842925138303045,1
30.82,0.026518076996134038,0.0034708965386280603,1
30.83,0.026342251969776274,0.003371202475033594,1
30.84,0.026165694339142016,0.0032928614358693747,1
30.85,0.025929795762112014,0.0032177302465688554,1
30.86,0.025644326364993735,0.0031754335551223154,1
30.87,0.02540705567464536,0.0031150698598214396,1
30.88,0.025214917878756262,0.003106089110829845,1
30.89,0.02507027456221046,0.0030525856768224228,1
30.9,0.024943208620634063,0.0030400814434132398,1
30.91,0.024863322958598607,0.003042067486116082,1
30.92,0.024796509495805332,0.0030496577041574705,1
30.93,0.024795783262514092,0.0030956572565501526,1
30.94,0.024796509495805332,0.0031381357487223448,1
30.95,0.024863322958598607,0.0031806349440955096,1
30.96,0.02494974472025514,0.0031991816333191776,1
30.97,0.02503616648191168,0.0032479449591156498,1
30.98,0.0251291243431893,0.0032979873229658017,1
30.99,0.025280907101056665,0.0033998922202040293,1
31.0,0.02545302439107851,0.003479610726588074,1
31.01,0.025829213235936385,0.0035655768419266226,1
31.02,0.02646902476551125,0.003687048561697556,1
31.03,0.0272584403530798,0.0038081267312981295,1
31.04,0.028174220533322615,0.0039691625416333155,1
31.05,0.029253403204092504,0.004172960037666947,1
31.06,0.03059475609299693,0.004416899651077548,1
31.07,0.0322055415329482,0.004682017183030778,1
31.08,0.03409302185685864,0.0049731459215564015,1
31.09,0.036277531596882726,0.00528739573259082,1
31.1,0.038841135114929606,0.00557956983875647,1
31.11,0.04141853706550989,0.0058513777236058615,1
31.12,0.044146995540666305,0.006107345214098165,1
31.13,0.04713907670053972,0.0063946245400199305,1
31.14,0.050345396681326385,0.0066503583600985815,1
31.15,0.053730370051756,0.006901172803047702,1
31.16,0.05726712618005295,0.007135162976213826,1
31.17,0.060912091068743415,0.007365930957360111,1
31.18,0.06434136466993814,0.007563493142882061,1
31.19,0.06764427367845863,0.007747281072441326,1
31.2,0.0708898102569718,0.00798910535368623,1
31.21,0.07430383295905066,0.008331666180101095,1
31.22,0.07752104643920582,0.008735473251778621,1
31.23,0.08065982672390798,0.00928742736571196,1
31.24,0.08368168344872189,0.009918829420287222,1
31.25,0.08668828927441993,0.010733195408752547,1
31.26,0.08949154977857318,0.011755983107753266,1
31.27,0.09227302328398948,0.013006353491208895,1
31.28,0.09549314169730957,0.014461861900965949,1
31.29,0.09915916735144573,0.01613769691391186,1
31.3,0.10335424380508161,0.01782441604875685,1
31.31,0.10811996084294641,0.0194052455908887,1
31.32,0.11326183180677517,0.020903847744300444,0
31.33,0.1189273152241187,0.022214382110050234,0
31.34,0.12522189460901378,0.023435728168441628,0
31.35,0.13226027536083104,0.024436083507731684,0
31.36,0.14020722498757818,0.025205117435948384,0
31.37,0.14897577931913014,0.025722463731775475,0
31.38,0.15757386400939824,0.02602677640100824,0
31.39,0.16547829447959655,0.026092560771672886,0
31.4,0.17283737578544064,0.02607504778909176,0
31.41,0.1794097326930084,0.026044436964903255,0
31.42,0.18532583174623973,0.0260274282184779,0
31.43,0.18995704384203843,0.026024218324900886,0
31.44,0.19352315363099737,0.026031449809281293,0
31.45,0.19597352374824584,0.026075330653276715,0
31.46,0.1975358043220812,0.026162514314454818,0
31.47,0.1981275136970214,0.02628747879198772,0
31.48,0.19851617115645256,0.026441110939742964,0
31.49,0.19884209299991285,0.02658821261435876,0
31.5,0.19860111550346884,0.026758730524111114,0
31.51,0.19831946931108757,0.026949479372308665,0
31.52,0.19816631202300947,0.027122297090869083,0
31.53,0.1982610567925252,0.027299984992787723,0
31.54,0.1980724115830444,0.0275075212154398,0
31.55,0.1974784805202178,0.027698233168308873,0
31.56,0.19687842262973052,0.02786429904175901,0
31.57,0.19608054661029478,0.02804474179487019,0
31.58,0.19535173950401674,0.02821341493819897,0
31.59,0.1939901488508192,0.028411678134961878,0
31.6,0.19266853714396065,0.028631156145595887,0
31.61,0.19102863151817276,0.028882654725643227,0
31.62,0.189228041281138,0.02917022290823039,0
31.63,0.1873444178478608,0.029461713763191014,0
31.64,0.18531471749526818,0.029704301062817302,0
31.65,0.1831381713974691,0.029916472935919158,0
31.66,0.1807463540501526,0.030164981531738532,0
31.67,0.17841527394823564,0.030401501082512633,0
31.68,0.1760173059937901,0.030650222515515253,0
31.69,0.17359704208850163,0.030917254883530393,0
31.7,0.17105761017008747,0.031188893231783425,0
31.71,0.16863657743890792,0.03147443938170508,0
31.72,0.16621631353361946,0.03174043000958393,0
31.73,0.1635315735217811,0.032006646973673364,0
31.74,0.16081761812607967,0.03226832209719679,0
31.75,0.15797219350299432,0.03255395269311862,0
31.76,0.15485614216623003,0.03284401278277144,0
31.77,0.15150406128088773,0.03307858528804777,0
31.78,0.14795592979330643,0.03322658566946915,0
31.79,0.14424326956502245,0.03336570637295973,0
31.8,0.14037607533262067,0.033563804318258554,0
31.81,0.13670800700602245,0.033648577890798524,0
31.82,0.13318832207641304,0.033646384705807206,0
31.83,0.12976550920908642,0.03372587394366708,0
31.84,0.1263311639533928,0.03406617155768751,0
31.85,0.12331275350480245,0.03452419800158257,0
31.86,0.12080176814436028,0.03510422697849692,0
31.87,0.11866750747057349,0.036060733059259005,0
31.88,0.11689459496561949,0.037138061032098824,0
31.89,0.11581678593100406,0.038422474093255554,0
31.9,0.11537325111271333,0.03991485633608932,0
31.91,0.1154108423756611,0.04167735644924456,0
31.92,0.1153726964173506,0.043643082193929074,0
31.93,0.11621065659705629,0.04549078923330175,0
31.94,0.11829484140084533,0.0472025476064228,0
31.95,0.12178743221743064,0.04882650819297522,0
31.96,0.1267253662793587,0.050184274946421935,0
31.97,0.1329909923105371,0.051202778716818706,0
31.98,0.13981881036182878,0.052078002361788896,0
31.99,0.14729689978045438,0.0526661645797524,0
32.0,0.15483301765210924,0.05317114527191939,0
32.01,0.16287890368741043,0.05359963272650996,0
32.02,0.17097293777518519,0.053953783107864424,0
32.03,0.1777008185531962,0.05433381905136198,0
32.04,0.18390949995816558,0.05499047632364704,0
32.05,0.18902797066944982,0.05572871527142794,0
32.06,0.19269821776613363,0.0564783997842907,0
32.07,0.1949152430970378,0.0572133413192742,0
32.08,0.19602889210039154,0.05786107854887201,0
32.09,0.19674203493102962,0.05822038753840657,0
32.1,0.19801004213112766,0.05846378293014171,0
32.11,0.19883613766660135,0.05873415715385557,0
32.12,0.19897450212072942,0.05912049947805969,0
32.13,0.1987928543122091,0.059556698138733544,0
32.14,0.19895413632589873,0.05999902835212984,0
32.15,0.19884669505809435,0.06060880445753942,0
32.16,0.19776393635842016,0.06153428344740129,0
32.17,0.1965927204587714,0.06275214872192154,0
32.18,0.19521846815526273,0.06438231291558041,0
32.19,0.19366814649371109,0.06649442086708687,0
32.2,0.19224742015723154,0.06914280545444411,0
32.21,0.1906684269681427,0.07217794692988247,0
32.22,0.1891976061749484,0.07566387786555932,0
32.23,0.18918277981984816,0.07982735744053066,0
32.24,0.18972398563423332,0.08465456925632658,0
32.25,0.1899045896914826,0.08968710097849193,0
32.26,0.19141842271189816,0.09524842118306101,0
32.27,0.19558757618666578,0.10175513727678841,0
32.28,0.2012470984499662,0.10875061893088195,0
32.29,0.20705272828692856,0.11660292203108066,0
32.3,0.2164265677095714,0.12457043145304217,0
32.31,0.22903266526532415,0.13284621778829764,0
32.32,0.24206684159732406,0.14072992531287956,0
32.33,0.25706282820967635,0.14871080433576983,0
32.34,0.27658143818601383,0.15686092434416116,0
32.35,0.2981740388953634,0.1652129344739675,0
32.36,0.31936628243308,0.17349482119416038,0
32.37,0.34359980864363665,0.18110636047865372,0
32.38,0.37037565204583733,0.1879389578342327,0
32.39,0.3957406132224544,0.19382045407829251,0
32.4,0.4197166969937281,0.19886306978064724,0
32.41,0.44695533077558075,0.20315455310569575,0
32.42,0.4750361091737917,0.2067234937171433,0
32.43,0.5017761851257397,0.20943855829879784,0
32.44,0.5283657858031648,0.21139728975583244,0
32.45,0.5534593907929712,0.2131142586953801,0
32.46,0.5759228768473678,0.21491292270731427,0
32.47,0.5960040801602433,0.2179173221978561,0
32.48,0.6147043137892053,0.22246916071203823,0
32.49,0.6282157970036408,0.22881688950625387,0
32.5,0.6394408813614757,0.23732898152768095,0
32.51,0.6490516204569069,0.2497236559713805,0
32.52,0.6539335536591139,0.26989036795205423,0
32.53,0.6561457942850476,0.294606659934657,0
32.54,0.6561457942850476,0.323823255312868,0
32.55,0.6561457942850476,0.35776440966655104,0
32.56,0.6613597461629283,0.39645071955850814,0
32.57,0.6798906655395659,0.4396246189593368,0
32.58,0.6990525572758998,0.4876832290138615,0
32.59,0.7190596207508854,0.541146337470932,0
32.6,0.7401452770117893,0.5997739798568135,0
32.61,0.7632699120417067,0.6652915722530499,0
32.62,0.7885444127543446,0.6890621616907961,0
32.63,0.8164264715446585,0.7132466345474253,0
32.64,0.8467948910074141,0.7403571634967758,0
32.65,0.8800021548551289,0.769347461328443,0
32.66,0.8927977549038333,0.7989186645649011,0
32.67,0.8943681297630983,0.8287070589027049,0
32.68,0.895942688536284,0.8587512505956192,0
32.69,0.8979429938199137,0.8889723504449627,0
32.7,0.9042534857966056,0.9194235186157994,0
32.71,0.9153683473691283,0.9490999817211454,0
32.72,0.9312009711538327,0.9768938837161822,0
32.73,0.9510540110196832,1.0016531485357318,0
32.74,0.9742169009091182,1.0240490850157669,0
32.75,1.0002839676110475,1.0449156348962314,0
32.76,1.0292579613266322,1.065363734045031,0
32.77,1.0609095244869995,1.0854992504671122,0
32.78,1.0950172765658326,1.1054669467820162,0
32.79,1.1308250440213738,1.1253345338459637,0
32.8,1.1649396340483174,1.144729967780926,0
32.81,1.1967696450798728,1.1637707020891057,0
32.82,1.2267543868814406,1.1824344155445887,0
32.83,1.2554207214067008,1.2001518274056966,0
32.84,1.2833898023652863,1.2160044883596643,0
32.85,1.3107271285752848,1.229951676236828,0
32.86,1.33758248667654,1.2419839987810943,0
32.87,1.363986167726561,1.2521586196645018,0
32.88,1.3898065217527522,1.2603062998424073,0
32.89,1.4151387197241196,1.2663559519995593,0
32.9,1.4399304084346973,1.2706660584242717,0
32.91,1.4637378448600964,1.273364490705633,0
32.92,1.4858113193281342,1.2747334230757033,0
32.93,1.5061515596745922,1.2753020790952028,0
32.94,1.5246665252196197,1.2755977283791509,0
32.95,1.5412397453493827,1.2755991560827677,0
32.96,1.5557447347048916,1.275395176117153,0
32.97,1.5680760034132797,1.2751556088065759,0
32.98,1.578399869447081,1.2747952504528777,0
32.99,1.5868549928084341,1.2743334979336864,0
33.0,1.593655972606558,1.2736287893462988,0
33.01,1.5990676136826962,1.2727295663144946,0
33.02,1.6036884730391705,1.2716486863347705,0
33.03,1.6075404471786119,1.2703599511547916,0
33.04,1.6109176427993133,1.2689550175916284,0
33.05,1.614068707088192,1.267409765925392,0
33.06,1.6169400017529179,1.2656763881761584,0
33.07,1.6196381531118087,1.2636330317465805,0
33.08,1.6222264702894695,1.2613588573730083,0
33.09,1.6245991377328446,1.25880599388492,0
33.1,1.6269114297323921,1.2561787300162313,0
33.11,1.6294103896110879,1.2534504182551105,0
33.12,1.6321145793530312,1.250664535730655,0
33.13,1.6349439193073942,1.2477884128222505,0
33.14,1.6378226327743686,1.2447763605610078,0
33.15,1.6406474321117737,1.2416549228379754,0
33.16,1.643003710535465,1.2385100876489126,0
33.17,1.6442469169828726,1.235569652786714,0
33.18,1.6441346586715555,1.23291013489203,0
33.19,1.6426220147735706,1.2306094588569867,0
33.2,1.6396198306406156,1.2286323397788543,0
33.21,1.6348302619144781,1.2269569933967797,0
33.22,1.6280837122614553,1.2255931890103533,0
33.23,1.6192551712917524,1.224806654870149,0
33.24,1.6082431170451008,1.2247806197568376,0
33.25,1.595192452938084,1.2256176318940029,0
33.26,1.5805587831385037,1.227085248301753,0
33.27,1.5651011699262305,1.2286876769667048,0
33.28,1.5490782036644943,1.2303723862880747,0
33.29,1.5325528491854228,1.231878634486115,0
33.3,1.515414763735287,1.232909902533464,0
33.31,1.4979034844010788,1.2330782237756663,0
33.32,1.4797332211423275,1.2322350702218827,0
33.33,1.46061731368189,1.230135301299319,0
33.34,1.4399286820681387,1.2267130708521718,0
33.35,1.4174178419498968,1.2217238480847195,0
33.36,1.393231993651385,1.2154825412388728,0
33.37,1.3676540018993786,1.208305029089382,0
33.38,1.3407349049408206,1.2000501138204855,0
33.39,1.3124324309631057,1.1908431730658589,0
33.4,1.2826671210958116,1.1810197245468812,0
33.41,1.2513311144355028,1.1704066392153498,0
33.42,1.2189406806606577,1.1584104209667163,0
33.43,1.1861850381720134,1.1438279347898304,0
33.44,1.153811625563029,1.1264485293669178,0
33.45,1.1216889953594953,1.1067222092876303,0
33.46,1.0894263965649877,1.0853743622344096,0
33.47,1.0563211311653014,1.062457221602437,0
33.48,1.0222062262170872,1.037896588995653,0
33.49,0.9868283812250926,1.0115322831139508,0
33.5,0.9500000735941284,0.9832394788183558,0
33.51,0.9117936446588699,0.9538062019930166,0
33.52,0.8719481512324974,0.9243837826744321,0
33.53,0.8325829535427806,0.8965108620209165,0
33.54,0.7951079676071561,0.869933608234448,0
33.55,0.7600883339908909,0.8439255668237707,0
33.56,0.6996658224185879,0.8171626620328689,0
33.57,0.6460768047362718,0.7895932330813059,0
33.58,0.6017758942949017,0.7608457434896951,0
33.59,0.566392550540823,0.7307031075742862,0
33.6,0.5410449533748873,0.6994694908857545,0
33.61,0.5247264129743339,0.6669161825428098,0
33.62,0.517618920496046,0.6328840727241822,0
33.63,0.513790547961605,0.5981216536564109,0
33.64,0.5103573093803973,0.5644006267761137,0
33.65,0.5074848003095875,0.5321959688769545,0
33.66,0.5048205153552119,0.5020230404636058,0
33.67,0.5029842081866577,0.4742655607025642,0
33.68,0.5012380768165593,0.4500965422382592,0
33.69,0.5004658440697834,0.4307036562356307,0
33.7,0.4999346266388802,0.41579510383426305,0
33.71,0.4999346266388802,0.40535869428385907,0
33.72,0.4999346266388802,0.3987730715298444,0
33.73,0.4999346266388802,0.394830089233882,0
33.74,0.4999346266388802,0.391783583920809,0
33.75,0.4999346266388802,0.3897555564118877,0
33.76,0.4999346266388802,0.38838849370935685,0
33.77,0.4999346266388802,0.38724452261485903,0
33.78,0.4999346266388802,0.38633605939534105,0
33.79,0.4999346266388802,0.38551465530340107,0
33.8,0.4999346266388802,0.3847232518723393,0
33.81,0.4999346266388802,0.3840675056048125,0
33.82,0.4999346266388802,0.3834742496792235,0
33.83,0.4999346266388802,0.3827660079614675,0
33.84,0.4999346266388802,0.38193458660254564,0
33.85,0.4999346266388802,0.3810157185739065,0
33.86,0.4999346266388802,0.3800416153057413,0
33.87,0.4999346266388802,0.37910738228124435,0
33.88,0.4999346266388802,0.3782453067931471,0
33.89,0.49952473664589936,0.3774548351447591,0
33.9,0.49861314130150997,0.3767790714774224,0
33.91,0.49753267128001233,0.37619665956989673,0
33.92,0.4961439639837933,0.37590982388780525,0
33.93,0.4946191732099045,0.3758083796192941,0
33.94,0.49176961797870167,0.3759823243381277,0
33.95,0.4845539145422668,0.3762818301679699,0
33.96,0.4713800501678625,0.37676426281458053,0
33.97,0.4524611676518385,0.37735758399844266,0
33.98,0.4281169811887201,0.3779622997047145,0
33.99,0.3983753632980298,0.378503414775754,0
34.0,0.3657907484160243,0.3789332160612581,0
34.01,0.33305365445663,0.37919040609712473,0
34.02,0.3003280374170392,0.3791032800916015,0
34.03,0.2674843720594698,0.37815682669963746,0
34.04,0.23558673280570014,0.37563291984263164,0
34.05,0.20749943092668055,0.37056920811475574,0
34.06,0.18506205271090886,0.36317616723666896,0
34.07,0.16828279595824486,0.3535482250212159,0
34.08,0.1568042365948091,0.3410969210223942,0
34.09,0.15107397449293686,0.32624048878611583,0
34.1,0.14868841473378824,0.2983117653032283,0
34.11,0.14662420872913676,0.2632118898363348,0
34.12,0.14485676307940332,0.2274375659520803,0
34.13,0.14334344922531803,0.19283653631719844,0
34.14,0.1414874673371008,0.16115388886360382,0
34.15,0.13959705468947306,0.1352215664001057,0
34.16,0.13726396084942613,0.1142491019325951,0
34.17,0.13388482774729207,0.0980522106344693,0
34.18,0.13019581781046444,0.08751205487292983,0
34.19,0.12679045174877956,0.08122138804483149,0
34.2,0.12333301102468204,0.07790975140677536,0
34.21,0.11985006978847085,0.07597710152778489,0
34.22,0.11657663765693671,0.0749467237790432,0
34.23,0.11322733989855166,0.07455168180201635,0
34.24,0.11083269833439248,0.07461254261080201,0
34.25,0.10895965208980982,0.07468536278131407,0
34.26,0.10787584235591466,0.0746917042222295,0
34.27,0.1088204770276342,0.074188939257153,0
34.28,0.10980162849780045,0.07330890756844248,0
34.29,0.1104591893142453,0.07225737377041692,0
34.3,0.11104669731746906,0.07109806490935247,0
34.31,0.11166805460924488,0.07007177042316697,0
34.32,0.11209371533722501,0.06911806491200237,0
34.33,0.11266707788337883,0.06816211176884752,0
34.34,0.11297140185969838,0.06714316887291649,0
34.35,0.11338450180297904,0.06619637405676168,0
34.36,0.11338962637230808,0.06549895286567148,0
34.37,0.11317358715894897,0.06494072602325908,0
34.38,0.11359831907994518,0.06464373512159038,0
34.39,0.11405139804047996,0.06497970439319682,0
34.4,0.11505584578391624,0.0658031914085717,0
34.41,0.1164656022739155,0.06731208036183271,0
34.42,0.11836435055839542,0.07007220535130365,0
34.43,0.12025734102163513,0.07524330392511082,0
34.44,0.12195186084867041,0.08185196786800063,0
34.45,0.12366624743266243,0.08999078391034623,0
34.46,0.12578217630886798,0.09883082544205106,0
34.47,0.12855829259353913,0.10771102878846668,0
34.48,0.1328131579573271,0.1163021881494434,0
34.49,0.13955367989535578,0.12377748844935187,0
34.5,0.14892184017650828,0.13012769253971024,0
34.51,0.16211292928016413,0.13517944099691734,0
34.52,0.17823388926290293,0.13855021899566367,0
34.53,0.19721146766725195,0.1393383389933162,0
34.54,0.2186024819517158,0.13857944682065892,0
34.55,0.24118592615133186,0.13622296189814706,0
34.56,0.2636982906750422,0.13288221275767864,0
34.57,0.28486742157714,0.12905021126277322,0
34.58,0.30413811623326653,0.1249550221333508,0
34.59,0.3208182239418211,0.12106858644472461,0
34.6,0.33454115676449986,0.11750921634362811,0
34.61,0.34443581964460857,0.1141671973367049,0
34.62,0.3470083314409595,0.11104408763120185,0
34.63,0.3411846804028047,0.10869167597227818,0
34.64,0.334207979316681,0.10804161154408475,0
34.65,0.3313375114261804,0.1084849546878178,0
34.66,0.3313375114261804,0.10910285489132943,0
34.67,0.3313375114261804,0.10980981224486537,0
34.68,0.3313375114261804,0.11053054444370257,0
34.69,0.3313375114261804,0.11125702877574245,0
34.7,0.3313375114261804,0.11191007249483026,0
34.71,0.3313375114261804,0.11248261157773456,0
34.72,0.3313375114261804,0.11306559532355961,0
34.73,0.3313375114261804,0.11397856986890822,0
34.74,0.3311704792884888,0.11527554976284621,0
34.75,0.3308178558866951,0.11715654777743956,0
34.76,0.33015543783636236,0.11958187923932041,0
34.77,0.3296400651722025,0.12243347404590701,0
34.78,0.3291246925080427,0.12577987845119823,0
34.79,0.32913754113401894,0.12976759525128226,0
34.8,0.32936881640159216,0.13465965839691088,0
34.81,0.32946589490896844,0.14028413460836286,0
34.82,0.3289048382413374,0.1467237486434087,0
34.83,0.3274715026324276,0.15305008602020825,0
34.84,0.3260552985248195,0.159274272575351,0
34.85,0.326290856667718,0.16523227159794232,0
34.86,0.328222433439486,0.17074866825395402,0
34.87,0.332136981486927,0.17582835690233922,0
34.88,0.3375648121493526,0.18038984898939311,0
34.89,0.3436507779867855,0.18436873576043794,0
34.9,0.35201095062202065,0.18751823051815408,0
34.91,0.3623355354065186,0.18998998270412695,0
34.92,0.3749757281169646,0.19144792141312308,0
34.93,0.388625251779103,0.19241745860163162,0
34.94,0.40239326832524486,0.1930501680252748,0
34.95,0.4146280155048836,0.19350514157868523,0
34.96,0.425109639051314,0.19466893940605712,0
34.97,0.43329278617309797,0.19737183652362286,0
34.98,0.4398327367950262,0.20143809012484734,0
34.99,0.44517348232583476,0.20797738257341897,0
35.0,0.44802159441724415,0.21714537466697242,0
35.01,0.44903949111958746,0.22870708671844628,0
35.02,0.4483999150709903,0.2440936646058662,0
35.03,0.4476232870119794,0.26356322269237625,0
35.04,0.44687806670535485,0.288826869233855,0
35.05,0.44634270728967645,0.31913379947542275,0
35.06,0.44634270728967645,0.35332614432349146,0
35.07,0.446878066705355,0.3904014936528722,0
35.08,0.447610438386003,0.4311340896383797,0
35.09,0.4483870664450139,0.47405877817586006,0
35.1,0.4492193718832555,0.5184980185228054,0
35.11,0.4501159204513783,0.5521727829614179,0
35.12,0.4517534064508003,0.5739109528846371,0
35.13,0.45860743459659326,0.594613418449901,0
35.14,0.47173444746902954,0.6133258223710759,0
35.15,0.49082179516935265,0.6303674780720818,0
35.16,0.5161407264681735,0.6459805042120862,0
35.17,0.547235828955888,0.6607936338512311,0
35.18,0.5839900373736009,0.6749394240392077,0
35.19,0.6258380121783562,0.6884422479022694,0
35.2,0.6730124562628349,0.7012938918031228,0
35.21,0.7254491264971561,0.7136867575713348,0
35.22,0.7819545282906336,0.7255606414887164,0
35.23,0.8379003010415889,0.7372597431087115,0
35.24,0.8813496608480628,0.7508056288983045,0
35.25,0.9074504880443289,0.7684811477708374,0
35.26,0.9325854154162305,0.793026699452667,0
35.27,0.9568591430713308,0.8231926655975932,0
35.28,0.9803083853842744,0.8559819458107077,0
35.29,1.0032536512621377,0.8896286676203871,0
35.3,1.0257778372528314,0.9244840631343508,0
35.31,1.0484096962961238,0.960344010421571,0
35.32,1.0722899762958709,0.99664722755617,0
35.33,1.0984477650142397,1.0328343598095533,0
35.34,1.1276159787585391,1.0673588899402033,0
35.35,1.1590576701142432,1.0983429631670505,0
35.36,1.1916061850801611,1.123672165490458,0
35.37,1.2245736047504598,1.1438348342026121,0
35.38,1.2581838665540062,1.1604843232169617,0
35.39,1.292267557902244,1.1749496885118207,0
35.4,1.3264504375743655,1.1872069890797765,0
35.41,1.3601823465293106,1.1975890933480753,0
35.42,1.3925511435754163,1.2064439454765354,0
35.43,1.4225401613722912,1.2139975440372806,0
35.44,1.4493471523198143,1.2204018597619795,0
35.45,1.4731804298283664,1.2259664352749862,0
35.46,1.4946156259284016,1.2308286083615205,0
35.47,1.5142791998135328,1.2350604530588423,0
35.48,1.532258422515926,1.2388031201294236,0
35.49,1.548797351138561,1.2420627505215334,0
35.5,1.5640966464921404,1.2447783606161156,0
35.51,1.5783262404362524,1.2468518508129627,0
35.52,1.5914917868074472,1.2482889891040736,0
35.53,1.6037593876536491,1.249145933177321,0
35.54,1.614647300381885,1.249672388802276,0
35.55,1.6241224326175432,1.2502454111611176,0
35.56,1.632407365826823,1.2512679795804735,0
35.57,1.6395353052548753,1.2530890163201263,0
35.58,1.6454336648693537,1.2559574379374676,0
35.59,1.6500339022626562,1.2601115741891138,0
35.6,1.6533731645296736,1.2656034227359148,0
35.61,1.6554744736917495,1.2724524142784561,0
35.62,1.6565526406154825,1.2806008596850347,0
35.63,1.6567315791799098,1.2899463180136848,0
35.64,1.6567315791799098,1.2999953419562713,0
35.65,1.6565526406154825,1.3103963167297217,0
35.66,1.6559718011370754,1.3209186029751816,0
35.67,1.6546788144477376,1.3316156811334388,0
35.68,1.6524136532415001,1.3426587302629425,0
35.69,1.6492148931483925,1.354181771998065,0
35.7,1.6448092271112311,1.3669893168019094,0
35.71,1.6391493896087437,1.3830552535924903,0
35.72,1.6323003849208404,1.403274242526446,0
35.73,1.6239873534836748,1.426412572937886,0
35.74,1.6140848781807675,1.4513508100478265,0
35.75,1.6024750760105968,1.4771159164444092,0
35.76,1.5894005105728515,1.503472982842359,0
35.77,1.5752192731174308,1.5299162483048652,0
35.78,1.5602389862465393,1.5562868028557175,0
35.79,1.5443068248175273,1.5817365512734944,0
35.8,1.52773352059968,1.6053760586582977,0
35.81,1.510645665255948,1.6255434147651198,0
35.82,1.4943632138618994,1.6415156113862364,0
35.83,1.4794782700082367,1.6542589572088275,0
35.84,1.4661465806237584,1.6646079240481166,0
35.85,1.4547120708505552,1.6731446400065662,0
35.86,1.445167310181863,1.6798361970946802,0
35.87,1.4374742851094768,1.6849837905951492,0
35.88,1.4315929576022353,1.6883303640090495,0
35.89,1.4276367020581584,1.6904593799284062,0
35.9,1.4257980834012565,1.6915115196923864,0
35.91,1.42817638186452,1.6914719813468515,0
35.92,1.4331310333214748,1.6903296196590192,0
35.93,1.439951556257062,1.6881224356962274,0
35.94,1.4482722128911094,1.6852600994575242,0
35.95,1.4581325319395737,1.682012178089971,0
35.96,1.4694330080095086,1.6786253942725275,0
35.97,1.4821209931137829,1.6748249686609833,0
35.98,1.4959509955913433,1.6706705083988296,0
35.99,1.5105847785996038,1.666139104972612,0
36.0,1.5257654396215907,1.661427501509509,0
36.01,1.5392239306885294,1.6565616078621144,0
36.02,1.5508448021242904,1.6515048639204963,0
36.03,1.5607833834617468,1.6460443894246157,0
36.04,1.5693496583834212,1.6394469031036045,0
36.05,1.5765399797926098,1.6305882404183103,0
36.06,1.58271435929509,1.618041541139689,0
36.07,1.5879378745762713,1.6021169376739275,0
36.08,1.5925695646259157,1.5840218775099744,0
36.09,1.5968434349936893,1.5645795498968202,0
36.1,1.600243982739989,1.5434666677552968,0
36.11,1.6029791543478344,1.5207729691530572,0
36.12,1.6053299432466572,1.4968436997838073,0
36.13,1.6075419935440685,1.4721997613243707,0
36.14,1.609650239151396,1.4478789696642,0
36.15,1.6116215394910716,1.425549949143123,0
36.16,1.6131840554709107,1.4071636240499528,0
36.17,1.614304711962915,1.3927421491313516,0
36.18,1.6148343460740173,1.381246168967402,0
36.19,1.6148343460740173,1.3717738783452524,0
36.2,1.6148343460740173,1.3644841857839225,0
36.21,1.6148343460740173,1.3591467555209105,0
36.22,1.6148343460740173,1.3554059976396264,0
36.23,1.6148343460740173,1.352871099003221,0
36.24,1.6148343460740173,1.3515863058479798,0
36.25,1.6148343460740173,1.3511403772065589,0
36.26,1.6137244553962988,1.351283376284914,0
36.27,1.61120849547923,1.3519453171500067,0
36.28,1.607056361670553,1.3529415813276062,0
36.29,1.6010969696931723,1.354232336549744,0
36.3,1.5931298301625645,1.3557753323308932,0
36.31,1.5830390521171591,1.3577488595535114,0
36.32,1.5707904349008643,1.3600615922312422,0
36.33,1.5563382226554563,1.3627727924621675,0
36.34,1.539722481111726,1.3655203890332082,0
36.35,1.5211926270920149,1.3680425041827524,0
36.36,1.5019431909595888,1.3700423617866686,0
36.37,1.4822962524701764,1.3711807175336743,0
36.38,1.4622319638357373,1.3712023214501388,0
36.39,1.4416281512520284,1.3699157203957495,0
36.4,1.4203790838369061,1.3672207899978963,0
36.41,1.397995327819341,1.3631843340520682,0
36.42,1.3733647885814708,1.3578818899354055,0
36.43,1.345851244366234,1.3516047761974908,0
36.44,1.315589845089698,1.344820415820535,0
36.45,1.2842533860719678,1.337881469267714,0
36.46,1.2541012880072484,1.3310565968109296,0
36.47,1.2252351958634278,1.3242977518467582,0
36.48,1.1980526237624227,1.3173072660778993,0
36.49,1.1730155991666993,1.309786613763116,0
36.5,1.1506153592556085,1.3009443036514003,0
36.51,1.1316968671672,1.288276297691495,0
36.52,1.117727255271139,1.2706280580603715,0
36.53,1.1095087600310398,1.248834272475583,0
36.54,1.1085970650742492,1.2236994817670646,0
36.55,1.1123259636231917,1.196032163619958,0
36.56,1.1176577525287579,1.165670572375431,0
36.57,1.124423731652451,1.132879410299948,0
36.58,1.1325669217666372,1.097847243250961,0
36.59,1.1418129655595433,1.0613787639860885,0
36.6,1.1520614115390693,1.0247253758837909,0
36.61,1.1633920735894256,0.990989015427544,0
36.62,1.1756515622760835,0.9615886279288278,0
36.63,1.1888085288709602,0.935280325950979,0
36.64,1.2008975726855964,0.9104696552298702,0
36.65,1.2120726863018654,0.886464026271157,0
36.66,1.2224616309620726,0.8638852107140027,0
36.67,1.2320923641262262,0.8418503648652323,0
36.68,1.2409169342237092,0.803338434628365,0
36.69,1.2491763231375508,0.7681049496840833,0
36.7,1.2569044172624664,0.7360585545549418,0
36.71,1.263963958020028,0.7076373770415019,0
36.72,1.2704164775720959,0.6836074574078982,0
36.73,1.2760851599506604,0.6641507302168624,0
36.74,1.2809134594748324,0.649113033100205,0
36.75,1.2848779604958156,0.6372957783118769,0
36.76,1.2881280060727023,0.6275491128886802,0
36.77,1.2907397725115994,0.6200757722332895,0
36.78,1.2928075045633434,0.614738011436723,0
36.79,1.2943338095579697,0.6114691416474389,0
36.8,1.295364260150262,0.609926903321749,0
36.81,1.2955292864398291,0.6096072400248721,0
36.82,1.2945464941442055,0.6107031013833046,0
36.83,1.2924685617318408,0.6130920115338705,0
36.84,1.2893596029203784,0.6163808895961007,0
36.85,1.2851207417077124,0.6202033108203397,0
36.86,1.2796402241861855,0.6246047103227604,0
36.87,1.2728653951512996,0.6295857674465029,0
36.88,1.2647327065085012,0.6353361645010577,0
36.89,1.2551221873204472,0.6421443149988781,0
36.9,1.2438726905434674,0.6503904084756165,0
36.91,1.2312578117193411,0.6598713375073548,0
36.92,1.2175980491742737,0.6706328930566728,0
36.93,1.2030830461998852,0.6818824596028067,0
36.94,1.1880256993961928,0.6919842920893451,0
36.95,1.1722789483609648,0.7039767203586821,0
36.96,1.1560527851370934,0.7157422318445406,0
36.97,1.1395568892054515,0.7271254834156547,0
36.98,1.1228518784035473,0.73679810043663,0
36.99,1.106035039548831,0.7455936692894855,0
37.0,1.0891999050033327,0.7530601194644598,0
37.01,1.0725380013566925,0.7596764849240234,0
37.02,1.0559086338545784,0.7646397982519517,0
37.03,1.0396224605060542,0.7688919848862004,0
37.04,1.0247952932382933,0.7757462983678434,0
37.05,1.0117536109049654,0.7801345153783877,0
37.06,1.000420641002145,0.7841395343336618,0
37.07,0.990637354442635,0.7877681971895715,0
37.08,0.982422214622831,0.7921554437099164,0
37.09,0.9758141909820797,0.7960023212871828,0
37.1,0.9708979490149741,0.7990100321637829,0
37.11,0.9678244954683803,0.7999958237587562,0
37.12,0.9696585848587561,0.8007184184116263,0
37.13,0.9747914873120193,0.7999529280919384,0
37.14,0.9816077453577282,0.7958677304713495,0
37.15,0.989955206360505,0.7906664852961787,0
37.16,0.9997942750644896,0.7843262566480445,0
37.17,1.0109418716006708,0.777157035271502,0
37.18,1.0230418311039398,0.7692363309838176,0
37.19,1.0356600219742231,0.7604351656374783,0
37.2,1.0496052163155312,0.7510869187908475,0
37.21,1.0639868596983957,0.7413980945835409,0
37.22,1.0760153229149447,0.7302608946276716,0
37.23,1.0867631402870983,0.7182450290200171,0
37.24,1.0961109395162079,0.705455407751142,0
37.25,1.103966501993538,0.6920598609262125,0
37.26,1.1103626192929599,0.6780198115597987,0
37.27,1.1154508781968464,0.6634103270688317,0
37.28,1.1195355875932724,0.6488619834604327,0
37.29,1.1229974308124664,0.635204194008763,0
37.3,1.1250707494468992,0.622138322704602,0
37.31,1.1263984292124565,0.6105228813532587,0
37.32,1.1271584490980546,0.6002828834119855,0
37.33,1.1273866858976331,0.5915628833959976,0
37.34,1.1273866858976331,0.5841643837098246,0
37.35,1.1273866858976331,0.5794732928828545,0
37.36,1.1273866858976331,0.5768068872345801,0
37.37,1.1273866858976331,0.5759967867153886,0
37.38,1.1273866858976331,0.5758637001593647,0
37.39,1.1273866858976331,0.5765076204067293,0
37.4,1.1273866858976331,0.5784090533300889,0
37.41,1.1273866858976331,0.5811171577072682,0
37.42,1.1273866858976331,0.5846458115481203,0
37.43,1.1273866858976331,0.581851656158536,0
37.44,1.1273866858976331,0.570889235188041,0
37.45,1.1271237133595489,0.5619805847648117,0
37.46,1.1264982869115145,0.5556885813723221,0
37.47,1.1254231098582408,0.550771663799249,0
37.48,1.1239278563487236,0.547376818951047,0
37.49,1.1217360878453773,0.5447970180698836,0
37.5,1.1188625961585545,0.5426052451096336,0
37.51,1.0851700881555373,0.5406713179182964,0
37.52,1.0372662415944573,0.5387473346510946,0
37.53,0.9920595238117765,0.536614466017326,0
37.54,0.94882724323094,0.5416320807830612,0
37.55,0.9073463118838779,0.5471674797944892,0
37.56,0.8676857064359816,0.5516058991647631,0
37.57,0.8296357466043004,0.5554705588683027,0
37.58,0.792781673851612,0.558766941923792,0
37.59,0.7568832872468003,0.5615617259863386,0
37.6,0.7213407605650186,0.5635066680773035,0
37.61,0.6856176413441637,0.5646084826261861,0
37.62,0.6519234925053994,0.5648717323341138,0
37.63,0.6255054414641211,0.5642270822910608,0
37.64,0.608671338484675,0.562559557613512,0
37.65,0.5958109196270746,0.5600586270582141,0
37.66,0.5834263569197616,0.556936443265359,0
37.67,0.5734574894537734,0.5531194715659293,0
37.68,0.5648123056273762,0.5486847464281022,0
37.69,0.5573981593446499,0.5433001498738129,0
37.7,0.5537696890808889,0.5365927872686213,0
37.71,0.5541084282290236,0.5271900749981556,0
37.72,0.5540691461012759,0.5166519296658993,0
37.73,0.5528542028041633,0.50561109712809,0
37.74,0.554334963947174,0.4935857757500583,0
37.75,0.5565370946691413,0.4794256480588533,0
37.76,0.5609035629276079,0.4651664347832099,0
37.77,0.5669328001767243,0.44947183719301737,0
37.78,0.5737243285979993,0.4351722523477684,0
37.79,0.5812227226380788,0.42125607705466744,0
37.8,0.5884121002368552,0.40660241327290086,0
37.81,0.5955058118120338,0.3905833340628388,0
37.82,0.6023785804279511,0.37520734777173864,0
37.83,0.6089074069114107,0.3614282563531204,0
37.84,0.6153436043878945,0.3452017793122661,0
37.85,0.6222512986949665,0.33080088131803115,0
37.86,0.6292835106835467,0.3169069199147349,0
37.87,0.6363225559595266,0.30271460000332107,0
37.88,0.6433001016489082,0.2881964118275672,0
37.89,0.6503042212337334,0.2747480892456067,0
37.9,0.6575057468989982,0.26292540695393524,0
37.91,0.6643587749068717,0.25270535595823956,0
37.92,0.6714957639689157,0.24282313823994683,0
37.93,0.678975176655107,0.2345575140352027,0
37.94,0.6864469967997429,0.22917253552654082,0
37.95,0.6937016702558951,0.22487602677935611,0
37.96,0.6991728557006921,0.22233756849839775,0
37.97,0.7035742520403379,0.2205785672322797,0
37.98,0.7069385072035206,0.21967792046541648,0
37.99,0.7089604010197146,0.21945283858158607,0
38.0,0.7092504361071296,0.21953319034302496,0
38.01,0.7085359779467696,0.21971277582043727,0
38.02,0.7062764375798927,0.22069332505990255,0
38.03,0.7027793129394911,0.2218619607945075,0
38.04,0.698661877654016,0.22325505177324934,0
38.05,0.694179241119728,0.22472398980167188,0
38.06,0.6889289986341922,0.22605733718851406,0
38.07,0.6829893533754293,0.2281344231276734,0
38.08,0.6759601784034712,0.2298545254392397,0
38.09,0.669223316281395,0.2313329458267962,0
38.1,0.6625881942161606,0.2326627698432868,0
38.11,0.6556751851299996,0.23370906895699597,0
38.12,0.6489003603001463,0.23462672958270417,0
38.13,0.6421369242826261,0.2353984659235863,0
38.14,0.6350120832870705,0.2364674777703331,0
38.15,0.6280557967140441,0.23718449546025308,0
38.16,0.6213796749244106,0.2381252116973218,0
38.17,0.6147847933294196,0.23873387983723804,0
38.18,0.6089096846738773,0.24039378926806787,0
38.19,0.602809836788296,0.24231149590407902,0
38.2,0.5973416883601214,0.24394260355579397,0
38.21,0.5927983114933902,0.24541698034381948,0
38.22,0.5892670204159894,0.24639310763525976,0
38.23,0.5871282014598428,0.24657668941864128,0
38.24,0.5863780583541726,0.24562628982480117,0
38.25,0.586200392881777,0.2441067949788518,0
38.26,0.5877674934588045,0.2407226450498012,0
38.27,0.5908128618766619,0.23611567278775344,0
38.28,0.5947047986779427,0.23007986743765982,0
38.29,0.5991843981956086,0.22342929307818235,0
38.3,0.6034384992290803,0.2167688225409055,0
38.31,0.607038882434635,0.2101066494354051,0
38.32,0.6094965881361071,0.2036524497677665,0
38.33,0.6101624540305126,0.19774615783656654,0
38.34,0.6089195549778993,0.19222320387025318,0
38.35,0.606026037391149,0.18753677842444014,0
38.36,0.6017195478209455,0.18422731685280702,0
38.37,0.5960501970415535,0.18202711394898274,0
38.38,0.5899624972224609,0.1806589112071198,0
38.39,0.5827753973861514,0.18033220728244678,0
38.4,0.575281558871005,0.18107600495171625,0
38.41,0.5677019246362829,0.18310609291387156,0
38.42,0.5601640493801153,0.1864272359952607,0
38.43,0.5529329128027846,0.19110032465665602,0
38.44,0.5458103495696957,0.1971339545029084,0
38.45,0.5388806368921129,0.2041659987315828,0
38.46,0.5322994218719216,0.21205941242407458,0
38.47,0.5258981500865924,0.2207457263263384,0
38.48,0.5190549923827408,0.2300506163697081,0
38.49,0.5120379654772715,0.24043592783160056,0
38.5,0.5049936054222027,0.2522911113697604,0
38.51,0.49800922644542145,0.2659210331067156,0
38.52,0.4910316807560398,0.2811173767262816,0
38.53,0.48464559405382135,0.2975197889345895,0
38.54,0.4789527063956079,0.31526407319424776,0
38.55,0.4737814263422479,0.3348749397496491,0
38.56,0.4689745882835456,0.3568815799101635,0
38.57,0.4648381716441821,0.3815650120197992,0
38.58,0.46142152794426744,0.4092726900534534,0
38.59,0.4592318389596998,0.43950707391796734,0
38.6,0.4579357921161988,0.47110882106362284,0
38.61,0.45944518937740564,0.5031920166680466,0
38.62,0.46519350258897335,0.5352312056132481,0
38.63,0.4747426421031574,0.5667611020151919,0
38.64,0.48843579079826027,0.5971331101444421,0
38.65,0.5065455209161197,0.6259115617100189,0
38.66,0.5291902761049994,0.6518619173989976,0
38.67,0.5563518342651663,0.6743750361358446,0
38.68,0.5876665126561184,0.6932800817520738,0
38.69,0.6229543680429938,0.7081708971392471,0
38.7,0.6616398857758954,0.7196697118661168,0
38.71,0.7011408424718432,0.7280130646818509,0
38.72,0.7397473977725693,0.7340972631690206,0
38.73,0.7770814431086156,0.7382823768601241,0
38.74,0.8120268748713438,0.7414104794457786,0
38.75,0.8440848630805663,0.7433617172170813,0
38.76,0.8728013737512723,0.7445702214242541,0
38.77,0.8979957043944435,0.7457538137477671,0
38.78,0.9199563715891848,0.7471942574052263,0
38.79,0.9388435779623137,0.7486492556563186,0
38.8,0.9553922815363899,0.7503502631923222,0
38.81,0.9694559462593944,0.7523137499961219,0
38.82,0.9821613052981442,0.7543885185507547,0
38.83,0.9934825440113505,0.7570922914768629,0
38.84,1.0044059335470559,0.7596650257667102,0
38.85,1.0154401741894694,0.7621490018645154,0
38.86,1.0270537257525574,0.7645385208960851,0
38.87,1.0388115356051977,0.7658502078316389,0
38.88,1.0509398614857393,0.7668248808460549,0
38.89,1.0635935912419126,0.7674798612063296,0
38.9,1.0765692447600337,0.7676314607185674,0
38.91,1.090849296917366,0.7674257455482798,0
38.92,1.1052052744902525,0.7668301422548013,0
38.93,1.11973284350229,0.7660212449977623,0
38.94,1.1340622471797326,0.7651709540507884,0
38.95,1.1481517265440255,0.763732272078505,0
38.96,1.1617492092155308,0.7614524149932781,0
38.97,1.1753573214452133,0.7586921026140798,0
38.98,1.188471159219642,0.7549047041306395,0
38.99,1.2012372585908344,0.7509566967114448,0
39.0,1.2138029148649656,0.7473562969712237,0
39.01,1.2247855262248029,0.7438817335754688,0
39.02,1.2342754439148549,0.7405088986310705,0
39.03,1.2422491310563004,0.7370234577161096,0
39.04,1.2485851069842537,0.733604416961867,0
39.05,1.2526501537329964,0.7308536815289262,0
39.06,1.253976570742719,0.7292871532358014,0
39.07,1.2527306346734837,0.7303452355865065,0
39.08,1.2490034560239542,0.731642724247548,0
39.09,1.2426128137968027,0.7334030464065353,0
39.1,1.2330393781496414,0.7356681054392527,0
39.11,1.2214432894321308,0.7372479557482212,0
39.12,1.2077539370078054,0.7397556756621172,0
39.13,1.1919181730857784,0.7422755634425419,0
39.14,1.1741455518129773,0.7442407284649514,0
39.15,1.1583146112105327,0.7479705190647546,0
39.16,1.1407216510360547,0.754813515914681,0
39.17,1.1244610913515138,0.7627278719522258,0
39.18,1.107724143260219,0.7732878422797613,0
39.19,1.0891664227984907,0.7865061432300127,0
39.2,1.0688248278922272,0.8008254902435583,0
39.21,1.0456733453659643,0.8158274747036975,0
39.22,1.0205590597897158,0.8301227840862025,0
39.23,0.9921818509051649,0.8420255361370071,0
39.24,0.9627685905218208,0.8521549404243476,0
39.25,0.9322717247334187,0.8607397494052775,0
39.26,0.9003466826125942,0.8668208764085733,0
39.27,0.8666403179374116,0.8697477641623832,0
39.28,0.8309210977544155,0.8692059763139183,0
39.29,0.792970741838127,0.8644037897681885,0
39.3,0.753265568823431,0.8538385045072796,0
39.31,0.7125765756496104,0.8401241461609247,0
39.32,0.6715165060924746,0.8249613903410408,0
39.33,0.6304680203539533,0.8095184642299555,0
39.34,0.5927256380373268,0.7939610155866552,0
39.35,0.5586515206180138,0.7781884059111842,0
39.36,0.5284144509004008,0.7617280426426611,0
39.37,0.5024301564121253,0.7446171413820983,0
39.38,0.48097501534263987,0.7268420525894699,0
39.39,0.46407911313230465,0.710287275366049,0
39.4,0.4518852042005225,0.6979392250909063,0
39.41,0.4440690113563081,0.6933213848233739,0
39.42,0.4420073615020439,0.6973588657798174,0
39.43,0.44636153708241294,0.7106861575368009,0
39.44,0.4543170961696631,0.7313035649329327,0
39.45,0.4654789564219035,0.7583172580557552,0
39.46,0.4800747383853556,0.7902257742999933,0
39.47,0.4990192034194089,0.8268722580012579,0
39.48,0.5237422804136034,0.8672473578521649,0
39.49,0.5553165733387805,0.9097632068478246,0
39.5,0.5942091617820858,0.9516718017851958,0
39.51,0.6405446454885332,0.9894628850477548,0
39.52,0.6907089261877956,1.0206892533237846,0
39.53,0.7429081241016162,1.0447853780801397,0
39.54,0.7963392082022309,1.0637783676181414,0
39.55,0.8503719847848277,1.0781435344837258,0
39.56,0.9039637841141823,1.0850051182740779,0
39.57,0.955963473468188,1.0889093097891702,0
39.58,1.0052951316849852,1.091548919599477,0
39.59,1.0506104925845539,1.093322741291498,0
39.6,1.0912880711690578,1.0941936067738258,0
39.61,1.1271323173818528,1.0941927714563455,0
39.62,1.1582041921717716,1.0935106777157462,0
39.63,1.1838624180251232,1.0922023311930482,0
39.64,1.2052897956893815,1.0905966536803597,0
39.65,1.2228148809277348,1.0890317069784945,0
39.66,1.2371217030881196,1.088116009578893,0
39.67,1.2485316926280157,1.0880309611341517,0
39.68,1.2570678088658152,1.0891800108137035,0
39.69,1.2628899753296228,1.091441478458443,0
39.7,1.2662000756811564,1.0948554764824057,0
39.71,1.2674256282628773,1.0994894000760738,0
39.72,1.2674256282628773,1.1055330948736668,0
39.73,1.266340998394042,1.1129862090181775,0
39.74,1.2642683261337415,1.1215995780322987,0
39.75,1.2613493258954958,1.1317180150731476,0
39.76,1.2576774183541386,1.143439687802142,0
39.77,1.2534679460821687,1.1565565514162768,0
39.78,1.2490217553205771,1.1703548872831278,0
39.79,1.2442414668913588,1.1838167579879224,0
39.8,1.2392482109915446,1.196645886482085,0
39.81,1.2341069070731372,1.2090077179886278,0
39.82,1.2288872247919453,1.2209239497024476,0
39.83,1.223975514057452,1.2320793502244214,0
39.84,1.218534155598688,1.2425570480454098,0
39.85,1.2115996497438482,1.252098556275174,0
39.86,1.2025821795204636,1.2604501665194272,0
39.87,1.1904224494799927,1.2677406897442884,0
39.88,1.1749874539158922,1.2746116001880348,0
39.89,1.1562676924205515,1.2818286156543859,0
39.9,1.133820604339461,1.2894655633379561,0
39.91,1.1081956299127453,1.2971255872279002,0
39.92,1.0820172567427333,1.3046391184865442,0
39.93,1.0566155418948586,1.311999679916752,0
39.94,1.0327315171627194,1.3186613160265224,0
39.95,1.0111869678046013,1.3244710107756221,0
39.96,0.9924782901181392,1.3288026158049067,0
39.97,0.9774494369793764,1.3316784222554943,0
39.98,0.9659325678538648,1.3328491296330398,0
39.99,0.95803456232722,1.3319877257149542,0
40.0,0.9543009021363962,1.329627660591071,0
40.01,0.9564289934410896,1.3263360759908271,0
40.02,0.9613430792774855,1.3221702644048794,0
40.03,0.9686370172202461,1.3175799216289508,0
40.04,0.9783250578807866,1.313065707144324,0
40.05,0.9901744412726564,1.3087581245914888,0
40.06,1.0043442992233271,1.305109198635947,0
40.07,1.0203160678174061,1.3021182591527036,0
40.08,1.0378253190430755,1.2997880064789442,0
40.09,1.0559687224767282,1.298557170776995,0
40.1,1.074301243100385,1.2981765594184214,0
40.11,1.0903154151871628,1.298571893913528,0
40.12,1.1052877283470928,1.2994093304132792,0
40.13,1.1185035495237095,1.3001408395701595,0
40.14,1.12832857977952,1.3005300438236216,0
40.15,1.136468713977198,1.3004282769893105,0
40.16,1.1442706105237956,1.2997846479523751,0
40.17,1.1488514146655857,1.2983607955527545,0
40.18,1.1497775105071768,1.2959593091806814,0
40.19,1.153294799706793,1.2919591078089996,0
40.2,1.1579667263553042,1.2854452071756095,0
40.21,1.1593623593202314,1.274872237531614,0
40.22,1.1642999343348976,1.2599175384698382,0
40.23,1.1693214817450552,1.2410282553751868,0
40.24,1.1696161301277253,1.21962696037857,0
40.25,1.1699269890645503,1.1963347512396962,0
40.26,1.1704536955991667,1.1723308802363155,0
40.27,1.1709785994485613,1.148110750235762,0
40.28,1.1713865074818903,1.1245415333925919,0
40.29,1.1727832848063262,1.1024247195193877,0
40.3,1.1742405367063982,1.0827009006258466,0
40.31,1.1746068096843432,1.0531404538178935,0
40.32,1.1752920729151939,1.0320743140197919,0
40.33,1.1752920729151939,1.0215643029635828,0
40.34,1.17410076833125,1.0195170134418428,0
40.35,1.171240981415355,1.0245959286714637,0
40.36,1.166682376125109,1.0341963333764892,0
40.37,1.1596739304378754,1.047560668211601,0
40.38,1.1497925795461417,1.063117511531638,0
40.39,1.1365873822791097,1.080094411033124,0
40.4,1.1199017390665575,1.0895537934382789,0
40.41,1.0998266580356824,1.0992101181367981,0
40.42,1.076248174054228,1.1091131689411808,0
40.43,1.0492482764259765,1.1188606598883144,0
40.44,1.023436403809517,1.1280499515991176,0
40.45,0.9992930135250091,1.1365451024050783,0
40.46,0.9768484416148513,1.1442709989424475,0
40.47,0.9568537101016821,1.1510715809151681,0
40.48,0.9397318837930129,1.1570586037668553,0
40.49,0.9259339038596416,1.1626919674805551,0
40.5,0.9156163698717905,1.16821666845104,0
40.51,0.9086882737022626,1.1731411256428774,0
40.52,0.9086169430079727,1.177239361676629,0
40.53,0.9151383722307451,1.1801060518651207,0
40.54,0.9251869813021929,1.181699567339416,0
40.55,0.9387832675482621,1.1819515964423766,0
40.56,0.9563060215524222,1.18054874325645,0
40.57,0.9780438456639842,1.177612422441579,0
40.58,1.0039442667285277,1.1731054549382294,0
40.59,1.033475994057549,1.167679336258401,0
40.6,1.066664444335221,1.1614759888622719,0
40.61,1.1031496845179425,1.1549746288929954,0
40.62,1.1396652607430633,1.1481055697025788,0
40.63,1.1764309043447172,1.1415036544961168,0
40.64,1.212946480569838,1.1350565914188828,0
40.65,1.248920107496964,1.128940997977662,0
40.66,1.2833515156199615,1.1232733024641737,0
40.67,1.3159307853705375,1.118123291535269,0
40.68,1.3466874328980531,1.1129855761242882,0
40.69,1.37644217113336,1.098015453980885,0
40.7,1.4048055508834967,1.0818088519041598,0
40.71,1.4317259188870808,1.0645374956855143,0
40.72,1.4571999955719608,1.0475074577604284,0
40.73,1.4811728481046034,1.0295625319798452,0
40.74,1.5034526215141604,1.0120750345077074,0
40.75,1.5201578626620627,0.995237085834658,0
40.76,1.529855879324341,0.977669495879583,0
40.77,1.5385361909145234,0.9619601385355435,0
40.78,1.5460209919202779,0.9470514861743458,0
40.79,1.5521862484121565,0.9339623553195842,0
40.8,1.557224837818232,0.9242160070751557,0
40.81,1.560491495476085,0.9156317924342776,0
40.82,1.5614852043894514,0.9095140074864002,0
40.83,1.5602194688477025,0.9074662004862956,0
40.84,1.5571322478701983,0.9090938279764716,0
40.85,1.5525189270541464,0.9142954168506442,0
40.86,1.5468665157906698,0.9264247689934763,0
40.87,1.540272515834485,0.9481756431552556,0
40.88,1.5329562759705142,0.982600235302539,0
40.89,1.524952637017319,1.0300832355092588,0
40.9,1.5072243939877008,1.088724228606177,0
40.91,1.4843093368157303,1.1547299570515128,0
40.92,1.4641334386856342,1.1921855747481418,0
40.93,1.4433180199865996,1.22785492414342,0
40.94,1.4226490455215342,1.2644781045049283,0
40.95,1.4063899096262702,1.3018242840133727,0
40.96,1.3857930239814502,1.3387692022420934,0
40.97,1.362019438647577,1.373773800372871,0
40.98,1.3389223306998446,1.4058680097854488,0
40.99,1.3120525686422082,1.434482389562775,0
41.0,1.2847820812661486,1.4601402798244185,0
41.01,1.2596794460729208,1.4839356147037106,0
41.02,1.2363403094826004,1.5062487507970543,0
41.03,1.216091861794491,1.526759800481402,0
41.04,1.1977925754267513,1.5447957616719898,0
41.05,1.1832307196107423,1.560431024795509,0
41.06,1.1707546278275687,1.5739747668419883,0
41.07,1.1609207586386427,1.5852218263520061,0
41.08,1.1552112110209003,1.5941960142023386,0
41.09,1.158095629446407,1.6011234798447418,0
41.1,1.1677173106159653,1.6065458265506745,0
41.11,1.181195638670177,1.6106317801444023,0
41.12,1.1982984173542797,1.61343918986388,0
41.13,1.2192953695904722,1.6153655844764385,0
41.14,1.2443029844089215,1.6161635797539278,0
41.15,1.273024175692423,1.6158923782635448,0
41.16,1.3052830371873696,1.6145568952067326,0
41.17,1.3407770101375558,1.6123327792028594,0
41.18,1.37925982578793,1.6095452854912664,0
41.19,1.4159812334855122,1.6063693067892617,0
41.2,1.451150757123488,1.6026703153094508,0
41.21,1.4855627111625935,1.5983733181078277,0
41.22,1.5190247714322167,1.593729812499334,0
41.23,1.550979510559815,1.5886442030524661,0
41.24,1.5811681509011908,1.583565249262029,0
41.25,1.5997273882020695,1.578440555889318,0
41.26,1.6131975387826205,1.5730344150025541,0
41.27,1.6258740000257033,1.5674340955912827,0
41.28,1.6374681939648277,1.5613037484723158,0
41.29,1.6478607902318971,1.5543457279041275,0
41.3,1.657115275347485,1.5465618864933726,0
41.31,1.6650580450369539,1.5383289873046226,0
41.32,1.671848684689501,1.5296700523722193,0
41.33,1.6775082249563464,1.5208262876106087,0
41.34,1.682108305283338,1.5119479955096466,0
41.35,1.6858905864919993,1.5028915807810983,0
41.36,1.6887902780512152,1.4938928765794037,0
41.37,1.6909596703191683,1.4850287569024554,0
41.38,1.6927371655276442,1.4767585736651636,0
41.39,1.6943048365243476,1.469281474891735,0
41.4,1.6958102256282512,1.4626164790986413,0
41.41,1.6973073228151285,1.4563402504548004,0
41.42,1.6986487162646104,1.4506206719403019,0
41.43,1.6999623646028694,1.4454527619528725,0
41.44,1.7012552727375148,1.4408475644898309,0
41.45,1.7023818375443682,1.4369997978042575,0
41.46,1.703337281190639,1.4341586791323653,0
41.47,1.6993461155824252,1.4325400248808986,0
41.48,1.6917702240498276,1.4323739902524104,0
41.49,1.6886947499762128,1.4340192639296572,0
41.5,1.6862431788153445,1.437454930920733,0
41.51,1.6791170022057575,1.4426068769747336,0
41.52,1.6703099256229779,1.449303491518295,0
41.53,1.661904385531748,1.4574543570612788,0
41.54,1.6505838583767538,1.4672804203889975,0
41.55,1.635548814449506,1.4786900061077355,0
41.56,1.616574830005687,1.491063275657096,0
41.57,1.5919628597141617,1.503998813999002,0
41.58,1.5617286235712966,1.51672580981157,0
41.59,1.525310599858098,1.5286755912973369,0
41.6,1.482646605459224,1.5399113712922212,0
41.61,1.4325350142055182,1.5506766889840389,0
41.62,1.3785235499898327,1.5609146880726659,0
41.63,1.3243028245986057,1.5704486832502609,0
41.64,1.2675109573580239,1.57920369119893,0
41.65,1.205869027813316,1.5872151040355758,0
41.66,1.1422724555986046,1.5941510029671973,0
41.67,1.0841973119082224,1.5988263400061915,0
41.68,1.0318225018709966,1.600595924796484,0
41.69,0.9865856034484844,1.5988776997587921,0
41.7,0.9480736775562107,1.5938781571934426,0
41.71,0.9167732334627756,1.5860473781381543,0
41.72,0.8927146187447585,1.575926874368342,0
41.73,0.8737576391939754,1.563755523392934,0
41.74,0.860596190009258,1.549107384290401,0
41.75,0.8536049532887933,1.5316495114492557,0
41.76,0.855539845298682,1.5121400889752132,0
41.77,0.8628097205612285,1.4915344444951082,0
41.78,0.8743580371011274,1.4709019559337084,0
41.79,0.8897969610253408,1.4512250646357874,0
41.8,0.9092185420977043,1.4254758354132477,0
41.81,0.9325610225919357,1.3839608613632022,0
41.82,0.9596591706349836,1.3477226197552952,0
41.83,0.9897444052149296,1.3121641560426138,0
41.84,1.0214501120504782,1.2776994329655955,0
41.85,1.0548997578301436,1.245304040515585,0
41.86,1.0866728983133862,1.2127510129160979,0
41.87,1.1167443398764743,1.1829540380532644,0
41.88,1.1453174813373133,1.1580060895034292,0
41.89,1.1710147414338048,1.132885062086385,0
41.9,1.1947152029797476,1.1061722637377158,0
41.91,1.2169435351035338,1.0839005521254517,0
41.92,1.2362352697918877,1.065940809039452,0
41.93,1.2531586562901338,1.0487715414155043,0
41.94,1.2671542622795393,1.0330097324335195,0
41.95,1.2797934314095316,1.017874201257592,0
41.96,1.2924529678418037,1.0034900634403467,0
41.97,1.3020905674899945,0.9904649334790033,0
41.98,1.3112371604052802,0.9791416222683363,0
41.99,1.3213981921803963,0.9674531787620845,0
42.0,1.3293949084820984,0.9576023609964932,0
42.01,1.335819702476483,0.9509148129841127,0
42.02,1.341220015097458,0.9442012289812015,0
42.03,1.3451487423365907,0.9395418775508074,0
42.04,1.3473452843168394,0.9361059484887021,0
42.05,1.349187133907393,0.9335880990920525,0
42.06,1.3517348136611325,0.9342820684897587,0
42.07,1.3529796587585452,0.9349801220490559,0
42.08,1.3531216395623853,0.9376836726128472,0
42.09,1.3515621509127973,0.944954288682647,0
42.1,1.3493965822650356,0.953865042194497,0
42.11,1.348561187633629,0.9642849685023414,0
42.12,1.3471334980593355,0.9769257739480265,0
42.13,1.345753237271382,0.9915693634100589,0
42.14,1.3445146046691578,1.0084567586289035,0
42.15,1.3417941956121215,1.0274588488503997,0
42.16,1.3376826257632684,1.0479512756203295,0
42.17,1.3320149387002225,1.069752817624166,0
42.18,1.3240702202010948,1.0922162466508258,0
42.19,1.3133371777512062,1.1153570147283272,0
42.2,1.2987993940641689,1.1394329903667435,0
42.21,1.2807355114370105,1.1655113759691003,0
42.22,1.259377200812636,1.1929293543784514,0
42.23,1.2346865512626202,1.2203148882066677,0
42.24,1.2072640553971554,1.2474600958890985,0
42.25,1.176856215787597,1.2738826707752924,0
42.26,1.1439186693706263,1.298034485281101,0
42.27,1.1093409616685785,1.3189976548765219,0
42.28,1.0739388934972751,1.3361742208272818,0
42.29,1.0386816809994832,1.3480222570427012,0
42.3,1.0043495695075253,1.3517916057024064,0
42.31,0.9734920188752019,1.3502942512623326,0
42.32,0.9461103459722722,1.3459165028449875,0
42.33,0.9220787897367331,1.336371328717827,0
42.34,0.9015395721025775,1.321502825881016,0
42.35,0.8847824044168285,1.303169620212889,0
42.36,0.8716975474207015,1.2838758722310233,0
42.37,0.8618947276098194,1.2627202689594008,0
42.38,0.8555662899555164,1.2434022099941173,0
42.39,0.8508739398905643,1.225287941397257,0
42.4,0.850142178332961,1.2081804331059525,0
42.41,0.8536151252775506,1.1927631899916278,0
42.42,0.8589906213463965,1.1765762524202876,0
42.43,0.8654619029016424,1.1612408899010758,0
42.44,0.8743018681113567,1.145546567388995,0
42.45,0.8862523463112738,1.1266918294069093,0
42.46,0.9005376360508276,1.105182184882885,0
42.47,0.9174179994218119,1.0808960905274707,0
42.48,0.9369464321094817,1.052009732546082,0
42.49,0.9576269102193348,1.0206882033714222,0
42.5,0.9783747366843918,0.9866332739574849,0
42.51,0.9988680640764197,0.9513512144714265,0
42.52,1.0185460878222818,0.9176692773796504,0
42.53,1.0366602050506777,0.8832801609818725,0
42.54,1.0526949418121643,0.8504434260100124,0
42.55,1.0664618522282396,0.8200591795851262,0
42.56,1.0779026540684395,0.7904807956280151,0
42.57,1.08714362549877,0.7644788358432509,0
42.58,1.0943550801482556,0.7425710633030798,0
42.59,1.0994275769396906,0.7236749637758042,0
42.6,1.102679725399615,0.7060495733544476,0
42.61,1.1044379060186302,0.6902602586262809,0
42.62,1.1052965975474751,0.6761100830021275,0
42.63,1.105764150551869,0.6642182904392331,0
42.64,1.1056432983855156,0.6553484669323627,0
42.65,1.1051071394148306,0.6484566585242779,0
42.66,1.1038424222151484,0.6454108762309958,0
42.67,1.102847971773211,0.6462405847007324,0
42.68,1.102703865288689,0.6497126457120073,0
42.69,1.1025812240282244,0.6568978230523503,0
42.7,1.102269918044586,0.668604782543587,0
42.71,1.1005644542892659,0.685021392178848,0
42.72,1.0973022165453692,0.705575421477074,0
42.73,1.0937081081818871,0.7297414390488461,0
42.74,1.0892986363563013,0.7567593594546098,0
42.75,1.0831250615974912,0.7834007695596136,0
42.76,1.0763755812927205,0.8107568467975697,0
42.77,1.0674439526297836,0.8423099942395958,0
42.78,1.0559554891427207,0.8721162010980207,0
42.79,1.0416597593645385,0.9047410496399081,0
42.8,1.0243140177044703,0.9410726247632245,0
42.81,1.0038420458899526,0.9769686583493493,0
42.82,0.981249412727068,1.0125642817970184,0
42.83,0.9566725425188061,1.0479041764874983,0
42.84,0.9331909096725827,1.0829454997794927,0
42.85,0.9112426091332125,1.1175103495836634,0
42.86,0.89108896069234,1.1500844355951518,0
42.87,0.8731174606096336,1.1790616264448694,0
42.88,0.8577027953510536,1.20374495973905,0
42.89,0.8450953963835922,1.2231224649490167,0
42.9,0.8355380092980176,1.234764046001055,0
42.91,0.8291068523668919,1.241879580454332,0
42.92,0.828652104690256,1.241717345355296,0
42.93,0.8351684467495403,1.2369614268198954,0
42.94,0.844953207673433,1.2284003588602832,0
42.95,0.8572954439111377,1.2147738337418803,0
42.96,0.8701794620603663,1.1987685409140094,0
42.97,0.8859700136480895,1.1802794946835626,0
42.98,0.9037589269138989,1.1595480821786832,0
42.99,0.9222391718939101,1.1370245215613481,0
43.0,0.9413364662021301,1.113702394263489,0
43.01,0.9603500636854841,1.088720348264579,0
43.02,0.9769926643245905,1.061589970476379,0
43.03,0.9905712554457796,1.03489382734266,0
43.04,1.000292998477302,1.0108844806596837,0
43.05,1.00753492413841,0.9895910171000677,0
43.06,1.0131664130595355,0.9729185209602103,0
43.07,1.016013172015756,0.960979478757412,0
43.08,1.016236032116978,0.9528984227911017,0
43.09,1.0158799096288722,0.9512076976772194,0
43.1,1.0158799096288722,0.9555515275420638,0
43.11,1.0158799096288722,0.9654854429593672,0
43.12,1.0158799096288722,0.9803512687087036,0
43.13,1.0158799096288722,1.0000566754061875,0
43.14,1.0158799096288722,1.0261991371771537,0
43.15,1.0158799096288722,1.0557111623394992,0
43.16,1.0158799096288722,1.0850414560055497,0
43.17,1.0158799096288722,1.1155890868833929,0
43.18,1.0158799096288722,1.146775455843569,0
43.19,1.0158799096288722,1.1756773496519521,0
43.2,1.0158799096288722,1.2043321523975887,0
43.21,1.0158799096288722,1.2328468100645606,0
43.22,1.0158799096288722,1.2586926154336793,0
43.23,1.0158799096288722,1.282132197074866,0
43.24,1.0158799096288722,1.3023720132066867,0
43.25,1.0158799096288722,1.3176233529917931,0
43.26,1.015866651692434,1.3313485108807546,0
43.27,1.0158413984801706,1.3453722840594846,0
43.28,1.0157012431521086,1.358296049382102,0
43.29,1.0155370972723965,1.3709302004364357,0
43.3,1.0153969419443347,1.382551895742194,0
43.31,1.0153716887320712,1.3934867493578817,0
43.32,1.01473904989627,1.4034810582468638,0
43.33,1.0138201317071627,1.4127572009630216,0
43.34,1.0134846697694053,1.4212723386373212,0
43.35,1.013013738964584,1.4286942711904418,0
43.36,1.0121085997244252,1.4344835470234463,0
43.37,1.0116613836525488,1.4388685137361716,0
43.38,1.0114886790857858,1.4418443767649305,0
43.39,1.01300357018991,1.4441351003595637,0
43.4,1.015621261168661,1.4463731357876666,0
43.41,1.0172960972485419,1.4489300357179529,0
43.42,1.0182490115789273,1.4531411493213655,0
43.43,1.0199630168253093,1.4609179316213328,0
43.44,1.0220875863682615,1.4742733337228004,0
43.45,1.0240740099910275,1.4926003638630225,0
43.46,1.0260169058612523,1.51361434182764,0
43.47,1.0278886595809367,1.5363179760695052,0
43.48,1.0295837949977313,1.5607363915890236,0
43.49,1.0297803380991353,1.5867314008839664,0
43.5,1.0297803380991353,1.613798192148856,0
43.51,1.0297803380991353,1.6403591532280741,0
43.52,1.0297803380991353,1.6659941168071517,0
43.53,1.0297803380991353,1.688595296054761,0
43.54,1.0291486940175791,1.7063793437158123,0
43.55,1.0275042152227782,1.720425846863928,0
43.56,1.0244969665330723,1.7325828013129334,0
43.57,1.0216794620103786,1.7429942446760975,0
43.58,1.020749165304797,1.751061681603533,0
43.59,1.0201940565482253,1.755428079602941,0
43.6,1.0201940565482253,1.7558092065321638,0
43.61,1.0201940565482253,1.7534614908138302,0
43.62,1.0201940565482253,1.7470339160981962,0
43.63,1.0201940565482253,1.7376488382355397,0
43.64,1.0201940565482253,1.7244914469794126,0
43.65,1.0201940565482253,1.7072500014729046,0
43.66,1.0201940565482253,1.686706586015646,0
43.67,1.0201940565482253,1.6648668016116395,0
43.68,1.0201940565482253,1.6434758654022468,0
43.69,1.0201940565482253,1.6237730054648747,0
43.7,1.0201940565482253,1.6067714846924528,0
43.71,1.0201940565482253,1.5930106149166303,0
43.72,1.0194799986058716,1.5826970082080425,0
43.73,1.017799025839413,1.5762489707172214,0
43.74,1.01443893500245,1.5738828757577972,0
43.75,1.00870545157614,1.5754042684674026,0
43.76,1.0013979495167282,1.5800556679391609,0
43.77,0.993887049134343,1.5870741637209091,0
43.78,0.9861640951811984,1.5959650886333945,0
43.79,0.9779508832641691,1.6067816106829282,0
43.8,0.9692127923921112,1.6194398982836664,0
43.81,0.9598379225757898,1.6339396918262035,0
43.82,0.9510955040798388,1.6496641667797336,0
43.83,0.942617070641364,1.665248193044718,0
43.84,0.9349942702697441,1.6796474139034427,0
43.85,0.928487996862532,1.6912738208727693,0
43.86,0.9235557420884212,1.6989100164398911,0
43.87,0.9188268856372842,1.7019890878366233,0
43.88,0.9143100827569066,1.7008153121214047,0
43.89,0.9102835378404136,1.6952384728614198,0
43.9,0.9067818718789494,1.6844213184020598,0
43.91,0.9039169848617484,1.6681902100787374,0
43.92,0.9011337044665311,1.6460598970954237,0
43.93,0.8990533538379422,1.6182193480218166,0
43.94,0.8977964882130026,1.5830307637771053,0
43.95,0.8977964882130026,1.5443446147874493,0
43.96,0.8977964882130026,1.50703918982352,0
43.97,0.8977964882130026,1.468412618129196,0
43.98,0.8977964882130026,1.4295716589642142,0
43.99,0.8977964882130026,1.3916518433738523,0
44.0,0.8977964882130026,1.351505999935488,0
44.01,0.8977964882130026,1.3109525351553268,0
44.02,0.8977964882130026,1.2728527385973583,0
44.03,0.8977964882130026,1.2385868310671364,0
44.04,0.8977964882130026,1.2089953898305021,0
44.05,0.8977964882130026,1.1830032819625196,0
44.06,0.8977964882130026,1.1587382185718456,0
44.07,0.8977964882130026,1.1381279845894956,0
44.08,0.8977964882130026,1.1215080398209631,0
44.09,0.8977964882130026,1.1067803220046477,0
44.1,0.8977964882130026,1.093543076965171,0
44.11,0.8977964882130026,1.0805703830518114,0
44.12,0.8959096441956318,1.0692265559669587,0
44.13,0.8909106203671713,1.0598206707394495,0
44.14,0.8814930925439041,1.049630046366415,0
44.15,0.8665015851463851,1.041456746565189,0
44.16,0.8459558815981255,1.037201944197783,0
44.17,0.8206831762946829,1.0347118647191915,0
44.18,0.791068627762539,1.033895317040307,0
44.19,0.7569113106066594,1.0347673454746464,0
44.2,0.7178681060755235,1.0361430135109233,0
44.21,0.6778654055040991,1.0360473793326193,0
44.22,0.6395588886965239,1.0363424453517385,0
44.23,0.6040689626837382,1.0355014135000682,0
44.24,0.5727893905690378,1.0283813738393468,0
44.25,0.5468601534032868,1.0153058253378682,0
44.26,0.5262134404723734,0.9987352701787753,0
44.27,0.5097016651741144,0.9780069310114435,0
44.28,0.4975470655877397,0.9524023337990374,0
44.29,0.4892628416968654,0.9203778783842104,0
44.3,0.4860026438313158,0.8832483735531619,0
44.31,0.4837204733853035,0.8433715959216401,0
44.32,0.48151109732535313,0.8001171099836413,0
44.33,0.47963915396577134,0.756859826673678,0
44.34,0.47779935488852676,0.716403001921705,0
44.35,0.47640413467987314,0.6778232632287846,0
44.36,0.475247363591822,0.639691307483274,0
44.37,0.47464779891692305,0.6018865555433167,0
44.38,0.4741408998161386,0.5657700887324024,0
44.39,0.4741408998161386,0.5319054748488395,0
44.4,0.4741408998161386,0.4998905046497431,0
44.41,0.4747318729808547,0.47099800626704336,0
44.42,0.4753228461455708,0.4462638395166271,0
44.43,0.4759138193102869,0.4254759024595406,0
44.44,0.47650479247500305,0.40818721372184835,0
44.45,0.4770957656397191,0.3943818464855982,0
44.46,0.4776867388044352,0.3824462847028046,0
44.47,0.47827771196915136,0.37327780384530224,0
44.48,0.47886868513386743,0.3676201996486602,0
44.49,0.4795050705666925,0.36307006632594524,0
44.5,0.4812393282650183,0.35933622952860744,0
44.51,0.48350810063257316,0.3560863681629024,0
44.52,0.4866924825138938,0.3522717517493428,0
44.53,0.49066176021834196,0.3473953893383769,0
44.54,0.4951176856067152,0.34160545711906776,0
44.55,0.4998945652683456,0.33480000624981554,0
44.56,0.5048481845680218,0.32672558691390946,0
44.57,0.5100233420945542,0.3176296608359355,0
44.58,0.5154034685068761,0.30788335841582054,0
44.59,0.5207437057647779,0.2970281725888437,0
44.6,0.5249971169845568,0.2849555897565455,0
44.61,0.5282526856645348,0.27151399270956084,0
44.62,0.5308829151390657,0.25700321278087546,0
44.63,0.5331044342006152,0.24212903749947276,0
44.64,0.5354119426932497,0.2274658165611028,0
44.65,0.5380194239197507,0.21324644448951793,0
44.66,0.5411050953642671,0.1996860087901801,0
44.67,0.5447056883970742,0.18710539078955893,0
44.68,0.5485847289513376,0.17533997237684246,0
44.69,0.5526805872994047,0.1650322114415806,0
44.7,0.5575292626513901,0.15678847958955092,0
44.71,0.5624389620075099,0.15069897782970632,0
44.72,0.5672310993712777,0.14660006113195082,0
44.73,0.5719477265251589,0.14382169493176333,0
44.74,0.5761913256186714,0.1419678643179342,0
44.75,0.5798881493242022,0.1406811020581232,0
44.76,0.5826643077353207,0.1397827750695802,0
44.77,0.5836040966755993,0.1390429234137647,0
44.78,0.5831430522467989,0.13857316850522125,0
44.79,0.5813451483755842,0.1385022616495781,0
44.8,0.5776929743692426,0.13878776623531283,0
44.81,0.5733499153309063,0.13950587619076676,0
44.82,0.5680953577038468,0.14065007208861818,0
44.83,0.5618137420059683,0.14231105670248795,0
44.84,0.5544778777708956,0.14463228390828517,0
44.85,0.5459240042352309,0.14813123738636189,0
44.86,0.5360031917990539,0.15320418579984238,0
44.87,0.525648567831159,0.16022716442167567,0
44.88,0.514581430051198,0.16916583833267312,0
44.89,0.5024606616991876,0.17979167257720036,0
44.9,0.4887461612384876,0.19201456640328962,0
44.91,0.4730479926626682,0.20550374008862335,0
44.92,0.4556905876728002,0.21997949984743367,0
44.93,0.4391192343472412,0.2349091158299513,0
44.94,0.4235125246128666,0.2497945428360042,0
44.95,0.40927328074923236,0.26386297713005546,0
44.96,0.39644806075468847,0.2766824287996836,0
44.97,0.38525197932218785,0.2879279765726755,0
44.98,0.3759419938405606,0.29716232294146194,0
44.99,0.3685877928625545,0.3044714953228593,0
45.0,0.3637825138315122,0.31002919116857125,0
45.01,0.3641870270984103,0.3143508211336069,0
45.02,0.369254189532581,0.31768033022477077,0
45.03,0.3762859565810193,0.32092020440092184,0
45.04,0.3852881406491789,0.32466926231997084,0
45.05,0.396600605303553,0.329394775337218,0
45.06,0.4101602749345914,0.335242721373484,0
45.07,0.42621200539428644,0.34229079049857214,0
45.08,0.44465698429566686,0.35107887881193284,0
45.09,0.46564001218064666,0.3616413028029432,0
45.1,0.4893904083623869,0.37340337193253587,0
45.11,0.5135111956298826,0.3856316118942233,0
45.12,0.5381782476027123,0.3978186674088855,0
45.13,0.5636774365953853,0.4095907348964785,0
45.14,0.5901125466872994,0.4200172019120186,0
45.15,0.6174792276475819,0.4285488827193035,0
45.16,0.6458986644791223,0.43534300971954043,0
45.17,0.6749569637874355,0.44009691366108544,0
45.18,0.7041905152537741,0.4428108988614514,0
45.19,0.7329996084792216,0.4437550596396802,0
45.2,0.7608678089130019,0.44404597709609844,0
45.21,0.7872669569875691,0.44350920807621896,0
45.22,0.8116080554288528,0.44190559856599576,0
45.23,0.8334623982709622,0.43999791986073383,0
45.24,0.8522549577346494,0.4388506811335081,0
45.25,0.8677534297511817,0.43821301817949304,0
45.26,0.8799682995537977,0.43707408376785356,0
45.27,0.8891550780906138,0.43573040673745334,0
45.28,0.8958729273570785,0.4345268776264003,0
45.29,0.9004893917775878,0.4335029985655408,0
45.3,0.9032561141697582,0.4326829114235024,0
45.31,0.9047559254336667,0.43224255994529154,0
45.32,0.9055929598358506,0.4320819753113074,0
45.33,0.9059912271940077,0.43203478557571023,0
45.34,0.9067669937601228,0.4324504373885292,0
45.35,0.907971681097839,0.43295522076546744,0
45.36,0.9088836618987819,0.43316869877798075,0
45.37,0.9094244309352925,0.4335043091450553,0
45.38,0.9100362490403209,0.4341478155674245,0
45.39,0.9111594253695772,0.43485820866190383,0
45.4,0.9121007652897127,0.4354423055072045,0
45.41,0.9132658896850417,0.4359456219635577,0
45.42,0.9148636133512871,0.4365270712308074,0
45.43,0.9157302326324313,0.43744517488028195,0
45.44,0.9164064440290859,0.4382220196545867,0
45.45,0.9175957646587624,0.4390627257756663,0
45.46,0.9184068948952071,0.44028872637768796,0
45.47,0.9184068948952071,0.44133464784917653,0
45.48,0.9180442142437152,0.442102936865973,0
45.49,0.9168176484292947,0.4426545492389113,0
45.5,0.9144312601147901,0.4430019424800205,0
45.51,0.9108661596829372,0.44358726842054425,0
45.52,0.9060102687379614,0.44444498146891837,0
45.53,0.8996923214166591,0.44520761019678634,0
45.54,0.8916283438061431,0.4467017515036995,0
45.55,0.8815167316840784,0.448156119480838,0
45.56,0.8686925705227303,0.4486208931690412,0
45.57,0.8526149876144049,0.4493459563746564,0
45.58,0.8333280587327212,0.4500009037199593,0
45.59,0.8113033946554005,0.45028387936287195,0
45.6,0.7869616041935474,0.45065913685641024,0
45.61,0.7605337703317074,0.4506905870647413,0
45.62,0.7323693509892858,0.4510251800064028,0
45.63,0.7027202077298191,0.4508822155036399,0
45.64,0.6721372877235424,0.44838506716124343,0
45.65,0.6412741717278319,0.4444107011318553,0
45.66,0.6117775611508529,0.43849431349163903,0
45.67,0.5838635873098732,0.4303395380470607,0
45.68,0.5571777226332794,0.41999673938915044,0
45.69,0.5314764158074887,0.40777461876207105,0
45.7,0.5058836121469913,0.3938989019405448,0
45.71,0.48120901835507085,0.37870704369454367,0
45.72,0.45741518228646955,0.3623788348049789,0
45.73,0.43334359221626056,0.3453462916985676,0
45.74,0.4095042825390363,0.32815708779736236,0
45.75,0.38513095799927954,0.31151390416709446,0
45.76,0.3591608304779715,0.29597132355370875,0
45.77,0.33255982224806657,0.2816657450537143,0
45.78,0.3063602074473419,0.26876609386505085,0
45.79,0.2817035905428307,0.25684125078404296,0
45.8,0.2594767506323119,0.24574003726062096,0
45.81,0.23990031426057246,0.2350927903370577,0
45.82,0.22244290793020927,0.2245841890999808,0
45.83,0.20750358729563464,0.2140036757893882,0
45.84,0.1952174972300184,0.20295247361957816,0
45.85,0.18588147572149435,0.19114023556261633,0
45.86,0.1796604987322459,0.17843786040704548,0
45.87,0.17661919860142425,0.16479621989279808,0
45.88,0.17588921988896736,0.15005310739762073,0
45.89,0.17532090888698884,0.13463613094525603,0
45.9,0.17475311462561854,0.11902587004262001,0
45.91,0.17429756950504965,0.10374812565085507,0
45.92,0.17387774198676537,0.08924221914647827,0
45.93,0.17346822846146703,0.07579042961480124,0
45.94,0.17327720937298924,0.06371969241549394,0
45.95,0.1731862790534741,0.053206873523648425,0
45.96,0.17316142040497357,0.04441545828097059,0
45.97,0.1730410522122341,0.037611773570984317,0
45.98,0.17280424087651847,0.03282273608492593,0
45.99,0.17253210409293365,0.02985251806311588,0
46.0,0.17223968788557206,0.028102502183106486,0
46.01,0.17191587128010455,0.027168238666265963,0
46.02,0.17106806053124415,0.026854775781710912,0
46.03,0.16971718923772816,0.02683401898612998,0
46.04,0.16798755064205925,0.026831883171589268,0
46.05,0.1660034379867401,0.026822786764868302,0
46.06,0.16373737592342805,0.02682679835179514,0
46.07,0.16104675431072524,0.026875555247065454,0
46.08,0.15762345674221717,0.026914173861405044,0
46.09,0.15339764077320808,0.02689922091021753,0
46.1,0.14812745425588328,0.026835402507964543,0
46.11,0.1420711904897622,0.026691682085960546,0
46.12,0.1358930729029851,0.02650905027163981,0
46.13,0.12969607350178558,0.026363187690936703,0
46.14,0.12384120760494871,0.02628839002974017,0
46.15,0.11824081576776208,0.026254234049044003,0
46.16,0.11294723198706894,0.026162311427426584,0
46.17,0.10817371730000538,0.025937810948655667,0
46.18,0.10424932171172331,0.025614779812882408,0
46.19,0.10124338776804002,0.02517501515661987,0
46.2,0.09921871626516739,0.024697946574074373,0
46.21,0.09801110928800973,0.024251535917555356,0
46.22,0.09761991266160655,0.02377503955990693,0
46.23,0.09812101068138054,0.023216670093684225,0
46.24,0.0989197583082004,0.02253446017852998,0
46.25,0.10010970256142343,0.021742341036930655,0
46.26,0.10184849960653991,0.020915443411353804,0
46.27,0.1040537233985217,0.02024992954811382,0
46.28,0.10655986767235211,0.019685020519084162,0
46.29,0.10929170230756897,0.01916841297213871,0
46.3,0.11210596298781392,0.01872775842484913,0
46.31,0.11504975031024585,0.018289250456673407,0
46.32,0.11798176248338806,0.017856725984285452,0
46.33,0.12082546103685733,0.017426572472103396,0
46.34,0.12380980720684277,0.01696853586955038,0
46.35,0.1265861257393764,0.016517290534716463,0
46.36,0.12894311812220355,0.016080510300949463,0
46.37,0.13101031099751131,0.015638404755931357,0
46.38,0.1329728358791326,0.015211848820591683,0
46.39,0.13509367110120468,0.014798359344178539,0
46.4,0.13732440771664756,0.014374398750136816,0
46.41,0.13947271828706234,0.01398869513228808,0
46.42,0.14157719913512093,0.013682788910138858,0
46.43,0.1438726990716573,0.013460053279439492,0
46.44,0.1460864271381261,0.013362133370872805,0
46.45,0.14848267001858573,0.01340447408294094,0
46.46,0.15117917920593338,0.013539117696905004,0
46.47,0.1541418288097454,0.013675735864479033,0
46.48,0.1571792324454877,0.013794852306873866,0
46.49,0.16005098185929317,0.013902024195802378,0
46.5,0.16303795465543677,0.014016638057616918,0
46.51,0.16633718144327503,0.01415014480738131,0
46.52,0.1698484799864926,0.014269433275280036,0
46.53,0.17301352874035208,0.014445318133961237,0
46.54,0.17610638542521037,0.014660454725010142,0
46.55,0.17885323288823318,0.014848097152914293,0
46.56,0.18099424359396254,0.015059262198634073,0
46.57,0.1828855110195548,0.01529765215018816,0
46.58,0.1844822447282615,0.015546842311639157,0
46.59,0.1859216170041207,0.015800026456528483,0
46.6,0.18681130962157413,0.016089694966983675,0
46.61,0.18803804756458567,0.016614417126688985,0
46.62,0.18918145411652057,0.01733935725258861,0
46.63,0.18972509507594515,0.018018405523130797,1
46.64,0.19042764114529298,0.018627050413547293,1
46.65,0.1907423915287942,0.019246461061268764,1
46.66,0.19097991576883067,0.01983711857207954,1
46.67,0.1906253381752039,0.020427970401493096,1
46.68,0.19063807347629824,0.02103182790543068,1
46.69,0.1904999960012753,0.02159266289931858,1
46.7,0.19032773429699915,0.022082727992017947,1
46.71,0.1899476861011836,0.022454785498833625,1
46.72,0.18925126621502436,0.02247651017018345,1
46.73,0.18865940985363974,0.022188530806922714,1
46.74,0.18801661228787772,0.0217984618705824,1
46.75,0.187699570318529,0.021382486005414154,1
46.76,0.187543395310372,0.020960645998815614,1
46.77,0.18807301816544075,0.0205522188236255,1
46.78,0.18816573310444595,0.020143683979847674,1
46.79,0.1884558113438582,0.01982301121234028,1
46.8,0.18916358394966457,0.019555126655203935,1
46.81,0.18973052665149373,0.019307297458988845,1
46.82,0.1898221573142277,0.019119814603249213,1
46.83,0.18975643448671178,0.01900684586032298,1
46.84,0.1900380919092263,0.019018962118783525,1
46.85,0.1896315531375373,0.019069766973777467,1
46.86,0.1887735135980717,0.019150960812236502,1
46.87,0.18796194118716142,0.019246407888257454,1
46.88,0.18763637044633114,0.019410712955738877,1
46.89,0.18620406900826844,0.01959445414100751,1
46.9,0.18399578103224162,0.01980905246077046,1
46.91,0.18293624559221225,0.020040483518130307,1
46.92,0.1820485928665112,0.020279380277237965,1
46.93,0.1806115474912161,0.020490805179173864,1
46.94,0.18007471379476334,0.020741639952295266,1
46.95,0.18066624161997744,0.02109594123617573,1
46.96,0.18159930776558866,0.021473675605351367,1
46.97,0.18256687159122958,0.02184256095456057,1
46.98,0.18391072187450067,0.022079182613704583,1
46.99,0.18682597823548383,0.02221746389392661,1
47.0,0.18997456751112693,0.022285067773074107,1
47.01,0.19278780137193727,0.022349908892576965,1
47.02,0.19703664776654214,0.022426691076705765,1
47.03,0.20156509787487445,0.022551483633813936,1
47.04,0.2050248241152254,0.022625441706583697,1
47.05,0.20874584478769206,0.02262611719926534,1
47.06,0.211504182533921,0.022597307047508824,1
47.07,0.21274036579477498,0.022606894583458423,1
47.08,0.2130048285992438,0.022718868802894095,1
47.09,0.21288927820716322,0.022922742472994345,1
47.1,0.2123467344611674,0.023150148693859375,1
47.11,0.2118775264666442,0.023341775858797938,1
47.12,0.21090940949730036,0.023469558457228843,1
47.13,0.2097989278416047,0.023544624488398856,1
47.14,0.20878947152139554,0.02360046147783125,1
47.15,0.20742021492804097,0.023577232707756347,1
47.16,0.20658332259057907,0.023506083191537873,1
47.17,0.20615835658554385,0.02336548359226598,1
47.18,0.20581847670882206,0.02313606627037633,1
47.19,0.20580008675014877,0.0228452586604515,1
47.2,0.20589574794000806,0.02252866795796729,1
47.21,0.20592913738602953,0.022232317138025925,1
47.22,0.20531380999284268,0.022003378861296517,1
47.23,0.20442592925055392,0.021795165046885837,1
47.24,0.2028504635706966,0.021521797150505284,1
47.25,0.20029985454607094,0.02124470006284201,1
47.26,0.19771870596323246,0.021039198465144106,1
47.27,0.19432113574695642,0.02082677940597715,1
47.28,0.19048516350635566,0.020644753271788198,1
47.29,0.18639071834775528,0.02050807513042704,1
47.3,0.1822391152420652,0.020333851296436424,1
47.31,0.17749593347514842,0.020205806369095244,1
47.32,0.17299251165772464,0.02008217412347619,1
47.33,0.16888487114940567,0.019795968545599636,1
47.34,0.1652404223343587,0.01950000206331069,1
47.35,0.1622967154444173,0.019262801202209717,1
47.36,0.15977535052091588,0.018899552810634893,1
47.37,0.15818415997208815,0.01849572318865576,1
47.38,0.15731414485225073,0.018165592889095604,1
47.39,0.15669300983164988,0.017909505196234955,1
47.4,0.15630650312659153,0.01758982050837828,1
47.41,0.15632633006851337,0.017265168112808635,1
47.42,0.1569220514497472,0.017047158429382307,1
47.43,0.15777655173991315,0.016973815752690465,1
47.44,0.15870620483531833,0.017143843898983685,1
47.45,0.15962526314671346,0.017400160808489117,1
47.46,0.1605430771930986,0.0178517518082679,1
47.47,0.16190730492561428,0.018619430436325322,1
47.48,0.16360548898616203,0.01950856369949287,1
47.49,0.1659721917299827,0.020490007478912314,1
47.5,0.16844211889558125,0.02158401460442475,1
47.51,0.17109284665202767,0.022686346532605893,1
47.52,0.1743220856080756,0.02373613806727364,1
47.53,0.17831101084195256,0.024782775105600726,1
47.54,0.18281272888626593,0.025783135991890225,1
47.55,0.18789076773098237,0.026661997283529824,1
47.56,0.1936418683350768,0.027496968885075412,1
47.57,0.19938011378136625,0.02813009848924624,1
47.58,0.20483837448512535,0.028590159889207552,1
47.59,0.20942605154038516,0.029005550423882424,1
47.6,0.21336725310247648,0.029612994487439984,1
47.61,0.21656755045967974,0.030542637500410075,1
47.62,0.2195137153398506,0.031767093008185865,1
47.63,0.22143236403075345,0.03339676927058899,1
47.64,0.2227978018646629,0.0355174360434685,1
47.65,0.2225837917232587,0.03799425964140885,1
47.66,0.2210240310879906,0.040655584428562666,1
47.67,0.21936848464684697,0.044193097480815645,1
47.68,0.2182606543656055,0.04876789018111803,1
47.69,0.21914634568763133,0.05470275065835403,1
47.7,0.22168648041840663,0.06233769972997129,1
47.71,0.22627790879273535,0.07141731816881065,1
47.72,0.23196384289418712,0.08166891326602568,1
47.73,0.23900772251357857,0.0917793245115223,1
47.74,0.24718861372508807,0.10182810456391099,1
47.75,0.2577666129458544,0.11165247234657245,0
47.76,0.2706603978151278,0.12088451581697428,0
47.77,0.28574520772990425,0.13053507729367592,0
47.78,0.3030564499387697,0.13956715736774275,0
47.79,0.3203015248643837,0.14725685290975551,0
47.8,0.33551763428695575,0.15390924297100753,0
47.81,0.3496351488423577,0.15930650484000844,0
47.82,0.3633258354135683,0.16419594597003007,0
47.83,0.37585049959650174,0.16821827226944827,0
47.84,0.38749163023215727,0.17334187693805,0
47.85,0.3990675898406194,0.17884557258897954,0
47.86,0.4074259160105799,0.18418606300819498,0
47.87,0.41110562182147287,0.19116574826086058,0
47.88,0.4151175914492366,0.19849127408053666,0
47.89,0.4170808276689388,0.20749672421959764,0
47.9,0.4168599092754323,0.21835118585140587,0
47.91,0.4194403826309161,0.2327769669571142,0
47.92,0.42164688316248744,0.2546445809854674,0
47.93,0.4244259416989176,0.28459814995360944,0
47.94,0.427416414940487,0.3255260397409861,0
47.95,0.42781682467723087,0.3778771975618973,0
47.96,0.4307080654825784,0.4362435591727466,0
47.97,0.4338230036094025,0.49985131072526684,0
47.98,0.436551426107682,0.5699035741032671,0
47.99,0.43925057410798646,0.64685883517439,0
48.0,0.4407626738403214,0.7269884621969348,0
48.01,0.44442596741798684,0.8009362608976137,0
48.02,0.45569124788726156,0.8374333154009638,0
48.03,0.4747726147668793,0.8705921265118514,0
48.04,0.500562873073337,0.8992620928167663,0
48.05,0.5374098430516862,0.9244084645856053,0
48.06,0.5924722160866611,0.9468481716214192,0
48.07,0.6633118576862135,0.9668304924842195,0
48.08,0.7474932129338453,0.984931860809885,0
48.09,0.8445542428776686,1.0009222836652387,0
48.1,0.9550486234419182,1.0149094137948818,0
48.11,1.0074083456920608,1.027285136173572,0
48.12,1.0440568714216885,1.038068309999124,0
48.13,1.077690093673963,1.0471212722170562,0
48.14,1.1087545779315562,1.0549661587311,0
48.15,1.1374465978698238,1.0620391000971807,0
48.16,1.1641306110342942,1.0685463834592757,0
48.17,1.1886736491379135,1.0747650009925616,0
48.18,1.2113541437609097,1.0805903808425197,0
48.19,1.2324847211690126,1.086199455626768,0
48.2,1.2521289611644013,1.0912767685837674,0
48.21,1.2701713750554702,1.095681921438938,0
48.22,1.2869415895963991,1.099257705254216,0
48.23,1.3027110718122064,1.1021749090983097,0
48.24,1.3176916851436287,1.1045758415388809,0
48.25,1.332177379854729,1.1066188115923297,0
48.26,1.3460825667240952,1.1083712543659527,0
48.27,1.3595882522923812,1.1097469149927677,0
48.28,1.372305959095558,1.1109681852625417,0
48.29,1.3840468324065969,1.1120313845227068,0
48.3,1.394647507077379,1.1131087407292828,0
48.31,1.404130266781386,1.114274687871997,0
48.32,1.4127908199118389,1.1156221168084424,0
48.33,1.4208349192212326,1.1171100181535938,0
48.34,1.428401333295977,1.1186188248795634,0
48.35,1.4355850637090946,1.1201072152174842,0
48.36,1.4426115475108037,1.1215255164050457,0
48.37,1.449457346449333,1.122870379704105,0
48.38,1.4563170523741995,1.124045218962904,0
48.39,1.4632758380208906,1.1249929511608467,0
48.4,1.4704844490146411,1.1256277065565619,0
48.41,1.4779459576655838,1.1258873680487589,0
48.42,1.4853821183575213,1.1257242444191309,0
48.43,1.492506862619161,1.1252190801095225,0
48.44,1.4991219285528352,1.1244346605966147,0
48.45,1.5050597958530918,1.1235085198879509,0
48.46,1.510372478898443,1.1224074857035848,0
48.47,1.515116596519359,1.1209423763088502,0
48.48,1.5191588021875657,1.119024595086959,0
48.49,1.522367122468683,1.1164052011438441,0
48.5,1.5247749442693546,1.1128798813749174,0
48.51,1.5257915073241448,1.108726767705379,0
48.52,1.5256811238462011,1.104128233893699,0
48.53,1.524684867329988,1.0994851257288605,0
48.54,1.522954438558134,1.0950573827360972,0
48.55,1.520544960070305,1.09075414358744,0
48.56,1.517551074692837,1.0865094786335323,0
48.57,1.5135045751783607,1.082478435305923,0
48.58,1.5081707844813335,1.0787306122138889,0
48.59,1.5016514535935914,1.075579531686155,0
48.6,1.4938058434685786,1.0732445853356816,0
48.61,1.4851314846152335,1.0715429030576265,0
48.62,1.4752009725047779,1.0702771115991,0
48.63,1.4634516556080206,1.0691085368768496,0
48.64,1.4492665380783212,1.0677860688283984,0
48.65,1.432254814617086,1.0663776032059809,0
48.66,1.4123675898287433,1.064840542222942,0
48.67,1.3904587705929858,1.062959416380038,0
48.68,1.3670558811194045,1.060699014664833,0
48.69,1.342311347139069,1.0579389782002022,0
48.7,1.316127306531706,1.0543267142908446,0
48.71,1.2886180853554334,1.0490891280311736,0
48.72,1.2599918529086316,1.0414036909841127,0
48.73,1.2307428721512903,1.0298959162630623,0
48.74,1.2013890947704626,1.0137428053812694,0
48.75,1.1726563409721376,0.9937677209478508,0
48.76,1.1449887545436945,0.9706771752173902,0
48.77,1.1181191698410688,0.9447849510937613,0
48.78,1.0919886898419708,0.9164204092225623,0
48.79,1.0664476955173807,0.8852724034859024,0
48.8,1.0417328595408961,0.8512051721612058,0
48.81,1.017669280004815,0.8150666291544378,0
48.82,0.9942104843860509,0.7775247168248429,0
48.83,0.9713894133391217,0.7402287420306901,0
48.84,0.9496513369721817,0.7051510996082617,0
48.85,0.9287598454765202,0.6718667272704392,0
48.86,0.908323243791965,0.6398677174680452,0
48.87,0.8881833276867661,0.6092455920279725,0
48.88,0.8679104660271598,0.5795114571986881,0
48.89,0.8476051050194158,0.5514174725857662,0
48.9,0.8270424592411652,0.5252092203106682,0
48.91,0.7984796118512875,0.5005732192442433,0
48.92,0.7607582300860747,0.47779094695016777,0
48.93,0.7265032033735611,0.45761615368829167,0
48.94,0.6958944041395244,0.43922380975186,0
48.95,0.6680248485421195,0.4218492800950336,0
48.96,0.6417817664896704,0.4051110629045296,0
48.97,0.6164212787976054,0.3883694033263778,0
48.98,0.5916949176235362,0.371872233271128,0
48.99,0.5673267769584311,0.3551092976005052,0
49.0,0.5433260028578382,0.3391657715144706,0
49.01,0.5194944307848836,0.3247032152735288,0
49.02,0.49540829349917564,0.3125586795164513,0
49.03,0.470444134880858,0.2940735179496066,0
49.04,0.444495250948537,0.2773151130634377,0
49.05,0.41848996634033647,0.2628716404520403,0
49.06,0.3933611787221545,0.250355222439372,0
49.07,0.3701256246024125,0.23984337311119622,0
49.08,0.349751261526609,0.22996950070067088,0
49.09,0.3328081936239039,0.22088450748800814,0
49.1,0.3195433643940938,0.211542216670167,1
49.11,0.30977842575399234,0.20165675664999194,1
49.12,0.30406366537907176,0.19039671643511025,1
49.13,0.30171617778841353,0.17835293244027894,1
49.14,0.3016811179088128,0.16672731191943846,1
49.15,0.303213082213106,0.15605902986099043,1
49.16,0.3054081355446305,0.1466408050859746,1
49.17,0.3075787993946937,0.13859852117195,1
49.18,0.30931502560622587,0.13212798238652165,1
49.19,0.30984549682801105,0.12722352660224706,1
49.2,0.30970983033738203,0.12412006626929929,1
49.21,0.30905893605088136,0.12236682581531706,1
49.22,0.3073562453763584,0.1226128430580712,1
49.23,0.3054782553038319,0.12370681875091748,1
49.24,0.3027542550931136,0.12511049964713097,1
49.25,0.29945405338287007,0.12603241689366218,1
49.26,0.2960517207190071,0.12651281987705984,1
49.27,0.2927576163791289,0.12706305576558177,1
49.28,0.2888934079100909,0.1284341245634248,1
49.29,0.2850764540613843,0.1303993217105845,1
49.3,0.2808418303426516,0.13305617625494653,1
49.31,0.27528865028241284,0.1367421334351004,1
49.32,0.2685906889360803,0.14069087477803188,1
49.33,0.2612326872476991,0.1447803353502711,1
49.34,0.25376035986496764,0.14846528300382664,1
49.35,0.247034960351991,0.1520218452095578,1
49.36,0.24025620884831764,0.15541802436354524,1
49.37,0.23481583013983776,0.15832897236344765,1
49.38,0.23191348184593308,0.1606624272566746,1
49.39,0.23076260318947406,0.16242650914847306,1
49.4,0.230726018967282,0.16323483270646774,1
49.41,0.23234182211409873,0.16306975316141895,1
49.42,0.2350444815285383,0.16238173883846252,1
49.43,0.23813432396117737,0.1614026297155159,1
49.44,0.24295886826275734,0.1605620451988372,1
49.45,0.24808828108260458,0.15999205770295766,1
49.46,0.25461704040129884,0.15951362988029577,1
49.47,0.26080129829435095,0.15950871392468677,1
49.48,0.2663727704656858,0.15941316003753678,1
49.49,0.271488464202211,0.159635431459001,1
49.5,0.2764974539573427,0.16006610428431828,1
49.51,0.28186618856402973,0.16058807342808842,1
49.52,0.2881419070125621,0.1610726023028008,0
49.53,0.2956980732378171,0.1617056632648423,0
49.54,0.3034539283425371,0.1629876742597329,0
49.55,0.31095826691968664,0.16721851244819178,0
49.56,0.31740776042363134,0.17453424445868226,0
49.57,0.32296551351164415,0.18385910996958787,0
49.58,0.32721690499888156,0.19461807385203767,0
49.59,0.33064972451457136,0.20615586555882798,0
49.6,0.33335848129937634,0.2191856497929508,0
49.61,0.33539347865881053,0.23367876477750693,0
49.62,0.33657941719487033,0.24911486538977579,0
49.63,0.3367577652780567,0.2653124124119104,0
49.64,0.3360276051768065,0.2817481199263171,0
49.65,0.33533860232552243,0.29570267441692266,0
49.66,0.3347227679186225,0.307108349816721,0
49.67,0.3341145552246792,0.3137051729029057,0
49.68,0.33378072419717647,0.3177401383949617,0
49.69,0.33350481818814465,0.32124523593297627,0
49.7,0.3329439709220299,0.3240542844885931,0
49.71,0.33156201043828637,0.32624021698799327,0
49.72,0.3297460749254007,0.3283207217258038,0
49.73,0.32823100007712674,0.33066861418708965,0
49.74,0.3263453448361305,0.33350603434872766,0
49.75,0.3247602783942662,0.3368299058924745,0
49.76,0.3229410836449924,0.3402763805547329,0
49.77,0.3211415638924034,0.3435796013764604,0
49.78,0.3191049069782599,0.3468211585808997,0
49.79,0.31676241617104073,0.35010159511374545,0
49.8,0.31478134069594665,0.3536440193944344,0
49.81,0.3128021526005889,0.35798682601750265,0
49.82,0.31112457357900275,0.3630537870711439,0
49.83,0.3098555225621077,0.3689073681714055,0
49.84,0.3093108095750754,0.37525790733840103,0
49.85,0.30898851444985376,0.38202115615762267,0
49.86,0.3093108095750754,0.38905871427602273,0
49.87,0.30970174162511294,0.3965353850801034,0
49.88,0.3107118981055533,0.40435344371608817,0
49.89,0.31218460777496926,0.41227844226293814,0
49.9,0.3137871307587107,0.4201304240455783,0
49.91,0.3158522069314278,0.4274421257386433,0
49.92,0.322244393581659,0.43460179197051063,0
49.93,0.3324533900944699,0.44163738998472934,0
49.94,0.3454138320281553,0.44870918229496265,0
49.95,0.3613749012619375,0.4561991679051291,0
49.96,0.379656196975904,0.4644301721527853,0
49.97,0.4000518083956075,0.4735730653528159,0
49.98,0.42254233812925246,0.4838121609011857,0
49.99,0.4474530655161828,0.49504253849984275,0
50.0,0.4760880921278977,0.5072216741476149,0
50.01,0.5086831708800686,0.5209761043371024,0
50.02,0.5418601713861122,0.535137988601437,0
50.03,0.5762233970058189,0.5494400643328204,0
50.04,0.612392072169592,0.563473548051184,0
50.05,0.6505527102600828,0.5771325293274823,0
50.06,0.691203675035736,0.5908227696331457,0
50.07,0.7346045931252025,0.6044866204660326,0
50.08,0.7808748330933792,0.6179168528847206,0
50.09,0.8305187271269557,0.6311934493428786,0
50.1,0.856955318001131,0.6443594429339158,0
50.11,0.8817825012237569,0.6568087341635154,0
50.12,0.905922685800154,0.6694596472352229,0
50.13,0.9293418066956199,0.6822786436864322,0
50.14,0.9523854535275661,0.6949912539740671,0
50.15,0.9751159375157493,0.7073057444319777,0
50.16,0.9975154174425067,0.7183916916491185,0
50.17,1.0196081468378784,0.7283076338561119,0
50.18,1.0413939553899503,0.7370646272687716,0
50.19,1.0625876338889626,0.7449640725984334,0
50.2,1.083743026101053,0.7519039901025067,0
50.21,1.104812832056235,0.7579207908737013,0
50.22,1.1255175325396831,0.7626348396427639,0
50.23,1.1455590601171628,0.7661411370008697,0
50.24,1.1641839939879501,0.768924091231389,0
50.25,1.18140199439448,0.7712947650958488,0
50.26,1.1966450107860014,0.7738773547932077,0
50.27,1.2095027411645103,0.7767636752948333,0
50.28,1.2200572230415856,0.7799399301612403,0
50.29,1.2285271842543979,0.7832802970754889,0
50.3,1.234846814127861,0.7869792298194306,0
50.31,1.2392270578581805,0.7911314661551109,0
50.32,1.2426735282234034,0.7957634423104928,0
50.33,1.2457094301597327,0.8007052613370951,0
50.34,1.248966859311963,0.8057488359191287,0
50.35,1.252463438811874,0.8101495295030336,0
50.36,1.2564266991802433,0.8138685760246809,0
50.37,1.261920372888917,0.8168031094974062,0
50.38,1.2687991994569554,0.8192181386612056,0
50.39,1.2766338981036802,0.8211154147116101,0
50.4,1.2854572708766123,0.8222549473699299,0
50.41,1.295005831227811,0.822527661277434,0
50.42,1.3048879516838894,0.8220513627753864,0
50.43,1.3140991062416254,0.8208719296434387,0
50.44,1.3231907234687397,0.8191169037764612,0
50.45,1.331916113896418,0.8175148477342719,0
50.46,1.3406255090343173,0.8160059542247985,0
50.47,1.3487470642137231,0.8146691204834933,0
50.48,1.3562446016684857,0.813406443752969,0
50.49,1.3630896654287943,0.8122237536637877,0
50.5,1.3689475205130672,0.8112239859086232,0
50.51,1.37394026096733,0.8104503370733775,0
50.52,1.3778585553881793,0.8097723584361637,0
50.53,1.3809478347852593,0.8091897678532405,0
50.54,1.3817873269483045,0.8087057403649982,0
50.55,1.3806507860960948,0.8084011617603236,0
50.56,1.3776190353239228,0.8086051210608327,0
50.57,1.372957921657699,0.8095243578884513,0
50.58,1.3668353830642765,0.8113090297989266,0
50.59,1.3595955657993137,0.8139225718549052,0
50.6,1.3516463353530652,0.8172956194929343,0
50.61,1.3429514940289828,0.8211617490355001,0
50.62,1.333412101258567,0.8254051163480045,0
50.63,1.3231996471480603,0.8299583497074915,0
50.64,1.3129162780842627,0.8345606923132671,0
50.65,1.302401427949904,0.8389613467895252,0
50.66,1.2914593800765108,0.8431558101851363,0
50.67,1.2798631196581856,0.8468496993000085,0
50.68,1.2675285041873003,0.8499787804007518,0
50.69,1.2542727342872084,0.8525526727323013,0
50.7,1.2399630285005576,0.8547774894788605,0
50.71,1.2245390947945636,0.8569227707087126,0
50.72,1.2077112803899788,0.8589487413891955,0
50.73,1.1900457807297478,0.860595921700459,0
50.74,1.1717980207837173,0.8621196416381242,0
50.75,1.1532270789891206,0.8636051323242601,0
50.76,1.134445277147839,0.864663207922809,0
50.77,1.1152073817333474,0.8654410968478558,0
50.78,1.0954258261582008,0.8657246861386135,0
50.79,1.0763352426399444,0.8657878404268565,0
50.8,1.0588267829407803,0.8656043682522443,0
50.81,1.0430379232451312,0.8647697827234373,0
50.82,1.0294469320400192,0.8639766842086722,0
50.83,1.0178286527683973,0.8633325556271714,0
50.84,1.008222313515564,0.8627308380753758,0
50.85,1.0005753079087432,0.8620161653989881,0
50.86,0.9949203223938085,0.8612366877739965,0
50.87,0.9917045039448349,0.8603962404490846,0
50.88,0.9931266291462904,0.8592611299713955,0
50.89,0.997910950039213,0.8575731295026168,0
50.9,1.005081829319183,0.8548760812244984,0
50.91,1.014350977528202,0.8514427787542481,0
50.92,1.0253875993586379,0.8464347545782325,0
50.93,1.0379593123781006,0.8400176994665179,0
50.94,1.0522768821523258,0.8327150211952608,0
50.95,1.0683259601901007,0.8249311572446995,0
50.96,1.0856795230282492,0.8171522782546508,0
50.97,1.1040154762656724,0.8093043810635704,0
50.98,1.1209940128006775,0.8017933010729751,0
50.99,1.1364490434402068,0.7944257898611616,0
51.0,1.150102678427794,0.7876456959657321,0
51.01,1.1618012642984923,0.781605182864112,0
51.02,1.1719099190160147,0.7767559127109602,0
51.03,1.1805331872972993,0.7730783403134289,0
51.04,1.1874166496768415,0.7701374689732803,0
51.05,1.1925450955147205,0.7675577315592486,0
51.06,1.196266354493992,0.7647455811926367,0
51.07,1.1987832864872496,0.7615716236971416,0
51.08,1.2005021394519644,0.7581120144985375,0
51.09,1.2017526916871475,0.7544628295074549,0
51.1,1.2025162491233523,0.7505194136206871,0
51.11,1.203203914579956,0.7461456229340723,0
51.12,1.2037507697319987,0.741301019907216,0
51.13,1.2042462878550548,0.7361054241756049,0
51.14,1.204741086321817,0.730639124818899,0
51.15,1.2052305252938125,0.7251829392900747,0
51.16,1.2057073952554032,0.7197857504285371,0
51.17,1.206104728739892,0.7147896249433691,0
51.18,1.2063844842899762,0.7100309289289062,0
51.19,1.2063844842899762,0.7056566391538316,0
51.2,1.2063844842899762,0.7017476058460221,0
51.21,1.206154708248517,0.6984704467822528,0
51.22,1.2054743969613801,0.6958325704219435,0
51.23,1.20425867319577,0.6939060488862591,0
51.24,1.2022433472493959,0.6926544451223622,0
51.25,1.1992606472916196,0.6919597524652576,0
51.26,1.1951572252155538,0.6917673497767185,0
51.27,1.1897000231722832,0.6919293123152533,0
51.28,1.1827478833259661,0.6924879045802163,0
51.29,1.174086891730329,0.6933169016719434,0
51.3,1.1636206804540354,0.6890434079931949,0
51.31,1.1514878499989123,0.6875304499791529,0
51.32,1.1378191581109507,0.6818665342114011,0
51.33,1.1226935756589587,0.6706362352805877,0
51.34,1.1062968457323927,0.6608980293769713,0
51.35,1.089039563866403,0.6580496735579805,0
51.36,1.0713164450192494,0.6518361380981343,0
51.37,1.0532272987887206,0.6371416241071483,0
51.38,1.02693325186082,0.6251354713873697,0
51.39,0.9907886521937522,0.6129198729220614,0
51.4,0.9551220790990778,0.6000498922598531,0
51.41,0.9202553595322055,0.5848139966813994,0
51.42,0.8843005595264591,0.5672953504123072,0
51.43,0.8441787666843703,0.5494734017390861,0
51.44,0.8052548861018681,0.5271108603933768,0
51.45,0.7714003577316491,0.5091749175699978,0
51.46,0.7342999917951859,0.49427055532188585,0
51.47,0.6938918101454181,0.4768512522125329,0
51.48,0.6564111626662176,0.4568896104623217,0
51.49,0.6224601237526971,0.43829515067094454,0
51.5,0.5882434752016913,0.4243578707087105,0
51.51,0.557741068296713,0.4132750405160008,0
51.52,0.5353430223978793,0.3994431918887465,0
51.53,0.5116576679962422,0.38355050672015323,0
51.54,0.49132896767502077,0.3708815479167655,0
51.55,0.4792794264813506,0.3584126048339512,0
51.56,0.4664487256938701,0.34648249297427713,0
51.57,0.45559279758975313,0.33360664510397936,0
51.58,0.45315914733662865,0.31826098627833654,0
51.59,0.45277761351274975,0.304781292262884,0
51.6,0.45021881383349094,0.2904461106300471,0
51.61,0.44987975590283447,0.2752248165260751,0
51.62,0.45324299062482937,0.26064824968069134,0
51.63,0.4553011739513024,0.2449836496655176,0
51.64,0.458720184668333,0.23010837995387462,0
51.65,0.4611996124465893,0.21680740205129362,0
51.66,0.4648442638130503,0.20319230609104807,0
51.67,0.47416965492064533,0.18948746957273035,0
51.68,0.47810570349301906,0.17668943633201686,0
51.69,0.48147190764492626,0.16526801054065998,0
51.7,0.4867023587719357,0.15519626755111018,0
51.71,0.4919527795168404,0.1462669873994732,0
51.72,0.5003751285839658,0.13896542469694081,0
51.73,0.5065638875314726,0.13283365760490606,0
51.74,0.5138227264007258,0.12753568540274815,0
51.75,0.5253594509428522,0.12290245186131697,0
51.76,0.5376470023635447,0.1192239122347116,0
51.77,0.549283985800804,0.11659747511143329,0
51.78,0.5603338921130403,0.11459793839013624,0
51.79,0.5703070641716392,0.11333726562557377,0
51.8,0.5776778644346429,0.11302936573432319,0
51.81,0.5829477399666504,0.11337946382967748,0
51.82,0.5869172637274953,0.11391332148336719,0
51.83,0.5874081153412639,0.11473881046068579,0
51.84,0.5852318829393071,0.11555717647753437,0
51.85,0.5833338258600623,0.11664672952054027,0
51.86,0.580914133145681,0.11786458810793549,0
51.87,0.5765695412524813,0.11892048397476829,0
51.88,0.57155000064262,0.12010804814521003,0
51.89,0.566275091086008,0.12123433007212396,0
51.9,0.5614540516184265,0.12209777909396129,0
51.91,0.5601744766824576,0.12281709122685454,0
51.92,0.5613946227863837,0.12335406776992383,0
51.93,0.5638931377336346,0.1236711723982686,0
51.94,0.5670523542018913,0.12375544467067463,0
51.95,0.570192163090348,0.1236428614940591,0
51.96,0.57251347839595,0.12338053088323465,0
51.97,0.5738720089819257,0.1230279277739771,0
51.98,0.5739749535356456,0.12278038117966827,0
51.99,0.5724535680409164,0.12250327662808275,0
52.0,0.5695188044520817,0.122345707345769,0
52.01,0.5646120619940391,0.12249283387969251,0
52.02,0.5578118147938044,0.12257489483431351,0
52.03,0.5493349214604428,0.12278464997973113,0
52.04,0.5394640576127759,0.12311600121529852,0
52.05,0.5287898887229668,0.12333908812228742,0
52.06,0.5175174600906381,0.12381388142114313,0
52.07,0.505677148797215,0.12446600652169434,0
52.08,0.49336936797296566,0.12511503150338651,0
52.09,0.4806514965494714,0.12602128920510264,0
52.1,0.4677564254843283,0.1272620343170077,0
52.11,0.45491451431167973,0.1285075934474095,0
52.12,0.4420650088686748,0.13026664315714007,0
52.13,0.4291682501878968,0.13229558765016033,0
52.14,0.4165474166634008,0.13429527389004542,0
52.15,0.40395020975779133,0.13678696995519485,0
52.16,0.39184578661752956,0.1389703938714244,0
52.17,0.3800164448257325,0.14055326501758678,0
52.18,0.3693662089840711,0.14186866022046934,0
52.19,0.35976948126617836,0.14337107268617352,0
52.2,0.35081681899842687,0.14485702990449748,0
52.21,0.34207816891913057,0.14557694456615017,0
52.22,0.3335368713408001,0.14581015316545806,0
52.23,0.32569010092606326,0.14578521620254842,0
52.24,0.31789601554179653,0.1456129930422969,0
52.25,0.31113839688267714,0.1455306082668075,0
52.26,0.3054971547426448,0.1457022081430994,0
52.27,0.30164515260518776,0.1462133380542016,0
52.28,0.2989184061156967,0.1470138577325967,0
52.29,0.2969000427340017,0.14794957392199493,0
52.3,0.2956265870765129,0.14874598141806067,0
52.31,0.2954013877413347,0.14973317467829025,0
52.32,0.2972796291145034,0.15075640119918163,0
52.33,0.30080540989362176,0.15160891379934785,0
52.34,0.3059535993246746,0.15225403873560858,0
52.35,0.31235208052440894,0.15267970894545954,0
52.36,0.3202925743444054,0.15272085040379949,0
52.37,0.3312731543342106,0.15250898930649717,0
52.38,0.3441975188515827,0.1520619605650133,0
52.39,0.3569737389236233,0.1512621195292311,0
52.4,0.37095440616958225,0.1503712077872492,0
52.41,0.38684335435210937,0.1498508183496406,0
52.42,0.40092809102049903,0.14946566739884176,0
52.43,0.4127184340279,0.14834334789641535,0
52.44,0.4264925000915416,0.14727600874221117,0
52.45,0.43869855061310176,0.1458752780029171,0
52.46,0.44623416416555867,0.14367349781011443,0
52.47,0.45677215089171946,0.14130108620332527,0
52.48,0.4666335645643122,0.13922820328950286,0
52.49,0.4716186682182048,0.13714118455632823,0
52.5,0.4794690051798041,0.13492305329897744,0
52.51,0.4867275648685685,0.13334109548276488,0
52.52,0.4913921909788803,0.13170770082364888,0
52.53,0.4978388923048942,0.13022168803052228,0
52.54,0.5029939500767221,0.12950566394490573,0
52.55,0.5071482990829482,0.12936765111787774,0
52.56,0.5074139235244419,0.1295555673170979,0
52.57,0.5074139235244419,0.13027253685443016,0
52.58,0.5074139235244419,0.1311585007949274,0
52.59,0.5074139235244419,0.13183959966598788,0
52.6,0.5074139235244419,0.1326816375443025,0
52.61,0.5074139235244419,0.13336666275646433,0
52.62,0.5074139235244419,0.13373582062492584,0
52.63,0.5074139235244419,0.13406759015655287,0
52.64,0.5074139235244419,0.13472220126255796,0
52.65,0.5074139235244419,0.1348709771335489,0
52.66,0.5074139235244419,0.13464028674279732,0
52.67,0.5074139235244419,0.1348730010995614,0
52.68,0.5069133916326042,0.1339870537140592,0
52.69,0.5031245734259249,0.13308813396502575,0
52.7,0.4995862718964401,0.1324101448620785,0
52.71,0.4956104372552795,0.13191520121603797,0
52.72,0.4915665515990578,0.13162309082912654,0
52.73,0.4869761041645131,0.13189758443734248,0
52.74,0.48190649901331306,0.132529335710976,0
52.75,0.47418221775670666,0.13358122146881427,0
52.76,0.4668728805037405,0.1349313163666777,0
52.77,0.45937531422005357,0.1365264386145063,0
52.78,0.45035359838830225,0.13826899158978098,0
52.79,0.4406349707764981,0.14008910479487213,0
52.8,0.4298764707342329,0.1419488101771068,0
52.81,0.41788727860555713,0.14385367616324105,0
52.82,0.4045660915988704,0.14570511176883502,0
52.83,0.39013496667552794,0.14752805890540024,0
52.84,0.37429251077199915,0.1492415433671924,0
52.85,0.35790522894593435,0.1508260425151679,0
52.86,0.3424994065831614,0.1521008973610299,0
52.87,0.3285947535175886,0.1527967352604541,0
52.88,0.31638157242074016,0.1530736816280745,0
52.89,0.30555653822226797,0.1529325982442224,0
52.9,0.2960839087960483,0.15207530911426992,0
52.91,0.2883896916453405,0.1504726297158438,0
52.92,0.2825125269064948,0.1483337406516671,0
52.93,0.2784340605147449,0.14521167623837422,0
52.94,0.2764904616563364,0.14162920568308732,0
52.95,0.27715797001178394,0.13753084359062995,0
52.96,0.27876346767712923,0.13330483857294892,0
52.97,0.28110216192971726,0.12908309273882831,0
52.98,0.28416825674909535,0.12461998212115055,0
52.99,0.28799459625116103,0.11999493966468287,0
53.0,0.292633344619987,0.11555511368864875,0
53.01,0.2979888675181067,0.11151594927587181,0
53.02,0.30389501235921496,0.10772540848867335,0
53.03,0.310264838836524,0.10435064356592705,0
53.04,0.3170307267114213,0.1011233922341202,0
53.05,0.32345754738984667,0.09800008486842644,0
53.06,0.32961195510700414,0.09470536608029846,0
53.07,0.3353847914777046,0.09131934829514932,0
53.08,0.3407094022667443,0.08802134811268295,0
53.09,0.34538002874805906,0.08465261565225572,0
53.1,0.3494478691023126,0.08140985227448558,0
53.11,0.3531505601680581,0.07808228639757635,0
53.12,0.3564765099043904,0.07487856829789331,0
53.13,0.3593387780045219,0.07183141248262834,0
53.14,0.3617277044343649,0.06917031768308458,0
53.15,0.3635747029518983,0.06688195944952434,0
53.16,0.365046892146836,0.06513110355221163,0
53.17,0.36616745610098805,0.06390782294463788,0
53.18,0.36700884507001086,0.06313785536402367,0
53.19,0.36773527963339214,0.06286677573173553,0
53.2,0.3681902672389143,0.06289471730170788,0
53.21,0.368043434720784,0.06321581333860847,0
53.22,0.3673653003278402,0.06370878483350623,0
53.23,0.36641571897703723,0.06441973703412544,0
53.24,0.3652053167058713,0.06513965506472985,0
53.25,0.3639601383119903,0.06594530366559938,0
53.26,0.36271399391470055,0.06675015677693234,0
53.27,0.36146784951741073,0.06753631588415568,0
53.28,0.36014345884401205,0.0683385339363987,1
53.29,0.35848869500482033,0.06919854098893449,1
53.3,0.3562852412294576,0.07000200199357842,1
53.31,0.3537900544246518,0.07077717340157777,1
53.32,0.3507819198097988,0.07156926553492807,1
53.33,0.3474762561450503,0.07237580906152624,1
53.34,0.34389141749517255,0.07326740367774372,1
53.35,0.3398786393352178,0.07425445703835072,1
53.36,0.33523892496298313,0.07548604056796251,1
53.37,0.3300476226443511,0.0769874110593655,1
53.38,0.3243936046929271,0.0787216611126021,1
53.39,0.31837250544617746,0.08061829046749303,1
53.4,0.31207223121429856,0.08258232098791034,1
53.41,0.3052667371996424,0.08444744564261296,1
53.42,0.29823423238392965,0.08633403194210455,1
53.43,0.2912171836227568,0.08815280275860274,1
53.44,0.2847401307670764,0.0899860249683488,1
53.45,0.2787257935441879,0.09179684088948119,1
53.46,0.2733393585369881,0.09348722300931517,1
53.47,0.2685045114761856,0.0950146623557398,1
53.48,0.26421062632428405,0.0962483340453851,1
53.49,0.26062288966418,0.09730514189473093,1
53.5,0.25792484214353645,0.09825450893854248,1
53.51,0.25633769854295724,0.09920321307440687,1
53.52,0.25698009080977713,0.10012210292534822,1
53.53,0.2593197510657739,0.10082317779755491,1
53.54,0.26275002917025136,0.10142214827320188,1
53.55,0.26722745496981576,0.10185713189542273,1
53.56,0.2724786494997903,0.10222618932229957,1
53.57,0.2788571700077781,0.10247035489193343,1
53.58,0.2863359683983342,0.10277943572229192,1
53.59,0.2949140786680498,0.10312595427896566,1
53.6,0.30464366500099743,0.10339080257655058,1
53.61,0.31531317265066067,0.10351834606558216,1
53.62,0.3259314821196599,0.10362149454215863,1
53.63,0.3364792733398203,0.10367084803882393,1
53.64,0.3470270645599807,0.10352346702947389,1
53.65,0.35769753821305267,0.10338447180565533,1
53.66,0.3687911213591578,0.10326496607548294,1
53.67,0.3800827352040571,0.10325240396988446,1
53.68,0.39125939464331494,0.1033428743319717,1
53.69,0.4022641054758149,0.10349983436115805,1
53.7,0.41328330635944616,0.10387303496270456,1
53.71,0.42426773112036237,0.10453720243495368,1
53.72,0.4352038557108411,0.10534089545737914,1
53.73,0.44643654334780647,0.10654977438980104,1
53.74,0.4579223238778648,0.10809589116763661,1
53.75,0.46949407871130217,0.10980332659441104,1
53.76,0.48104651347656435,0.11157098720818401,1
53.77,0.4925207019657177,0.11338757042845658,1
53.78,0.5041803631093514,0.11515493273365333,1
53.79,0.5161191992381143,0.11699965639628242,1
53.8,0.5282541340588538,0.11882547060971906,1
53.81,0.540694325956759,0.12087760159631256,1
53.82,0.5533480046079983,0.12299307343725621,1
53.83,0.5657060862161595,0.12513948650663306,1
53.84,0.5773918294518294,0.12737080151134111,1
53.85,0.5882574357934693,0.12961370083242557,1
53.86,0.5984159276399027,0.1335865733806107,1
53.87,0.6078779310286262,0.13782660381023193,1
53.88,0.6163227328279339,0.142422616545647,1
53.89,0.6243531191648873,0.1472665629605541,1
53.9,0.6316416148839193,0.152610119459797,1
53.91,0.6380761635896149,0.1582382250918134,1
53.92,0.6437552976296665,0.1642031085276647,1
53.93,0.6487947574921711,0.17057520941742446,1
53.94,0.6534585260166889,0.17679490377229223,1
53.95,0.6579721612184198,0.1831860558796909,1
53.96,0.6626980856510698,0.18998588253850024,1
53.97,0.6676412357871433,0.19698580271494462,1
53.98,0.6743189259746244,0.20421821866999987,1
53.99,0.6808079832560967,0.21154039420124865,1
54.0,0.687089184539579,0.21830770934520177,1
54.01,0.6928367012864971,0.22421414476844903,1
54.02,0.6958038667831362,0.22758419759526022,1
54.03,0.7007807136887763,0.22793909666381712,1
54.04,0.7059671456933183,0.22775624511266176,1
54.05,0.7104661943872607,0.22757426488323204,1
54.06,0.7141323831432426,0.22753389859544781,1
54.07,0.7150838855486554,0.22771897882241804,1
54.08,0.7165753376526784,0.22798168944263372,1
54.09,0.7177416456712157,0.2281195571504658,1
54.1,0.7180172682939719,0.2284303689983132,1
54.11,0.7165008680656163,0.228799663572577,1
54.12,0.7128583554302574,0.2292636159005759,1
54.13,0.711798454131538,0.22983797883587845,1
54.14,0.7109232167447281,0.2303069909609048,1
54.15,0.710346516533623,0.23077748399560333,1
54.16,0.7092045044511265,0.23096518922909848,1
54.17,0.7045361349932618,0.23048583098386863,1
54.18,0.7035070957545468,0.22972338933543995,1
54.19,0.7043809544780439,0.2286886435720426,1
54.2,0.7046624514578675,0.22735759433236954,1
54.21,0.7040702341112215,0.22610024899955342,1
54.22,0.703815566810388,0.22465358260465126,1
54.23,0.7044592201788323,0.22312256510809322,1
54.24,0.7060019341715561,0.22138947604785444,1
54.25,0.7067000213916189,0.21950632853887325,1
54.26,0.704716407040187,0.2179949367056384,1
54.27,0.7052323172561616,0.21676227863029432,1
54.28,0.7062072505004849,0.21589479440778564,1
54.29,0.7042897317998147,0.21497380411164163,1
54.3,0.7007360679442867,0.2138427362873312,1
54.31,0.6968664484270829,0.21247838065785124,1
54.32,0.6929331911971034,0.21099915632491323,1
54.33,0.6887911576111754,0.20929183289487488,1
54.34,0.684867948441108,0.20771940612165526,1
54.35,0.681065315989984,0.2064367550216371,1
54.36,0.6763170494560348,0.20449723827895327,1
54.37,0.6706097514260445,0.20216616596737996,1
54.38,0.6646981428445113,0.19983600234005294,1
54.39,0.658150157135221,0.19719672705494087,1
54.4,0.6518232287439937,0.19458372636730994,1
54.41,0.6449153021661451,0.19228142535486653,1
54.42,0.6372859222888404,0.19034622579559746,1
54.43,0.6286310854550756,0.18877548337974667,1
54.44,0.6186212696744987,0.1876796485272395,1
54.45,0.6079710732387581,0.1868890220757159,1
54.46,0.5980715767786708,0.18618297701811906,1
54.47,0.5891560570007195,0.18578731960276043,1
54.48,0.580798236815265,0.18586850581714479,1
54.49,0.5734759294117167,0.18640099350519598,1
54.5,0.56687218670708,0.18754101661019207,1
54.51,0.561627672952863,0.18942219740462535,1
54.52,0.5575209562669388,0.19188789388741825,1
54.53,0.5548155898183307,0.19564435045295048,1
54.54,0.5532079320530087,0.20131238722607778,1
54.55,0.5525647774103593,0.20971356449279385,1
54.56,0.5523609898964552,0.22214238987970256,1
54.57,0.5532290571518143,0.2383767494450374,1
54.58,0.5552511697207183,0.2572339880524447,1
54.59,0.5583451370588854,0.2772832677457263,1
54.6,0.5629545629258639,0.2980280212037702,1
54.61,0.5691289868277956,0.3185202379655429,1
54.62,0.5778479399088606,0.33857066169757893,1
54.63,0.5895505223371392,0.35753718857630584,1
54.64,0.6045350970473526,0.3738486991207746,1
54.65,0.6236213176865848,0.3870741381044067,1
54.66,0.6453511465172347,0.39646983020959253,0
54.67,0.66847258511134,0.4019165064394861,0
54.68,0.6925566663816215,0.40432650121871305,0
54.69,0.716661013813507,0.40583005083995427,0
54.7,0.7387623889402251,0.40614310861189296,0
54.71,0.7584903713635748,0.40612403984739076,0
54.72,0.7751941921165034,0.40632094110344413,0
54.73,0.7883210353463764,0.40747472209448504,0
54.74,0.7975826711992742,0.4123277009047602,0
54.75,0.8024409204948315,0.4196828409039699,0
54.76,0.803322498524593,0.43072813823531425,0
54.77,0.8013296593002278,0.4466840496173439,0
54.78,0.796397100745457,0.46707395218603165,0
54.79,0.7893028182862898,0.4921941125855235,0
54.8,0.7819169282796025,0.5115553641720599,0
54.81,0.7743621535928841,0.5267055534080324,0
54.82,0.766612598575197,0.5421203686972335,0
54.83,0.7584588462233024,0.55736956474047,0
54.84,0.7499887165708163,0.571647176762288,0
54.85,0.7410119328782374,0.5855626441574371,0
54.86,0.7318809011778968,0.5986068614550938,0
54.87,0.722353553428417,0.6099476570698307,0
54.88,0.7130671478224481,0.6201903690594128,0
54.89,0.703710936548733,0.6289101886351592,0
54.9,0.6951192099266247,0.637073696773469,0
54.91,0.6872807089774545,0.6457356587560982,0
54.92,0.6802674911647021,0.6553797871523909,0
54.93,0.674290099389473,0.6662976842305077,0
54.94,0.669269720801086,0.6784513624868485,0
54.95,0.6652052295016744,0.6915171245501652,0
54.96,0.6623004130051419,0.7054231760010096,0
54.97,0.6605665302901573,0.720516966192713,0
54.98,0.6618275359010553,0.736652648188905,0
54.99,0.6685491461662875,0.7538826624504439,0
55.0,0.6803102752836433,0.7717471680550032,0
55.01,0.6973619984774361,0.7897831617878726,0
55.02,0.7195815928801756,0.8075694966515674,0
55.03,0.7468778607646462,0.8248600539479612,0
55.04,0.7793419998580641,0.841485702020959,0
55.05,0.8169965281177668,0.857517388109123,0
55.06,0.8600317222832556,0.8724666759229922,0
55.07,0.9082482984320943,0.8862166524753265,0
55.08,0.9595464570425648,0.8987518201526956,0
55.09,1.0116912908489235,0.9101667714000233,0
55.1,1.0639554698291709,0.9205114512816029,0
55.11,1.109934931908042,0.9298971661328372,0
55.12,1.1352426097034025,0.9381378176160039,0
55.13,1.15971591013727,0.9452851091920726,0
55.14,1.1830221305511064,0.951605418342645,0
55.15,1.2050381773127572,0.9572158559903898,0
55.16,1.225748393173058,0.9625023919598774,0
55.17,1.2452393949849583,0.9676494515367001,0
55.18,1.2636399015726083,0.9725260492057071,0
55.19,1.2809905992776556,0.9771835539300494,0
55.2,1.2971568355330325,0.9813689267655441,0
55.21,1.3121620238178975,0.9849703574457376,0
55.22,1.326213347938146,0.988143045120175,0
55.23,1.3394359475933113,0.9909056805615815,0
55.24,1.3521317771112031,0.9932958488335909,0
55.25,1.3645323486653431,0.9953962386534212,0
55.26,1.3765761189224341,0.9972530236707942,0
55.27,1.3883041569175854,0.9987995265442486,0
55.28,1.399382042052951,1.0001207223917712,0
55.29,1.4097082815537516,1.0010919324044758,0
55.3,1.4194253810440935,1.0017748836761329,0
55.31,1.4285583866973002,1.002237298801821,0
55.32,1.4372481593539335,1.0025704553243155,0
55.33,1.4456557387799265,1.002733179398207,0
55.34,1.4537979902838545,1.0024546343905767,0
55.35,1.4616227992376192,1.0014676711316433,0
55.36,1.469195304322058,0.9995200082041299,0
55.37,1.4763905875665424,0.9965813671884644,0
55.38,1.4833704163186103,0.9928879797565044,0
55.39,1.4903367375953385,0.9888890798890007,0
55.4,1.4974437184010696,0.984742181100937,0
55.41,1.5048487815677352,0.9805047045033882,0
55.42,1.5120014032529598,0.9761913177258118,0
55.43,1.5183371419635308,0.9718944819802344,0
55.44,1.5235851735451702,0.9679861763595078,0
55.45,1.52740276727465,0.9646343214746259,0
55.46,1.5299131555945515,0.9620864948534844,0
55.47,1.5309620289365535,0.9603687624692067,0
55.48,1.5302709821852338,0.9592514366650718,0
55.49,1.5276692469618731,0.9583402454606269,0
55.5,1.5227732477505005,0.9576621662502021,0
55.51,1.515613235931401,0.9571238651970516,0
55.52,1.5067299356240342,0.9565269038211257,0
55.53,1.4965544923204652,0.9556038856390613,0
55.54,1.4854507319079129,0.953894372561372,0
55.55,1.473829092726556,0.9515876349468421,0
55.56,1.461522877111806,0.9482630606338869,0
55.57,1.4486952491174883,0.9436300980762213,0
55.58,1.4360122702298967,0.9378112933914986,0
55.59,1.4234293456866993,0.9306620928384908,0
55.6,1.4116004370302224,0.922427010945719,0
55.61,1.3998855576164533,0.9135149969525435,0
55.62,1.3877449409580103,0.9041101402245628,0
55.63,1.3748328519930444,0.8944909602398917,0
55.64,1.3608912640146404,0.885126515652919,0
55.65,1.345854476689024,0.8756438995228603,0
55.66,1.3297778722598703,0.8664520444260483,0
55.67,1.3127146178873907,0.8581352803254714,0
55.68,1.2943122030735283,0.8503910493702892,0
55.69,1.274593074237425,0.8436229828458998,0
55.7,1.2531598978590395,0.8371144190574588,0
55.71,1.230473200200761,0.8300651813442541,0
55.72,1.2069046674336872,0.8220693015501086,0
55.73,1.1827573411854062,0.8128003009644302,0
55.74,1.1581957111034442,0.8021875733852032,0
55.75,1.1333496739987268,0.790433698664753,0
55.76,1.1060239580896383,0.7774662191635586,0
55.77,1.0565345627515446,0.7629511803458159,0
55.78,1.0088036908929618,0.7468204536727113,0
55.79,0.9630664093061864,0.7288449622618335,0
55.8,0.9193137630657976,0.7093501768187166,0
55.81,0.8773812054171877,0.6886283588844598,0
55.82,0.8372206036362205,0.6671116116772737,0
55.83,0.7992315712697987,0.6450958596488615,0
55.84,0.7635495515649129,0.6227603261527881,0
55.85,0.7298017957509214,0.6000540608148522,0
55.86,0.6977845792745011,0.5776585236370151,0
55.87,0.6668654605278073,0.555954627755449,0
55.88,0.6364220721940937,0.5352772845993492,0
55.89,0.6065842606919625,0.5156360966156469,0
55.9,0.5772020310206147,0.4969409765868848,0
55.91,0.549082445833601,0.4772931445488981,0
55.92,0.5226497447227318,0.4456226621046143,0
55.93,0.4976184894402191,0.41798789490956917,0
55.94,0.4738045768578843,0.3934698520901298,0
55.95,0.45108385503969456,0.371732587742696,0
55.96,0.42890567791597894,0.35136155252642115,0
55.97,0.40732902950987987,0.3313262931719529,0
55.98,0.3866364881353821,0.311881872369725,0
55.99,0.3664280344221318,0.2927698832740291,0
56.0,0.34717476811344494,0.27526379721760297,0
56.01,0.3285163077173164,0.25965002126150494,0
56.02,0.30990784606000665,0.24541604943975667,0
56.03,0.2909694860281751,0.23244591324910774,0
56.04,0.2711558283329022,0.2206018504964248,0
56.05,0.25276676224292416,0.209448724231828,0
56.06,0.23653356322961105,0.19889984148086876,0
56.07,0.22247186160838137,0.18921304228327665,0
56.08,0.2104968070955343,0.1800669759894042,0
56.09,0.20051796715186218,0.1718847916026808,0
56.1,0.19240583344961096,0.16408531461280385,0
56.11,0.18588575901785384,0.15626772817190604,0
56.12,0.18110958120637144,0.14805479456083595,0
56.13,0.17827826121340293,0.13904799249594024,0
56.14,0.17757868193289625,0.12948974489432677,0
56.15,0.17712569484855284,0.1200492512347969,0
56.16,0.17656506659554216,0.11069581897360174,0
56.17,0.17608946758409982,0.10154215747961408,0
56.18,0.17578406592001683,0.09267824720195916,0
56.19,0.17563856630138397,0.08371627948998193,0
56.2,0.17575623219250772,0.07474736840476515,0
56.21,0.17559228483754918,0.06620242819164711,0
56.22,0.1753021381191971,0.058462890934022044,0
56.23,0.17537290065109318,0.051856512189097356,0
56.24,0.17551775450774518,0.04634333213537173,0
56.25,0.17510035834071744,0.04181322037117569,0
56.26,0.17468757914815985,0.03827569923695205,0
56.27,0.1746639788717107,0.03561729417575678,0
56.28,0.17408817563879855,0.03372263183061696,0
56.29,0.17340334760893172,0.03271964031093463,0
56.3,0.1727336060785956,0.03225502945016008,0
56.31,0.17226823640512892,0.03206917376973069,0
56.32,0.17186160366971562,0.03188399825647578,0
56.33,0.1709755955427116,0.03178316347285763,0
56.34,0.16965841783089539,0.03173852750203173,0
56.35,0.1683351160633505,0.03181702229857821,0
56.36,0.16746736091587217,0.03190827057253863,0
56.37,0.1661849902189641,0.03208532440334498,0
56.38,0.16430424166583374,0.032327729416303456,0
56.39,0.16252381658460593,0.032534972216707043,0
56.4,0.16101933589797415,0.032794712992326454,0
56.41,0.15953580834569797,0.03310348177965872,0
56.42,0.15795917995411407,0.03350031366169204,0
56.43,0.15594392189954073,0.03381528246970073,0
56.44,0.15399913748234836,0.03407300271885452,0
56.45,0.15194516105019298,0.034205330165989645,0
56.46,0.1499012430034704,0.03430901203825433,0
56.47,0.14814243448142617,0.03434218448582204,0
56.48,0.1462373107394753,0.03432915571471897,0
56.49,0.1439437713632322,0.03440144520745315,0
56.5,0.1410981195810698,0.03445913341071689,0
56.51,0.1375592811140062,0.03449993159497637,0
56.52,0.1335303969789115,0.03442188768527963,0
56.53,0.12975368035151053,0.03441298035762947,0
56.54,0.1257561048268057,0.03439918617684646,0
56.55,0.12139347792062752,0.034409731719698924,0
56.56,0.11677892571595076,0.03450781405998841,0
56.57,0.11204225715886672,0.034674026757252195,0
56.58,0.10749947504772599,0.034785643327420845,0
56.59,0.10329808754803062,0.03483139338604152,0
56.6,0.09978694363502472,0.03479345545854816,0
56.61,0.0970858763123162,0.03488956496445543,0
56.62,0.0948840005583476,0.035359059317418236,0
56.63,0.0931794637107343,0.035808640404351465,0
56.64,0.09198830541396073,0.036342616737810744,0
56.65,0.0909749838229481,0.03696285033647937,0
56.66,0.09091176104897186,0.03748974222854985,0
56.67,0.09196080817035249,0.03777677687515251,0
56.68,0.09360574599721766,0.03782713046812229,0
56.69,0.09610908584538382,0.03773948400205579,0
56.7,0.0996025824437018,0.037685789931466464,0
56.71,0.10365603663963593,0.03743549798312647,0
56.72,0.10830637968293982,0.03697618491812276,0
56.73,0.1137881749166434,0.0366312491566611,0
56.74,0.11991876237574886,0.03633563809140468,0
56.75,0.126436628886325,0.03606937216904899,0
56.76,0.1330553077273098,0.036018303402349176,0
56.77,0.139782784033785,0.03632945007900576,0
56.78,0.1465741414209152,0.037032860031961434,0
56.79,0.15309300607337653,0.03808960218648824,0
56.8,0.1592824839037108,0.03958362711329118,0
56.81,0.16566859568543607,0.041690086156780555,0
56.82,0.1721175904059311,0.04397864188815368,0
56.83,0.17850270404577115,0.04645580267968145,0
56.84,0.1850804590694613,0.049273994891419225,0
56.85,0.19205347827970407,0.0524680299256545,0
56.86,0.19936886015658192,0.05610416703434531,0
56.87,0.2069188053764897,0.06035539673663593,0
56.88,0.21512852238253705,0.06515422921253777,0
56.89,0.22413974732242697,0.0704586337273172,0
56.9,0.23352826989493528,0.07568589529955694,0
56.91,0.2433160492215371,0.08078329092563541,0
56.92,0.2538504386782937,0.08599635994658905,1
56.93,0.26502663336725557,0.09102664859606618,1
56.94,0.27688655524760264,0.09607586064725811,1
56.95,0.2895679478994969,0.10088705349537826,1
56.96,0.3029989451072019,0.10553572932559224,1
56.97,0.31701086089211267,0.10973713469562223,1
56.98,0.3308151631648949,0.11335869640963964,1
56.99,0.3444397998983351,0.11646016538201853,1
57.0,0.35810536044906993,0.11929017104684994,1
57.01,0.37142057319808763,0.12172620352019986,1
57.02,0.38452018729989484,0.12395402388277448,1
57.03,0.39692309836580897,0.12633044217153153,1
57.04,0.40853947362615906,0.12837955671010867,1
57.05,0.4191427348729967,0.1304321988770402,1
57.06,0.42808608616469074,0.1321289060776135,1
57.07,0.4359464535109062,0.13349294972058479,1
57.08,0.4426859075200043,0.13475031678828228,1
57.09,0.4482265931249365,0.1358502805318896,1
57.1,0.4531943452877447,0.13709014618759657,1
57.11,0.4579155564049003,0.1391960856232306,1
57.12,0.461835259588213,0.14253510891742524,1
57.13,0.46584279925742633,0.14701478673810528,1
57.14,0.4695159613950864,0.15235969061406912,1
57.15,0.4727908649205383,0.1578502937448545,1
57.16,0.47647001590950966,0.1636131532159181,1
57.17,0.47990362399471365,0.1697026327882558,1
57.18,0.4840279462644994,0.17594243308201868,1
57.19,0.489706375449594,0.1822444727721731,1
57.2,0.49667540209229577,0.18853273010038485,1
57.21,0.5050857456172752,0.19397673572174529,1
57.22,0.5148246159915005,0.1981289730624643,1
57.23,0.5251224458214566,0.20085487267190802,1
57.24,0.5358724339254237,0.20257304644812604,1
57.25,0.5473730247270867,0.2040083536530464,1
57.26,0.5589145393460441,0.20559742716987767,1
57.27,0.5703203066686098,0.20737442209795773,1
57.28,0.5814745422360965,0.2092501632740033,1
57.29,0.5912283847386002,0.2110210873997991,0
57.3,0.5990218765785051,0.21306008393456924,0
57.31,0.6044956866771266,0.2168319663700119,0
57.32,0.6074402052385661,0.22411225295257042,0
57.33,0.6080071498293789,0.2365892283282977,0
57.34,0.607110818416439,0.25501517975322574,0
57.35,0.6047013039054848,0.28130867217086475,0
57.36,0.6010870321390535,0.3157964350663135,0
57.37,0.5966762431482057,0.3603215038519603,0
57.38,0.5914260168318763,0.41416175386150056,0
57.39,0.5855439667021942,0.4772181106954936,0
57.4,0.579094971981699,0.5242838874714766,0
57.41,0.5729214644215286,0.5644633816513019,0
57.42,0.5675594462140531,0.608217548369122,0
57.43,0.5632155327295159,0.6556266385342638,0
57.44,0.5594784895112009,0.7036583000297578,0
57.45,0.5563093890255838,0.7488752440209322,0
57.46,0.5539607611696289,0.7909448709000941,0
57.47,0.5523078382076819,0.8291882538234182,0
57.48,0.5510641534186806,0.8640729475103265,0
57.49,0.5514095105109715,0.8957324579953314,0
57.5,0.56088387328561,0.9243164187325109,0
57.51,0.5793415130273518,0.9490163824801707,0
57.52,0.6054149753534269,0.9695498991223118,0
57.53,0.637151894736318,0.9850423606058525,0
57.54,0.6738765291197221,0.9970764555288918,0
57.55,0.7147933594211078,1.0075861575103622,0
57.56,0.7593893407114647,1.0171331103004069,0
57.57,0.8071564187712094,1.0263865151581206,0
57.58,0.858712443427301,1.0357782106457107,0
57.59,0.9131171650238499,1.0453168802659665,0
57.6,0.9633845885061049,1.0545419817830182,0
57.61,1.0086762746904698,1.0632222963883233,0
57.62,1.050117129481603,1.0714305591627722,0
57.63,1.0894209624964508,1.079088312032364,0
57.64,1.1274082463646755,1.0863585875859385,0
57.65,1.1651559761804442,1.09359859943716,0
57.66,1.2033917973780923,1.1005296319693574,0
57.67,1.243671827770898,1.1068151085866564,0
57.68,1.2627302308974777,1.1121601176574085,0
57.69,1.281129827288909,1.1166689129449892,0
57.7,1.2989105755630013,1.1205326073633135,0
57.71,1.315996975764379,1.123852781148721,0
57.72,1.3326526591885064,1.126438622994854,0
57.73,1.3491805786730002,1.128576247286309,0
57.74,1.3653022791775282,1.1301422327882704,0
57.75,1.3806966977959476,1.1310310579181202,0
57.76,1.3950226558206402,1.1313626303507918,0
57.77,1.4081975811090062,1.131356878754069,0
57.78,1.4202206883568458,1.1312033171906362,0
57.79,1.4311331666502827,1.1310793686597433,0
57.8,1.440880890545318,1.1309822988234353,0
57.81,1.4496721366061809,1.1309866169678635,0
57.82,1.4574474615807824,1.1310537752596137,0
57.83,1.4641886704980502,1.131069846583471,0
57.84,1.4699256343254299,1.1311629833993073,0
57.85,1.4748259923510305,1.1311785406307737,0
57.86,1.4790779038664634,1.1312446444185673,0
57.87,1.4830607781994296,1.1313786249414184,0
57.88,1.486933934371238,1.1315232773938133,0
57.89,1.490857889038898,1.1316686888759786,0
57.9,1.4948043873228787,1.1317540018305077,0
57.91,1.4986675124733904,1.1315930198536601,0
57.92,1.502512432915116,1.1310815757920079,0
57.93,1.5061276277825946,1.130276531064509,0
57.94,1.509625489840251,1.1292196617821848,0
57.95,1.5130996586156378,1.1280760908207508,0
57.96,1.5164970237848143,1.126884759328913,0
57.97,1.5196169057177895,1.1256476667960795,0
57.98,1.5225569331943318,1.1244099168740198,0
57.99,1.5251853179990689,1.1231916630973053,0
58.0,1.5274841400484558,1.121985418507333,0
58.01,1.529635690999493,1.1210629736630213,0
58.02,1.5316008275707012,1.1205368805568576,0
58.03,1.5323346706627203,1.120647369214017,0
58.04,1.5314198481506403,1.121285320686424,0
58.05,1.52875299449978,1.122277126186968,0
58.06,1.5240790533724662,1.1233173199195088,0
58.07,1.5173508081199534,1.1243702190165148,0
58.08,1.5082165227936832,1.1254173026479435,0
58.09,1.4969970956939636,1.1265449000149896,0
58.1,1.4837189437470653,1.1276916991778219,0
58.11,1.4684167881517531,1.1284446298867932,0
58.12,1.4504542868776684,1.1284752206966897,0
58.13,1.4305350871505147,1.1272571792403514,0
58.14,1.408495879816939,1.124601907574202,0
58.15,1.3847376982503705,1.1201005350230016,0
58.16,1.3603669198951558,1.113746423231767,0
58.17,1.3360451197285201,1.1051777823734221,0
58.18,1.3123789222372806,1.094614469580956,0
58.19,1.2892901941439139,1.081863171277668,0
58.2,1.2672029071875344,1.0665756210930597,0
58.21,1.2458560927258877,1.0477344127855555,0
58.22,1.2257210145537112,1.0246929791297326,0
58.23,1.20717342670175,0.9966357572283803,0
58.24,1.1910067932937478,0.9648050133664003,0
58.25,1.177080584703293,0.931418013742723,0
58.26,1.1647699779049685,0.8971202361469643,0
58.27,1.1533073706764636,0.8628196591815935,0
58.28,1.129447893844499,0.8284960859959832,0
58.29,1.104574008627909,0.7946434649309019,0
58.3,1.0754092444701695,0.761411790195129,0
58.31,1.045418641865032,0.7306595226143893,0
58.32,1.0174222240399131,0.7035132514842842,0
58.33,0.9896355294867276,0.681980971678564,0
58.34,0.961180681400354,0.6646745768113175,0
58.35,0.9312696397572555,0.6493074717770957,0
58.36,0.898372477194788,0.635352224750572,0
58.37,0.8636048358125302,0.6218420786436102,0
58.38,0.8287309272728232,0.5935934554845985,0
58.39,0.7950032161889209,0.5586320601203562,0
58.4,0.7619782430372692,0.5296750021774952,0
58.41,0.7305989433612953,0.5032081066084415,0
58.42,0.7025193490225027,0.4786078798114593,0
58.43,0.677646823499875,0.4573348110747531,0
58.44,0.654537578006141,0.43723138110087173,0
58.45,0.6343862147149252,0.41687188344282194,0
58.46,0.6155339388834461,0.39700044451387123,0
58.47,0.601032547557913,0.3790409512403493,0
58.48,0.5886139022170904,0.3644706764068212,0
58.49,0.5778940387282716,0.35299213170886373,0
58.5,0.5679472922093626,0.34419978871949625,0
58.51,0.5583295095555026,0.3395092996766473,0
58.52,0.5486006886254271,0.34158579481701995,0
58.53,0.5399137595581567,0.34804735050053975,0
58.54,0.5321919295271499,0.359707178800877,0
58.55,0.525518217804343,0.3800863756968526,0
58.56,0.5202672488543504,0.4070555877570061,0
58.57,0.5160311905037831,0.43741754526840454,0
58.58,0.5126855138447364,0.4730300017136058,0
58.59,0.5100257839200661,0.5079947852310779,0
58.6,0.5082595489096141,0.5502164270098644,0
58.61,0.5098618208579914,0.595674696711195,0
58.62,0.5176988401288105,0.6407503571232754,0
58.63,0.5311313583281593,0.6838097227770448,0
58.64,0.5498241851455936,0.7204826487497646,0
58.65,0.5739340194568939,0.7394226460634347,0
58.66,0.6032356714869319,0.7571037745580943,0
58.67,0.637420932188643,0.7734617907274282,0
58.68,0.676799048349991,0.7885708894944677,0
58.69,0.7210815280009961,0.8027738946557996,0
58.7,0.7696789343109083,0.8158322468241302,0
58.71,0.8196471963486744,0.8277696546626179,0
58.72,0.868347339007608,0.8388819195453363,0
58.73,0.9155323799536981,0.8494358194365512,0
58.74,0.9616578874416967,0.8596954317843586,0
58.75,1.0066128231953888,0.8694807920641785,0
58.76,1.0503494511334104,0.8784459190318835,0
58.77,1.0930753194356035,0.8867396999541931,0
58.78,1.1344500490870277,0.8943870347268166,0
58.79,1.17429411091212,0.9017875688182592,0
58.8,1.2052784785886246,0.908815870638698,0
58.81,1.2239030239474724,0.9157623264014481,0
58.82,1.2420347358025547,0.9227152330738712,0
58.83,1.259543430093723,0.9295710198706363,0
58.84,1.2761918098807248,0.9363799123980818,0
58.85,1.2921651204799378,0.9427184739846337,0
58.86,1.3074909555196845,0.9488071580514105,0
58.87,1.3225081184627534,0.9542995806448413,0
58.88,1.3371400995656173,0.9593228887641948,0
58.89,1.3517139214974578,0.9634879971693089,0
58.9,1.3663183233874552,0.9669156836204491,0
58.91,1.381068886302838,0.969554668912091,0
58.92,1.3959124509150935,0.9713245757432614,0
58.93,1.410483513135008,0.9723177447173624,0
58.94,1.4247250053485576,0.97233518404739,0
58.95,1.4382047352171705,0.9718616295392762,0
58.96,1.4509195197582572,0.9709850748013087,0
58.97,1.4625753306866005,0.9698214372746241,0
58.98,1.4732394876815547,0.9683263976654557,0
58.99,1.4827288615027028,0.9666962991039736,0
59.0,1.4910096140938554,0.9648518985037214,0
59.01,1.4979553444509661,0.9629476474165702,0
59.02,1.5034006152378006,0.9611128371839975,0
59.03,1.5075237065750369,0.959431880471777,0
59.04,1.5104695809141526,0.9578800737016355,0
59.05,1.5124522240675302,0.9565247716833678,0
59.06,1.513478295849336,0.9553155545342336,0
59.07,1.513168247440302,0.9543568735332287,0
59.08,1.5115500368389778,0.9536998143891622,0
59.09,1.5087615672788892,0.9531536866660129,0
59.1,1.5048215251187973,0.9529150787879352,0
59.11,1.4998335426446294,0.9527884683218041,0
59.12,1.4939556051968994,0.9529884159701517,0
59.13,1.4874805103288287,0.9536345928345097,0
59.14,1.4805015890019357,0.9551063531106309,0
59.15,1.473119682137859,0.9578844957168993,0
59.16,1.4654101263600714,0.9623489686474155,0
59.17,1.457693049643047,0.9688140503596167,0
59.18,1.4497921651471866,0.9770571562159911,0
59.19,1.441563918437009,0.9871673939201913,0
59.2,1.4328799343247076,0.9988004143247659,0
59.21,1.4235389267111076,1.0121026241782523,0
59.22,1.4131435614114471,1.0271207700317302,0
59.23,1.4013941319220082,1.044171944636444,0
59.24,1.3880525600022355,1.0629355260575777,0
59.25,1.37301585890341,1.0825812466922125,0
59.26,1.3560915467759977,1.1027962334189445,0
59.27,1.3374983886276304,1.1228181134154975,0
59.28,1.3173190455779769,1.1422975982391204,0
59.29,1.2956698300468046,1.1612598276439294,0
59.3,1.2728209646965187,1.1793624020388562,0
59.31,1.2511021422738722,1.1961879118598213,0
59.32,1.2310134947011442,1.2110189495651353,0
59.33,1.212890209060155,1.2232602897795628,0
59.34,1.1970614462802198,1.2326967725604765,0
59.35,1.1836339665592668,1.239309378633198,0
59.36,1.1674043102846474,1.2431255314397776,0
59.37,1.1529121409597507,1.2440029586465415,0
59.38,1.143531006410541,1.2424231654800144,0
59.39,1.14256693002962,1.238435433518433,0
59.4,1.150961433315845,1.2322996608445556,0
59.41,1.1638022345030496,1.2243671692385103,0
59.42,1.1760590502170183,1.2152958378924439,0
59.43,1.186468966769421,1.205578905858725,0
59.44,1.1986656015820183,1.195372871660457,0
59.45,1.2119619323592647,1.1849348843258196,0
59.46,1.226084491944166,1.1741375134821186,0
59.47,1.2403438771603876,1.163550705413833,0
59.48,1.2544411846844559,1.1533549470859288,0
59.49,1.2672387073362765,1.1435962286992318,0
59.5,1.2776727869920013,1.1346916545887111,0
59.51,1.28581981147417,1.1269519441718072,0
59.52,1.2918957626856966,1.120422308285891,0
59.53,1.2959825208539635,1.115005174532495,0
59.54,1.2983257801003525,1.1106360699195872,0
59.55,1.299525714414473,1.1076688204838268,0
59.56,1.2998097471359968,1.106132714191271,0
59.57,1.2998097471359968,1.106128847835256,0
59.58,1.2998097471359968,1.1074493382424957,0
59.59,1.2998097471359968,1.1094968781542796,0
59.6,1.2998097471359968,1.1122127744090857,0
59.61,1.2998097471359968,1.1149756945946703,0
59.62,1.2998097471359968,1.1176009595813017,0
59.63,1.2998097471359968,1.1202804479167157,0
59.64,1.2998097471359968,1.1231415494727246,0
59.65,1.2998097471359968,1.126514014592281,0
59.66,1.2998097471359968,1.1306867502031617,0
59.67,1.2998097471359968,1.1354910701706065,0
59.68,1.2998097471359968,1.1409174653917318,0
59.69,1.2998097471359968,1.147457485982703,0
59.7,1.2998097471359968,1.1551468782031606,0
59.71,1.2998097471359968,1.1639458865762775,0
59.72,1.2998097471359968,1.1734683733624525,0
59.73,1.2998097471359968,1.1832893228435692,0
59.74,1.2998097471359968,1.1931053126458704,0
59.75,1.2998097471359968,1.2020851221251152,0
59.76,1.2998097471359968,1.2099990868228463,0
59.77,1.2998097471359968,1.216795966663922,0
59.78,1.2997236831690662,1.2225058879271142,0
59.79,1.299291842899561,1.2270608680051318,0
59.8,1.2985880613711125,1.2303156169044425,0
59.81,1.2973230708994765,1.2325488750760691,0
59.82,1.295397363039229,1.2340313857019762,0
59.83,1.2924805825012757,1.2348299852635911,0
59.84,1.288352327305457,1.235201660786568,0
59.85,1.2825537413821233,1.2353986729881254,0
59.86,1.274544803255837,1.2354461764980802,0
59.87,1.263903480346323,1.2354815820986726,0
59.88,1.2514647035654114,1.2355410952303283,0
59.89,1.239014908890836,1.2356245026423538,0
59.9,1.2266312793247873,1.2357843184567008,0
59.91,1.2146786363665116,1.2360486401241753,0
59.92,1.1928491397115204,1.2364778285615696,0
59.93,1.1713353982324928,1.2370212770090665,0
59.94,1.1497145540220572,1.2373764628878723,0
59.95,1.1307639335239505,1.237104187646615,0
59.96,1.1171339447886912,1.2357758625856838,0
59.97,1.1084029025755986,1.2329707015314813,0
59.98,1.10422910106659,1.2288887529245753,0
59.99,1.1017967017829682,1.2234722482103872,0
60.0,1.0988806908962996,1.2169058429051207,0
60.01,1.0962277971184986,1.2089378996592162,0
60.02,1.0944131377980175,1.1992775685060282,0
60.03,1.0928475061583929,1.1874817617536648,0
60.04,1.0899268307314438,1.173701312875701,0
60.05,1.081181032871731,1.158505269173644,0
60.06,1.0708448057641042,1.1421706554460451,0
60.07,1.0621265726909495,1.125157738788492,0
60.08,1.0564598928891704,1.1075253142336212,0
60.09,1.0472502022289276,1.0891526876001454,0
60.1,1.0382926584520826,1.0700798615361515,0
60.11,1.0295828972363885,1.0280348933005239,0
60.12,1.0212830299147926,0.980002274251642,0
60.13,1.013571606644382,0.9283820300716291,0
60.14,1.0037407756410888,0.8863384493353489,0
60.15,0.9949570835957035,0.8534669604658417,0
60.16,0.9848789104119374,0.8209087444668072,0
60.17,0.9786510127065944,0.7882356271338126,0
60.18,0.9686854221320804,0.7577912614853802,0
60.19,0.9586912425973224,0.7370911564954984,0
60.2,0.9495763722243509,0.7243701023873331,0
60.21,0.9364679487120351,0.7105137223546848,0
60.22,0.9214200499903807,0.6950574231807706,0
60.23,0.9030259371048753,0.6820108246082993,0
60.24,0.8838992856311809,0.6740418298509359,0
60.25,0.8603018714280926,0.6713015770373942,0
60.26,0.8354360325165096,0.6687918679462803,0
60.27,0.8063885523291733,0.6633786357957969,0
60.28,0.7749520078549834,0.6570492731140619,0
60.29,0.7476577459148045,0.651264674787567,0
60.3,0.7222545645947938,0.6476488148939008,0
60.31,0.696515269160949,0.6455022770866335,0
60.32,0.6736857623426779,0.6409936487250164,0
60.33,0.6574512899974112,0.6331163979126097,0
60.34,0.6429521840644628,0.6231513738769907,0
60.35,0.6286644898257985,0.6114682617414817,0
60.36,0.6196234927774927,0.6003279531314373,0
60.37,0.6179581439769883,0.5880030755704773,0
60.38,0.6168559498436601,0.574286285774391,0
60.39,0.6140257351769333,0.559724967551316,0
60.4,0.6144719897582361,0.5431504255474501,0
60.41,0.6186440893799613,0.5261015356265005,0
60.42,0.6217181466219008,0.5107127507954896,0
60.43,0.6244745725415564,0.49539069721302814,0
60.44,0.6303176766069389,0.47916111683644186,0
60.45,0.6375542772094215,0.4631061401898828,0
60.46,0.6451966450894148,0.44565284098508745,0
60.47,0.6533825024561548,0.42765045810839103,0
60.48,0.6621011067822224,0.40905806510332055,0
60.49,0.6700609449170151,0.3894555900979311,0
60.5,0.6767475008338989,0.36869677022721364,0
60.51,0.6816985128594005,0.347028856290386,0
60.52,0.685501056294881,0.32511817877439114,0
60.53,0.6899969406339722,0.30375091023920797,0
60.54,0.6927072523685087,0.28369823088332186,0
60.55,0.6947200773509266,0.26603514715244686,0
60.56,0.6976004502818045,0.250721836214466,0
60.57,0.6999002830130517,0.2375996964197049,0
60.58,0.700576405440511,0.22650850847226706,0
60.59,0.6984822538429621,0.21747000895330276,0
60.6,0.6964333432980908,0.21098100138223339,0
60.61,0.69315426618528,0.20647618636089013,0
60.62,0.6885903384214143,0.20329675585668855,0
60.63,0.6832274458250668,0.20143184483895296,0
60.64,0.6746612403559916,0.20032823582136736,0
60.65,0.6644130938563149,0.19953869672847577,0
60.66,0.6502627378840272,0.19905336633707194,0
60.67,0.6344245711331147,0.19855176955587975,0
60.68,0.6193425914479789,0.19806448723191708,0
60.69,0.6031425918942199,0.1975915251181101,0
60.7,0.5856415481598867,0.19692147361326545,0
60.71,0.5672635673611778,0.1957756961198084,0
60.72,0.5482355776487101,0.19389183700225185,0
60.73,0.5287869096205023,0.19122983356497508,0
60.74,0.5090823946438802,0.18769871858794343,0
60.75,0.4892445812571596,0.18330581130378468,0
60.76,0.4695715992377649,0.17765398516785424,0
60.77,0.45001256585926064,0.1707193735202857,0
60.78,0.43090144380501133,0.16343517216648762,0
60.79,0.41273559380946945,0.15540208827469812,0
60.8,0.3956239479066941,0.1469770509941924,0
60.81,0.37981805309638655,0.13889262805142266,0
60.82,0.36511939507963725,0.13023486010445612,0
60.83,0.3514634746257534,0.12152535246566096,0
60.84,0.3389828734867144,0.11318414744586963,0
60.85,0.3278087400982621,0.10496435178530479,0
60.86,0.3177619099306947,0.09712981904421714,0
60.87,0.30861233572787466,0.08993318051869209,0
60.88,0.29972935834525116,0.08303765681710595,0
60.89,0.2911480940306458,0.07644134132227058,0
60.9,0.28342395282613464,0.07093506951504251,0
60.91,0.27598145826231496,0.0660443247206947,0
60.92,0.26892739239888913,0.061802467951101885,0
60.93,0.2623190878853618,0.058198746069238076,0
60.94,0.25613361166193116,0.05524989776467049,0
60.95,0.2503967634208742,0.05289719936381291,0
60.96,0.245298457563675,0.05089222511709759,0
60.97,0.24109812432934208,0.048799566314295995,0
60.98,0.2380594939055967,0.04670296248994441,0
60.99,0.23560063989996696,0.04475443523381803,0
61.0,0.2330106374585953,0.042836380503963205,0
61.01,0.23072808135019227,0.04108618275412387,0
61.02,0.22855159064337283,0.03941857237131211,0
61.03,0.22678789501298663,0.037769101713758184,0
61.04,0.22503136596378862,0.03616321064005541,0
61.05,0.2230935224105321,0.03460276105289794,0
61.06,0.2210245304215338,0.033391648654394986,0
61.07,0.21832201265550935,0.03260137235146987,0
61.08,0.21518591672760612,0.03196897986660448,0
61.09,0.21143492813376574,0.03128659252919918,0
61.1,0.20746177552309497,0.030566026969223774,0
61.11,0.203351024553613,0.029757168508717464,0
61.12,0.19933630577205133,0.02888419423068394,0
61.13,0.19534953665712318,0.027990729805674724,0
61.14,0.19169171361872786,0.026973080157901848,0
61.15,0.18853125131478515,0.025939585902548575,0
61.16,0.18565673560024676,0.024779371655912395,0
61.17,0.18328388056887393,0.023568747776433155,0
61.18,0.18119840544314303,0.022233201286984663,0
61.19,0.17952572539384548,0.020893313430363183,0
61.2,0.178352556053357,0.01961942172864319,1
61.21,0.1773750343793031,0.018468931775780895,1
61.22,0.1766956424826732,0.01748403133727688,1
61.23,0.17615313228673565,0.016604282314291886,1
61.24,0.17566795474030272,0.01595028438430231,1
61.25,0.17516844403149365,0.015370910039519788,1
61.26,0.17445035259644817,0.014998206893787709,1
61.27,0.17372796121268985,0.014721677474346431,1
61.28,0.1728493383590314,0.01460059849518638,1
61.29,0.17211476378725335,0.014618470917582189,1
61.3,0.1713536728650794,0.014686282888477474,1
61.31,0.17090002827587403,0.01479362803093316,1
61.32,0.17066424775478625,0.014912061633493108,1
61.33,0.17056391561815312,0.015028541159958208,1
61.34,0.17076887984013223,0.015120530213857212,1
61.35,0.17125549070280277,0.01521496186287477,1
61.36,0.17236201083824207,0.015275270918953043,1
61.37,0.17398165818674782,0.01530426867081339,1
61.38,0.17588725212465794,0.015320869100279534,1
61.39,0.1779361776863296,0.015315224453200887,1
61.4,0.1799392371283976,0.015435585508901091,1
61.41,0.18169504951947682,0.01554902481654301,1
61.42,0.18325378092788397,0.015598183406529255,1
61.43,0.18462833119975744,0.0157159330073261,1
61.44,0.18567895200192974,0.015872303458451843,1
61.45,0.1861196967449966,0.016079407336321898,1
61.46,0.18626804497558985,0.01634156849957798,1
61.47,0.1860705061978787,0.01653697796811805,1
61.48,0.18599434010459256,0.016782870703712063,1
61.49,0.186278811075654,0.017132158191915492,1
61.5,0.1863880490904586,0.017425332728754094,1
61.51,0.18558785631840066,0.017699602078706918,1
61.52,0.18496596130960277,0.017953259027155728,1
61.53,0.1842801187538668,0.01815537006010463,1
61.54,0.18350697391776094,0.018262620799105737,1
61.55,0.1832903727244024,0.01833346885328835,1
61.56,0.1829707656113934,0.018378032848133708,1
61.57,0.18285583149743886,0.018413475871192,1
61.58,0.1826030732132676,0.018412981967573162,1
61.59,0.18238405776487948,0.018357602416098084,1
61.6,0.18200486598324145,0.01824296875423479,1
61.61,0.18122258936948168,0.01807962813303023,1
61.62,0.18006164881049336,0.017851194184523866,1
61.63,0.1788740520444786,0.01761307407618264,1
61.64,0.1771271768779697,0.017389172178953343,1
61.65,0.17469024945567851,0.017160584893524098,1
61.66,0.1715447538874388,0.016911574586703032,1
61.67,0.16844270821128002,0.01664277241046465,1
61.68,0.16493828407304867,0.016382264261558394,1
61.69,0.1612760323708831,0.01612024148361202,1
61.7,0.1576194097395821,0.015860894742222825,1
61.71,0.1540660937224009,0.015594822774137528,1
61.72,0.1506977817903519,0.015355327432813756,1
61.73,0.14756129966791884,0.015028664551901005,1
61.74,0.14493687285994603,0.0146716533929448,1
61.75,0.1426384714571585,0.014172313056450607,1
61.76,0.14116814713007703,0.013659144678754906,1
61.77,0.13975586818847363,0.013107805961165613,1
61.78,0.13873209865307798,0.012533689314779417,1
61.79,0.13757049130678847,0.011986629149726723,1
61.8,0.13663590370730666,0.011463018979488428,1
61.81,0.13597375602697886,0.010969065378528995,1
61.82,0.1356320822673718,0.010491171888958897,1
61.83,0.13547904876380423,0.010111598870144971,1
61.84,0.13539260907409348,0.009800559571435196,1
61.85,0.13524096049565348,0.009663846826210444,1
61.86,0.13486487202112238,0.009570278557896054,1
61.87,0.13437125589830026,0.009552663627932684,1
61.88,0.1338033319720426,0.009570098593693283,1
61.89,0.13350989197276128,0.00961882526738794,1
61.9,0.13326346303279635,0.00972631391696637,1
61.91,0.1331148474259252,0.00995821430735982,1
61.92,0.13291315481660002,0.010269524845156874,1
61.93,0.13297988019111362,0.010622688405894493,1
61.94,0.13306556163793218,0.011003918329156212,1
61.95,0.1330397813795974,0.011358078135774878,1
61.96,0.13343663265883665,0.01172748734826778,1
61.97,0.13380799062493767,0.012159853574326094,1
61.98,0.13446804497556522,0.012672107086786767,1
61.99,0.1356592025992996,0.013290409466925448,1
62.0,0.13687660767870627,0.01400000027414073,1
62.01,0.13831099638872796,0.014619309774710041,1
62.02,0.14021226915332494,0.015338222223514865,1
62.03,0.14185466182584167,0.016146431323596305,1
62.04,0.14354298861437034,0.016996499556076603,1
62.05,0.14608341021460414,0.01797472106652478,1
62.06,0.1491581102476655,0.018950658023508014,1
62.07,0.15299312717192468,0.019868509456114618,1
62.08,0.157389680596289,0.020637375567209338,1
62.09,0.1615240148107667,0.0212654386170125,0
62.1,0.16652683702464718,0.021761488142870166,0
62.11,0.17133927373733962,0.02220507744825267,0
62.12,0.17664436545937717,0.02254580253172463,0
62.13,0.18206593152867206,0.022789927936267215,0
62.14,0.18686656340887214,0.023013896001829497,0
62.15,0.19075035329883733,0.023179949006769736,0
62.16,0.1935268499010252,0.023495104527053143,0
62.17,0.1952157279362563,0.023920241131001257,0
62.18,0.1958083305273695,0.024524929338456233,0
62.19,0.1957477323872424,0.025282267838146782,0
62.2,0.1944145733044458,0.026157844259615006,0
62.21,0.1921511934212564,0.02723276738809188,0
62.22,0.18879468604928043,0.028473381286030476,0
62.23,0.18494867162329057,0.029893909022954444,0
62.24,0.181306487305001,0.03133686339759169,0
62.25,0.1781608929402207,0.032850219302874725,0
62.26,0.17545758629948505,0.03445538059398926,0
62.27,0.17300296812992044,0.03631896493706265,0
62.28,0.17058533843549836,0.03843064862095749,0
62.29,0.16846755148638054,0.040777401822432315,0
62.3,0.16679756118313716,0.043331705299105426,0
62.31,0.16544315340185448,0.045961790568678586,0
62.32,0.16445154747250165,0.048868421318120456,0
62.33,0.16370941700315272,0.052074034839128994,0
62.34,0.1630546422942467,0.05573277298179242,0
62.35,0.16254152557524829,0.059788148319433417,0
62.36,0.16213229138218205,0.06414886685748421,0
62.37,0.16299955307594935,0.06850315038879921,0
62.38,0.16555884076027902,0.07275681768896733,0
62.39,0.16948276708071797,0.07694792479120083,0
62.4,0.1750853405815614,0.08114333610323772,0
62.41,0.18239489286079075,0.08543805320630808,0
62.42,0.19147517001386435,0.08984732195246313,0
62.43,0.2023332549402777,0.09435270029425309,0
62.44,0.2149966922491794,0.09886063559236191,0
62.45,0.22912314179829288,0.10337235305502568,0
62.46,0.24449618165859277,0.10774220205793171,0
62.47,0.26017929511902366,0.1121551996987184,0
62.48,0.2758702784677827,0.11682380773951317,0
62.49,0.29177689675673435,0.12186433573086995,0
62.5,0.3078550786112407,0.1270899447437731,0
62.51,0.32407491845565456,0.13281636561367774,0
62.52,0.34029554528890127,0.13897404912871114,0
62.53,0.3565004323454916,0.14588897525757308,0
62.54,0.3725069982162113,0.15433947084973812,0
62.55,0.38862846445652266,0.16448310833835558,0
62.56,0.4098509563933043,0.17591106236999474,0
62.57,0.43232322124951145,0.18842434847312542,0
62.58,0.4525734083189906,0.2014654329764062,0
62.59,0.471628936826284,0.21491199748193393,0
62.6,0.4913251234179943,0.22914103368721112,0
62.61,0.5123105854541349,0.24398637113542587,0
62.62,0.5351756976790801,0.25894408997055746,0
62.63,0.5599760873449201,0.27374455236782114,0
62.64,0.5867261847591496,0.2876146367665274,0
62.65,0.6145154145263267,0.3003989810085313,0
62.66,0.6428586234747948,0.31258882277134636,0
62.67,0.6727316340056414,0.32434808751250227,0
62.68,0.7036360469861634,0.335859143195917,0
62.69,0.7348636848724491,0.34710384404166456,0
62.7,0.7670138279354807,0.35780767352010595,0
62.71,0.7977167125218724,0.3677770346676163,0
62.72,0.8267190395341271,0.3775899966835091,0
62.73,0.8545555479864346,0.38736979221842954,0
62.74,0.8811987434206482,0.39732270099824063,0
62.75,0.9068042658995016,0.40774630481583385,0
62.76,0.9322742331976164,0.4186527320061646,0
62.77,0.957125471684191,0.4302141836812948,0
62.78,0.9779359132383127,0.44309394234128474,0
62.79,0.997795299835436,0.4575130467772413,0
62.8,1.0200875140081789,0.47384740715933676,0
62.81,1.0404508960277308,0.4921107931437085,0
62.82,1.0575623440255166,0.5118974048799388,0
62.83,1.074787385515408,0.5326548765013166,0
62.84,1.0939469954836067,0.5536292277031872,0
62.85,1.1106799878594111,0.5737931276437765,0
62.86,1.1241813990927434,0.5929053441241943,0
62.87,1.13913571521959,0.6105163759981255,0
62.88,1.1560332021408073,0.6260131068784102,0
62.89,1.1697995621797974,0.6387512316313725,0
62.9,1.1803905450438683,0.6483389478496862,0
62.91,1.1914831929267036,0.6551662903060357,0
62.92,1.202703994700725,0.6596735826605756,0
62.93,1.2109386566194347,0.6623633650596682,0
62.94,1.2174349277635212,0.6639065776825919,0
62.95,1.223642013457729,0.6649429526275493,0
62.96,1.226690523564682,0.6655625725217471,0
62.97,1.2281539513053348,0.6661223315455297,0
62.98,1.2275364113404257,0.6663836134612922,0
62.99,1.2244449861775575,0.6665067597553482,0
63.0,1.219621201069309,0.666809055026626,0
63.01,1.221948720841201,0.6676844224502215,0
63.02,1.233841877196224,0.6695696123143883,0
63.03,1.2472656964367828,0.6726284362159775,0
63.04,1.2612081338184518,0.6772075566284604,0
63.05,1.2753721912381497,0.6834238259042817,0
63.06,1.2759361273103347,0.6910078246515935,0
63.07,1.2686189391773228,0.6906626211428889,0
63.08,1.2608803340659058,0.688522099409946,0
63.09,1.2530269854274965,0.6861354251623378,0
63.1,1.2449494015812819,0.6835737732230359,0
63.11,1.236604994952822,0.6809648945762292,0
63.12,1.2278304188015148,0.6782158057127561,0
63.13,1.2186143410370929,0.6753576190554632,0
63.14,1.2087507949861145,0.6722515355010786,0
63.15,1.198373672402305,0.6689585248230977,0
63.16,1.1876327829648292,0.6655790179281156,0
63.17,1.1769311601135763,0.6623099892712695,0
63.18,1.166103619803254,0.6592852437521179,0
63.19,1.154854991877732,0.6564123999143905,0
63.2,1.1430739014083426,0.6535782339113414,0
63.21,1.13089923282551,0.6506610621065056,0
63.22,1.118106386143389,0.6475898925594998,0
63.23,1.1047340787000277,0.6443014422081276,0
63.24,1.090539913235499,0.6411653242429621,0
63.25,1.07496076229706,0.6380632341589456,0
63.26,1.0577938620205165,0.6351369610236288,0
63.27,1.0391447275651833,0.6324162764190261,0
63.28,1.0190582203466363,0.6295384295200545,0
63.29,0.9979750925189169,0.6264602844238303,0
63.3,0.9760154194600021,0.6234681670695794,0
63.31,0.9528512471466848,0.6203349325997949,0
63.32,0.9286976142537781,0.6170166352582516,0
63.33,0.8965768905690694,0.6132793453424078,0
63.34,0.8480285567655886,0.6081435278382409,0
63.35,0.8019044355467848,0.6014697001455459,0
63.36,0.758602654063797,0.5936310685698486,0
63.37,0.7205419711047114,0.5848261866020134,0
63.38,0.6876310355766293,0.5755903663772768,0
63.39,0.6591335849397728,0.5660190745716832,0
63.4,0.6349841736350503,0.5557057488930134,0
63.41,0.6153927728312136,0.5447895454197901,0
63.42,0.6004930005447409,0.5341480318552152,0
63.43,0.5894749679818759,0.5239817753837961,0
63.44,0.5822595950920504,0.5154668020576512,0
63.45,0.5790432185525384,0.5086954011576494,0
63.46,0.5822909544224484,0.5033955097928997,0
63.47,0.5888873213992012,0.499070479209862,0
63.48,0.5985337241194423,0.4957071060928666,0
63.49,0.6111006349141368,0.49323349329164945,0
63.5,0.6268321111807293,0.49184313791992307,0
63.51,0.6455318162419458,0.49152855244043747,0
63.52,0.667481984071368,0.4917152304954156,0
63.53,0.6922872144161522,0.49240998516895074,0
63.54,0.7203170019953348,0.4933701040883584,0
63.55,0.750653745532489,0.4946051296011245,0
63.56,0.7809673104341314,0.49590024386216086,0
63.57,0.8110436351840676,0.4971734226408047,0
63.58,0.8408281818163882,0.49794833125936155,0
63.59,0.8702568682211492,0.498357102942788,0
63.6,0.8991647170514747,0.4984310332470761,0
63.61,0.9194031005973234,0.4984126543382302,0
63.62,0.9327999669207628,0.4981300839690121,0
63.63,0.9456207783250756,0.49766634700803053,0
63.64,0.9577491671926937,0.4969512570645738,0
63.65,0.969425266423099,0.4962061057969456,0
63.66,0.980671568566553,0.49533527014997963,0
63.67,0.9915246362107639,0.4946456584207499,0
63.68,1.002142368948018,0.49409476696053545,0
63.69,1.0125198947261358,0.4937206391302569,0
63.7,1.0225569595623831,0.4935152185358466,0
63.71,1.032269515132328,0.49347092016499317,0
63.72,1.041566404556388,0.493699142096246,0
63.73,1.0503770189068922,0.4941869883089699,0
63.74,1.0587181945626551,0.4949394516816968,0
63.75,1.0667396082225125,0.49586823598615576,0
63.76,1.0740735526177017,0.49681996939979567,0
63.77,1.0809576895664024,0.49760418759299163,0
63.78,1.0871930837081378,0.49847865377460154,0
63.79,1.092876140644044,0.49940265879531953,0
63.8,1.098133155504163,0.5003389581615345,0
63.81,1.1030243094177798,0.5012514510549876,0
63.82,1.107552766177224,0.502065334385212,0
63.83,1.1116245683015138,0.5028994256205495,0
63.84,1.1149811108226382,0.5036269406076107,0
63.85,1.1174697954654598,0.5042787074798035,0
63.86,1.119266328530047,0.5049660103612497,0
63.87,1.1201343874374157,0.505662617292858,0
63.88,1.1203668286331239,0.5063179875707213,0
63.89,1.1199612733976774,0.5068995973440208,0
63.9,1.1189659033145207,0.5073763914403064,0
63.91,1.117750607222573,0.5076977895943223,0
63.92,1.1161264836022733,0.5077876882069441,0
63.93,1.1139489336684325,0.5075109962275265,0
63.94,1.1114982142268353,0.5070180912650657,0
63.95,1.1083604734653207,0.5062395905781036,0
63.96,1.1046750099984204,0.5051850158410313,0
63.97,1.1005125581169213,0.5040115383139401,0
63.98,1.095485960870185,0.5028067945356115,0
63.99,1.0896921930986896,0.5015777122589731,0
64.0,1.0830305794964044,0.5003963205591051,0
64.01,1.0751359198629562,0.4993609452503746,0
64.02,1.0660869185349617,0.4984865353541503,0
64.03,1.056413494363865,0.49795163246136676,0
64.04,1.0459497956455803,0.49742615076410773,0
64.05,1.0350051458840137,0.497078571870942,0
64.06,1.0235052215395917,0.4970624483217551,0
64.07,1.0114697912958173,0.49738550567236545,0
64.08,0.9988962966623977,0.49824882904039,0
64.09,0.9857994525045757,0.4995991873380077,0
64.1,0.9721734495839554,0.5013217843881967,0
64.11,0.9580962535780572,0.5031194391332906,0
64.12,0.9437426084112593,0.5048993999247425,0
64.13,0.9288735906988018,0.506440523392403,0
64.14,0.9136687915627727,0.508035941725065,0
64.15,0.884773511297108,0.5096122986477246,0
64.16,0.8540031909309735,0.5111246134989842,0
64.17,0.8230365338875646,0.512488826056951,0
64.18,0.7926343447913193,0.5135400505367753,0
64.19,0.7622976012541651,0.514549095837456,0
64.2,0.7347641091647588,0.5154242579931859,0
64.21,0.7102942873103181,0.5165052043383116,0
64.22,0.6887327024880011,0.517617852604338,0
64.23,0.670331592790139,0.5190595404656487,0
64.24,0.654887804293719,0.5208015388158667,0
64.25,0.6427067496078342,0.5232019338273363,0
64.26,0.633383484335607,0.525817632971169,0
64.27,0.6272861397469257,0.5286312731157383,0
64.28,0.6251114383562848,0.5310123568634798,0
64.29,0.6296067301963746,0.5327960320062142,0
64.3,0.6376306284308084,0.5341990314204969,0
64.31,0.6491395026868586,0.5350499062728538,0
64.32,0.6644796690480507,0.5356839158338176,0
64.33,0.6838679159288745,0.536094958990773,0
64.34,0.7070097383134192,0.5360781894465965,0
64.35,0.733471559372704,0.5353338210394253,0
64.36,0.7623098722964948,0.5342422763606685,0
64.37,0.7933406114498472,0.5326884966674634,0
64.38,0.825655719700368,0.5311309420650919,0
64.39,0.8562774241093993,0.5296464418414485,0
64.4,0.885775646420695,0.528098139584068,0
64.41,0.9127521258541327,0.5266290127980666,0
64.42,0.9256599436087317,0.525095753727436,0
64.43,0.9371708705653031,0.5234325694005337,0
64.44,0.9475699948307273,0.521825286480607,0
64.45,0.9569325315769357,0.5203340577990179,0
64.46,0.9658099880476797,0.5188951617725163,0
64.47,0.9743699869980298,0.5174946550967913,0
64.48,0.9826385334836364,0.5163153883129976,0
64.49,0.9907847672159402,0.5151680194975852,0
64.5,0.9983860047789491,0.5140908954826304,0
64.51,1.005423083672947,0.5129945442425594,0
64.52,1.0120858612686405,0.5119263443527178,0
64.53,1.0184726065406737,0.5108097646867872,0
64.54,1.0244325868624227,0.5096095815949515,0
64.55,1.0300793995135935,0.5082497459149634,0
64.56,1.0352771108131684,0.5068148438137458,0
64.57,1.0398209032617303,0.5055008177645063,0
64.58,1.0435168515674254,0.5041929587244218,0
64.59,1.0464018537326492,0.5030123259305921,0
64.6,1.0487878127770731,0.5019340662236851,0
64.61,1.050736092543419,0.501036661719485,0
64.62,1.052242627520877,0.5004350855281232,0
64.63,1.0533057731195425,0.5000765995009737,0
64.64,1.053878517678119,0.5001072878438909,0
64.65,1.05379713732517,0.5005321483430637,0
64.66,1.0532196280517179,0.501412894176661,0
64.67,1.052264479742133,0.5030066984672147,0
64.68,1.0509886128497847,0.5051333959831311,0
64.69,1.049081677511609,0.5077566714912891,0
64.7,1.0466453257760315,0.51084629741879,0
64.71,1.0436538179969934,0.5144737297040146,0
64.72,1.0399368432470857,0.5185277730787492,0
64.73,1.0355766098188177,0.5231166400438946,0
64.74,1.0305498771652946,0.5282718562859532,0
64.75,1.0249893308895752,0.5339107061827626,0
64.76,1.0187929057981797,0.539844779813176,0
64.77,1.0117726522275343,0.545670982133524,0
64.78,1.0036642599945769,0.549740919882722,0
64.79,0.9945842122620233,0.5490858272382173,0
64.8,0.9700532283952764,0.547855851337043,0
64.81,0.9287635743857132,0.5456335092699337,0
64.82,0.8975516124991111,0.5427042042114977,0
64.83,0.8724200792856528,0.5376048322487446,0
64.84,0.8454281077718417,0.530140582847562,0
64.85,0.8175361147601271,0.520499736660656,0
64.86,0.7911018143275448,0.5091163033489673,0
64.87,0.7613514872306709,0.5046047333542514,0
64.88,0.7338000150726324,0.5071157204786292,0
64.89,0.7090098996164018,0.508208977608358,0
64.9,0.6867337443809406,0.5079742231708182,0
64.91,0.6699601587248003,0.5060443029970928,0
64.92,0.6547329628553237,0.5032172074322738,0
64.93,0.6403895006136364,0.49998303631734836,0
64.94,0.6281253496954499,0.49524676534617196,0
64.95,0.6204025807960001,0.48934837058411507,0
64.96,0.6160202099473783,0.4828992293288268,0
64.97,0.6139011362344302,0.4760645165820512,0
64.98,0.6157997040337273,0.4691844863733408,0
64.99,0.6177945296720635,0.46188770517817784,0
65.0,0.6216756406314513,0.45435124842459745,0
65.01,0.6280724698470572,0.44663512553850154,0
65.02,0.6390249661223247,0.4384461290114285,0
65.03,0.6511526371363376,0.4298310629730757,0
65.04,0.664693604599761,0.4207680672769411,0
65.05,0.6794913255361391,0.411243264923044,0
65.06,0.694209672568962,0.4011677895201585,0
65.07,0.7088133684077611,0.3910693059736066,0
65.08,0.7232131174110369,0.3816778692872057,0
65.09,0.7378531929556321,0.3734033751393144,0
65.1,0.752722570888275,0.3655844322528957,0
65.11,0.7678818840519595,0.3584999084850971,0
65.12,0.7832010474380808,0.3515704285884959,0
65.13,0.798977713184971,0.3449793477666805,0
65.14,0.8105176808663497,0.3392966134746346,0
65.15,0.8240440093274215,0.33468128742903946,0
65.16,0.8359426676966636,0.3308977852808762,0
65.17,0.8483060488196461,0.3278556477943598,0
65.18,0.8594744451292835,0.3249051828821468,0
65.19,0.8694670933881062,0.3220109169119769,0
65.2,0.8815150142013838,0.31931444899103073,0
65.21,0.8882108961629973,0.31656557996524215,0
65.22,0.8919523776718431,0.3142424852108349,0
65.23,0.8980063576993959,0.3122169107729466,1
65.24,0.9053851709557021,0.31050615314526003,1
65.25,0.9127798305096558,0.30880049450530217,1
65.26,0.9137554472481393,0.30731262737129306,1
65.27,0.9110552017526142,0.30616590394053605,1
65.28,0.9133667884009491,0.3053321784360149,1
65.29,0.9180209309839831,0.30454711487003433,1
65.3,0.9199866446222558,0.3041039060162328,1
65.31,0.9186312097332578,0.304074104698617,1
65.32,0.9154276673834928,0.3040453394409627,1
65.33,0.9132538334338721,0.30430208440905343,1
65.34,0.9129477720526619,0.30443530492260457,1
65.35,0.908457630618765,0.30454814672318364,1
65.36,0.9013733234967125,0.3047966104654482,1
65.37,0.8946479066723964,0.30522171128646497,1
65.38,0.8869393164528757,0.30550058524527846,1
65.39,0.8780509125538132,0.30592543293588814,1
65.4,0.866116611691647,0.30630857214128393,1
65.41,0.8508882779770206,0.3064227146180528,1
65.42,0.8363032945044687,0.3063611294328541,1
65.43,0.8218528388032631,0.3060265415110276,1
65.44,0.8060096607670346,0.30533856234752416,1
65.45,0.7915949832456838,0.3042189501975627,1
65.46,0.7735855924230417,0.30270914520132375,1
65.47,0.7550931798007428,0.30041362594686344,1
65.48,0.7373467737089671,0.2973933068418287,1
65.49,0.7174436889738144,0.2936798222711468,1
65.5,0.7000303553137693,0.2893029789263397,1
65.51,0.6841431263230092,0.2842988678558172,1
65.52,0.6682908023869761,0.27853169314903037,1
65.53,0.6518835381862409,0.2720628962613497,1
65.54,0.6347837159384149,0.26486179847335933,1
65.55,0.6172380943963155,0.256913370440645,1
65.56,0.6012636353126622,0.24829172081286707,1
65.57,0.587617119775104,0.2395244519998397,1
65.58,0.5750632584778128,0.23060273238918938,1
65.59,0.5617621352854131,0.22165569823180903,1
65.6,0.5478971067568313,0.21296867426824204,1
65.61,0.5351166863287984,0.20437286899006946,1
65.62,0.5239424303547789,0.19577551286293882,1
65.63,0.5136739426186747,0.18753320158292516,1
65.64,0.5035926217426637,0.1793061815038118,1
65.65,0.49431960480656584,0.17153941288732708,1
65.66,0.4856851571578456,0.16458274254361305,1
65.67,0.4774571551906026,0.15852704428812656,1
65.68,0.469909926802719,0.15325334644476454,1
65.69,0.4629324563565901,0.14864643843291353,1
65.7,0.45669172605092695,0.14404160425777157,1
65.71,0.45125562974674377,0.14008897323241853,1
65.72,0.4461828573474477,0.1365212633551899,1
65.73,0.4413917527229002,0.13315664336042138,1
65.74,0.4369547971571567,0.1306916250250019,1
65.75,0.43287566058865073,0.12863931049655777,1
65.76,0.42930389300853494,0.12649920372821027,1
65.77,0.4260963668179149,0.12423531104245016,1
65.78,0.42269800382876815,0.12149983687046431,1
65.79,0.41946203561529066,0.1184783092950805,1
65.8,0.41586733091996747,0.11546494660187474,1
65.81,0.41225978144012815,0.11211208223440156,1
65.82,0.408533876445818,0.10870753584561352,1
65.83,0.40475383985961794,0.10523213243683019,1
65.84,0.40077287414420015,0.1019245861367279,1
65.85,0.3966506157991038,0.09853896818245071,1
65.86,0.39236688016294674,0.09522172049272136,1
65.87,0.3879455218355444,0.09198316748647867,1
65.88,0.3837085779144106,0.08878757838246511,1
65.89,0.379749631829592,0.08586517673484124,1
65.9,0.37645677957039975,0.08338524704768528,1
65.91,0.3737245104068796,0.08128857242196064,1
65.92,0.37197486725884965,0.07964813156210046,1
65.93,0.3709830663972763,0.07848737189197337,1
65.94,0.37079076645081954,0.07751600532899554,1
65.95,0.37052053424540965,0.07690669017619939,1
65.96,0.36965608245958753,0.0766714119189915,1
65.97,0.3691552950356015,0.07679710058186615,1
65.98,0.36969507218022146,0.07740247043447387,1
65.99,0.37046534707546674,0.07819427909361577,1
66.0,0.37110278937674746,0.07899685786132891,1
66.01,0.37199190110125807,0.0798222483173353,1
66.02,0.3727032302234867,0.08050112042132063,1
66.03,0.3734696108239087,0.08115430132881832,1
66.04,0.37452273203635705,0.08166490918448334,1
66.05,0.3756210509089369,0.08204289138026001,1
66.06,0.37693249878934515,0.08220831351659619,1
66.07,0.37900609593371165,0.08216500870504938,1
66.08,0.38100232066573186,0.08177057217673335,1
66.09,0.38326424394411923,0.0812308139751264,1
66.1,0.38426768594653177,0.08066113880526603,1
66.11,0.3847557307034703,0.0799417105111922,1
66.12,0.3859149859409355,0.07927416945893286,0
66.13,0.3859418644267153,0.07862312013542322,0
66.14,0.38500752928764975,0.07807657452164377,0
66.15,0.38309651685225893,0.07752189523212043,0
66.16,0.3801469343826454,0.077096008490928,0
66.17,0.3765023388014896,0.07678760194444569,0
66.18,0.3713941894582738,0.07675981656018034,0
66.19,0.3655009503557734,0.07691506692731036,0
66.2,0.3595502776772576,0.07736843988308562,0
66.21,0.35339199552796197,0.07826288244144188,0
66.22,0.34654052434986365,0.07947857714452428,0
66.23,0.3398304571029408,0.08095640058382203,0
66.24,0.3342477627901046,0.08281117782311269,0
66.25,0.3291827577422496,0.08505801693136428,0
66.26,0.3242915092998099,0.08768960694945988,0
66.27,0.31977731269112125,0.09066225040564431,0
66.28,0.31564711818040037,0.09397145975467959,0
66.29,0.3118522739181309,0.09750811285486144,0
66.3,0.30809826245813415,0.10136009080043419,0
66.31,0.3037039579071821,0.10560996442377725,0
66.32,0.29880836554960694,0.1101165256347346,0
66.33,0.2933020187239971,0.11495494081604285,0
66.34,0.28789731951255526,0.12037209974821328,0
66.35,0.28280711975691497,0.12661562143785832,0
66.36,0.2780392385043201,0.13418395997229005,0
66.37,0.27367881649142395,0.14355591773029916,0
66.38,0.2698136008039614,0.1548725345190953,0
66.39,0.2663662697525225,0.16849638571260045,0
66.4,0.2635540190938764,0.1837843945718552,0
66.41,0.26167571018933733,0.20056961645235752,0
66.42,0.2609198689557809,0.21908315748418086,0
66.43,0.2633776561393799,0.23932390388732727,0
66.44,0.2686589881609769,0.26147194745872065,0
66.45,0.27697932321128693,0.2858868339539749,0
66.46,0.28848809197096714,0.31180557889904,0
66.47,0.3035402733060072,0.3382959451426703,0
66.48,0.3222327503258901,0.36489984238196366,0
66.49,0.3440201822714614,0.3920008981039034,0
66.5,0.3688576690258683,0.419407199793917,0
66.51,0.39696889506919303,0.4470996376776869,0
66.52,0.4280462439829917,0.47662343774233035,0
66.53,0.46115398543935887,0.5066021546887517,0
66.54,0.4954251428639939,0.53643677431821,0
66.55,0.5295390823752011,0.5660857061866852,0
66.56,0.5640327402810196,0.5949449770519105,0
66.57,0.5995035641350195,0.624033948072328,0
66.58,0.6350985397552792,0.6532281734676688,0
66.59,0.6713267287070258,0.6820440314394242,0
66.6,0.7085374845675735,0.7098406988189221,0
66.61,0.7461392954080555,0.727041784553312,0
66.62,0.7840337629946411,0.738844110463016,0
66.63,0.8204750404913463,0.7497041937414103,0
66.64,0.856560228785469,0.7596282899089466,0
66.65,0.8934613179975187,0.7684423950462058,0
66.66,0.9306076991197513,0.7762593940116728,0
66.67,0.968111363700479,0.7829988093031239,0
66.68,1.0041419027361893,0.7890970556288587,0
66.69,1.0382278306056,0.7946932481358503,0
66.7,1.071459986382882,0.8000440132832697,0
66.71,1.1037769644598696,0.8049611040601065,0
66.72,1.1346383233296324,0.809419357254766,0
66.73,1.1649936630401945,0.8133953495533499,0
66.74,1.1944032860628249,0.8170471976794127,0
66.75,1.2209675451978845,0.8203941710206082,0
66.76,1.2467963433247375,0.8234176879641825,0
66.77,1.2750035873685266,0.8261256263711773,0
66.78,1.3036342490717194,0.8282198524537882,0
66.79,1.3285760390949781,0.8298913592566298,0
66.8,1.3510181053537618,0.8312435095819302,0
66.81,1.3632205085496496,0.8324771902296845,0
66.82,1.3730335111720413,0.8338343091347209,0
66.83,1.3823021970148042,0.8353022855562764,0
66.84,1.3910982049030352,0.8367316563811836,0
66.85,1.399211498361619,0.8381651080689987,0
66.86,1.406455507929728,0.8395296310203565,0
66.87,1.4129575254354083,0.8408036821178622,0
66.88,1.4186195521830707,0.8420216871842612,0
66.89,1.4236048458933057,0.8430416647434188,0
66.9,1.4281637626496273,0.8439515996105273,0
66.91,1.4322417974282924,0.8446996849883924,0
66.92,1.4355893926801322,0.8451878345956862,0
66.93,1.4382043031078668,0.8454670033553012,0
66.94,1.439765531087686,0.84560815835833,0
66.95,1.4405172531281385,0.8456624344047143,0
66.96,1.440336478666769,0.8456899542314723,0
66.97,1.4391516069722035,0.8456157567305732,0
66.98,1.4370665412086923,0.845437782019371,0
66.99,1.4339568777292708,0.8450935606277021,0
67.0,1.4298589606023806,0.8446075693070552,0
67.01,1.4249334925218033,0.8439596169975208,0
67.02,1.419261186740203,0.8431570155510318,0
67.03,1.4130028272316117,0.8422250607360848,0
67.04,1.4063954131905354,0.8411285834817261,0
67.05,1.3991186676683631,0.8398651121034447,0
67.06,1.3911692350172176,0.8383605164423302,0
67.07,1.3822765704644207,0.8366659175227368,0
67.08,1.3724558473471746,0.8348043518444284,0
67.09,1.3617472281213463,0.8328606878897865,0
67.1,1.349973535836133,0.8308156722374193,0
67.11,1.3371466063187838,0.8285993689215803,0
67.12,1.3234297633554137,0.8262960719764808,0
67.13,1.3086744133756965,0.8238686411578909,0
67.14,1.2928623039942988,0.821254351702738,0
67.15,1.276046198849312,0.8183674614257163,0
67.16,1.2459390243948465,0.8150054447480468,0
67.17,1.2089775265568392,0.8109235662541623,0
67.18,1.1714143526687957,0.8059847032260564,0
67.19,1.1334891948156895,0.8001199731136676,0
67.2,1.0952744497905333,0.7933850770705676,0
67.21,1.0568728427726017,0.7859658440926416,0
67.22,1.0180309849863507,0.7776516717875783,0
67.23,0.9784553759195678,0.7683956601756935,0
67.24,0.9386361614276477,0.7581384568096928,0
67.25,0.8989392388158167,0.7466649167712353,0
67.26,0.8596101701792924,0.7343383087994404,0
67.27,0.8207252656512501,0.7216402559099955,0
67.28,0.7818237294275159,0.7087996865751346,0
67.29,0.7430474200889925,0.6906114105824264,0
67.3,0.7046291813753687,0.664559349247778,0
67.31,0.6671736243418033,0.6388961182354199,0
67.32,0.6307453191009827,0.6126981728466697,0
67.33,0.5959342016824553,0.5878015253999617,0
67.34,0.5623743747809953,0.5651011375373453,0
67.35,0.5300267049949743,0.5451486607311529,0
67.36,0.5012695248083574,0.5275098846908733,0
67.37,0.47498850440388407,0.5108351182294735,0
67.38,0.45235079799363753,0.4948067359089273,0
67.39,0.4346312028824972,0.4802189817011317,0
67.4,0.420980594542045,0.467878288369494,0
67.41,0.4102876224348581,0.45821135921581774,0
67.42,0.4023976624334386,0.45204482517271644,0
67.43,0.397155476761074,0.4492319439215497,0
67.44,0.3949045289987408,0.4497288080111568,0
67.45,0.397901588325399,0.45352374953814,0
67.46,0.40351343395356065,0.459994174904697,0
67.47,0.41188754177110265,0.46883841925107206,0
67.48,0.4232975183594811,0.47951832913707315,0
67.49,0.43808391659135926,0.4909945126756044,0
67.5,0.45631174228573546,0.5022441424179498,0
67.51,0.47859127395231144,0.5129760538011627,0
67.52,0.5051388742423802,0.5234192325698545,0
67.53,0.5358138589207962,0.5328476027102931,0
67.54,0.5697177893548351,0.5402413416968469,0
67.55,0.6039807071475217,0.5455547188770594,0
67.56,0.6387850166864936,0.5492227857455072,0
67.57,0.6733681123936501,0.5516062738777654,0
67.58,0.7072933880219868,0.5535298525340805,0
67.59,0.740386201072702,0.554983087717991,0
67.6,0.7724030222835778,0.5558314116464769,0
67.61,0.8025618413544242,0.5560055222863762,0
67.62,0.8307753370358405,0.5548464990190475,0
67.63,0.8566563851221495,0.5525796898228269,0
67.64,0.8800643013782055,0.5493777992001306,0
67.65,0.9003286526558306,0.5455717702756527,0
67.66,0.9176648313702137,0.5417222666621326,0
67.67,0.932459961727032,0.5382575246408229,0
67.68,0.9448770433918335,0.5352910561047345,0
67.69,0.9547501659907569,0.533198203451155,0
67.7,0.9622578529670216,0.5318354636081457,0
67.71,0.9674709315562526,0.5314192083887381,0
67.72,0.9703001400368403,0.5322186842277715,0
67.73,0.971316947474308,0.5338615728866559,0
67.74,0.971041400420643,0.535958277971697,0
67.75,0.9707270439228,0.5384823525409118,0
67.76,0.9704029850639125,0.5413692683673216,0
67.77,0.9699993668444596,0.5447667084110002,0
67.78,0.9692377315024631,0.5487970066330055,0
67.79,0.9679570198445842,0.5534563683883474,0
67.8,0.9662823923282966,0.5578455189359712,0
67.81,0.9644350627854164,0.5625816208715667,0
67.82,0.9625440726178355,0.5671644759324286,0
67.83,0.9604173150768726,0.5719354806325785,0
67.84,0.9581324090508834,0.5770974049949936,0
67.85,0.9551101235855093,0.5829666228152405,0
67.86,0.9511146913073679,0.5895959675425053,0
67.87,0.946278064326665,0.595838498540151,0
67.88,0.9409747537797197,0.6017519311755484,0
67.89,0.9356200207192383,0.6081054599019841,0
67.9,0.9296530686768467,0.614926814925223,0
67.91,0.9230156834862773,0.6217695544462118,0
67.92,0.9155778535095332,0.6289293426411645,0
67.93,0.9074123464544489,0.6377198707021909,0
67.94,0.8987558999305109,0.6477552793062638,0
67.95,0.886739156559996,0.6583125051031558,0
67.96,0.8745209174337604,0.669258277275897,0
67.97,0.8630388034068354,0.680100218864976,0
67.98,0.8497838189831991,0.6905493131779292,0
67.99,0.836142351157384,0.7005696115394383,0
68.0,0.8226517560387374,0.7099247547396268,0
68.01,0.8067952029022013,0.7175968716258718,0
68.02,0.7897101337388129,0.7214543883271577,0
68.03,0.7714421318564265,0.7244954861518724,0
68.04,0.7499656737367518,0.7267216574783655,0
68.05,0.730093625192229,0.7283161188509861,0
68.06,0.7129710391744022,0.7292738384630804,0
68.07,0.6972535294896334,0.7297241858374373,0
68.08,0.6813456124589099,0.7296916287758854,0
68.09,0.6675530600194751,0.7292468733146088,0
68.1,0.657850789158612,0.7283246037470102,0
68.11,0.6505387157964326,0.7268894098248867,0
68.12,0.6453963117394098,0.7248339115635775,0
68.13,0.6429017026581278,0.7220325835204263,0
68.14,0.6440538462643322,0.7182537304677287,0
68.15,0.6464500450134161,0.7097445355997292,0
68.16,0.649559254471255,0.6981022078875434,0
68.17,0.6533638350500021,0.6852385957716682,0
68.18,0.6578665719477382,0.6719282419124881,0
68.19,0.6631658754966614,0.6577771191408808,0
68.2,0.669238535712763,0.6426686844776772,0
68.21,0.6760065670497725,0.6263032831629164,0
68.22,0.6833028576228258,0.6087903407567261,0
68.23,0.6908785964033468,0.589477699951276,0
68.24,0.6987341707235262,0.5683471104661896,0
68.25,0.7076892713754146,0.5459785277701457,0
68.26,0.7171298789791344,0.5229931845561558,0
68.27,0.7253891849418583,0.4996420745133557,0
68.28,0.7339280874739831,0.47558909941262817,0
68.29,0.74323388950957,0.4516757893876886,0
68.3,0.7528453725068945,0.42844575159072035,0
68.31,0.7610474782386041,0.406084019886267,0
68.32,0.7674682697482429,0.3848170766379951,0
68.33,0.7743802619970895,0.3658268320784803,0
68.34,0.7828441176146516,0.34930170750699696,0
68.35,0.79253598795933,0.3355923214487273,1
68.36,0.8033191378259567,0.32378239311014634,1
68.37,0.8090106016820549,0.3129019387886363,1
68.38,0.8138010218293228,0.30369974484772705,1
68.39,0.8174196984410734,0.29624478722427666,1
68.4,0.819718713397724,0.2902383376131885,1
68.41,0.8204650714913043,0.28513395847123224,1
68.42,0.8193600361273633,0.281133826195819,1
68.43,0.8164809501135261,0.27780082023140606,1
68.44,0.8116963306768299,0.2754645791668934,1
68.45,0.8055069724966464,0.27390433990461904,1
68.46,0.7986447318901262,0.2723840937510088,1
68.47,0.7907770347844819,0.2715149577409702,1
68.48,0.7820885371329185,0.27086947294485536,1
68.49,0.7724506565177589,0.2697900887380335,1
68.5,0.7620528828176849,0.2680586308853761,1
68.51,0.7514936560066937,0.2658526979917402,1
68.52,0.7407604078785467,0.26328045911490255,1
68.53,0.7301025689878338,0.2603716243425726,1
68.54,0.7192223695251994,0.25752138919006723,1
68.55,0.7077766007818078,0.2549705900342178,1
68.56,0.6956753517437949,0.2517639895441566,1
68.57,0.6834339188669619,0.24772320670829928,1
68.58,0.6710958074805978,0.24318169690737867,1
68.59,0.6586416818827964,0.23812123487218761,1
68.6,0.6462987365709558,0.2340830684643537,1
68.61,0.6332142670910115,0.22990235849262058,1
68.62,0.6194395130530146,0.22569340827117618,1
68.63,0.6047617817359969,0.22129928736911406,1
68.64,0.5884269807656155,0.2163013999095436,1
68.65,0.5707522156531325,0.21073189262400704,1
68.66,0.548846939312994,0.20502526266345547,1
68.67,0.5273441167039483,0.1990866014494868,1
68.68,0.506688035916565,0.19305406420737972,1
68.69,0.48701461524890444,0.1869902234831125,1
68.7,0.46674164040730887,0.1805830081686627,1
68.71,0.44698689972518374,0.17374711240308047,1
68.72,0.42906464688703394,0.16657221317676524,1
68.73,0.4112621238864113,0.15835994511888565,1
68.74,0.39561254885341646,0.14917177938847215,1
68.75,0.3816510540565813,0.13934178041416306,1
68.76,0.3691378811201374,0.12893018029467238,1
68.77,0.35829530834423035,0.11848994411453602,1
68.78,0.3476963684155265,0.10841270097959183,1
68.79,0.33716048146069677,0.09855812730900748,1
68.8,0.32649411943592155,0.08916518965213767,1
68.81,0.3165269297651915,0.0802756615275495,1
68.82,0.30629939639193726,0.07201854952792604,1
68.83,0.2964524011688434,0.06513204609078493,1
68.84,0.2872721484285969,0.05963033526393205,1
68.85,0.278847934926301,0.055221897142754175,1
68.86,0.27168939612856347,0.05193407897011838,1
68.87,0.26525475199025284,0.04912819859568966,1
68.88,0.25939710053785114,0.04680825116154123,1
68.89,0.25433530106601354,0.04493547506748891,1
68.9,0.24959003363190024,0.04350201967472888,1
68.91,0.24536116560790305,0.04239346484507052,1
68.92,0.2414506383761314,0.041600759963942295,1
68.93,0.2379850647516752,0.04124883544776574,1
68.94,0.2353904064195862,0.04128991470200632,1
68.95,0.23339535020467217,0.04172137014407083,1
68.96,0.23243088907437012,0.04251622394468423,1
68.97,0.23228195001178467,0.043537294038558265,1
68.98,0.2334328038597751,0.044458352988087764,1
68.99,0.2354023153087077,0.0453853958069548,1
69.0,0.23807488523272452,0.04619109869885138,1
69.01,0.2411880480054884,0.046946021205135434,1
69.02,0.24479434297731126,0.047824264684787114,1
69.03,0.24943324902218164,0.04850028211435449,1
69.04,0.2545852308102284,0.0489300759607699,1
69.05,0.26006849711590174,0.04915044234780807,1
69.06,0.2653976561390023,0.04903350147757202,1
69.07,0.2710239561500575,0.04875794032870664,1
69.08,0.2765090680519293,0.048400056071245125,1
69.09,0.28152908971178503,0.047959723164800766,1
69.1,0.2863036470772434,0.0474814770615649,0
69.11,0.29032612399182267,0.04703557330045955,0
69.12,0.2931166654439189,0.04656730765796847,0
69.13,0.29474632688717356,0.04616349131151329,0
69.14,0.2951062181458764,0.045852386540655855,0
69.15,0.2945663812578221,0.04572689323157405,0
69.16,0.2931720333298731,0.0458941130266942,0
69.17,0.2909296339487244,0.0463336142280765,0
69.18,0.28782903233528406,0.046906486397807694,0
69.19,0.2836745952925137,0.04777436278379862,0
69.2,0.27857059900562725,0.04913992834041971,0
69.21,0.2728261808378695,0.05075448756156514,0
69.22,0.26700332483167655,0.05268514178394038,0
69.23,0.26103928071630017,0.05470143024261167,0
69.24,0.25543328226342815,0.05679999473223405,0
69.25,0.24997677710263275,0.05903141233611009,0
69.26,0.24490600154731892,0.06150942264461431,0
69.27,0.24035845251427315,0.06404533845649629,0
69.28,0.23611358125777746,0.06690726696015951,0
69.29,0.23228673754023665,0.06994025993328637,0
69.3,0.22914645560852911,0.07317364674872591,0
69.31,0.22601407045502347,0.07672275194423513,0
69.32,0.22292727210835644,0.08055509194474839,0
69.33,0.22082526720901094,0.08522291891147704,0
69.34,0.21958349000720745,0.09083206339043183,0
69.35,0.21865604051505844,0.09719722777080392,0
69.36,0.21792595958478547,0.10431163287171007,0
69.37,0.21727171935190004,0.11221110478101244,0
69.38,0.2173576112260498,0.12095453763263429,0
69.39,0.21962186722757226,0.1312206969125109,0
69.4,0.22381046670738616,0.14303103433422418,0
69.41,0.23025509849864434,0.15653309123727485,0
69.42,0.23910287527941182,0.1719489014881377,0
69.43,0.2502797838389851,0.1887215208536474,0
69.44,0.26385983738806756,0.20733074899932566,0
69.45,0.2798677069968939,0.22759015845088304,0
69.46,0.2985857393581478,0.2504141226150445,0
69.47,0.32058228283056495,0.2764994847934339,0
69.48,0.34564809018882303,0.3057730863256862,0
69.49,0.3723906165796855,0.338414230269144,0
69.5,0.4008802202404878,0.3741222160125,0
69.51,0.4306655119602727,0.41203658974512836,0
69.52,0.4619694451144927,0.4517595453665884,0
69.53,0.49478562349975375,0.4920724309578261,0
69.54,0.5296851367048174,0.5319986992355903,0
69.55,0.5669795712093124,0.5709251324883654,0
69.56,0.6064953157782548,0.607789235345637,0
69.57,0.648049621743241,0.6415691090594489,0
69.58,0.6913628836416135,0.6717078407817324,0
69.59,0.7360376231195938,0.6971219385122935,0
69.6,0.7817567712375013,0.7177359995563541,0
69.61,0.827818573108666,0.7344883755345042,0
69.62,0.8735559960934142,0.7473434757471066,0
69.63,0.9184399827967167,0.7576189093230526,0
69.64,0.9617102987580143,0.7658006274068134,0
69.65,1.0026907739042126,0.7726666351600321,0
69.66,1.040843213406863,0.7783902410865852,0
69.67,1.075453983715849,0.7833539667448289,0
69.68,1.1064591227972287,0.7877141726864318,0
69.69,1.1344415989032108,0.7918281939296634,0
69.7,1.159236024488889,0.795712476265185,0
69.71,1.1814756236902835,0.7994349998124091,0
69.72,1.2016529041687412,0.8030166670457255,0
69.73,1.2202484949221644,0.8063746056173464,0
69.74,1.2377064752147746,0.8091146971756912,0
69.75,1.2544142722235871,0.8113181663509722,0
69.76,1.2705719957405046,0.8128872014893809,0
69.77,1.286583520322699,0.8138415281241815,0
69.78,1.302531996614294,0.8144567701744329,0
69.79,1.3184329582521042,0.8146154375307074,0
69.8,1.3343485397833867,0.8144611327028717,0
69.81,1.3501435071935226,0.8137631752303156,0
69.82,1.362564799010722,0.812696929340748,0
69.83,1.3692965791923313,0.8115340958161423,0
69.84,1.3751275420064881,0.8104909179726358,0
69.85,1.3798331220789883,0.809643583132423,0
69.86,1.3833097980846034,0.8090064656697844,0
69.87,1.3855488796619184,0.8085090275799276,0
69.88,1.3864667185084285,0.8081223004186157,0
69.89,1.3860345535580287,0.8078919651940686,0
69.9,1.3842650378177306,0.8077742867740605,0
69.91,1.3811129842189611,0.8078275943607743,0
69.92,1.3770658599929673,0.8080540535258812,0
69.93,1.3722375756333478,0.8083151775302732,0
69.94,1.3669126750910547,0.8086696408121964,0
69.95,1.361318172058245,0.8089763987471633,0
69.96,1.3508141948065644,0.8092975781340555,0
69.97,1.3386751145078455,0.8095254810136099,0
69.98,1.3262546012597847,0.8099403919917418,0
69.99,1.3130857322146108,0.8104585128603118,0
70.0,1.2994581640117433,0.8108241806217505,0
70.01,1.2854678397020942,0.8117643055003027,0
70.02,1.2709566816874946,0.8132650937459771,0
70.03,1.2559310861713382,0.8157604443203977,0
70.04,1.2396865570369293,0.819318070569656,0
70.05,1.2219964859354464,0.8239449870628601,0
70.06,1.2032391626104857,0.8297423950442601,0
70.07,1.1835324599531676,0.8369759065870733,0
70.08,1.1627941410627103,0.8449614207389287,0
70.09,1.141129286423446,0.8541943041733016,0
70.1,1.117917464306144,0.8643605019202472,0
70.11,1.0931705533742504,0.8721669552606656,0
70.12,1.066774335710013,0.8779607230346363,0
70.13,1.0385917498121293,0.8840091173672099,0
70.14,1.0090860635550019,0.8902459246345185,0
70.15,0.97808001073028,0.8964723634095794,0
70.16,0.9456137960450121,0.9021838443646901,0
70.17,0.9111601895908534,0.9074198585938124,0
70.18,0.8743308504474462,0.9121989350687593,0
70.19,0.8385431787139401,0.9162176999574149,0
70.2,0.8059481262174477,0.919348371989233,0
70.21,0.7768362633407305,0.9213523413103999,0
70.22,0.7512167275172091,0.9218113539275041,0
70.23,0.729260388751841,0.9207051698024679,0
70.24,0.7108301855433227,0.9176486653999851,0
70.25,0.6962952702018308,0.9129145640636458,0
70.26,0.6855505622430322,0.9063591229724618,0
70.27,0.6793307113139107,0.8975339921231283,0
70.28,0.6805140089418249,0.8864926877713687,0
70.29,0.6856574702140485,0.8728501159911844,0
70.3,0.6929783818703026,0.8448829109195795,0
70.31,0.7020481982831805,0.8103303361254637,0
70.32,0.7124694410989043,0.7724936209361093,0
70.33,0.7240538791890179,0.7337250617405949,0
70.34,0.7366617098221926,0.695864540073068,0
70.35,0.75029384674177,0.658778965863883,0
70.36,0.7649585136378289,0.6236785288888296,0
70.37,0.7805551987427466,0.5915500342107162,0
70.38,0.7929111777880741,0.5628706038863519,0
70.39,0.8059743567910206,0.5387160021855656,0
70.4,0.8178299231393308,0.5189514590420875,0
70.41,0.8288716041287048,0.5027842664798359,0
70.42,0.8393135801167574,0.4903596879926693,0
70.43,0.8491066351915262,0.4803459823249237,0
70.44,0.858042968835836,0.4723075469370099,0
70.45,0.8659576166040344,0.46556398485170986,0
70.46,0.8728423758441276,0.45984298379218075,0
70.47,0.8786553218903701,0.4547402022359485,0
70.48,0.8830546775763551,0.45007123777043195,0
70.49,0.8863731060107183,0.4455488993781772,0
70.5,0.8887272671329265,0.44113021099156735,0
70.51,0.890150882956732,0.43684139051774185,0
70.52,0.8908262346375513,0.43250422196784716,0
70.53,0.8909902876774264,0.4282639061884131,0
70.54,0.8909902876774264,0.4245706425466594,0
70.55,0.8909902876774264,0.4214825990874583,0
70.56,0.8909902876774264,0.41934818893041925,0
70.57,0.890790689812245,0.41830645782200865,0
70.58,0.8902657200846446,0.41820594018280827,0
70.59,0.8894773540874668,0.41913941670690064,0
70.6,0.8882697414328303,0.4207452087027846,0
70.61,0.8864770062693059,0.4230966605307554,0
70.62,0.8839268929050245,0.42628002190085923,0
70.63,0.8806020846302217,0.4300695744871135,0
70.64,0.8766666344847726,0.43428202786702486,0
70.65,0.8719829201963373,0.4388884076509824,0
70.66,0.8665090170991703,0.443695822713341,0
70.67,0.86028593845324,0.4486762070507587,0
70.68,0.8534959654139633,0.4541781304011673,0
70.69,0.8456341791808357,0.4598294206454765,0
70.7,0.8367160736520678,0.4659302211363877,0
70.71,0.8269057018675343,0.4724713697020513,0
70.72,0.8156708028534185,0.47945410362721264,0
70.73,0.8029092991626867,0.48697226861054566,0
70.74,0.7882803250347097,0.4947496369171519,0
70.75,0.7718285393525645,0.5026751035092488,0
70.76,0.7535138402620593,0.5107280574156323,0
70.77,0.7332569354605879,0.5188407768737748,0
70.78,0.7109019745602688,0.5263287771682483,0
70.79,0.6870313458526588,0.5335231964177215,0
70.8,0.6628517505866175,0.5404395085124296,0
70.81,0.6401413414332356,0.5461940415547459,0
70.82,0.6196128377101929,0.5505717585882632,0
70.83,0.6013856335742879,0.5532283029079174,0
70.84,0.5856365417462744,0.5542786793477145,0
70.85,0.5724585256154153,0.5535833409825567,0
70.86,0.561933611701648,0.550781188608735,0
70.87,0.5542996769127914,0.5459741181066853,0
70.88,0.549656064478548,0.5396150696642663,0
70.89,0.5494455297440415,0.5313560530313386,0
70.9,0.5525579804727838,0.521614377727456,0
70.91,0.5571286804448606,0.5110304090866771,0
70.92,0.5632305421224386,0.49918311007337923,0
70.93,0.5707560196238222,0.4860243518771446,0
70.94,0.5795109835184922,0.4712957769136399,0
70.95,0.5898062231764342,0.45560511125857317,0
70.96,0.6015670033239275,0.4401783004909497,0
70.97,0.6148762618866869,0.424574573666547,0
70.98,0.629873443948606,0.40884796410653096,0
70.99,0.6448369039967728,0.39295109476843015,0
71.0,0.6598760107244377,0.37693933022914916,0
71.01,0.6749707132045047,0.3614526286151089,0
71.02,0.6897108788372862,0.34696482299835213,0
71.03,0.7040582285801442,0.33414432905444713,0
71.04,0.7182561077755605,0.3233991688364399,0
71.05,0.7316382788004864,0.31436313738331706,0
71.06,0.7448061927882408,0.3063149446739289,0
71.07,0.7586363234544011,0.29954071672113836,0
71.08,0.7702152790844627,0.2938408747969411,0
71.09,0.7813958426174039,0.289591177580006,0
71.1,0.7915872531718554,0.2861097088953896,0
71.11,0.7997936351206356,0.28330188693830355,0
71.12,0.8073602951004051,0.28122049208333577,0
71.13,0.8155983787740682,0.27953708004695993,0
71.14,0.8226064629098815,0.2781301150111336,0
71.15,0.8293784024132164,0.2768890557640344,0
71.16,0.8359023432326577,0.2753596257458464,1
71.17,0.8415945755366655,0.27404463986426525,1
71.18,0.8462417807598197,0.27311598210372817,1
71.19,0.8495408197153516,0.2721753180892924,1
71.2,0.8522298255637916,0.2717375424906003,1
71.21,0.8540737444863163,0.2713872460870824,1
71.22,0.8554219423490584,0.27114831582551124,1
71.23,0.856339208126939,0.2712551779409295,1
71.24,0.8554197392911668,0.27101314247506747,1
71.25,0.8529095188842777,0.2708950673914274,1
71.26,0.8506858805788657,0.2710288439191954,1
71.27,0.8488535465324659,0.2709110835165342,1
71.28,0.8459787754193377,0.27062449413550094,1
71.29,0.8417704126164235,0.2706353103444164,1
71.3,0.8349080246546313,0.27054322598663083,1
71.31,0.8265414376663098,0.270296273884359,1
71.32,0.818173087160284,0.270068192286372,1
71.33,0.8093170840099003,0.26969980856617587,1
71.34,0.7993011649410233,0.26917506042208583,1
71.35,0.7882786582726746,0.2683630886988774,1
71.36,0.7767891533161394,0.267110923503272,1
71.37,0.7647188298292579,0.2655920770603743,1
71.38,0.7523153239914817,0.26382802218458473,1
71.39,0.7380024502353859,0.26121586734967794,1
71.4,0.7229614327242017,0.2585794982873484,1
71.41,0.7082617468418143,0.2557977586037109,1
71.42,0.6924038026947659,0.25259952477421965,1
71.43,0.675386721483159,0.24910180132207455,1
71.44,0.657415263583068,0.24502331068507477,1
71.45,0.6390070421340116,0.2406717775853614,1
71.46,0.6203659387121667,0.23594976469805082,1
71.47,0.6010973721636389,0.23078417403651624,1
71.48,0.581198706088736,0.2250383214309133,1
71.49,0.5613334344099314,0.21916109523269436,1
71.5,0.5414031315387254,0.21280162078056966,1
71.51,0.5213207962852839,0.2059690183062766,1
71.52,0.5018167113642757,0.19856894645970372,1
71.53,0.4833478527223045,0.19064201396815667,1
71.54,0.46603197954561054,0.1826057520210392,1
71.55,0.4496054518649993,0.1744293537961514,1
71.56,0.4338371453074769,0.16596721033650824,1
71.57,0.4193000641481986,0.15704508398970146,1
71.58,0.40632891721384745,0.1484677979954678,1
71.59,0.39433542584234166,0.14002873311074573,1
71.6,0.3826511141262972,0.1313191191348401,1
71.61,0.3718918340581607,0.12306263631907143,1
71.62,0.3618360305795654,0.11552622156544023,1
71.63,0.35184194243105493,0.10868501756925138,1
71.64,0.34165332127652703,0.1023461199670954,1
71.65,0.33169132371367205,0.09648703012788613,1
71.66,0.32216508106662667,0.0913403459917523,1
71.67,0.3123327311569647,0.08667735185517923,1
71.68,0.3028030855883204,0.08240348315938278,1
71.69,0.29390612648544656,0.07855872388460854,1
71.7,0.28593193055047234,0.07500745558409846,1
71.71,0.27899501889860223,0.07148097857409237,1
71.72,0.27298306123986676,0.06780067940155136,1
71.73,0.26797344747263746,0.06393473595375708,0
71.74,0.2635807161507769,0.06018610024617101,0
71.75,0.25937602422956735,0.05710579917632465,0
71.76,0.2556368404112259,0.05422438960434024,0
71.77,0.2521482008981292,0.0520136851170901,0
71.78,0.2483222600280541,0.05042571050158593,0
71.79,0.24428453749330054,0.049379525886665554,0
71.8,0.240022513717764,0.049371468388277606,0
71.81,0.2356582860253939,0.050523483916492924,0
71.82,0.230785573891203,0.05276601886789106,0
71.83,0.22550846473210542,0.0557241198368327,0
71.84,0.21972268577262052,0.05918385371884091,0
71.85,0.2137999921253309,0.06265508222681088,0
71.86,0.20808947090814928,0.06603016487398546,0
71.87,0.20248698288314151,0.06925286184298357,0
71.88,0.19692271042723491,0.07222082763401581,0
71.89,0.1916323809473416,0.07495668566613482,0
71.9,0.18655531707506487,0.07721338162819492,0
71.91,0.18134188756123218,0.07869314300300594,0
71.92,0.17686935828303127,0.07959751207903051,0
71.93,0.1731225265565475,0.08010238201265117,0
71.94,0.16956349546227537,0.08014518292742355,0
71.95,0.16661094984630703,0.0799250422565729,0
71.96,0.16394129509227198,0.0797653441391609,0
71.97,0.16147866485528417,0.07949955400507856,0
71.98,0.15948386148291355,0.07920117177719031,0
71.99,0.1574907542498933,0.0788098880801122,0
72.0,0.155333046236949,0.07822086072430072,0
72.01,0.15321241223178586,0.07760918259847648,0
72.02,0.15105194719384352,0.07731874286357894,0
72.03,0.14918359733022854,0.07713820148464694,0
72.04,0.14776434514847436,0.07687038630919031,0
72.05,0.14650660920893488,0.07744323776462614,0
72.06,0.14521859191262515,0.07827371694325841,0
72.07,0.1442626915146386,0.07925764098258853,0
72.08,0.143730089173826,0.08043910485614537,0
72.09,0.1431986296244788,0.08072624122832653,0
72.1,0.14298040862303102,0.08105029899110078,0
72.11,0.14290144791193626,0.08144558398865269,0
72.12,0.14282878286249365,0.08185674788407853,0
72.13,0.14282878286249365,0.08229882585060423,0
72.14,0.14282878286249365,0.08273295593094651,0
72.15,0.14282878286249365,0.08312360044293485,0
72.16,0.14282878286249365,0.08335159171729659,0
72.17,0.14282878286249365,0.083506195821782,0
72.18,0.14282878286249365,0.0836319951667873,0
72.19,0.14282878286249365,0.08383899457190874,0
72.2,0.14282878286249365,0.08432260066560522,0
72.21,0.14282878286249365,0.08512093292746993,0
72.22,0.1429514055911085,0.08647882337583716,0
72.23,0.1431986296244788,0.08853108233495204,0
72.24,0.1434072112253241,0.09160578369691294,0
72.25,0.1437037712730449,0.09632579874580253,0
72.26,0.14461364992797346,0.10282246166031647,0
72.27,0.1453724023602199,0.11045611103587846,0
72.28,0.14627690394470785,0.11950472039499321,0
72.29,0.1477782250274196,0.13038876835319957,0
72.3,0.14941277427867464,0.14297093028680163,0
72.31,0.15096604225325208,0.15749107711320393,0
72.32,0.15274515896206398,0.17350724898733133,0
72.33,0.154618900041741,0.18987066417755796,0
72.34,0.15686221177743814,0.20610083837138457,0
72.35,0.1615327278940985,0.22122040093665726,0
72.36,0.16835907283754298,0.2352409615245314,0
72.37,0.17808306596804402,0.248875383090037,0
72.38,0.19054491707442367,0.2625004055629649,0
72.39,0.20604099682769333,0.2754176949267219,0
72.4,0.22445793451936374,0.2875847949570247,0
72.41,0.24484680839255227,0.29836143676755056,0
72.42,0.2671728038202425,0.30721727191910786,0
72.43,0.2912002525580158,0.3149612129806463,0
72.44,0.31675775951902224,0.32163990105070317,0
72.45,0.34191177387973615,0.3276874999586066,0
72.46,0.36698723215897716,0.3329278568723632,0
72.47,0.3914351344691792,0.33743469645170865,0
72.48,0.4151305052261807,0.340704180085889,0
72.49,0.4359505448647261,0.3430769700387498,0
72.5,0.4537301070771734,0.34457837804972874,0
72.51,0.46923243560965117,0.345709188446354,0
72.52,0.4825717938533926,0.3474533529130333,0
72.53,0.494115074416186,0.3507376354775383,0
72.54,0.503758726099726,0.356552349508122,0
72.55,0.5113786660025956,0.3654795468904007,0
72.56,0.5164562454505245,0.37721465990096686,0
72.57,0.5191655375785947,0.3917373885247919,0
72.58,0.5195592106687033,0.4087423381883131,0
72.59,0.5195592106687033,0.4284723497196962,0
72.6,0.5195592106687033,0.4495517807039813,0
72.61,0.5195592106687033,0.47175687536453925,0
72.62,0.5195592106687033,0.4950420050724104,0
72.63,0.5195592106687033,0.5188829805783334,0
72.64,0.5195592106687033,0.5431332131619776,0
72.65,0.5195592106687033,0.5687396824936792,0
72.66,0.5195592106687033,0.5985088867443173,0
72.67,0.5195592106687033,0.6349590908705476,0
72.68,0.5195592106687033,0.6803305525575352,0
72.69,0.5195592106687033,0.7344474733376387,0
72.7,0.5195592106687033,0.7967804328687796,0
72.71,0.5195592106687033,0.8364335972124589,0
72.72,0.5196297326054801,0.8715882877175767,0
72.73,0.5212222786207938,0.9076117945971913,0
72.74,0.5286538624646772,0.9442470165408304,0
72.75,0.5428823327214527,0.9808335181395376,0
72.76,0.5645084648778391,1.0162371640912204,0
72.77,0.5935304735683484,1.049247959576444,0
72.78,0.629350261354494,1.0794894737333636,0
72.79,0.6712679649649718,1.1071257721851469,0
72.8,0.7191148673611641,1.1328016003109658,0
72.81,0.7727633149106774,1.1569597518170647,0
72.82,0.8323007905224249,1.179880013311428,0
72.83,0.8963079286334301,1.2015889687730803,0
72.84,0.9602891789448592,1.2221030313523622,0
72.85,1.022999249028818,1.2412646610327647,0
72.86,1.0839989389752536,1.2590141785034894,0
72.87,1.1432730731775178,1.275510475009415,0
72.88,1.2011448027889426,1.2908598726212868,0
72.89,1.2578694350743143,1.3049146143901595,0
72.9,1.3136406821890834,1.3179813753181664,0
72.91,1.368392485610193,1.3299922710841385,0
72.92,1.407134046804905,1.3406728598454947,0
72.93,1.4327940561766999,1.349995495706864,0
72.94,1.4572777428725985,1.3577814577739735,0
72.95,1.4806484991801916,1.364194455224215,0
72.96,1.5029863608644698,1.369476397714201,0
72.97,1.524208716179185,1.3737821863538502,0
72.98,1.54450922933487,1.3769520894934915,0
72.99,1.5637195354474,1.3791480082767746,0
73.0,1.5815312386171518,1.380232639061944,0
73.01,1.5977176859830053,1.3806357155645672,0
73.02,1.6119793482530915,1.3805289840856168,0
73.03,1.6243267519407634,1.380082576941986,0
73.04,1.63475271186734,1.3792988693450945,0
73.05,1.643411032279835,1.378003993312952,0
73.06,1.6502357666107126,1.3761586390649572,0
73.07,1.6553779936336561,1.373954834829292,0
73.08,1.6588469912991637,1.3713252876637763,0
73.09,1.66107008219071,1.3681432599742673,0
73.1,1.6623831450589819,1.364446708703817,0
73.11,1.6631257947578502,1.3601208647620995,0
73.12,1.6635337932309329,1.3553244760496337,0
73.13,1.663766143240563,1.350384342649503,0
73.14,1.6640313262673985,1.3454477429243639,0
73.15,1.6643868293148332,1.3408163394033206,0
73.16,1.6648045977089705,1.3365243138413825,0
73.17,1.665268537496095,1.3323508968418782,0
73.18,1.6657510022662956,1.3281704824650788,0
73.19,1.666303817914096,1.3241930469584702,0
73.2,1.6667956770920207,1.320439480694108,0
73.21,1.6667688318147107,1.3171193207758989,0
73.22,1.6661479141230378,1.3143932448923965,0
73.23,1.6647889192875027,1.3121133633810589,0
73.24,1.6625539801269282,1.3103563453254439,0
73.25,1.6589856003268126,1.3090349941883501,0
73.26,1.653738474622407,1.3081884478001398,0
73.27,1.6468690109224051,1.3078317985399512,0
73.28,1.638436837030188,1.3080378955084364,0
73.29,1.6284134793396643,1.3086351846773694,0
73.3,1.61702071202601,1.3095751304042915,0
73.31,1.6052029615925096,1.3106341055070312,0
73.32,1.593189512578182,1.3114931312358535,0
73.33,1.5811523901405506,1.3118806469114195,0
73.34,1.569276396780837,1.3113548748168722,0
73.35,1.5578253415557841,1.3095146013487502,0
73.36,1.5465977182564563,1.3064852779088953,0
73.37,1.534470105529431,1.3022655780006263,0
73.38,1.5208972270712644,1.296998157913785,0
73.39,1.5056414804828193,1.290650657367889,0
73.4,1.4883208759869344,1.2835814280824032,0
73.41,1.4684514916811684,1.2757925283175928,0
73.42,1.4463807681064158,1.2673819903958692,0
73.43,1.4220796284887804,1.2584831540313433,0
73.44,1.3952556249797399,1.2492571464584563,0
73.45,1.3594578574495833,1.2396424116261495,0
73.46,1.2996643725654047,1.2288540177164264,0
73.47,1.240685057969089,1.215999961678109,0
73.48,1.1820892328125503,1.2003971640207403,0
73.49,1.1243443612995188,1.1819353109426967,0
73.5,1.0695287375934437,1.1608679684650312,0
73.51,1.0161505306746823,1.1379154629639008,0
73.52,0.9640352351026816,1.1131456293553874,0
73.53,0.9171974596959135,1.0863538283445398,0
73.54,0.8717666862755882,1.0573057701221678,0
73.55,0.8258261434589633,1.0261894827649425,0
73.56,0.787444409769585,0.9937314801513546,0
73.57,0.7510415879951436,0.9612975933421578,0
73.58,0.7134067735289785,0.9295316817869909,0
73.59,0.67847396674671,0.8988551803027373,0
73.6,0.6449218031514354,0.868793969156583,0
73.61,0.6122875654819797,0.8389836068586518,0
73.62,0.5805693765892106,0.8090202878927082,0
73.63,0.550204612221013,0.7791733953201779,0
73.64,0.5212786826629181,0.7427199169090658,0
73.65,0.4946644622615639,0.6861364882769585,0
73.66,0.4706444619613997,0.6334313467517662,0
73.67,0.44908071130118277,0.5848010090515058,0
73.68,0.4293443653215072,0.5408935130929932,0
73.69,0.411538667224664,0.5034617237762495,0
73.7,0.3978645743685725,0.47269775590253826,0
73.71,0.3884375314248851,0.4516890128551782,0
73.72,0.38243910137180787,0.44643752616823257,0
73.73,0.37905460148581255,0.46016284693083787,0
73.74,0.3774186660167916,0.49290814640033515,0
73.75,0.3767776195880243,0.5417515982096498,0
73.76,0.3763524453095008,0.6026870792595909,0
73.77,0.3763346123927415,0.6737050063083231,0
73.78,0.3763524453095008,0.7543095683798755,0
73.79,0.376945624435388,0.7976172183906317,0
73.8,0.38004292050410243,0.8405207815469792,0
73.81,0.3917816726045305,0.8813269988670616,0
73.82,0.41171418066855775,0.9179732741492976,0
73.83,0.43905016491137905,0.9496569016602479,0
73.84,0.47272715892396855,0.9772825692927168,0
73.85,0.512418538757262,1.0017781110425954,0
73.86,0.5580379555511616,1.024675905022459,0
73.87,0.6090128788202386,1.0459799810798855,0
73.88,0.6657337555840643,1.065590969435891,0
73.89,0.7272939228116146,1.083862126980553,0
73.9,0.7915571847900431,1.10071169649862,0
73.91,0.8525711016200203,1.1169301014389859,0
73.92,0.9107786804968289,1.1324208666500009,0
73.93,0.9666454544053422,1.146931022978641,0
73.94,1.0212995899742257,1.1605773798425412,0
73.95,1.0745242764786689,1.1736875687576718,0
73.96,1.126068914509476,1.186234028117581,0
73.97,1.1761719020064814,1.1982499551788108,0
73.98,1.2247947574124682,1.2098389769538425,0
73.99,1.2727915835827477,1.2210946381376289,0
74.0,1.3199727884549324,1.2318874770094186,0
74.01,1.3449431159475258,1.2419366519735442,0
74.02,1.3669003995905136,1.251439745345444,0
74.03,1.388227160568586,1.2600830640058274,0
74.04,1.4089361521096835,1.267629290129405,0
74.05,1.4290237898394884,1.2740103364916444,0
74.06,1.448565262290344,1.2790262313200842,0
74.07,1.4676310839036257,1.2829075221951538,0
74.08,1.486104493547244,1.2858534896427778,0
74.09,1.5037969853529398,1.2879467100953217,0
74.1,1.520884968569242,1.2893250030621106,0
74.11,1.5370942915480357,1.2902112747366563,0
74.12,1.5522863397377578,1.2907601335278247,0
74.13,1.5663927170072032,1.291403976828592,0
74.14,1.579183982536181,1.2922559130680003,0
74.15,1.5907903122587135,1.2933532814267938,0
74.16,1.601271626476474,1.2947035078157665,0
74.17,1.6106853858441585,1.2964803922487296,0
74.18,1.6191718856998962,1.298586947793482,0
74.19,1.6269622334175642,1.30096686419995,0
74.2,1.63433220490871,1.303643345623776,0
74.21,1.6417376075727659,1.3066697884960643,0
74.22,1.6491749494620538,1.3098968963365536,0
74.23,1.6565901555426388,1.3134769324914517,0
74.24,1.664048879145455,1.3177058678563065,0
74.25,1.671837904740745,1.322458143650704,0
74.26,1.6799796425717781,1.3275326943194519,0
74.27,1.6884789279976666,1.332560818156306,0
74.28,1.6973951954767146,1.3372876690208422,0
74.29,1.7067452137153554,1.3416491770876093,0
74.3,1.7162941520603752,1.3453559647724722,0
74.31,1.725780173256729,1.3482515210005086,0
74.32,1.7349070200993424,1.3502646774997737,0
74.33,1.7437701451083962,1.3514623259249587,0
74.34,1.752360073464386,1.3516668720655578,0
74.35,1.7604111165971488,1.35105728056113,0
74.36,1.7671230126099655,1.3499630530549105,0
74.37,1.772452070652661,1.3486167205195374,0
74.38,1.7760342669474918,1.3472256439996222,0
74.39,1.7774155453127802,1.345743542017052,0
74.4,1.7761458864188797,1.3443569965028381,0
74.41,1.772088437832435,1.3431409160081582,0
74.42,1.7651162429763647,1.3423336080663462,0
74.43,1.7545985664570556,1.3419298888726459,0
74.44,1.740289020622013,1.342170623580949,0
74.45,1.7223168120871895,1.3429810616133582,0
74.46,1.701712926926783,1.3445204414066052,0
74.47,1.6788443380387201,1.3470243883138768,0
74.48,1.6540646298445965,1.3506984776126365,0
74.49,1.6276683549762534,1.3554116238022038,0
74.5,1.6001589308988047,1.3609619163112099,0
74.51,1.571735325580495,1.3664568754860689,0
74.52,1.5431123796797253,1.370324016751413,0
74.53,1.5150275861297982,1.3717068201253824,0
74.54,1.4878497950513399,1.3715451578512923,0
74.55,1.4614756774768247,1.3716695751926387,0
74.56,1.435772929043062,1.3729129496234096,0
74.57,1.41022133070567,1.3749763407789417,0
74.58,1.384857072228784,1.377197167430219,0
74.59,1.3598364324499896,1.3791386064228535,0
74.6,1.335068412610276,1.3804556758314035,0
74.61,1.312761958744195,1.3827660697958697,0
74.62,1.292759432974536,1.387475910924759,0
74.63,1.2751224723091257,1.3953362195763068,0
74.64,1.2600421610220016,1.4051677362283221,0
74.65,1.2476575363012605,1.4150128753493918,0
74.66,1.237872792924714,1.4239377476079431,0
74.67,1.230793365948104,1.431966309765031,0
74.68,1.2239701251368507,1.4400191709041255,0
74.69,1.2228600825738527,1.4490181992731233,0
74.7,1.2317810840630667,1.4592608312082953,0
74.71,1.2435159119133778,1.469492625270745,0
74.72,1.257175340195749,1.4792169510993265,0
74.73,1.2740780894801862,1.4882113138153636,0
74.74,1.2941167680393764,1.4961439008928403,0
74.75,1.3169203460412584,1.5029533486087567,0
74.76,1.3425266149700177,1.5085032808315182,0
74.77,1.3709099894879542,1.5129206892853102,0
74.78,1.4017280171576372,1.5158409787827591,0
74.79,1.4321606542841834,1.516895863064977,0
74.8,1.4613162079753248,1.5163330441566054,0
74.81,1.4889328914268554,1.514678376857831,0
74.82,1.5149094444486089,1.512207730668303,0
74.83,1.5393385913977828,1.509272488909083,0
74.84,1.5621465301725936,1.5061394314309355,0
74.85,1.5833169708202588,1.5030200332285208,0
74.86,1.602653072545983,1.5001195449018139,0
74.87,1.619977695514583,1.497474617040855,0
74.88,1.635422790104899,1.495077280798819,0
74.89,1.6492179077269675,1.4930148482277783,0
74.9,1.6616510095484984,1.4912342382158037,0
74.91,1.6727710422076605,1.4896250647376772,0
74.92,1.6826871400266796,1.4881658515889564,0
74.93,1.6914553821832436,1.4865638181196283,0
74.94,1.6989044306607997,1.4848618985723445,0
74.95,1.7053332972117914,1.4831221404784845,0
74.96,1.7107701933809218,1.481395805324803,0
74.97,1.7154046161902812,1.4795044511890194,0
74.98,1.7192585984463802,1.477451410037532,0
74.99,1.7224394895189814,1.4752092082572552,0
75.0,1.7251570796399014,1.4727302558750202,0
75.01,1.7275905503423061,1.4699739980160318,0
75.02,1.729872233024561,1.4670322633030577,0
75.03,1.7317113485628004,1.4639303799880339,0
75.04,1.733411922535842,1.4603121675440884,0
75.05,1.7349492883991031,1.4562402853799057,0
75.06,1.7364108515663972,1.4518064712836052,0
75.07,1.7376476716000069,1.447337014736259,0
75.08,1.7386963288879607,1.442957125415044,0
75.09,1.7395232243799035,1.4388155791456276,0
75.1,1.7398465143708783,1.4350436486468323,0
75.11,1.7394296198188464,1.4317445276100722,0
75.12,1.737939128090732,1.4290188134985433,0
75.13,1.7355223162745712,1.4269442008406032,0
75.14,1.7319768929867534,1.4257983033606343,0
75.15,1.7271149253263829,1.425552633379712,0
75.16,1.7209071986795375,1.4260609969553852,0
75.17,1.7133104302665985,1.4272499966228842,0
75.18,1.7040157659106692,1.429000341384377,0
75.19,1.6926699786520885,1.431257922269019,0
75.2,1.6792551789448056,1.4339322414639442,0
75.21,1.6638453290772461,1.4369319433307757,0
75.22,1.646628615419294,1.4401253819226691,0
75.23,1.6278588674763168,1.4433376806244966,0
75.24,1.607639025001379,1.4464875343334773,0
75.25,1.585642039762802,1.4494170646854219,0
75.26,1.5612662924109255,1.4518066592118308,0
75.27,1.5344518803871654,1.4529283452608242,0
75.28,1.5055118697290417,1.452415930883832,0
75.29,1.474912372634743,1.4500844031593456,0
75.3,1.4432334731350265,1.4458245318119223,0
75.31,1.4108302241271051,1.4396852258475685,0
75.32,1.3774200802212888,1.4318405197644268,0
75.33,1.3428302459584225,1.4223031214247384,0
75.34,1.3068995379986994,1.4096129369115489,0
75.35,1.2261268132786989,1.3634938021497842,0
75.36,1.1465243386646853,1.3117462273054334,0
75.37,1.0769311152673942,1.2644917344807929,0
75.38,1.0077879231198112,1.2080605872092183,0
75.39,0.9499108242773096,1.150934974389158,0
75.4,0.9039856063261675,1.1011142686223825,0
75.41,0.8594734860131934,1.0482793369686156,0
75.42,0.8247815726640869,0.9921470003144199,0
75.43,0.7940074849703398,0.93733087821014,0
75.44,0.7710043239874735,0.8878025937070653,0
75.45,0.7589171907031902,0.8368448851526711,0
75.46,0.7500134427547375,0.7876849498453695,0
75.47,0.7459285887165256,0.7446344357560747,0
75.48,0.7448213685641449,0.7039294257845145,0
75.49,0.7465602000798451,0.6598167411418083,0
75.5,0.7492590182594393,0.6160216511722042,0
75.51,0.7505620717287789,0.5756516155565622,0
75.52,0.7574592906924326,0.534754868019784,0
75.53,0.7656276409273941,0.4954518028924514,0
75.54,0.7719952253043946,0.46035135071376354,0
75.55,0.7799461097986949,0.42982519289309146,0
75.56,0.7886945664255994,0.4004572878130207,0
75.57,0.796001145881062,0.37290531494441365,0
75.58,0.7983961300083655,0.35036340065643123,0
75.59,0.8041446591520293,0.3318224100484537,0
75.6,0.8105018408574848,0.3154278942221736,0
75.61,0.811724088250331,0.3023572026014574,0
75.62,0.8149392945235812,0.29275173806190546,0
75.63,0.8221152498674038,0.28410249476219657,0
75.64,0.8298326705737485,0.2764196916714085,0
75.65,0.8361553782595084,0.27040130665542783,0
75.66,0.8414187577445965,0.26616034599330374,0
75.67,0.8454046325168775,0.2625386588640565,0
75.68,0.8496775771620292,0.2593755258320524,0
75.69,0.853531276621175,0.25660306335116134,0
75.7,0.8559952280034121,0.25442600109448027,0
75.71,0.8594471179798068,0.2533594015030964,0
75.72,0.8607171977628939,0.2519561584482693,0
75.73,0.8608539014031698,0.25055349837708957,0
75.74,0.8626650796655578,0.24925758650776464,0
75.75,0.8610388211096246,0.24817995766822645,0
75.76,0.8573580274677997,0.24762839106308063,0
75.77,0.8548833321739695,0.24640201079950952,0
75.78,0.8515473704478559,0.24524437543469213,0
75.79,0.8411365050266383,0.24418671436793066,0
75.8,0.8295998028271944,0.2430216095894675,0
75.81,0.8223912245404282,0.24237891551000734,0
75.82,0.8128411468036679,0.24158447018064486,0
75.83,0.8008240259953426,0.2403109828491972,0
75.84,0.7860432996548552,0.23918335133692908,0
75.85,0.771301824669884,0.23799836716985767,0
75.86,0.7580131247539647,0.23651391644814912,0
75.87,0.7452723841177677,0.23498200788798193,0
75.88,0.7300764290588723,0.23346993262583088,0
75.89,0.7140922165415741,0.23192307178781055,0
75.9,0.6979934402646464,0.23036220967928248,0
75.91,0.6800601947734349,0.2287839837923592,0
75.92,0.6608581411461514,0.22699575225348503,0
75.93,0.6393677059826018,0.2250449278136249,0
75.94,0.6173540328193801,0.2229960255356019,0
75.95,0.5956868451962566,0.22083348900596717,0
75.96,0.5735640595256951,0.2184421567999041,0
75.97,0.5492238735189329,0.21567542493696268,0
75.98,0.5253383273903929,0.21237426861037026,0
75.99,0.5031280395801243,0.20825447779419126,0
76.0,0.4808726954050452,0.2034083791249038,0
76.01,0.458590459077605,0.1978809588463535,0
76.02,0.4371462760548993,0.19159019775637232,0
76.03,0.4169534825030626,0.1845975021284171,0
76.04,0.3978790585155482,0.17685208456629137,0
76.05,0.37786720693121173,0.16850847229676585,0
76.06,0.3575058320939749,0.159794185025133,0
76.07,0.33861469857558046,0.15139013877562923,0
76.08,0.3201766619762736,0.14320168431290892,0
76.09,0.3015331323099905,0.13524596133297018,0
76.1,0.28228812430519357,0.12751864200770752,0
76.11,0.26419045393218193,0.12011222902241604,0
76.12,0.24657633240659713,0.11302903167082456,0
76.13,0.2297345458456523,0.10625541039868189,0
76.14,0.2135466492033869,0.09979205633329279,0
76.15,0.1981976365464301,0.09340868467199055,0
76.16,0.18402452676844308,0.08715945486468012,0
76.17,0.17072693346420603,0.0806345045455917,0
76.18,0.15833049937562801,0.07391835023444353,0
76.19,0.14682728746354679,0.0672169391008898,0
76.2,0.13620447635700775,0.060553024672425335,0
76.21,0.1266073749268286,0.0541684533445808,0
76.22,0.11753961295462803,0.04818310428921509,0
76.23,0.10876979522175106,0.04258208910871925,0
76.24,0.1003400490899053,0.037408977503947984,0
76.25,0.09235721931704492,0.0329447594896271,0
76.26,0.08468027082267045,0.028954720396488005,0
76.27,0.07744718597991121,0.02545979956101977,0
76.28,0.07093026628618183,0.022447652479723405,0
76.29,0.06500374019783339,0.01989178148100249,0
76.3,0.05948749798002892,0.01782307355663741,0
76.31,0.05422096722510015,0.015971655362117084,0
76.32,0.04919132656209258,0.014282392036370044,0
76.33,0.0443717121661492,0.012752857322008164,0
76.34,0.04030855865652122,0.011498680764313578,1
76.35,0.036940811885806266,0.010373934009833006,1
76.36,0.03416345872047228,0.009383594562359663,1
76.37,0.031911171222798705,0.00857062188225367,1
76.38,0.029864636201871138,0.00790784923906309,1
76.39,0.028087960512462058,0.007327745802151674,1
76.4,0.02664708263376603,0.006809342825849889,1
76.41,0.02560855158645165,0.006355059215250749,1
76.42,0.025206204755070006,0.005948477295361247,1
76.43,0.025609162127925668,0.0056400044014935456,1
76.44,0.02613483833706011,0.005433610773010038,1
76.45,0.027007302103440038,0.005263927154038432,1
76.46,0.02820518447547461,0.005147187412193848,1
76.47,0.02962957773437199,0.005012919798793812,1
76.48,0.031242017767268693,0.004874946628655541,1
76.49,0.033129812004950084,0.004764125484378969,1
76.5,0.0351879473138841,0.0046795667382551155,1
76.51,0.03743412939681744,0.004643863993174042,1
76.52,0.039889116663866894,0.004670670461165309,1
76.53,0.042306860901000894,0.0047417892118179535,1
76.54,0.04480519661270602,0.004807415798019286,1
76.55,0.04702268324636023,0.00490056937713321,1
76.56,0.04909302938477473,0.005010361200093605,1
76.57,0.05121710317290332,0.005128887549651267,1
76.58,0.053286838769843796,0.005253545713335292,1
76.59,0.05540602822618019,0.005368851757632345,1
76.6,0.05749957494060758,0.005484150449634284,1
76.61,0.059790326551144655,0.00557823777022788,1
76.62,0.06194309578855235,0.005649459453012143,1
76.63,0.06425094256036208,0.005698580136679081,1
76.64,0.06668578195876874,0.005738017847678852,1
76.65,0.06928241484779171,0.005768515167818123,1
76.66,0.07193704917684694,0.005784072624282611,1
76.67,0.07448300712352592,0.005822297206588317,1
76.68,0.0771107776277241,0.005851566693443292,1
76.69,0.07948639450315045,0.005872094301405889,1
76.7,0.0818436951343561,0.005899611452991263,1
76.71,0.08396471621511457,0.005928421422725286,1
76.72,0.0858665529066985,0.006008887190103277,1
76.73,0.0875565317067962,0.006099917461024601,1
76.74,0.08943257136550828,0.006221124357602155,1
76.75,0.09132747049660567,0.006340856377598693,1
76.76,0.09317358573934313,0.0064739291253703935,1
76.77,0.0952482320645469,0.006570306219617035,1
76.78,0.09708058946661298,0.006688989953055866,1
76.79,0.0986459587669998,0.006826098994101791,1
76.8,0.10071983291703394,0.00697750707390115,1
76.81,0.10315066113098258,0.007140165475891448,1
76.82,0.10596219329386425,0.007290292820743739,1
76.83,0.10869938333510984,0.007446268494462788,1
76.84,0.11163343742037603,0.007580984700153315,1
76.85,0.11459459683512506,0.007742441146419999,1
76.86,0.11771301882078727,0.007895714024168448,1
76.87,0.12081011658312836,0.008051213211468195,1
76.88,0.12418546417796127,0.008192961285332088,1
76.89,0.12838858558157232,0.008322132788753536,1
76.9,0.13236812752249527,0.008430894721190732,1
76.91,0.13569730293773877,0.008537270974604091,1
76.92,0.1391788119698024,0.008630964593462088,1
76.93,0.14277327376963483,0.008714137681902658,1
76.94,0.14629891863818562,0.008786840984589029,1
76.95,0.1497993367728204,0.008836841752551299,1
76.96,0.1526037299318173,0.008883791468836427,1
76.97,0.15490634656191676,0.008930344751377562,1
76.98,0.15686671885087683,0.008980795052169147,1
76.99,0.1585251531762438,0.00903347165914397,1
77.0,0.15947404092150522,0.00908706032191944,1
77.01,0.15996163745333836,0.009136751390914672,1
77.02,0.16093914703178158,0.009168124667077365,1
77.03,0.16168175816147645,0.00917770535373677,1
77.04,0.16132003943557924,0.009175870784579111,1
77.05,0.16108501049632448,0.009177533497810255,1
77.06,0.16062183657420842,0.009155680563667033,1
77.07,0.16081999012081122,0.009141672772431067,1
77.08,0.1609546443302269,0.009114333459604678,1
77.09,0.16074067657253893,0.009058307577307342,1
77.1,0.16055536616683025,0.008999891639597786,1
77.11,0.15987624241393944,0.008920684857758059,1
77.12,0.15917587970706001,0.00885855899704852,1
77.13,0.15815118476967185,0.008787185641479003,1
77.14,0.1571266763347895,0.00875085723593371,1
77.15,0.1558778900295119,0.00869977710542447,1
77.16,0.15457419405885203,0.008671134514006201,1
77.17,0.15310392299251943,0.008626356549050165,1
77.18,0.15181543879563272,0.008542226359797137,1
77.19,0.15059776599081676,0.008488075054960794,1
77.2,0.14939376219988368,0.0084452901707375,1
77.21,0.1482522343547272,0.008394305305675675,1
77.22,0.14691004397025464,0.008356415311569845,1
77.23,0.14539762383867097,0.008309776497718422,1
77.24,0.14356411582067558,0.008192839786513669,1
77.25,0.141735222375788,0.008105257539105643,1
77.26,0.13967035712742787,0.008019633027338212,1
77.27,0.13762057990296972,0.007945482273092748,1
77.28,0.1353754373255788,0.007894963758727155,1
77.29,0.1329417190154579,0.007829492026207934,1
77.3,0.13060482067883689,0.007723802751063802,1
77.31,0.12809168782633337,0.007606505581008567,1
77.32,0.12587299556743844,0.0074927141484601055,1
77.33,0.1236629001141963,0.007349691661097481,1
77.34,0.12159966675752296,0.007229510338199795,1
77.35,0.11979505397090483,0.007094377832176295,1
77.36,0.1182805833750689,0.006946316365134904,1
77.37,0.11693446688993377,0.006788251528895698,1
77.38,0.11537199746253635,0.006622810554639879,1
77.39,0.11389836169355123,0.006474185517502837,1
77.4,0.11238747310007062,0.006316278149378594,1
77.41,0.110940344148515,0.006184452473769284,1
77.42,0.10939148633006786,0.006054002572217004,1
77.43,0.10754030751283035,0.005954184362922492,1
77.44,0.1055207745848921,0.005865703857905203,1
77.45,0.10306853577242926,0.005797992568471778,1
77.46,0.10051743369495919,0.005750462061139992,1
77.47,0.09775356067758215,0.005677512884935216,1
77.48,0.09513583335630282,0.005616821358310862,1
77.49,0.09220217342728292,0.005556502782485101,1
77.5,0.08903711614610829,0.005503643222631197,1
77.51,0.0856757651358613,0.005448305611915532,1
77.52,0.08210737438947589,0.005359112356483153,1
77.53,0.0786342649057424,0.005257081305783654,1
77.54,0.07510957458809207,0.005121045430048005,1
77.55,0.0717453579759608,0.004985167022427319,1
77.56,0.06817410162769111,0.004830732240627753,1
77.57,0.06470027574348655,0.004702470317093888,1
77.58,0.06124650907247186,0.004552461218104293,1
77.59,0.05790306807400153,0.004391727711706272,1
77.6,0.05477812921920666,0.0042124212555383215,1
77.61,0.05184375288971565,0.004017492304807092,1
77.62,0.048979583806389226,0.003836926103719451,1
77.63,0.04642418332609275,0.0036595175527265635,1
77.64,0.04397337731457207,0.0035100140092639482,1
77.65,0.04167229900150441,0.00334538523896951,1
77.66,0.0396126476471864,0.003192724045412143,1
77.67,0.03758451791359533,0.003040701012110146,1
77.68,0.03567960906102781,0.002899460400785246,1
77.69,0.033846340255567,0.0027766849978884574,1
77.7,0.03206465228402303,0.002669018246232444,1
77.71,0.030391140783610212,0.0025730621496522486,1
77.72,0.028988428661260755,0.0024965243579854576,1
77.73,0.02757353773090315,0.002419762795839512,1
77.74,0.026438759384732797,0.0023764558063206487,1
77.75,0.02532905505504979,0.0023848381683031217,1
77.76,0.024405614847844245,0.0023913986674057672,1
77.77,0.02369031215974364,0.0024068984160914735,1
77.78,0.0231354763945296,0.002430472369624945,1
77.79,0.022808224134741893,0.0024539240572276563,1
77.8,0.022551784808512554,0.0024871319114077102,1
77.81,0.022395694759026925,0.0025225332183113854,1
77.82,0.022250092256339598,0.0025573720164471796,1
77.83,0.02213576375794452,0.0026073234752482825,1
77.84,0.022066645348839644,0.0026463901377191744,1
77.85,0.022093828985696274,0.002682976219458435,1
77.86,0.022143537720464897,0.002717830772070362,1
77.87,0.022207925679413074,0.002745322900101033,1
77.88,0.022233590254049338,0.002773458100986923,1
77.89,0.02227515289530751,0.0027904467888732122,1
77.9,0.022352973234492198,0.0028133006998873862,1
77.91,0.02242281350137983,0.0028384772157253094,1
77.92,0.02251223415119754,0.0028654356492707395,1
77.93,0.022599268158076773,0.0028998032910272455,1
77.94,0.022748868998816806,0.0029186325874490035,1
77.95,0.022986597936026813,0.0029358496858385577,1
77.96,0.023239842169546242,0.0029588138927348832,1
77.97,0.02354351953031449,0.00297753398995508,1
77.98,0.02390320266825407,0.002988861314600832,1
77.99,0.02430728278756496,0.002998097721090777,1
78.0,0.024951400970978924,0.002986209220735079,1
78.01,0.025775384569796646,0.0029735306381796544,1
78.02,0.026723610138445653,0.002950387314954081,1
78.03,0.02768572996231909,0.002918114100775003,1
78.04,0.02854253393174489,0.0029009804563338328,1
78.05,0.029411204336916973,0.0028917112688652876,1
78.06,0.03027268584418305,0.0028814815952894306,1
78.07,0.0310405566100967,0.0028768473965160475,1
78.08,0.03175234999477972,0.0028819276792628134,1
78.09,0.03246895612536801,0.002887158763649026,1
78.1,0.03299351401197466,0.0028972371845138655,1
78.11,0.033297961718644326,0.0029110348647597983,1
78.12,0.03346347268700388,0.002932493677940194,1
78.13,0.03356075866256753,0.0029532887770069563,1
78.14,0.033700591946179255,0.0029758596948682866,1
78.15,0.0338020072416427,0.002987693641504166,1
78.16,0.033853115315993325,0.00300587726360295,1
78.17,0.03375879483786499,0.0030234255437344352,1
78.18,0.03367196697001715,0.0030355611115346977,1
78.19,0.0336125359681362,0.003042238160486046,1
78.2,0.03348494615461043,0.0030494302877587033,1
78.21,0.03339161386019793,0.003052971605783804,1
78.22,0.033236675820858104,0.003055268922411429,1
78.23,0.03304390500981412,0.003055612238957773,1
78.24,0.03285521313882934,0.0030619125528392006,1
78.25,0.03263233800405823,0.0030853504498812297,1
78.26,0.03262482714491068,0.0031020938789594853,1
78.27,0.03303414628619121,0.0031227559947887965,1
78.28,0.0334846580141991,0.0031499603496201005,1
78.29,0.03377162865926473,0.0031940762266763397,1
78.3,0.03389559901772764,0.0032405317600906858,1
78.31,0.033874948792680125,0.0033012232802134864,1
78.32,0.03382284429908298,0.003361019950133253,1
78.33,0.03371443558997642,0.0034445072314009976,1
78.34,0.03324550724085171,0.0035341688496737253,1
78.35,0.032555398044179736,0.0036295708292163774,1
78.36,0.03151250478294517,0.003735928991067563,1
78.37,0.030327832381319413,0.0038545954531438173,1
78.38,0.028938229380589067,0.003974577260438056,1
78.39,0.027569322021544534,0.004081054991343459,1
78.4,0.02631841052516996,0.004193304752103222,1
78.41,0.02512764172544864,0.004305507351174532,1
78.42,0.02386349883934359,0.004427434278379214,1
78.43,0.022582959399928243,0.004509615298513366,1
78.44,0.021683292460552363,0.004581324330212578,1
78.45,0.02110029923525446,0.004625057071968428,1
78.46,0.020998163880034944,0.004680456131611297,1
78.47,0.021046300089771108,0.004739469961332721,1
78.48,0.021252533844891036,0.0048403895292962445,1
78.49,0.021322606977348346,0.004957227536651423,1
78.5,0.02117396437041063,0.0051156486909756564,1
78.51,0.0210489261730646,0.0052674589192416585,1
78.52,0.020972297872387222,0.005434502370914946,1
78.53,0.020900301728766064,0.0056605741515134795,1
78.54,0.020830440867349528,0.005899685380150858,1
78.55,0.020876354458005928,0.0062048715408836025,1
78.56,0.02093017299065815,0.006534289878097021,1
78.57,0.02100327918319051,0.0068711352407948584,1
78.58,0.02115915427862116,0.007178747574121148,1
78.59,0.02131328542510556,0.007513430263591173,1
78.6,0.02134085685482169,0.007819576060463946,1
78.61,0.02104645482511839,0.008200634156820487,1
78.62,0.02060565563352223,0.008615947341643199,1
78.63,0.020094856201644144,0.009051412458013075,1
78.64,0.019458119897572682,0.009534662486596792,1
78.65,0.01872391944357981,0.010048857416463058,1
78.66,0.01795942462030692,0.010438440076837457,1
78.67,0.017039354746128353,0.010585978960614249,1
78.68,0.0161196668675666,0.010641454561692546,1
78.69,0.015203146786898967,0.010692452983457189,1
78.7,0.01432081573417516,0.010671706019746622,1
78.71,0.013740473975821425,0.01062738079784514,1
78.72,0.013180856848693202,0.010533359164150461,1
78.73,0.01266294471445042,0.010439607676015832,1
78.74,0.012268116081481668,0.010309962379788847,1
78.75,0.011896662784984281,0.010174488645087066,1
78.76,0.011533090160088605,0.010007011909155502,1
78.77,0.01128137784376284,0.009842672544852524,1
78.78,0.011136438925174253,0.009681330977840099,1
78.79,0.01100200931713761,0.009528596065566778,1
78.8,0.01095006090127521,0.009443176120241497,1
78.81,0.010900148130742018,0.009353850748695432,1
78.82,0.011007954890733434,0.009293504445385261,1
78.83,0.01114603952397398,0.009227419902332827,1
78.84,0.011293661665215915,0.009194830987415685,1
78.85,0.01142638259830149,0.009156009514247433,1
78.86,0.01157554197900081,0.009158490974913358,1
78.87,0.011725566836682744,0.009169478468886494,1
78.88,0.01176964667180186,0.009124114979920338,1
78.89,0.01184507491288978,0.009078305207265098,1
78.9,0.01189323848816501,0.009034063613743905,1
78.91,0.011906865741639253,0.009001030818936318,1
78.92,0.012151852690360659,0.00894151604355617,1
78.93,0.012421394333225378,0.008882457242269187,1
78.94,0.012705710932697685,0.008822764139389887,1
78.95,0.013026698685929266,0.008791319854051422,1
78.96,0.01332988650200422,0.008729839128877441,1
78.97,0.013653191883050737,0.00868171043664331,1
78.98,0.01396775385485936,0.008669012183068625,1
78.99,0.014235896962953517,0.008646195904470244,1
79.0,0.014547323645488205,0.008651131847321775,1
79.01,0.01485761374790916,0.008653139476045311,1
79.02,0.015095282317537987,0.00874408685096957,1
79.03,0.0153696760367599,0.008848153857055981,1
79.04,0.01559090201581966,0.00893420600390411,1
79.05,0.015815998728476343,0.008961522096218786,1
79.06,0.016015957450122638,0.009031851675685265,1
79.07,0.01623927878912727,0.009116891741664345,1
79.08,0.01662651159948377,0.009210793896219876,1
79.09,0.017006965126318076,0.009290567583940456,1
79.1,0.017760914948241297,0.00936689605702431,1
79.11,0.018716384128604564,0.009433007804724865,1
79.12,0.019563438865696774,0.009526996631094768,1
79.13,0.020412773342890593,0.009561494038840641,1
79.14,0.021455836075093805,0.009629963070654146,1
79.15,0.022516608018889654,0.00972787798780743,1
79.16,0.02374149852163085,0.00979564952258053,1
79.17,0.024962682408310396,0.009826492569693685,1
79.18,0.026059307797088094,0.00981447207344707,1
79.19,0.027134329824034503,0.00982757541805388,1
79.2,0.0279842467566819,0.009830290813397456,1
79.21,0.028644593443901016,0.009822144657090326,1
79.22,0.029288709226256943,0.009756294674400633,1
79.23,0.029999033196074092,0.009782611488563157,1
79.24,0.03071538119049194,0.009813016320397137,1
79.25,0.03141863229578819,0.009878761091936411,1
79.26,0.03201785039742476,0.00994960335986865,1
79.27,0.03258793114660899,0.010096457960711163,1
79.28,0.03333748518479417,0.010186894331808565,1
79.29,0.034071918718934946,0.010277079392193553,1
79.3,0.03457659962418907,0.010321089484514535,1
79.31,0.03513647746262181,0.010340306165591557,1
79.32,0.03565081266195994,0.010415349031138124,1
79.33,0.03623269866618167,0.010483083932788417,1
79.34,0.03652308964815092,0.010531912965156189,1
79.35,0.03683587013722885,0.010590686022170857,1
79.36,0.037347352541467455,0.0106276342999965,1
79.37,0.03777587200245309,0.010636459703819491,1
79.38,0.03796360427308017,0.01070683573014009,1
79.39,0.0381663936645135,0.010785288310903633,1
79.4,0.038523160934897605,0.010906730474236728,1
79.41,0.03889772045400289,0.010980019965610457,1
79.42,0.03923554588087297,0.011020702359936093,1
79.43,0.039334212774539405,0.011087098929182424,1
79.44,0.039231203851370106,0.011164189326818208,1
79.45,0.03900042906699952,0.011190425624306641,1
79.46,0.03876330676919794,0.011217644003930983,1
79.47,0.03845178402296593,0.01123243899670437,1
79.48,0.03806973945514456,0.011230453341398468,1
79.49,0.037593118461983425,0.011266291500984226,1
79.5,0.03688455820533172,0.011270503530743993,1
79.51,0.03636184488470391,0.011306641159558544,1
79.52,0.035891510139463643,0.011349097443862546,1
79.53,0.0355106654326344,0.01133808040129796,1
79.54,0.03541586886641727,0.011330851955417729,1
79.55,0.03539255903725871,0.011284969757582827,1
79.56,0.035457299343700704,0.011475898429843197,1
79.57,0.03580268910777268,0.01164612809869719,1
79.58,0.03613563765736311,0.0118449500595195,1
79.59,0.036473144363228745,0.012006613871254998,1
79.6,0.03694819028081627,0.012141353000900128,1
79.61,0.03749956242060728,0.01227318161464085,1
79.62,0.038084257911043,0.012436974602776792,1
79.63,0.03911174393019106,0.012645395029011802,1
79.64,0.04010837765093822,0.012812974480268618,1
79.65,0.040985434035322156,0.013021541250764185,1
79.66,0.04215611984407368,0.013047121669023729,1
79.67,0.04301901219930396,0.013068845912771321,1
79.68,0.04378491408675315,0.013105281269142871,1
79.69,0.044413071677400134,0.013154362052978418,1
79.7,0.04458930210644938,0.013223329244807376,1
79.71,0.04488441844809448,0.013280248493188348,1
79.72,0.04531216964585647,0.013344642399434175,1
79.73,0.04475972942631924,0.013427242611126647,1
79.74,0.04376658722308517,0.013526504456047658,1
79.75,0.042147720384403946,0.013702008135872914,1
79.76,0.041035847216209516,0.013862204760009048,1
79.77,0.039832844621545,0.014003764294611308,1
79.78,0.038187038483424335,0.01408620426307107,1
79.79,0.036993767712064675,0.014216480282133953,1
79.8,0.03577543013674578,0.014320882553181744,1
79.81,0.034524529173115645,0.014412467795502648,1
79.82,0.03322116144098981,0.014342790945205342,1
79.83,0.03243271097816602,0.014312348747130593,1
79.84,0.03211609899863326,0.014412794576752956,1
79.85,0.031728256611053725,0.014482603878491719,1
79.86,0.031232508333152356,0.014541018420726576,1
79.87,0.0311936223676208,0.014636645586858205,1
79.88,0.031189659409131903,0.014736050163164436,1
79.89,0.031100027376168023,0.014850292418171613,1
79.9,0.031049379912993093,0.015015048348526325,1
79.91,0.03130695126586674,0.015163049222342462,1
79.92,0.031208355597007464,0.015377425023724656,1
79.93,0.031088423147014325,0.01557240576826327,1
79.94,0.03105597947745864,0.01572922222240822,1
79.95,0.03111663483973246,0.01590779859714039,1
79.96,0.031023914544442914,0.01612978954444807,1
79.97,0.03083709887746935,0.01633497537529891,1
79.98,0.030583356921855195,0.01659976482915143,1
79.99,0.030258501636214068,0.016851527822784748,1
80.0,0.02992608447340921,0.017160279041730966,1
80.01,0.029593977870480334,0.01742200160056736,1
80.02,0.02946447340677035,0.0177879904402905,1
80.03,0.029396559376585724,0.018167572367591523,1
80.04,0.02934693868359368,0.01853349666474473,1
80.05,0.029104455758247744,0.01893862027793059,1
80.06,0.02906376024108582,0.019336393402541854,1
80.07,0.02910060245751891,0.01963295832870994,1
80.08,0.029143586081844877,0.019884686889260948,1
80.09,0.029186406069066622,0.020161437199200247,1
80.1,0.02923012785133023,0.02038224768351016,1
80.11,0.029308053957558616,0.020678491641981975,1
80.12,0.02945197010174326,0.020935478438483746,1
80.13,0.029823014306415895,0.02115900105299792,1
80.14,0.030528760561107423,0.021386966031073536,1
80.15,0.03127427645576414,0.02155322700476174,1
80.16,0.03205320491900373,0.02171935158322399,1
80.17,0.03291484510051385,0.021955231929681858,1
80.18,0.03374621895723448,0.02219645917917217,1
80.19,0.0345861160920236,0.022334912836096305,1
80.2,0.035723092046068806,0.022417798576235225,1
80.21,0.036877320900013784,0.022449243797746474,1
80.22,0.038061784783571376,0.022510326062916686,1
80.23,0.03936624070985989,0.02256391198657177,1
80.24,0.040672581710659295,0.022617011383858764,1
80.25,0.04202932251778345,0.022684283382831377,1
80.26,0.043877562532226626,0.02278002827704266,1
80.27,0.045954420444957234,0.02288845762736216,1
80.28,0.048544112444363345,0.02296884437450849,1
80.29,0.05162004932158008,0.023021583004052593,1
80.3,0.05497998446541715,0.023072890840741465,1
80.31,0.05849791295628347,0.023117861282398976,1
80.32,0.06210367588821449,0.023096701425987458,1
80.33,0.06526799389768209,0.023082330153101984,1
80.34,0.06793782206686606,0.02312099361757415,1
80.35,0.07065805899916204,0.023143764697324893,1
80.36,0.07340295630513162,0.022721571884145666,1
80.37,0.07583239762204552,0.02227217519560138,1
80.38,0.07764683966184291,0.021827913493312884,1
80.39,0.07891291386396557,0.021475950599967705,1
80.4,0.07935978809778418,0.02112484308500532,1
80.41,0.08010089278286636,0.020765830287926765,1
80.42,0.08076414532479409,0.02040272039490556,1
80.43,0.08128681097216889,0.020068432702146116,1
80.44,0.0816367244989534,0.01966823232867356,1
80.45,0.08189382097993418,0.01927463169733292,1
80.46,0.08167887324038899,0.019268728307059693,1
80.47,0.08126901100549108,0.019265774073461125,1
80.48,0.08115506392173255,0.019269220875135544,1
80.49,0.08101312544066272,0.01925349773045387,1
80.5,0.08086179340482558,0.019270383683603426,1
80.51,0.08035446623596347,0.019273889939794127,1
80.52,0.08000715507949514,0.019209295765480527,1
80.53,0.0796975459598786,0.019070266739588622,1
80.54,0.07938440369819444,0.018941795700968732,1
80.55,0.07909423571200436,0.018653351254104448,1
80.56,0.07881036816036381,0.018402254656306443,1
80.57,0.07882790242924043,0.01817767402367003,1
80.58,0.07912478991929903,0.017936049190264782,1
80.59,0.07942373209570053,0.017688371649706387,1
80.6,0.07972007494940499,0.017408902823188584,1
80.61,0.08005127964498505,0.017151623411927285,1
80.62,0.08045946718265816,0.016968037808521207,1
80.63,0.08086699445185956,0.016892405071564535,1
80.64,0.08126999364029204,0.016744848424541537,1
80.65,0.0818004128322972,0.016770998308344002,1
80.66,0.08365307958198231,0.016769510734060734,1
80.67,0.08697130925008796,0.016694804583488657,1
80.68,0.0904298855337285,0.01663185290500035,1
80.69,0.0941073611131907,0.016586500053861027,1
80.7,0.09752578432172047,0.0165535833858383,1
80.71,0.10110667005434132,0.016507673579125772,1
80.72,0.10510024670640299,0.0164537617210912,1
80.73,0.10665631692515898,0.016327043515853686,1
80.74,0.10568050940244979,0.016274504994652588,1
80.75,0.1040987758691439,0.016287521438682385,1
80.76,0.10242958851769085,0.016385422832403417,1
80.77,0.10070552498377454,0.01654841092752377,1
80.78,0.09896457665387198,0.01661751964229689,1
80.79,0.09687156138154117,0.01673919798524987,1
80.8,0.0951859157798759,0.016835383189611367,1
80.81,0.09360430812259599,0.016975484276814893,1
80.82,0.0915252119339149,0.017080832515821806,1
80.83,0.08878357969796334,0.01712240193176479,1
80.84,0.08596006405195555,0.01714194134836138,1
80.85,0.08326161764357638,0.016985515405575732,1
80.86,0.08008528596755385,0.016825343326347435,1
80.87,0.07631546141264696,0.016697020976246472,1
80.88,0.07253123037863435,0.016667332605694078,1
80.89,0.06849756894037969,0.01652102738782282,1
80.9,0.06447610941029719,0.01640039762329792,1
80.91,0.06049502374469513,0.01620485328217493,1
80.92,0.056981845699627776,0.01625362130118807,1
80.93,0.05449159525164068,0.016434317627265407,1
80.94,0.05202491852867016,0.016630841380621035,1
80.95,0.05018144588316148,0.016894953256955603,1
80.96,0.04900538277026576,0.017220037403918666,1
80.97,0.048345364071371584,0.017502726615904473,1
80.98,0.04783955309393046,0.017832491110212446,1
80.99,0.04794784716984533,0.018165216452804157,1
81.0,0.04854393904512152,0.01845943607137528,1
81.01,0.049142278409342696,0.018766831544858337,1
81.02,0.04976740059687633,0.018792983262858477,1
81.03,0.050384686928168804,0.0189156114489543,1
81.04,0.05100690687884606,0.01901692599342533,1
81.05,0.051710087569587664,0.019270376276571903,1
81.06,0.052508601931805496,0.019410771945605493,1
81.07,0.05387016788696217,0.01958391495981588,1
81.08,0.05570515421680822,0.019704309020643688,1
81.09,0.05768916567709827,0.019830704005912667,1
81.1,0.05932177833220358,0.020071766520550465,1
81.11,0.06130173783074645,0.02032605841203248,1
81.12,0.06319164202703287,0.020670720131535057,1
81.13,0.06514649138470362,0.020834315369521263,1
81.14,0.06715329687148185,0.020886492549916525,1
81.15,0.06910165171301418,0.02097184280817791,1
81.16,0.07099155590930047,0.021131207168128725,1
81.17,0.07229695365312706,0.021371881409894048,1
81.18,0.07301135042835553,0.021558397418011913,1
81.19,0.07366080204219963,0.02170111756879327,1
81.2,0.07419984688169022,0.02177766302626047,1
81.21,0.074271286559213,0.021947936827526677,1
81.22,0.07432973720445887,0.022198448296591542,1
81.23,0.07432324268832038,0.022479193589042403,1
81.24,0.07425829752693595,0.02284827226701862,1
81.25,0.07419335236555151,0.023136563303006518,1
81.26,0.07412840720416707,0.023501896775488404,1
81.27,0.07406346204278269,0.023827173572344266,1
81.28,0.07405696752664424,0.024105624072362716,1
81.29,0.07405047301050581,0.02437921720199511,1
81.3,0.07404397849436738,0.02462727100178599,1
81.31,0.07403748397822893,0.024824689814943214,1
81.32,0.07403748397822893,0.02494544756368176,1
81.33,0.07404397849436736,0.025038761782333264,1
81.34,0.07410892365575172,0.025110054680565413,1
81.35,0.07417386881713608,0.025135383762154705,1
81.36,0.07423881397852053,0.025160661249879167,1
81.37,0.07435571526901248,0.025142894380271674,1
81.38,0.07494022172147212,0.025163524332078788,1
81.39,0.07552472817393177,0.025281481864874892,1
81.4,0.0761092346263914,0.02551112113252906,1
81.41,0.07669374107885107,0.025738657075974985,1
81.42,0.07727824753131068,0.025990456635442454,1
81.43,0.0779082155967395,0.026189951092427353,1
81.44,0.07894733817889006,0.026380642835395027,1
81.45,0.07999295527717915,0.026595878416800663,1
81.46,0.08114897914982158,0.026736567167348704,1
81.47,0.08273364108760121,0.026936532196365586,1
81.48,0.0839675991539051,0.027117578802435722,1
81.49,0.08520805173634745,0.02728950781420608,1
81.5,0.08654592206086631,0.027351348745162412,1
81.51,0.08824099077299948,0.027396461853163797,1
81.52,0.08999451013037865,0.027494315429414024,1
81.53,0.09170256787478864,0.027670722548804115,1
81.54,0.09305342723158438,0.027899542299386605,1
81.55,0.09487838626648627,0.028091588146967626,1
81.56,0.09681375207574176,0.028472828216370094,1
81.57,0.09921022853082649,0.02880045931079213,1
81.58,0.10155474885680374,0.029171167535145367,1
81.59,0.10406163208624195,0.02938903757567479,1
81.6,0.10747125305892355,0.02979802565605367,1
81.61,0.11058212628923678,0.030208990922407364,1
81.62,0.11369949403568845,0.030561872534084534,1
81.63,0.11758910877417326,0.030973912948844082,1
81.64,0.12243579145360467,0.03130246099757067,1
81.65,0.1272735562020527,0.031600429495276146,1
81.66,0.1319226900685031,0.03170077846952914,1
81.67,0.13581041019456538,0.03183168301064961,1
81.68,0.13978288180392173,0.03195046937914471,1
81.69,0.14381112373087424,0.03214583494197487,1
81.7,0.14671366539264835,0.03219599135496193,1
81.71,0.14933620829020758,0.03233573859830139,1
81.72,0.15192578636448537,0.032083677704829255,1
81.73,0.1537326570872611,0.031702818013146575,1
81.74,0.15459187848212913,0.031400745900356915,1
81.75,0.15557641220875196,0.03109688284475093,1
81.76,0.15635853767644223,0.03077744919150888,1
81.77,0.15657600057665041,0.03055759423367552,1
81.78,0.15688141660336843,0.030265916212951854,1
81.79,0.15708978472586985,0.029975957453665714,1
81.8,0.15729615270825897,0.0297027546964073,1
81.81,0.15746922236343142,0.029436014625051517,1
81.82,0.15752609099019096,0.029480896031963456,1
81.83,0.15754600957040468,0.029414836750110824,1
81.84,0.15750792451767298,0.02937063005610987,1
81.85,0.1575211796128272,0.0292203529219956,1
81.86,0.15673898660809477,0.029041180629862228,1
81.87,0.15578406287935517,0.028769533140353853,1
81.88,0.15402089306313566,0.028640706528216344,1
81.89,0.15193191821431623,0.02859192078352684,1
81.9,0.14956490190448146,0.028466144680524184,1
81.91,0.14712028776588304,0.02828734609865548,1
81.92,0.14350416999072307,0.028205002002983773,1
81.93,0.13928473612066852,0.028284612683369258,1
81.94,0.1345767454504215,0.028338673361314883,1
81.95,0.12963810924816377,0.028395596005080053,1
81.96,0.12521188555364654,0.028466327863798227,1
81.97,0.1208311644465813,0.028450483944950453,1
81.98,0.11701036296449202,0.028363781289428527,1
81.99,0.11331310806680735,0.028227893104460382,1
82.0,0.10955020231772497,0.02815263795177418,1
82.01,0.10643880948567255,0.02807587707688147,1
82.02,0.1044060461609712,0.027917193092876737,1
82.03,0.10188678635938539,0.027665833012335515,1
82.04,0.09926549044732313,0.02743310457030299,1
82.05,0.0962589366743359,0.02729241016465202,1
82.06,0.09394644173820049,0.027086092726349376,1
82.07,0.09169145777054809,0.027009466621474135,1
82.08,0.09002512014129258,0.026909082098192497,1
82.09,0.08803381910155264,0.026797093743431716,1
82.1,0.08546117724018883,0.026732966877593543,1
82.11,0.08269423987409757,0.02665358038538545,1
82.12,0.08044508915812826,0.0266334037850135,1
82.13,0.07910498939626667,0.026675921261517115,1
82.14,0.07762636821469515,0.026719258096388438,1
82.15,0.07617166404060888,0.02674637687911124,1
82.16,0.07445738170990873,0.026788162970852656,1
82.17,0.07331481955910682,0.026763477149967976,1
82.18,0.07184475664908124,0.02683531627900073,1
82.19,0.07001487540032231,0.026845989565652494,1
82.2,0.06743665214047162,0.026733950751531305,1
82.21,0.0648657533785182,0.0266047345328742,1
82.22,0.062236258633386304,0.02638785624276906,1
82.23,0.05966535987143279,0.02619076857805142,1
82.24,0.05743138801275528,0.02601683471368216,1
82.25,0.05477259527603416,0.025879596691671544,1
82.26,0.05146192222645309,0.025834096817882908,1
82.27,0.048092653193693616,0.025782952404807623,1
82.28,0.04525074800953995,0.02562871136009672,1
82.29,0.04259927977071625,0.0254744703153858,1
82.3,0.04101718822489872,0.025416841793186103,1
82.31,0.039618209126513815,0.02538972248862154,1
82.32,0.03822655452602621,0.025289720053039744,1
82.33,0.0368348999255386,0.025209330685937677,1
82.34,0.03551649030402396,0.025099642784439952,1
82.35,0.03473276902901254,0.024961867031786093,1
82.36,0.034718120033217933,0.024616095898588004,1
82.37,0.03523083488602913,0.024377833437056556,1
82.38,0.03581679471781338,0.02413593892580664,1
82.39,0.036483324026467895,0.023941987470840493,1
82.4,0.03725972080358202,0.023539556362034357,1
82.41,0.03843896496504781,0.023118480731340072,1
82.42,0.039281282223237686,0.02280297667912924,1
82.43,0.040086976991941047,0.02238964942116769,1
82.44,0.040951267743822774,0.02196760524388183,1
82.45,0.04164676315205318,0.021559847128821936,1
82.46,0.042737287190490685,0.021336112866164384,1
82.47,0.04343915256361395,0.021038769062545877,1
82.48,0.04414574294462142,0.020804865060676605,1
82.49,0.04489222682186966,0.020683070326784028,1
82.5,0.046059804815756236,0.020827868042226944,1
82.51,0.046865891574126115,0.02090946809256853,1
82.52,0.04803479003561357,0.020982351223585792,1
82.53,0.04969249109350107,0.021109472963732164,1
82.54,0.05115428041208712,0.02141553368667502,1
82.55,0.05272346127074086,0.021741207478097605,1
82.56,0.05445683816964962,0.021979712076276973,1
82.57,0.0564860603511892,0.022126446884903072,1
82.58,0.05912510541745967,0.022194971556258193,1
82.59,0.061562071294557826,0.022244851705725186,1
82.6,0.0635095311477272,0.022324030389587808,1
82.61,0.0658777097944273,0.022388196601280774,1
82.62,0.06952548013983112,0.022524277397399393,1
82.63,0.07333635373951018,0.022684329721659912,1
82.64,0.07712845071405872,0.022723313721971516,1
82.65,0.08091087551447874,0.022738810467437025,1
82.66,0.08401515589188606,0.022825979660680288,1
82.67,0.08687413362387075,0.02301968897899859,1
82.68,0.08935125585808032,0.023160128234779365,1
82.69,0.09173277551231182,0.023149716358919777,1
82.7,0.09401349232142293,0.023051893153169058,1
82.71,0.09577115721228827,0.0230951218811602,1
82.72,0.09622872747097636,0.022973476809124878,1
82.73,0.09615408463287968,0.022948669025540092,1
82.74,0.096193010090885,0.022873839214293496,1
82.75,0.09625652409482373,0.022779281439638283,1
82.76,0.09629795745261742,0.022723013633383794,1
82.77,0.09632025328875263,0.022659273105672086,1
82.78,0.09621438298421285,0.022661379703853235,1
82.79,0.09608469180595551,0.022797518476042205,1
82.8,0.09595724248219657,0.022936635933291052,1
82.81,0.09577043335994191,0.023113929815995245,1
82.82,0.0956374211734257,0.023297605486542642,1
82.83,0.09550326703238989,0.02340863151604567,1
82.84,0.09484758071219318,0.023724814339195554,1
82.85,0.09425059614934987,0.0240779253852019,1
82.86,0.09365361158650655,0.024407141698771728,1
82.87,0.09305662702366324,0.024654295294882785,1
82.88,0.09245964246081993,0.02487731279762361,1
82.89,0.09186265789797662,0.02512856952960761,1
82.9,0.09126567333513329,0.025356172890088794,1
82.91,0.09066868877229,0.02556857051174676,1
82.92,0.09007170420944668,0.02581065552825009,1
82.93,0.08947471964660339,0.026115977109383407,1
82.94,0.08941502119031905,0.026225554973284236,1
82.95,0.08941502119031905,0.026318720293693303,1
82.96,0.08953441810288773,0.02639330082220731,1
82.97,0.09073502039038378,0.026565391167937012,1
82.98,0.09211471804673291,0.026666038677290862,1
82.99,0.09462868637248446,0.026675210392771553,1
83.0,0.097679940804795,0.026737240152733027,1
83.01,0.10091600435029019,0.026731930212191553,1
83.02,0.10472896183713087,0.026813510207782897,1
83.03,0.10855092443210702,0.026964360791346773,1
83.04,0.11244613999078569,0.027076593625518296,1
83.05,0.1162838589359559,0.027091558003407817,1
83.06,0.12001372653601022,0.0271251071731924,1
83.07,0.12263082039015873,0.027123900368523874,1
83.08,0.1249756124691218,0.02729647343612096,1
83.09,0.1262100217820866,0.027652480813331756,1
83.1,0.12689338216775117,0.027979524878498297,1
83.11,0.12749861176807212,0.028291604565775293,1
83.12,0.12792617847357393,0.02866257632087564,1
83.13,0.12845459021995936,0.02888173204867728,1
83.14,0.1288851060824445,0.029105956356086687,1
83.15,0.1294349268060644,0.029406933440413393,1
83.16,0.13005441500813142,0.029712496382480455,1
83.17,0.13059421138999247,0.030103018373210708,1
83.18,0.13141288965061632,0.030407615871542965,1
83.19,0.13209938859506648,0.030712879829495342,1
83.2,0.13235459129187016,0.030998963128104986,1
83.21,0.13264055738513608,0.03128457714391108,1
83.22,0.1330861268281053,0.03147693973061346,1
83.23,0.13380327150666413,0.031754193233640815,1
83.24,0.13430012903322391,0.03216310610481065,1
83.25,0.13482118158290002,0.032658955857698485,1
83.26,0.1354210801531513,0.03315836187170437,1
83.27,0.13570505297318328,0.03356903327934968,1
83.28,0.1357756464310159,0.033931106445915606,1
83.29,0.13580010830787917,0.03401387217132859,1
83.3,0.13627015758077918,0.03403658194661685,1
83.31,0.13718583141998705,0.034048291176182965,1
83.32,0.13774985070194729,0.034050329015034436,1
83.33,0.1382061094785314,0.034014269370861834,1
83.34,0.1386727216834964,0.03424776973676332,1
83.35,0.1389019881142298,0.03437414264287236,1
83.36,0.13906519654934468,0.034521527970346244,1
83.37,0.13935807669464775,0.0346699374813323,1
83.38,0.1396232571129685,0.03491402884770972,1
83.39,0.13985261984212952,0.035271264791970264,1
83.4,0.1401208624385308,0.035727164316961844,1
83.41,0.14092628421196704,0.03652693789259005,1
83.42,0.14200736523291657,0.03730067289082288,1
83.43,0.1431652078798248,0.03804068980483485,1
83.44,0.14406300857929702,0.038317342657246324,1
83.45,0.144667200820679,0.03864245752301451,1
83.46,0.14527139306206102,0.038972981706202794,1
83.47,0.14587558530344302,0.03927903797614841,1
83.48,0.14675976907131927,0.03956177972804275,1
83.49,0.15035544972734918,0.03983420279569345,1
83.5,0.15508583288548697,0.04010920250539531,1
83.51,0.1592783375848334,0.039962720212125866,1
83.52,0.16353715606677055,0.039870892046164313,1
83.53,0.16832648480943338,0.039711824701326115,1
83.54,0.170890963224452,0.03963047139285807,1
83.55,0.17330318504564315,0.039664676787679376,1
83.56,0.1759403307059723,0.0396898493356682,1
83.57,0.1785698527155365,0.0396645271846112,1
83.58,0.181030808291629,0.03970853546001247,1
83.59,0.18223518453973245,0.039660259342056345,1
83.6,0.18288197799257613,0.0396366392026114,1
83.61,0.1835264919969972,0.03951158896910872,1
83.62,0.18413837825671098,0.03936707776524844,1
83.63,0.18447556656009426,0.03932759989197845,1
83.64,0.18480877697018996,0.03906875513560674,1
83.65,0.185084315218647,0.0387377390276333,1
83.66,0.18511453224399899,0.03841445101834587,1
83.67,0.185114532243999,0.038084581642806564,1
83.68,0.18511453224399904,0.037677900807717817,1
83.69,0.18511453224399907,0.037321912249964576,1
83.7,0.1851145322439991,0.0369251887562341,1
83.71,0.1851145322439991,0.03656778098078864,1
83.72,0.18511453224399915,0.0361732146467548,1
83.73,0.18506080967673738,0.03569826900828613,1
83.74,0.18500371235572025,0.03544525113489222,1
83.75,0.18491635293999142,0.035188694549982316,1
83.76,0.18482558984283073,0.034948062166894396,1
83.77,0.18449240979834555,0.034687208575143645,1
83.78,0.18410124984051437,0.03442534392295974,1
83.79,0.18370587412865091,0.0342433530449941,1
83.8,0.18306538646678006,0.03406060387170362,1
83.81,0.18236472674911608,0.033948881693841415,1
83.82,0.181657943617177,0.033849545006285196,1
83.83,0.1810033429687643,0.03364126655705789,1
83.84,0.17998908133631422,0.033539149453310525,1
83.85,0.17748792783163847,0.033517411653998,1
83.86,0.17477801794851835,0.03347140840429005,1
83.87,0.17300467305735326,0.033461803330175226,1
83.88,0.17158666700929887,0.03334628967568873,1
83.89,0.1699371511073717,0.03303867453890515,1
83.9,0.1681912399978379,0.03275128061078441,1
83.91,0.16610598118705225,0.03245883138049795,1
83.92,0.16393341594305616,0.032123159316694655,1
83.93,0.16165714856620556,0.031947234801327856,1
83.94,0.1589899007628394,0.031670204242646806,1
83.95,0.15671482169584783,0.031384579670284046,1
83.96,0.1532757344790604,0.031098955097921273,1
83.97,0.14941452945229375,0.03064321960768228,1
83.98,0.14536838340618005,0.030272918724043807,1
83.99,0.1417212850160113,0.029982997144840148,1
84.0,0.13875565372753196,0.029703438935076206,1
84.01,0.13669635732098867,0.029474433746969377,1
84.02,0.13460142683311324,0.029362458803998796,1
84.03,0.13203620953802372,0.029199678074262804,1
84.04,0.12986209412808153,0.028936044066320867,1
84.05,0.12537500114760963,0.028590008633077795,1
84.06,0.12171741073997162,0.028257875280790448,1
84.07,0.11833001999354777,0.028115821289933896,1
84.08,0.11502747192821805,0.027970734117777916,1
84.09,0.11110338382490206,0.02793256658642679,1
84.1,0.10598512965201554,0.027888838222693377,1
84.11,0.09927774869202023,0.027829943952462834,1
84.12,0.09038838864924369,0.02779632619306085,1
84.13,0.08162469664278621,0.027857242584157695,1
84.14,0.07289407517220217,0.027437146974187022,1
84.15,0.06642547835536035,0.02702867855919751,1
84.16,0.05983121350219951,0.026710700052974243,1
84.17,0.05366686561539321,0.02640308491619068,1
84.18,0.0478464513016705,0.026094711484082274,1
84.19,0.04262130663366935,0.025710508519488157,1
84.2,0.03871236929343058,0.025230507578853794,1
84.21,0.036066726423556614,0.0244666514216147,1
84.22,0.035689722314599555,0.02355037790407937,1
84.23,0.03561696713567801,0.02268769058950059,1
84.24,0.035722792850472994,0.022634609916760612,1
84.25,0.03631806249619456,0.02254960244453627,1
84.26,0.03729695035804786,0.022382710729292453,1
84.27,0.038427962684919034,0.022182829066346988,1
84.28,0.039803696977253535,0.02194613102505946,1
84.29,0.04236997056103129,0.021870858580891592,1
84.3,0.045524899683356,0.02197017687881709,1
84.31,0.049876982204298675,0.022355269036724253,1
84.32,0.055895819733261895,0.022781904489278814,1
84.33,0.061921271369399795,0.023140729701518738,1
84.34,0.06801286407728448,0.023348703961444346,1
84.35,0.07421028249996428,0.023506306133191632,1
84.36,0.08082438967464921,0.02363359367315842,1
84.37,0.08739881220628602,0.02394006339973822,1
84.38,0.09354331777156835,0.02419371442248159,1
84.39,0.09903302672655678,0.024447803969972922,1
84.4,0.10441029585957556,0.024583860687577272,1
84.41,0.10870946552312077,0.024767211190512776,1
84.42,0.1124728925055165,0.024930278648067128,1
84.43,0.11676544806188698,0.025078768789904282,1
84.44,0.12112414469000436,0.025233686943731782,1
84.45,0.1266138536449928,0.025641703719831526,1
84.46,0.13221600242195095,0.026114873053869617,1
84.47,0.13883672370381042,0.026408162181912817,1
84.48,0.14552358605741675,0.026758207725245696,1
84.49,0.1522633612684207,0.02711472012126182,1
84.5,0.15895022362202715,0.02748527971246001,1
84.51,0.16552464615366386,0.027824290796688113,1
84.52,0.17143104386065758,0.028264472004047587,1
84.53,0.1783163294295045,0.028723731675763232,1
84.54,0.18489736606831586,0.02927517449904359,1
84.55,0.18838573051498658,0.02966352214440266,1
84.56,0.19023393275296482,0.0300987609100984,1
84.57,0.19152647243648768,0.03053996447886842,1
84.58,0.19280712433456196,0.03097682991574719,1
84.59,0.19377809466589604,0.03134570918340524,1
84.6,0.1947697515924359,0.03170934919226516,1
84.61,0.19612746952398374,0.032267063843100525,1
84.62,0.19807916019824762,0.032759628780911466,1
84.63,0.19959501850378336,0.03343207683662919,1
84.64,0.2013218308626282,0.03380502684446443,1
84.65,0.20348646238019594,0.03407050887452727,1
84.66,0.20576124459873837,0.03424998124190602,1
84.67,0.2080440129871777,0.03459696378363106,1
84.68,0.2105205671916207,0.03502482350396836,1
84.69,0.21351039969841032,0.03545139736317825,1
84.7,0.21653357326021935,0.03586088815802064,1
84.71,0.21956323829620064,0.03614395345711676,1
84.72,0.22182163993302573,0.0364799185497388,1
84.73,0.22381583939428587,0.03666778526187365,1
84.74,0.22566302887037606,0.03696728585742647,1
84.75,0.22775731788982226,0.03731980130786574,1
84.76,0.22977302887291748,0.037626087058565426,1
84.77,0.23174439477889855,0.03775970667022804,1
84.78,0.2334809725238939,0.03784906917790167,1
84.79,0.23520737121330865,0.03788255885853797,1
84.8,0.23713094328655634,0.037950007432208416,1
84.81,0.23885177535701171,0.03788030771904929,1
84.82,0.24056029788479388,0.0376422958184971,1
84.83,0.24227472775217615,0.03754919271591458,1
84.84,0.24409934617994447,0.037492343067593754,1
84.85,0.24563733879044722,0.037739906279725954,1
84.86,0.24681853703059659,0.03800301811362112,1
84.87,0.24804171781137882,0.0385819613270765,1
84.88,0.24923645604075728,0.03917548137343465,1
84.89,0.250132491568206,0.03999858653801158,1
84.9,0.25040067698316504,0.040842099268652385,1
84.91,0.2506710546757296,0.041709906720797836,1
84.92,0.25058178788652297,0.0425490464015678,1
84.93,0.2508321503598953,0.04339790397093962,1
84.94,0.2508148065653685,0.044324990543556375,1
84.95,0.2507602896873403,0.045015689475933054,1
84.96,0.2508742660118424,0.04559949163368936,1
84.97,0.25149774148058324,0.045823731913177124,1
84.98,0.25209748964384565,0.04604870103431003,1
84.99,0.2525826600080092,0.04610749426035124,1
85.0,0.2532559201043868,0.046155354861715375,1
85.01,0.2544286171718165,0.04614490813146838,1
85.02,0.2561836622343313,0.04622216534585311,1
85.03,0.2575409650105693,0.04639538671018113,1
85.04,0.25901834577111393,0.0463416953756559,1
85.05,0.2603560974176954,0.04636671893880566,1
85.06,0.2616680112170538,0.046539454408703586,1
85.07,0.26257132706730996,0.04670222904278461,1
85.08,0.2629001105167139,0.046894157342671196,1
85.09,0.2632048730370449,0.04700324064222697,1
85.1,0.2633606616704173,0.04706397744598853,1
85.11,0.2636436778841235,0.04715969864871677,1
85.12,0.26390755251830594,0.0472600358485309,1
85.13,0.26446036225915687,0.047080740803826696,1
85.14,0.2653096707073075,0.046986720231603746,1
85.15,0.2661282481400962,0.046855528735478706,1
85.16,0.26652959916760705,0.046698827781773804,1
85.17,0.26676266519717773,0.04639562965739598,1
85.18,0.26753731129991315,0.0460632778672126,1
85.19,0.26813826661292905,0.04583150622405841,1
85.2,0.2689805830036339,0.04566703095947205,1
85.21,0.26891126108770136,0.04548506349540235,1
85.22,0.26863842132726207,0.045385941031663456,1
85.23,0.2679481485799969,0.04528171667640858,1
85.24,0.26687679324984964,0.04515295465243404,1
85.25,0.2653799334237929,0.04478051657176802,1
85.26,0.2641899828702629,0.04439277281655409,1
85.27,0.2628859269170965,0.044332257472591056,1
85.28,0.2616015027619383,0.0442807830709088,1
85.29,0.26024866171178895,0.044138788856906835,1
85.3,0.2588863508861435,0.04404795134975282,1
85.31,0.2575168332896116,0.04413323926337429,1
85.32,0.2557199063085246,0.044009950511125745,1
85.33,0.25381723830213393,0.04386286662371598,1
85.34,0.25172250589196715,0.04361797195117871,1
85.35,0.2502467538271385,0.04353707581310334,1
85.36,0.24889461736678295,0.04337896063413785,1
85.37,0.24787379435244863,0.04312744718666716,1
85.38,0.24648343037362816,0.04288034625581877,1
85.39,0.24507250020206184,0.042603583407676074,1
85.4,0.2434696876371996,0.042306719094920696,1
85.41,0.24205402768850337,0.04176446983000336,1
85.42,0.24081849851927278,0.04120898301521916,1
85.43,0.23935081330059507,0.04051523734626976,1
85.44,0.23792370618595435,0.04002348688269644,1
85.45,0.23657206437420777,0.03965185492717444,1
85.46,0.2352866234325106,0.03938710392983685,1
85.47,0.23363530142271713,0.038989242014393424,1
85.48,0.23233896238275395,0.038762487687970006,1
85.49,0.23155660192268032,0.03856073762240624,1
85.5,0.2309680924579011,0.03837957930107984,1
85.51,0.23035919584761214,0.038389139753761445,1
85.52,0.22984604351894283,0.038305547077750204,1
85.53,0.23006494842314265,0.038483763721328335,1
85.54,0.23012976914667246,0.038646291416916105,1
85.55,0.2302296653397289,0.0387892079275159,1
85.56,0.2295998643697653,0.0390946521337035,1
85.57,0.22887331501521976,0.03955183788373553,1
85.58,0.22768909234897827,0.039897239879336154,1
85.59,0.22633124599543655,0.040251466908181356,1
85.6,0.22426520797268548,0.041458045064566185,1
85.61,0.22258796210436668,0.042680067029129035,1
85.62,0.22082763677324002,0.04398028859383142,1
85.63,0.21937918226027672,0.0450684642208514,1
85.64,0.21831429051765477,0.04617625103285934,1
85.65,0.21689776297456875,0.04707640442380718,1
85.66,0.21635268473750316,0.04778436820187292,1
85.67,0.21641012604602552,0.048130260477098286,1
85.68,0.21796672412372123,0.04858891706600446,1
85.69,0.21918363058138016,0.04886494449471019,1
85.7,0.22099642655311816,0.048301858345743146,1
85.71,0.22256841737324065,0.0476848414380592,1
85.72,0.2244009508430243,0.047087435715363224,1
85.73,0.22616918545761192,0.04642114570539698,1
85.74,0.22720820475490455,0.045680333192476476,1
85.75,0.2279973093826834,0.04506111002648135,1
85.76,0.22849285566760583,0.04445733066866427,1
85.77,0.22821526446376897,0.044285977939831876,1
85.78,0.22693451918403787,0.04399622268163464,1
85.79,0.225668536675287,0.043957735731095765,1
85.8,0.2242818339626979,0.04390527581125296,1
85.81,0.22270240394109797,0.04385355131084721,1
85.82,0.22108077311798185,0.043988133067827166,1
85.83,0.21875791516845877,0.044029806835926596,1
85.84,0.21645182302185578,0.0440555465162233,1
85.85,0.21400649209441808,0.04401558872681032,1
85.86,0.21172627484207,0.04396314154764635,1
85.87,0.21007332452611166,0.04394355143232111,1
85.88,0.20853342176412623,0.04411923065756371,1
85.89,0.20726499170661633,0.04421187788349872,1
85.9,0.20615186146089906,0.04437990690619415,1
85.91,0.20502179578926655,0.044599413596576834,1
85.92,0.20400470463314213,0.044607432075134894,1
85.93,0.20301748450901186,0.04485092613705214,1
85.94,0.20198501672545277,0.0451859242784458,1
85.95,0.20096796088720542,0.045544726455598046,1
85.96,0.20000204193468,0.045724129638913154,1
85.97,0.1990872598678765,0.0459242188806085,1
85.98,0.1980417946486725,0.04578751084473126,1
85.99,0.1970361025628077,0.04576907656026627,1
86.0,0.19560426976259354,0.04590764456551776,1
86.01,0.1942235738481013,0.04599847000095347,1
86.02,0.19275196791454788,0.045971506474239233,1
86.03,0.19158718329532604,0.046071218745484525,1
86.04,0.19050194494278266,0.04635174694876951,1
86.05,0.18911556715209907,0.04656965571003677,1
86.06,0.18764396121854568,0.046820054517911006,1
86.07,0.18652463160885446,0.04717625899971123,1
86.08,0.1853428013610586,0.04747139223568262,1
86.09,0.18393937794180112,0.04771834133829782,1
86.1,0.1829280039797451,0.04804560421648103,1
86.11,0.18176325820857386,0.04828965099580447,1
86.12,0.17996551145167494,0.04850306384269615,1
86.13,0.1777915378778343,0.048731725298973946,1
86.14,0.17568246476196675,0.0488302756449017,1
86.15,0.17381605279862825,0.048940885366835093,1
86.16,0.1714188227378128,0.049087996647273986,1
86.17,0.16893119051433092,0.04940542316511259,1
86.18,0.1663545121805425,0.04968917428841164,1
86.19,0.1640291281595661,0.049945401903090644,1
86.2,0.16149947706483617,0.050045836585658386,1
86.21,0.15848198567941862,0.050173758362797236,1
86.22,0.15552999808023069,0.05054116826778397,1
86.23,0.15253061303587448,0.05082526518940195,1
86.24,0.14847774680131268,0.05114207488821652,1
86.25,0.14436625723376606,0.0513267801299277,1
86.26,0.1393145727758531,0.05144588654317025,1
86.27,0.13333735341451816,0.05138429691513565,1
86.28,0.12746707905533075,0.05116485319459094,1
86.29,0.12014237894779864,0.0509360189665038,1
86.3,0.11279414253342693,0.050702515235303204,1
86.31,0.10611015887320228,0.05047099739731941,1
86.32,0.09973582096547251,0.05011910552824762,1
86.33,0.09385547902856721,0.04966400177031389,1
86.34,0.08892331434418516,0.04916124784413255,1
86.35,0.08411468587465175,0.04871199107893966,1
86.36,0.08063063449286219,0.04815915353870577,1
86.37,0.07851503352589143,0.0476418948568924,1
86.38,0.0769333704772802,0.04726203278189914,1
86.39,0.07647825297571972,0.04685118048216618,1
86.4,0.07651923458305726,0.045622770400955096,1
86.41,0.07644356482898747,0.044428132165566986,1
86.42,0.07656014756508742,0.043290259155030715,1
86.43,0.07689732325013011,0.04217762997465737,1
86.44,0.07710020342914299,0.040986285462488274,1
86.45,0.07711720417387015,0.03972300019351986,1
86.46,0.07763883614868403,0.038643198148526965,1
86.47,0.07838641952456046,0.03757917618469154,1
86.48,0.07923186170006187,0.036610211188756785,1
86.49,0.0798994366738293,0.03574269586772191,1
86.5,0.08014770049915262,0.035719023446204805,1
86.51,0.08075349929161992,0.03573597610219187,1
86.52,0.08152021029030582,0.03574025117333841,1
86.53,0.08224017806242884,0.0357716484907475,1
86.54,0.08300014052330855,0.03579308136838495,1
86.55,0.08411263062971336,0.03601018166882951,1
86.56,0.08517027332150495,0.036389951663381354,1
86.57,0.08633082680179209,0.03673993617587894,1
86.58,0.08749312037772373,0.03702120771807591,1
86.59,0.08851743938108303,0.0372432563681763,1
86.6,0.08962353369906932,0.03739837360204456,1
86.61,0.09043205715463513,0.037672456922314815,1
86.62,0.09117896187409867,0.03777878772867566,1
86.63,0.09200708470192775,0.037871339007273346,1
86.64,0.09272303377337165,0.03796903850768775,1
86.65,0.09300173648738304,0.03815441154357523,1
86.66,0.09255528545434531,0.03799945655175186,1
86.67,0.09206475773752497,0.037812237920956344,1
86.68,0.09115580676384749,0.03750000241535382,1
86.69,0.09016322153555406,0.03717694330178461,1
86.7,0.08878720188160581,0.03681086874316435,1
86.71,0.08698574931139942,0.03633237414581846,1
86.72,0.08481162370179257,0.03606961495704896,1
86.73,0.08253747466052648,0.03592253929633255,1
86.74,0.0799260771359614,0.035795680665580074,1
86.75,0.07695014801808818,0.035495927817402816,1
86.76,0.0742800184905374,0.03537539447393701,1
86.77,0.07169592258013237,0.03525214084325837,1
86.78,0.06954993509544795,0.035377885659093215,1
86.79,0.06749415504927898,0.035336109913386,1
86.8,0.06582769131670323,0.035376029999412924,1
86.81,0.06458852597709562,0.03529325138369607,1
86.82,0.06377665903045618,0.035214971905582655,1
86.83,0.06284074472458276,0.0350620711599536,1
86.84,0.06239025400683389,0.03477089204595109,1
86.85,0.0626039695278957,0.03449467279976379,1
86.86,0.06296873659081285,0.03424961476175168,1
86.87,0.06392378226932299,0.03392772683186651,1
86.88,0.06611150617019113,0.03404348302888146,1
86.89,0.0684511849439033,0.03416892702264263,1
86.9,0.07150205018451875,0.03412491967059356,1
86.91,0.07470034398019418,0.03412247006603856,1
86.92,0.07843490262668742,0.03410682104838726,1
86.93,0.08303360511914684,0.034084849760306984,1
86.94,0.08751268818261163,0.03419401098134823,1
86.95,0.09184113937252768,0.03428106095326705,1
86.96,0.09805248898180335,0.03433848423578875,1
86.97,0.10425054754341295,0.03437615467244032,1
86.98,0.10961127010206027,0.033962715286891085,1
86.99,0.11496313196226357,0.033763650589222,1
87.0,0.12019980474269425,0.033658988267398895,1
87.01,0.12507761923614116,0.033625326097252474,1
87.02,0.1295965754426042,0.033406696071415304,1
87.03,0.13408008885529105,0.0332586499971651,1
87.04,0.13828892061621254,0.03316246857456691,1
87.05,0.14228952596369893,0.0331088647297155,1
87.06,0.14436735974882747,0.03305882703849157,1
87.07,0.14597114616719967,0.033255070399406034,1
87.08,0.14725151709236423,0.0334811321023496,1
87.09,0.14841669893775616,0.033675742462794575,1
87.1,0.1489040373521787,0.033861912028539366,1
87.11,0.14938694541737915,0.03399728403619791,1
87.12,0.1497901071965832,0.03425779167338407,1
87.13,0.14983441068880346,0.03496453550875016,1
87.14,0.14983441068880346,0.03567025291725043,1
87.15,0.14983441068880346,0.03626344935905546,1
87.16,0.14983441068880346,0.036886713442956215,1
87.17,0.14983441068880346,0.03740555396619478,1
87.18,0.14983441068880346,0.0379163769150095,1
87.19,0.14983441068880346,0.0384912194778697,1
87.2,0.14983441068880346,0.039047703226342684,1
87.21,0.14983441068880346,0.039581246501205675,1
87.22,0.14983441068880346,0.040128871212579936,1
87.23,0.14983441068880346,0.04018947833835043,1
87.24,0.14983441068880346,0.04021015627253291,1
87.25,0.14983441068880346,0.040364581421538134,1
87.26,0.14983441068880346,0.040561490758644125,1
87.27,0.14983441068880346,0.04069149405838604,1
87.28,0.1491078334163918,0.04071333376308557,1
87.29,0.14798252471399806,0.04068302018937161,1
87.3,0.14642304178784615,0.04056681487790549,1
87.31,0.14477938222647577,0.04043294368412507,1
87.32,0.14281230717189777,0.040331726514512486,1
87.33,0.14080978932354357,0.04042243660448769,1
87.34,0.138328793759211,0.04048792569306842,1
87.35,0.1357946340042141,0.04046233831453482,1
87.36,0.1332604742492172,0.040301235054570596,1
87.37,0.13072631449422026,0.04002211361652616,1
87.38,0.128918732011635,0.03985654021256179,1
87.39,0.12750988095903182,0.03964811796799533,1
87.4,0.12653520413018685,0.039540933339201126,1
87.41,0.12568900742878059,0.03945142462653069,1
87.42,0.12557381834900797,0.0394567489673899,1
87.43,0.12552065415834376,0.03927266525157959,1
87.44,0.1259459676836579,0.03922535189755795,1
87.45,0.12678330368662022,0.03903873277384331,1
87.46,0.1279839283257884,0.0388512873564619,1
87.47,0.12930860274317316,0.03876380476267896,1
87.48,0.13151491665574042,0.03868527412813385,1
87.49,0.13487312136603355,0.038702993373898854,1
87.5,0.13859018436331053,0.038630919128147936,1
87.51,0.14262623250457304,0.03857928855477031,1
87.52,0.14629899200962976,0.03840832506082333,1
87.53,0.14998504256235248,0.038241982201847914,1
87.54,0.1536755234642973,0.03797277999046256,1
87.55,0.1570071460792583,0.03814635514765437,1
87.56,0.1599754800580134,0.038299840587578585,1
87.57,0.16281976425855185,0.038457143073783645,1
87.58,0.1647824089639079,0.038679737141108284,1
87.59,0.16559316287153802,0.03883362437537785,1
87.6,0.16604505849218432,0.038847486280292505,1
87.61,0.16613366547662475,0.03893005501826222,1
87.62,0.166177968968845,0.03901603900816743,1
87.63,0.16625328490561944,0.0391616894583573,1
87.64,0.16660771284338124,0.039261736250349795,1
87.65,0.16703745671791742,0.039125126172930354,1
87.66,0.16778618573643922,0.038995748393727235,1
87.67,0.16853491475496102,0.03890675094623194,1
87.68,0.16928807412270486,0.03844629462645931,1
87.69,0.17008110663344686,0.03799407509076638,1
87.7,0.17087413914418895,0.037694537406306954,1
87.71,0.17166717165493103,0.03739118267556668,1
87.72,0.17253995045166948,0.03707898846922869,1
87.73,0.17405956023482322,0.03671978432448457,1
87.74,0.1753089187154336,0.036521699712226345,1
87.75,0.17656270754526598,0.036254908266913036,1
87.76,0.17725384202390154,0.036025282798544736,1
87.77,0.1778652302165406,0.035867779415166993,1
87.78,0.17735574005600796,0.03614120046717858,1
87.79,0.17628359554427855,0.03637765643941784,1
87.8,0.174808289253345,0.03661833125228329,1
87.81,0.17325323667641496,0.03677864719607847,1
87.82,0.17097603717629528,0.03707155527383959,1
87.83,0.16779061608566107,0.03750910931592717,1
87.84,0.16350203803874325,0.037748578745756545,1
87.85,0.15817396057915414,0.03795269027319502,1
87.86,0.15284550234099298,0.038132694139912396,1
87.87,0.14775753786721565,0.0380589648775404,1
87.88,0.1433772314039037,0.037921752108602894,1
87.89,0.1390474763521854,0.03781326763535802,1
87.9,0.13452533296418426,0.03770036342431427,1
87.91,0.13021658891404372,0.03757942332636351,1
87.92,0.1265158994669205,0.0374134822617334,1
87.93,0.12272624181851718,0.03667297528325091,1
87.94,0.11991165290688133,0.035878336446100126,1
87.95,0.11730615142727072,0.03514197238578828,1
87.96,0.11462468864644729,0.03436604763690914,1
87.97,0.11128042433423146,0.03369574413262543,1
87.98,0.10801921767708426,0.033000924496845545,1
87.99,0.10426460741359876,0.032264963232687856,1
88.0,0.10020953493143002,0.031561361404479446,1
88.01,0.0961732560538689,0.03094349174491112,1
88.02,0.09231592384657321,0.03038483772204712,1
88.03,0.0882787683729357,0.030302904326059685,1
88.04,0.08349576341210793,0.030291936561162483,1
88.05,0.07855479874577659,0.03022329516625536,1
88.06,0.07404798530027608,0.030085124797056054,1
88.07,0.06993706612099129,0.030003529790979894,1
88.08,0.06590330705143241,0.029919070414750736,1
88.09,0.06222105514840258,0.029828537995721733,1
88.1,0.05955045801733439,0.02987430911555143,1
88.11,0.05636974682752284,0.029925728271510625,1
88.12,0.05311187552798546,0.029890012670786465,1
88.13,0.05051415183388056,0.029676986059971853,1
88.14,0.048730895964660036,0.02949303111767845,1
88.15,0.04748347419075816,0.029441727969612946,1
88.16,0.04654897952852243,0.02940031566894914,1
88.17,0.04569164497601256,0.029308714504860826,1
88.18,0.04511723082583097,0.029267813937155076,1
88.19,0.044645696821950576,0.029324812619685184,1
88.2,0.04393410914336739,0.029256066448495616,1
88.21,0.04377121557839051,0.02906793504264165,1
88.22,0.043689768795902015,0.028818269873645237,1
88.23,0.04329539490174747,0.028729615326076877,1
88.24,0.04285815427996745,0.028493933225867536,1
88.25,0.04235232689398665,0.02825930210934658,1
88.26,0.0416150191788282,0.028096747260653934,1
88.27,0.04119063857533583,0.02794981516621358,1
88.28,0.04083484473604425,0.027817277123765947,1
88.29,0.04075768462631835,0.027616876439737332,1
88.3,0.04068052451659244,0.02744249661453689,1
88.31,0.04068052451659244,0.02735469110707447,1
88.32,0.04068052451659244,0.027340497651884312,1
88.33,0.04068052451659244,0.027213491538235032,1
88.34,0.04068052451659244,0.027175301473480906,1
88.35,0.04040189078702678,0.026782743865088394,1
88.36,0.040093250348123236,0.026333146378563543,1
88.37,0.03974602985435673,0.025906964168293682,1
88.38,0.03935594263296474,0.02548971939725823,1
88.39,0.0386915083547696,0.025161215301393418,1
88.4,0.037958487312373695,0.024817334213712967,1
88.41,0.03722117959721522,0.024513192794965104,1
88.42,0.03644529182719381,0.024207687017202776,1
88.43,0.03566940405717241,0.023901987064278703,1
88.44,0.034893516287151004,0.023671081312182957,1
88.45,0.03438762067207565,0.023745256400454752,1
88.46,0.03392049073024412,0.023825370824904966,1
88.47,0.03349193115058218,0.02385089807597707,1
88.48,0.03310622752888644,0.023809818114759292,1
88.49,0.03299480203817436,0.02375978209829995,1
88.5,0.032921946909631815,0.023676079575337513,1
88.51,0.03288766214325889,0.023547418883222093,1
88.52,0.033243366594378314,0.023458166988604885,1
88.53,0.03398906026299015,0.02344603405163725,1
88.54,0.03477332429377155,0.02325537361357412,1
88.55,0.035561873920349575,0.023076653526177562,1
88.56,0.03641899307967353,0.022951472430479552,1
88.57,0.037546104774184484,0.02269976213497599,1
88.58,0.038673216468695454,0.022509486869515,1
88.59,0.03980461375900305,0.02235869179577414,1
88.6,0.041004580582056575,0.02220019326999033,1
88.61,0.0422088330009067,0.0220411169853033,1
88.62,0.043447370186129756,0.02179542206894975,1
88.63,0.04468162177555616,0.02140825228872534,1
88.64,0.04591158776918594,0.021130765039121154,1
88.65,0.04721869448715494,0.020902147737404262,1
88.66,0.049121499020854,0.02079350938500252,1
88.67,0.050801358908971445,0.020852028210190176,1
88.68,0.05257175475990428,0.020961856086388765,1
88.69,0.054543624230676914,0.02105973160063712,1
88.7,0.05647691364658659,0.0212060170406679,1
88.71,0.0581358560056931,0.02136330959383572,1
88.72,0.05930183099710653,0.02158401741434643,1
88.73,0.060086292112653095,0.02189907343938978,1
88.74,0.06091790662858761,0.022252602284016182,1
88.75,0.0620881682927635,0.02263943595753539,1
88.76,0.0629412161725108,0.022887591556931854,1
88.77,0.06414577121878713,0.02327392025702555,1
88.78,0.06562895999462914,0.023590018898750148,1
88.79,0.06719359555295965,0.024049846877790243,1
88.8,0.0689468447128423,0.024664260020249133,1
88.81,0.07093253110934385,0.025228812316714918,1
88.82,0.0731864262689932,0.025736220252496576,1
88.83,0.07640838007593763,0.02628639618525635,1
88.84,0.07973413765282139,0.02681882566426932,1
88.85,0.08375769933208427,0.02723112521294317,1
88.86,0.08757299605677274,0.027605797631406862,1
88.87,0.09209819388299358,0.027811767314426892,1
88.88,0.09705309175731901,0.028024225917136124,1
88.89,0.10211847119608455,0.028108071845006726,1
88.9,0.10711469749089832,0.027891030575758397,1
88.91,0.1120930688251743,0.027682068998560502,1
88.92,0.11703231354161014,0.0275173549472391,1
88.93,0.12099756066946,0.02736113391924356,1
88.94,0.1246021055718634,0.027220144901211885,1
88.95,0.12715762016550727,0.02702395491906282,1
88.96,0.12967933404089466,0.02678773574213695,1
88.97,0.1313261423905585,0.02665071885445497,1
88.98,0.13236843742004062,0.026505475182328875,1
88.99,0.1329101537729917,0.02633776018570077,1
89.0,0.13338141842372186,0.026316851753360952,1
89.01,0.13406603791439425,0.026238995166777895,1
89.02,0.13487271575222085,0.026176530872160732,1
89.03,0.13556399118155216,0.026047593741272728,1
89.04,0.13642979944924719,0.025883808850533742,1
89.05,0.13736538400478387,0.025729908602326598,1
89.06,0.13865430841212992,0.02559427176906206,1
89.07,0.1401290453092302,0.02552269210408099,1
89.08,0.14204304537578605,0.025462279951725703,1
89.09,0.14377363130230608,0.025401469383164486,1
89.1,0.14575439643130306,0.025736319174604477,1
89.11,0.1478774110639448,0.026133073038664086,1
89.12,0.14972032890734496,0.026504643476658856,1
89.13,0.15101542126243594,0.02694635830777271,1
89.14,0.15251040573642033,0.02741106491218672,1
89.15,0.15468935211447682,0.02799501698490318,1
89.16,0.1565684033858321,0.028619107238126676,1
89.17,0.15855081783574404,0.029133889145406253,1
89.18,0.16148874860399373,0.02961359885612629,1
89.19,0.1647183228252617,0.030093308566846316,1
89.2,0.16794755005164097,0.03032166753555625,1
89.21,0.17135870128497965,0.030488065623677663,1
89.22,0.17435240566781351,0.030670051354714428,1
89.23,0.17759949473602213,0.0308520370857512,1
89.24,0.18017982291746132,0.03098297328624018,1
89.25,0.18210682194278097,0.030996417628254683,1
89.26,0.183577062139076,0.031024865076575207,1
89.27,0.18441962445141424,0.03103986818288125,1
89.28,0.18318947164797217,0.031078057908023864,1
89.29,0.18080573476909972,0.031109233193854578,1
89.3,0.17882631667039883,0.030981414521948664,1
89.31,0.17658193227271865,0.031048441386484667,1
89.32,0.1742712239865706,0.031096178542912925,1
89.33,0.1718917030792811,0.031140798170758106,1
89.34,0.16987346072191262,0.03123276526395868,1
89.35,0.1680588433240423,0.03138338086362828,1
89.36,0.1666101430237941,0.0314406654513422,1
89.37,0.16553185938734646,0.03163005531276372,1
89.38,0.16429122753537462,0.031737999739952526,1
89.39,0.1629666994096808,0.03180931320629025,1
89.4,0.1609282661393042,0.03203260619105268,1
89.41,0.15882803456331113,0.03211872791815999,1
89.42,0.15678670902350092,0.0322786961035788,1
89.43,0.15468959409071892,0.032433746246795105,1
89.44,0.1524470985774848,0.0326069861777392,1
89.45,0.15049769687330636,0.03271286625491068,1
89.46,0.14721616129907314,0.032738710249636024,1
89.47,0.14343949173745274,0.03257898206723137,1
89.48,0.13884274253690376,0.0324153018674513,1
89.49,0.13405778820945097,0.032312337345792176,1
89.5,0.12895386160888406,0.032051927340222226,1
89.51,0.12334323066979626,0.03185054078705936,1
89.52,0.11777999278465309,0.031577994447139594,1
89.53,0.1124568904171159,0.03133046301915638,1
89.54,0.10737252278252057,0.03117503600308756,1
89.55,0.10268005287196691,0.030960860520438945,1
89.56,0.09905203601685028,0.03078469293620183,1
89.57,0.09606957168524649,0.03054093033664243,1
89.58,0.09451545900544614,0.03038765527617091,1
89.59,0.09359840883165622,0.030082268935682208,1
89.6,0.09345359369028182,0.029766145903451904,1
89.61,0.09363062347699098,0.02945819833787699,1
89.62,0.09513611330481155,0.029134237250436984,1
89.63,0.09651706246479434,0.02874958565558262,1
89.64,0.09708388620174553,0.028354176746993007,1
89.65,0.0982429695953664,0.028059253326758536,1
89.66,0.09983315931324208,0.02777766262503419,1
89.67,0.0998867410257522,0.027611218883663184,1
89.68,0.09952412661045497,0.0274628721888606,1
89.69,0.09902620830885289,0.02743850760470521,1
89.7,0.09858782371722491,0.027455769228342735,1
89.71,0.09753245340404647,0.027395600732783496,1
89.72,0.09567067192849073,0.027369374059970586,1
89.73,0.09371688381024759,0.027337606154115218,1
89.74,0.0917143862929347,0.027373300099089778,1
89.75,0.0897064766201696,0.027426174707826885,1
89.76,0.08769856694740451,0.027475262628435207,1
89.77,0.08519815112848944,0.02742816086335071,1
89.78,0.08212945898709367,0.02738471278832054,1
89.79,0.07900664529117588,0.027348161750643387,1
89.8,0.07552662933541311,0.027174286246301648,1
89.81,0.07157034369985692,0.027013653819202187,1
89.82,0.06795502385778909,0.026870860993528863,1
89.83,0.06394461666771094,0.026807139859935245,1
89.84,0.05993420947763273,0.026679669066144773,1
89.85,0.05588050504393698,0.026566586665156,1
89.86,0.051826800610241176,0.02647926370613462,1
89.87,0.04787051497468498,0.026385706606334613,1
89.88,0.04475311343421931,0.026300416065853812,1
89.89,0.04172771853644106,0.026299181497607228,1
89.9,0.03914070823029078,0.025910878793735413,1
89.91,0.037966270497164,0.025508254839376625,1
89.92,0.036943373116698805,0.025081162774517173,1
89.93,0.036358860327861564,0.024666499113549328,1
89.94,0.0358230569380941,0.024248583183885657,1
89.95,0.035335962947396375,0.023753347168271842,1
89.96,0.034848868956698704,0.023282497025811998,1
89.97,0.034800159557628975,0.02290686910498709,1
89.98,0.03481098386853346,0.022524364522444967,1
89.99,0.03487051757850763,0.022126961967343563,1
