tag,participant,method,alarm_id,issued_at,observed_end,right_censored,next_onset,previous_reference_end,status,lead_sec
Pt 10_FD10_1,Pt 10,Persistence,1,59.65,60.05,0,60.746,48.54,successful_between_events,1.0960000000000036
Pt 10_FD10_1,Pt 10,Persistence,2,60.5,61.1,0,60.746,48.54,successful_between_events,0.24600000000000222
Pt 10_FD10_1,Pt 10,Persistence,3,68.15,69.35,0,68.59599999999999,65.06,successful_between_events,0.44599999999998374
Pt 10_FD10_1,Pt 10,Persistence,4,72.55,73.25,0,73.996,72.64,during_reference_event_or_boundary,
Pt 10_FD10_1,Pt 10,Persistence,5,73.75,73.95,0,73.996,72.64,successful_between_events,0.2459999999999951
Pt 10_FD10_1,Pt 10,Persistence,6,78.4,78.9,0,79.696,76.74,successful_between_events,1.2959999999999923
Pt 10_FD10_1,Pt 10,Persistence,7,83.65,84.5,0,83.68599999999999,81.29,successful_between_events,0.03599999999998715
Pt 10_FD10_1,Pt 10,Persistence,8,88.75,89.85,1,89.056,87.7,successful_between_events,0.3059999999999974
Pt 10_FD10_1,Pt 10,AC1,1,62.3,62.6,0,64.54599999999999,61.34,successful_between_events,2.245999999999995
Pt 10_FD10_1,Pt 10,AC1,2,63.5,63.75,0,64.54599999999999,61.34,successful_between_events,1.0459999999999923
Pt 10_FD10_1,Pt 10,AC1,3,64.0,64.85,0,64.54599999999999,61.34,successful_between_events,0.5459999999999923
Pt 10_FD10_1,Pt 10,AC1,4,65.95,66.75,0,68.59599999999999,65.06,successful_between_events,2.6459999999999866
Pt 10_FD10_1,Pt 10,AC1,5,67.55,68.4,0,68.59599999999999,65.06,successful_between_events,1.0459999999999923
Pt 10_FD10_1,Pt 10,AC1,6,75.45,75.7,0,75.836,74.48,successful_between_events,0.3859999999999957
Pt 10_FD10_1,Pt 10,AC1,7,76.35,77.75,0,79.696,76.74,during_reference_event_or_boundary,
Pt 10_FD10_1,Pt 10,AC1,8,80.1,80.45,0,83.68599999999999,81.29,during_reference_event_or_boundary,
Pt 10_FD10_1,Pt 10,AC1,9,80.8,81.25,0,83.68599999999999,81.29,during_reference_event_or_boundary,
Pt 10_FD10_1,Pt 10,AC1,10,82.1,82.25,0,83.68599999999999,81.29,successful_between_events,1.5859999999999985
Pt 10_FD10_1,Pt 10,AC1,11,83.15,84.55,0,83.68599999999999,81.29,successful_between_events,0.5359999999999872
Pt 10_FD10_1,Pt 10,AC1,12,87.3,88.1,0,89.056,87.7,during_reference_event_or_boundary,
Pt 10_FD10_1,Pt 10,Variance,1,65.25,70.9,0,68.59599999999999,65.06,successful_between_events,3.3459999999999894
Pt 10_FD10_1,Pt 10,Variance,2,72.9,73.1,0,73.996,72.64,successful_between_events,1.0959999999999894
Pt 10_FD10_1,Pt 10,Variance,3,75.15,75.8,0,75.836,74.48,successful_between_events,0.6859999999999928
Pt 10_FD10_1,Pt 10,Variance,4,85.35,89.0,0,86.87599999999999,84.69,successful_between_events,1.5259999999999962
Pt 10_FD10_1,Pt 10,Recovery,1,61.45,61.85,0,64.54599999999999,61.34,successful_between_events,3.0959999999999894
Pt 10_FD10_1,Pt 10,Recovery,2,62.35,62.55,0,64.54599999999999,61.34,successful_between_events,2.195999999999991
Pt 10_FD10_1,Pt 10,Recovery,3,63.5,63.8,0,64.54599999999999,61.34,successful_between_events,1.0459999999999923
Pt 10_FD10_1,Pt 10,Recovery,4,64.05,64.25,0,64.54599999999999,61.34,successful_between_events,0.4959999999999951
Pt 10_FD10_1,Pt 10,Recovery,5,64.45,64.65,0,64.54599999999999,61.34,successful_between_events,0.09599999999998943
Pt 10_FD10_1,Pt 10,Recovery,6,67.8,68.25,0,68.59599999999999,65.06,successful_between_events,0.7959999999999923
Pt 10_FD10_1,Pt 10,Recovery,7,69.75,70.35,0,71.716,69.43,successful_between_events,1.965999999999994
Pt 10_FD10_1,Pt 10,Recovery,8,72.75,73.0,0,73.996,72.64,successful_between_events,1.2459999999999951
Pt 10_FD10_1,Pt 10,Recovery,9,74.45,74.65,0,75.836,74.48,during_reference_event_or_boundary,
Pt 10_FD10_1,Pt 10,Recovery,10,75.1,75.6,0,75.836,74.48,successful_between_events,0.7360000000000042
Pt 10_FD10_1,Pt 10,Recovery,11,76.35,76.9,0,79.696,76.74,during_reference_event_or_boundary,
Pt 10_FD10_1,Pt 10,Recovery,12,82.9,83.15,0,83.68599999999999,81.29,successful_between_events,0.7859999999999872
Pt 10_FD10_1,Pt 10,Recovery,13,83.55,83.8,0,83.68599999999999,81.29,successful_between_events,0.13599999999999568
Pt 10_FD10_1,Pt 10,Recovery,14,85.8,85.95,0,86.87599999999999,84.69,successful_between_events,1.0759999999999934
Pt 10_FD10_1,Pt 10,Recovery,15,87.1,87.9,0,89.056,87.7,during_reference_event_or_boundary,
Pt 10_FD10_1,Pt 10,Reddening,1,62.15,64.9,0,64.54599999999999,61.34,successful_between_events,2.3959999999999937
Pt 10_FD10_1,Pt 10,Reddening,2,65.3,66.9,0,68.59599999999999,65.06,successful_between_events,3.2959999999999923
Pt 10_FD10_1,Pt 10,Reddening,3,67.05,68.5,0,68.59599999999999,65.06,successful_between_events,1.5459999999999923
Pt 10_FD10_1,Pt 10,Reddening,4,69.6,70.95,0,71.716,69.43,successful_between_events,2.1159999999999997
Pt 10_FD10_1,Pt 10,Reddening,5,74.9,76.3,0,75.836,74.48,successful_between_events,0.9359999999999928
Pt 10_FD10_1,Pt 10,Reddening,6,85.1,86.5,0,86.87599999999999,84.69,successful_between_events,1.7759999999999962
Pt 10_FD10_1,Pt 10,State-history,1,59.6,61.0,0,60.746,48.54,successful_between_events,1.1460000000000008
Pt 10_FD10_1,Pt 10,State-history,2,64.3,64.5,0,64.54599999999999,61.34,successful_between_events,0.2459999999999951
Pt 10_FD10_1,Pt 10,State-history,3,67.5,69.35,0,68.59599999999999,65.06,successful_between_events,1.0959999999999894
Pt 10_FD10_1,Pt 10,State-history,4,72.35,73.95,0,73.996,72.64,during_reference_event_or_boundary,
Pt 10_FD10_1,Pt 10,State-history,5,78.05,78.9,0,79.696,76.74,successful_between_events,1.6460000000000008
Pt 10_FD10_1,Pt 10,State-history,6,79.65,79.8,0,79.696,76.74,successful_between_events,0.04599999999999227
Pt 10_FD10_1,Pt 10,State-history,7,80.9,81.1,0,83.68599999999999,81.29,during_reference_event_or_boundary,
Pt 10_FD10_1,Pt 10,State-history,8,82.55,83.0,0,83.68599999999999,81.29,successful_between_events,1.1359999999999957
Pt 10_FD10_1,Pt 10,State-history,9,83.55,83.85,0,83.68599999999999,81.29,successful_between_events,0.13599999999999568
Pt 10_FD10_1,Pt 10,State-history,10,84.3,84.5,0,86.87599999999999,84.69,during_reference_event_or_boundary,
Pt 10_FD10_1,Pt 10,State-history,11,88.5,89.25,0,89.056,87.7,successful_between_events,0.5559999999999974
Pt 10_FD10_1,Pt 10,State-history,12,89.55,89.85,1,,89.99,during_reference_event_or_boundary,
Pt 10_FD10_1,Pt 10,AC1_A3T,1,59.8,60.2,0,60.746,48.54,successful_between_events,0.9460000000000051
Pt 10_FD10_1,Pt 10,AC1_A3T,2,60.85,61.05,0,64.54599999999999,61.34,during_reference_event_or_boundary,
Pt 10_FD10_1,Pt 10,AC1_A3T,3,62.1,62.6,0,64.54599999999999,61.34,successful_between_events,2.445999999999991
Pt 10_FD10_1,Pt 10,AC1_A3T,4,63.15,63.7,0,64.54599999999999,61.34,successful_between_events,1.3959999999999937
Pt 10_FD10_1,Pt 10,AC1_A3T,5,65.65,66.0,0,68.59599999999999,65.06,successful_between_events,2.9459999999999837
Pt 10_FD10_1,Pt 10,AC1_A3T,6,66.45,66.95,0,68.59599999999999,65.06,successful_between_events,2.1459999999999866
Pt 10_FD10_1,Pt 10,AC1_A3T,7,68.45,68.95,0,68.59599999999999,65.06,successful_between_events,0.14599999999998658
Pt 10_FD10_1,Pt 10,AC1_A3T,8,73.7,74.25,0,73.996,72.64,successful_between_events,0.29599999999999227
Pt 10_FD10_1,Pt 10,AC1_A3T,9,75.95,76.85,0,79.696,76.74,during_reference_event_or_boundary,
Pt 10_FD10_1,Pt 10,AC1_A3T,10,77.05,77.6,0,79.696,76.74,successful_between_events,2.646000000000001
Pt 10_FD10_1,Pt 10,AC1_A3T,11,78.35,78.95,0,79.696,76.74,successful_between_events,1.3460000000000036
Pt 10_FD10_1,Pt 10,AC1_A3T,12,79.3,79.95,0,79.696,76.74,successful_between_events,0.3960000000000008
Pt 10_FD10_1,Pt 10,AC1_A3T,13,80.35,80.95,0,83.68599999999999,81.29,during_reference_event_or_boundary,
Pt 10_FD10_1,Pt 10,AC1_A3T,14,81.8,82.25,0,83.68599999999999,81.29,successful_between_events,1.8859999999999957
Pt 10_FD10_1,Pt 10,AC1_A3T,15,82.5,83.3,0,83.68599999999999,81.29,successful_between_events,1.1859999999999928
Pt 10_FD10_1,Pt 10,AC1_A3T,16,83.75,83.9,0,86.87599999999999,84.69,during_reference_event_or_boundary,
Pt 10_FD10_1,Pt 10,AC1_A3T,17,85.7,86.0,0,86.87599999999999,84.69,successful_between_events,1.1759999999999877
Pt 10_FD10_1,Pt 10,AC1_A3T,18,86.3,86.85,0,86.87599999999999,84.69,successful_between_events,0.5759999999999934
Pt 10_FD10_1,Pt 10,AC1_A3T,19,88.65,88.85,0,89.056,87.7,successful_between_events,0.4059999999999917
Pt 10_FD10_1,Pt 10,AC1_A3T,20,89.6,89.85,1,,89.99,during_reference_event_or_boundary,
Pt 10_FD10_1,Pt 10,AC1_A7T,1,62.45,64.2,0,64.54599999999999,61.34,successful_between_events,2.0959999999999894
Pt 10_FD10_1,Pt 10,AC1_A7T,2,64.55,65.05,0,68.59599999999999,65.06,during_reference_event_or_boundary,
Pt 10_FD10_1,Pt 10,AC1_A7T,3,65.95,67.0,0,68.59599999999999,65.06,successful_between_events,2.6459999999999866
Pt 10_FD10_1,Pt 10,AC1_A7T,4,67.55,69.95,0,68.59599999999999,65.06,successful_between_events,1.0459999999999923
Pt 10_FD10_1,Pt 10,AC1_A7T,5,70.7,71.2,0,71.716,69.43,successful_between_events,1.0159999999999911
Pt 10_FD10_1,Pt 10,AC1_A7T,6,71.55,71.85,0,71.716,69.43,successful_between_events,0.16599999999999682
Pt 10_FD10_1,Pt 10,AC1_A7T,7,73.05,74.5,0,73.996,72.64,successful_between_events,0.945999999999998
Pt 10_FD10_1,Pt 10,AC1_A7T,8,75.45,76.7,0,75.836,74.48,successful_between_events,0.3859999999999957
Pt 10_FD10_1,Pt 10,AC1_A7T,9,76.95,77.35,0,79.696,76.74,successful_between_events,2.745999999999995
Pt 10_FD10_1,Pt 10,AC1_A7T,10,78.4,79.25,0,79.696,76.74,successful_between_events,1.2959999999999923
Pt 10_FD10_1,Pt 10,AC1_A7T,11,81.9,82.75,0,83.68599999999999,81.29,successful_between_events,1.7859999999999872
Pt 10_FD10_1,Pt 10,AC1_A7T,12,83.55,84.25,0,83.68599999999999,81.29,successful_between_events,0.13599999999999568
Pt 10_FD10_1,Pt 10,AC1_A7T,13,84.4,85.05,0,86.87599999999999,84.69,during_reference_event_or_boundary,
Pt 10_FD10_1,Pt 10,AC1_A7T,14,85.95,86.85,0,86.87599999999999,84.69,successful_between_events,0.9259999999999877
Pt 10_FD10_1,Pt 10,AC1_A7T,15,87.35,89.7,0,89.056,87.7,during_reference_event_or_boundary,
Pt 10_FD10_1,Pt 10,AC1_RA5T,1,60.0,61.45,0,60.746,48.54,successful_between_events,0.7460000000000022
Pt 10_FD10_1,Pt 10,AC1_RA5T,2,62.25,62.95,0,64.54599999999999,61.34,successful_between_events,2.2959999999999923
Pt 10_FD10_1,Pt 10,AC1_RA5T,3,63.55,63.75,0,64.54599999999999,61.34,successful_between_events,0.9959999999999951
Pt 10_FD10_1,Pt 10,AC1_RA5T,4,64.5,64.9,0,64.54599999999999,61.34,successful_between_events,0.04599999999999227
Pt 10_FD10_1,Pt 10,AC1_RA5T,5,65.75,67.05,0,68.59599999999999,65.06,successful_between_events,2.8459999999999894
Pt 10_FD10_1,Pt 10,AC1_RA5T,6,67.8,68.3,0,68.59599999999999,65.06,successful_between_events,0.7959999999999923
Pt 10_FD10_1,Pt 10,AC1_RA5T,7,70.2,70.65,0,71.716,69.43,successful_between_events,1.5159999999999911
Pt 10_FD10_1,Pt 10,AC1_RA5T,8,73.6,73.8,0,73.996,72.64,successful_between_events,0.3960000000000008
Pt 10_FD10_1,Pt 10,AC1_RA5T,9,75.1,75.7,0,75.836,74.48,successful_between_events,0.7360000000000042
Pt 10_FD10_1,Pt 10,AC1_RA5T,10,76.85,77.65,0,79.696,76.74,successful_between_events,2.8460000000000036
Pt 10_FD10_1,Pt 10,AC1_RA5T,11,80.05,81.25,0,83.68599999999999,81.29,during_reference_event_or_boundary,
Pt 10_FD10_1,Pt 10,AC1_RA5T,12,82.1,82.3,0,83.68599999999999,81.29,successful_between_events,1.5859999999999985
Pt 10_FD10_1,Pt 10,AC1_RA5T,13,83.2,84.6,0,83.68599999999999,81.29,successful_between_events,0.48599999999999
Pt 10_FD10_1,Pt 10,AC1_RA5T,14,85.8,85.95,0,86.87599999999999,84.69,successful_between_events,1.0759999999999934
Pt 10_FD10_1,Pt 10,AC1_RA5T,15,86.25,86.5,0,86.87599999999999,84.69,successful_between_events,0.6259999999999906
Pt 10_FD10_1,Pt 10,AC1_RA5T,16,87.2,87.35,0,89.056,87.7,during_reference_event_or_boundary,
Pt 10_FD10_1,Pt 10,Recovery_A3T,1,59.6,59.95,0,60.746,48.54,successful_between_events,1.1460000000000008
Pt 10_FD10_1,Pt 10,Recovery_A3T,2,61.35,61.55,0,64.54599999999999,61.34,successful_between_events,3.195999999999991
Pt 10_FD10_1,Pt 10,Recovery_A3T,3,62.15,62.3,0,64.54599999999999,61.34,successful_between_events,2.3959999999999937
Pt 10_FD10_1,Pt 10,Recovery_A3T,4,64.75,64.9,0,68.59599999999999,65.06,during_reference_event_or_boundary,
Pt 10_FD10_1,Pt 10,Recovery_A3T,5,65.65,65.8,0,68.59599999999999,65.06,successful_between_events,2.9459999999999837
Pt 10_FD10_1,Pt 10,Recovery_A3T,6,66.2,67.15,0,68.59599999999999,65.06,successful_between_events,2.3959999999999866
Pt 10_FD10_1,Pt 10,Recovery_A3T,7,68.5,68.95,0,68.59599999999999,65.06,successful_between_events,0.09599999999998943
Pt 10_FD10_1,Pt 10,Recovery_A3T,8,71.45,71.65,0,71.716,69.43,successful_between_events,0.26599999999999113
Pt 10_FD10_1,Pt 10,Recovery_A3T,9,72.4,72.65,0,73.996,72.64,during_reference_event_or_boundary,
Pt 10_FD10_1,Pt 10,Recovery_A3T,10,73.75,74.25,0,73.996,72.64,successful_between_events,0.2459999999999951
Pt 10_FD10_1,Pt 10,Recovery_A3T,11,74.75,75.1,0,75.836,74.48,successful_between_events,1.0859999999999985
Pt 10_FD10_1,Pt 10,Recovery_A3T,12,76.05,76.35,0,79.696,76.74,during_reference_event_or_boundary,
Pt 10_FD10_1,Pt 10,Recovery_A3T,13,78.15,78.3,0,79.696,76.74,successful_between_events,1.5459999999999923
Pt 10_FD10_1,Pt 10,Recovery_A3T,14,79.5,79.8,0,79.696,76.74,successful_between_events,0.19599999999999795
Pt 10_FD10_1,Pt 10,Recovery_A3T,15,80.4,80.95,0,83.68599999999999,81.29,during_reference_event_or_boundary,
Pt 10_FD10_1,Pt 10,Recovery_A3T,16,81.6,81.75,0,83.68599999999999,81.29,successful_between_events,2.0859999999999985
Pt 10_FD10_1,Pt 10,Recovery_A3T,17,82.25,83.15,0,83.68599999999999,81.29,successful_between_events,1.4359999999999928
Pt 10_FD10_1,Pt 10,Recovery_A3T,18,85.4,85.7,0,86.87599999999999,84.69,successful_between_events,1.4759999999999849
Pt 10_FD10_1,Pt 10,Recovery_A3T,19,86.25,86.45,0,86.87599999999999,84.69,successful_between_events,0.6259999999999906
Pt 10_FD10_1,Pt 10,Recovery_A3T,20,86.65,87.05,0,86.87599999999999,84.69,successful_between_events,0.22599999999998488
Pt 10_FD10_1,Pt 10,Recovery_A3T,21,89.75,89.85,1,,89.99,during_reference_event_or_boundary,
Pt 10_FD10_1,Pt 10,Recovery_A7T,1,61.55,61.85,0,64.54599999999999,61.34,successful_between_events,2.995999999999995
Pt 10_FD10_1,Pt 10,Recovery_A7T,2,62.35,62.75,0,64.54599999999999,61.34,successful_between_events,2.195999999999991
Pt 10_FD10_1,Pt 10,Recovery_A7T,3,63.05,63.65,0,64.54599999999999,61.34,successful_between_events,1.4959999999999951
Pt 10_FD10_1,Pt 10,Recovery_A7T,4,66.0,66.15,0,68.59599999999999,65.06,successful_between_events,2.5959999999999894
Pt 10_FD10_1,Pt 10,Recovery_A7T,5,66.9,67.05,0,68.59599999999999,65.06,successful_between_events,1.6959999999999837
Pt 10_FD10_1,Pt 10,Recovery_A7T,6,68.15,69.35,0,68.59599999999999,65.06,successful_between_events,0.44599999999998374
Pt 10_FD10_1,Pt 10,Recovery_A7T,7,70.65,71.3,0,71.716,69.43,successful_between_events,1.0659999999999883
Pt 10_FD10_1,Pt 10,Recovery_A7T,8,72.6,72.85,0,73.996,72.64,during_reference_event_or_boundary,
Pt 10_FD10_1,Pt 10,Recovery_A7T,9,73.05,73.75,0,73.996,72.64,successful_between_events,0.945999999999998
Pt 10_FD10_1,Pt 10,Recovery_A7T,10,77.95,78.5,0,79.696,76.74,successful_between_events,1.7459999999999951
Pt 10_FD10_1,Pt 10,Recovery_A7T,11,81.75,81.9,0,83.68599999999999,81.29,successful_between_events,1.9359999999999928
Pt 10_FD10_1,Pt 10,Recovery_A7T,12,87.85,88.9,0,89.056,87.7,successful_between_events,1.206000000000003
Pt 10_FD10_1,Pt 10,Recovery_RA5T,1,61.4,61.75,0,64.54599999999999,61.34,successful_between_events,3.1459999999999937
Pt 10_FD10_1,Pt 10,Recovery_RA5T,2,62.35,62.6,0,64.54599999999999,61.34,successful_between_events,2.195999999999991
Pt 10_FD10_1,Pt 10,Recovery_RA5T,3,63.55,63.8,0,64.54599999999999,61.34,successful_between_events,0.9959999999999951
Pt 10_FD10_1,Pt 10,Recovery_RA5T,4,64.5,64.7,0,64.54599999999999,61.34,successful_between_events,0.04599999999999227
Pt 10_FD10_1,Pt 10,Recovery_RA5T,5,65.75,66.3,0,68.59599999999999,65.06,successful_between_events,2.8459999999999894
Pt 10_FD10_1,Pt 10,Recovery_RA5T,6,68.05,68.25,0,68.59599999999999,65.06,successful_between_events,0.5459999999999923
Pt 10_FD10_1,Pt 10,Recovery_RA5T,7,69.3,69.5,0,71.716,69.43,during_reference_event_or_boundary,
Pt 10_FD10_1,Pt 10,Recovery_RA5T,8,70.25,70.55,0,71.716,69.43,successful_between_events,1.465999999999994
Pt 10_FD10_1,Pt 10,Recovery_RA5T,9,71.9,72.1,0,73.996,72.64,during_reference_event_or_boundary,
Pt 10_FD10_1,Pt 10,Recovery_RA5T,10,72.75,73.0,0,73.996,72.64,successful_between_events,1.2459999999999951
Pt 10_FD10_1,Pt 10,Recovery_RA5T,11,74.05,74.25,0,75.836,74.48,during_reference_event_or_boundary,
Pt 10_FD10_1,Pt 10,Recovery_RA5T,12,75.15,75.55,0,75.836,74.48,successful_between_events,0.6859999999999928
Pt 10_FD10_1,Pt 10,Recovery_RA5T,13,76.45,76.9,0,79.696,76.74,during_reference_event_or_boundary,
Pt 10_FD10_1,Pt 10,Recovery_RA5T,14,82.9,83.2,0,83.68599999999999,81.29,successful_between_events,0.7859999999999872
Pt 10_FD10_1,Pt 10,Recovery_RA5T,15,83.5,83.85,0,83.68599999999999,81.29,successful_between_events,0.18599999999999284
Pt 10_FD10_1,Pt 10,Recovery_RA5T,16,85.55,85.75,0,86.87599999999999,84.69,successful_between_events,1.3259999999999934
Pt 10_FD10_1,Pt 10,Recovery_RA5T,17,87.15,87.4,0,89.056,87.7,during_reference_event_or_boundary,
Pt 10_FD10_1,Pt 10,Recovery_RA5T,18,87.65,88.2,0,89.056,87.7,during_reference_event_or_boundary,
Pt 10_FD10_1,Pt 10,Reddening_A3T,1,59.65,60.3,0,60.746,48.54,successful_between_events,1.0960000000000036
Pt 10_FD10_1,Pt 10,Reddening_A3T,2,61.7,62.65,0,64.54599999999999,61.34,successful_between_events,2.8459999999999894
Pt 10_FD10_1,Pt 10,Reddening_A3T,3,63.2,63.95,0,64.54599999999999,61.34,successful_between_events,1.3459999999999894
Pt 10_FD10_1,Pt 10,Reddening_A3T,4,65.1,66.05,0,68.59599999999999,65.06,successful_between_events,3.495999999999995
Pt 10_FD10_1,Pt 10,Reddening_A3T,5,66.55,67.45,0,68.59599999999999,65.06,successful_between_events,2.0459999999999923
Pt 10_FD10_1,Pt 10,Reddening_A3T,6,68.65,70.15,0,71.716,69.43,during_reference_event_or_boundary,
Pt 10_FD10_1,Pt 10,Reddening_A3T,7,73.85,74.6,0,73.996,72.64,successful_between_events,0.1460000000000008
Pt 10_FD10_1,Pt 10,Reddening_A3T,8,74.8,76.25,0,75.836,74.48,successful_between_events,1.0360000000000014
Pt 10_FD10_1,Pt 10,Reddening_A3T,9,77.4,77.7,0,79.696,76.74,successful_between_events,2.2959999999999923
Pt 10_FD10_1,Pt 10,Reddening_A3T,10,78.35,78.65,0,79.696,76.74,successful_between_events,1.3460000000000036
Pt 10_FD10_1,Pt 10,Reddening_A3T,11,79.4,80.05,0,79.696,76.74,successful_between_events,0.29599999999999227
Pt 10_FD10_1,Pt 10,Reddening_A3T,12,81.45,81.85,0,83.68599999999999,81.29,successful_between_events,2.23599999999999
Pt 10_FD10_1,Pt 10,Reddening_A3T,13,82.9,83.4,0,83.68599999999999,81.29,successful_between_events,0.7859999999999872
Pt 10_FD10_1,Pt 10,Reddening_A3T,14,83.9,84.3,0,86.87599999999999,84.69,during_reference_event_or_boundary,
Pt 10_FD10_1,Pt 10,Reddening_A3T,15,84.8,85.9,0,86.87599999999999,84.69,successful_between_events,2.0759999999999934
Pt 10_FD10_1,Pt 10,Reddening_A3T,16,89.65,89.85,1,,89.99,during_reference_event_or_boundary,
Pt 10_FD10_1,Pt 10,Reddening_A7T,1,62.85,69.45,0,64.54599999999999,61.34,successful_between_events,1.6959999999999908
Pt 10_FD10_1,Pt 10,Reddening_A7T,2,70.5,72.15,0,71.716,69.43,successful_between_events,1.215999999999994
Pt 10_FD10_1,Pt 10,Reddening_A7T,3,75.9,76.8,0,79.696,76.74,during_reference_event_or_boundary,
Pt 10_FD10_1,Pt 10,Reddening_A7T,4,85.4,86.95,0,86.87599999999999,84.69,successful_between_events,1.4759999999999849
Pt 10_FD10_1,Pt 10,Reddening_RA5T,1,60.45,60.75,0,60.746,48.54,successful_between_events,0.2959999999999994
Pt 10_FD10_1,Pt 10,Reddening_RA5T,2,62.2,65.05,0,64.54599999999999,61.34,successful_between_events,2.3459999999999894
Pt 10_FD10_1,Pt 10,Reddening_RA5T,3,65.95,66.65,0,68.59599999999999,65.06,successful_between_events,2.6459999999999866
Pt 10_FD10_1,Pt 10,Reddening_RA5T,4,67.55,68.85,0,68.59599999999999,65.06,successful_between_events,1.0459999999999923
Pt 10_FD10_1,Pt 10,Reddening_RA5T,5,69.55,70.9,0,71.716,69.43,successful_between_events,2.165999999999997
Pt 10_FD10_1,Pt 10,Reddening_RA5T,6,72.35,73.6,0,73.996,72.64,during_reference_event_or_boundary,
Pt 10_FD10_1,Pt 10,Reddening_RA5T,7,74.55,76.1,0,75.836,74.48,successful_between_events,1.2860000000000014
Pt 10_FD10_1,Pt 10,Reddening_RA5T,8,76.75,77.05,0,79.696,76.74,successful_between_events,2.945999999999998
Pt 10_FD10_1,Pt 10,Reddening_RA5T,9,85.15,86.7,0,86.87599999999999,84.69,successful_between_events,1.7259999999999849
Pt 10_FD10_1,Pt 10,Reddening_RA5T,10,87.15,88.4,0,89.056,87.7,during_reference_event_or_boundary,
Pt 10_FD10_1,Pt 10,Variance_A3T,1,65.15,69.25,0,68.59599999999999,65.06,successful_between_events,3.4459999999999837
Pt 10_FD10_1,Pt 10,Variance_A3T,2,75.85,76.9,0,79.696,76.74,during_reference_event_or_boundary,
Pt 10_FD10_1,Pt 10,Variance_A3T,3,85.2,88.35,0,86.87599999999999,84.69,successful_between_events,1.6759999999999877
Pt 10_FD10_1,Pt 10,Variance_A7T,1,59.6,59.75,0,60.746,48.54,successful_between_events,1.1460000000000008
Pt 10_FD10_1,Pt 10,Variance_A7T,2,65.25,77.5,0,68.59599999999999,65.06,successful_between_events,3.3459999999999894
Pt 10_FD10_1,Pt 10,Variance_A7T,3,78.4,79.05,0,79.696,76.74,successful_between_events,1.2959999999999923
Pt 10_FD10_1,Pt 10,Variance_A7T,4,85.35,89.85,1,86.87599999999999,84.69,successful_between_events,1.5259999999999962
Pt 10_FD10_1,Pt 10,Variance_RA5T,1,61.85,63.45,0,64.54599999999999,61.34,successful_between_events,2.695999999999991
Pt 10_FD10_1,Pt 10,Variance_RA5T,2,63.7,68.9,0,64.54599999999999,61.34,successful_between_events,0.8459999999999894
Pt 10_FD10_1,Pt 10,Variance_RA5T,3,69.6,73.75,0,71.716,69.43,successful_between_events,2.1159999999999997
Pt 10_FD10_1,Pt 10,Variance_RA5T,4,74.3,78.45,0,75.836,74.48,during_reference_event_or_boundary,
Pt 10_FD10_1,Pt 10,Variance_RA5T,5,81.45,81.7,0,83.68599999999999,81.29,successful_between_events,2.23599999999999
Pt 10_FD10_1,Pt 10,Variance_RA5T,6,82.8,88.8,0,83.68599999999999,81.29,successful_between_events,0.8859999999999957
Pt 10_FD10_2,Pt 10,Persistence,1,73.4,74.15,0,81.416,55.09,successful_between_events,8.015999999999991
Pt 10_FD10_2,Pt 10,Persistence,2,80.55,89.7,0,81.416,55.09,successful_between_events,0.8659999999999997
Pt 10_FD10_2,Pt 10,AC1,1,60.45,60.7,0,81.416,55.09,successful_between_events,20.965999999999994
Pt 10_FD10_2,Pt 10,AC1,2,60.9,61.45,0,81.416,55.09,successful_between_events,20.516
Pt 10_FD10_2,Pt 10,AC1,3,62.3,62.45,0,81.416,55.09,successful_between_events,19.116
Pt 10_FD10_2,Pt 10,AC1,4,62.6,63.45,0,81.416,55.09,successful_between_events,18.815999999999995
Pt 10_FD10_2,Pt 10,AC1,5,75.3,77.1,0,81.416,55.09,successful_between_events,6.116
Pt 10_FD10_2,Pt 10,AC1,6,79.5,80.15,0,81.416,55.09,successful_between_events,1.9159999999999968
Pt 10_FD10_2,Pt 10,AC1,7,83.85,84.55,0,85.836,84.48,during_reference_event_or_boundary,
Pt 10_FD10_2,Pt 10,AC1,8,85.9,86.05,0,,89.99,during_reference_event_or_boundary,
Pt 10_FD10_2,Pt 10,AC1,9,86.9,87.45,0,,89.99,during_reference_event_or_boundary,
Pt 10_FD10_2,Pt 10,AC1,10,87.9,88.05,0,,89.99,during_reference_event_or_boundary,
Pt 10_FD10_2,Pt 10,AC1,11,88.55,88.95,0,,89.99,during_reference_event_or_boundary,
Pt 10_FD10_2,Pt 10,Variance,1,62.0,63.8,0,81.416,55.09,successful_between_events,19.415999999999997
Pt 10_FD10_2,Pt 10,Recovery,1,59.85,60.4,0,81.416,55.09,successful_between_events,21.565999999999995
Pt 10_FD10_2,Pt 10,Recovery,2,61.95,62.45,0,81.416,55.09,successful_between_events,19.465999999999994
Pt 10_FD10_2,Pt 10,Recovery,3,62.6,62.85,0,81.416,55.09,successful_between_events,18.815999999999995
Pt 10_FD10_2,Pt 10,Recovery,4,73.35,73.5,0,81.416,55.09,successful_between_events,8.066000000000003
Pt 10_FD10_2,Pt 10,Recovery,5,75.3,76.6,0,81.416,55.09,successful_between_events,6.116
Pt 10_FD10_2,Pt 10,Recovery,6,77.9,78.65,0,81.416,55.09,successful_between_events,3.515999999999991
Pt 10_FD10_2,Pt 10,Recovery,7,79.4,79.6,0,81.416,55.09,successful_between_events,2.015999999999991
Pt 10_FD10_2,Pt 10,Recovery,8,80.5,80.75,0,81.416,55.09,successful_between_events,0.9159999999999968
Pt 10_FD10_2,Pt 10,Recovery,9,83.45,84.25,0,85.836,84.48,during_reference_event_or_boundary,
Pt 10_FD10_2,Pt 10,Recovery,10,89.2,89.65,0,,89.99,during_reference_event_or_boundary,
Pt 10_FD10_2,Pt 10,Reddening,1,62.15,63.7,0,81.416,55.09,successful_between_events,19.266
Pt 10_FD10_2,Pt 10,Reddening,2,71.25,73.15,0,81.416,55.09,successful_between_events,10.165999999999997
Pt 10_FD10_2,Pt 10,Reddening,3,74.9,78.15,0,81.416,55.09,successful_between_events,6.515999999999991
Pt 10_FD10_2,Pt 10,Reddening,4,78.95,80.55,0,81.416,55.09,successful_between_events,2.465999999999994
Pt 10_FD10_2,Pt 10,Reddening,5,84.45,85.0,0,85.836,84.48,during_reference_event_or_boundary,
Pt 10_FD10_2,Pt 10,Reddening,6,89.8,89.85,1,,89.99,during_reference_event_or_boundary,
Pt 10_FD10_2,Pt 10,State-history,1,71.45,71.65,0,81.416,55.09,successful_between_events,9.965999999999994
Pt 10_FD10_2,Pt 10,State-history,2,73.1,74.15,0,81.416,55.09,successful_between_events,8.316000000000003
Pt 10_FD10_2,Pt 10,State-history,3,80.5,89.7,0,81.416,55.09,successful_between_events,0.9159999999999968
Pt 10_FD10_2,Pt 10,AC1_A3T,1,60.2,60.75,0,81.416,55.09,successful_between_events,21.215999999999994
Pt 10_FD10_2,Pt 10,AC1_A3T,2,60.9,61.5,0,81.416,55.09,successful_between_events,20.516
Pt 10_FD10_2,Pt 10,AC1_A3T,3,71.8,72.15,0,81.416,55.09,successful_between_events,9.616
Pt 10_FD10_2,Pt 10,AC1_A3T,4,74.95,75.85,0,81.416,55.09,successful_between_events,6.465999999999994
Pt 10_FD10_2,Pt 10,AC1_A3T,5,76.15,76.95,0,81.416,55.09,successful_between_events,5.265999999999991
Pt 10_FD10_2,Pt 10,AC1_A3T,6,77.3,77.45,0,81.416,55.09,successful_between_events,4.116
Pt 10_FD10_2,Pt 10,AC1_A3T,7,78.65,79.0,0,81.416,55.09,successful_between_events,2.765999999999991
Pt 10_FD10_2,Pt 10,AC1_A3T,8,80.85,82.85,0,81.416,55.09,successful_between_events,0.5660000000000025
Pt 10_FD10_2,Pt 10,AC1_A3T,9,83.9,84.35,0,85.836,84.48,during_reference_event_or_boundary,
Pt 10_FD10_2,Pt 10,AC1_A3T,10,84.5,86.45,0,85.836,84.48,successful_between_events,1.3359999999999985
Pt 10_FD10_2,Pt 10,AC1_A3T,11,86.7,87.75,0,,89.99,during_reference_event_or_boundary,
Pt 10_FD10_2,Pt 10,AC1_A3T,12,87.9,88.15,0,,89.99,during_reference_event_or_boundary,
Pt 10_FD10_2,Pt 10,AC1_A3T,13,88.6,88.85,0,,89.99,during_reference_event_or_boundary,
Pt 10_FD10_2,Pt 10,AC1_A3T,14,89.2,89.55,0,,89.99,during_reference_event_or_boundary,
Pt 10_FD10_2,Pt 10,AC1_A7T,1,61.3,61.5,0,81.416,55.09,successful_between_events,20.116
Pt 10_FD10_2,Pt 10,AC1_A7T,2,62.65,64.55,0,81.416,55.09,successful_between_events,18.766
Pt 10_FD10_2,Pt 10,AC1_A7T,3,75.3,78.35,0,81.416,55.09,successful_between_events,6.116
Pt 10_FD10_2,Pt 10,AC1_A7T,4,79.05,80.35,0,81.416,55.09,successful_between_events,2.3659999999999997
Pt 10_FD10_2,Pt 10,AC1_A7T,5,81.2,82.0,0,81.416,55.09,successful_between_events,0.21599999999999397
Pt 10_FD10_2,Pt 10,AC1_A7T,6,84.75,86.25,0,85.836,84.48,successful_between_events,1.0859999999999985
Pt 10_FD10_2,Pt 10,AC1_A7T,7,88.75,88.9,0,,89.99,during_reference_event_or_boundary,
Pt 10_FD10_2,Pt 10,AC1_RA5T,1,62.6,63.55,0,81.416,55.09,successful_between_events,18.815999999999995
Pt 10_FD10_2,Pt 10,AC1_RA5T,2,64.5,64.7,0,81.416,55.09,successful_between_events,16.915999999999997
Pt 10_FD10_2,Pt 10,AC1_RA5T,3,75.15,77.45,0,81.416,55.09,successful_between_events,6.265999999999991
Pt 10_FD10_2,Pt 10,AC1_RA5T,4,77.6,78.35,0,81.416,55.09,successful_between_events,3.8160000000000025
Pt 10_FD10_2,Pt 10,AC1_RA5T,5,83.85,84.6,0,85.836,84.48,during_reference_event_or_boundary,
Pt 10_FD10_2,Pt 10,AC1_RA5T,6,85.8,86.05,0,85.836,84.48,successful_between_events,0.036000000000001364
Pt 10_FD10_2,Pt 10,AC1_RA5T,7,86.3,89.0,0,,89.99,during_reference_event_or_boundary,
Pt 10_FD10_2,Pt 10,Recovery_A3T,1,59.8,59.95,0,81.416,55.09,successful_between_events,21.616
Pt 10_FD10_2,Pt 10,Recovery_A3T,2,60.25,60.55,0,81.416,55.09,successful_between_events,21.165999999999997
Pt 10_FD10_2,Pt 10,Recovery_A3T,3,61.25,61.9,0,81.416,55.09,successful_between_events,20.165999999999997
Pt 10_FD10_2,Pt 10,Recovery_A3T,4,71.55,71.85,0,81.416,55.09,successful_between_events,9.866
Pt 10_FD10_2,Pt 10,Recovery_A3T,5,74.3,74.45,0,81.416,55.09,successful_between_events,7.116
Pt 10_FD10_2,Pt 10,Recovery_A3T,6,75.1,75.4,0,81.416,55.09,successful_between_events,6.3160000000000025
Pt 10_FD10_2,Pt 10,Recovery_A3T,7,76.1,76.35,0,81.416,55.09,successful_between_events,5.3160000000000025
Pt 10_FD10_2,Pt 10,Recovery_A3T,8,76.5,76.65,0,81.416,55.09,successful_between_events,4.915999999999997
Pt 10_FD10_2,Pt 10,Recovery_A3T,9,78.6,78.8,0,81.416,55.09,successful_between_events,2.8160000000000025
Pt 10_FD10_2,Pt 10,Recovery_A3T,10,80.55,81.05,0,81.416,55.09,successful_between_events,0.8659999999999997
Pt 10_FD10_2,Pt 10,Recovery_A3T,11,82.3,82.7,0,85.836,84.48,during_reference_event_or_boundary,
Pt 10_FD10_2,Pt 10,Recovery_A3T,12,85.1,85.7,0,85.836,84.48,successful_between_events,0.7360000000000042
Pt 10_FD10_2,Pt 10,Recovery_A3T,13,86.15,86.3,0,,89.99,during_reference_event_or_boundary,
Pt 10_FD10_2,Pt 10,Recovery_A3T,14,86.8,87.2,0,,89.99,during_reference_event_or_boundary,
Pt 10_FD10_2,Pt 10,Recovery_A3T,15,89.45,89.75,0,,89.99,during_reference_event_or_boundary,
Pt 10_FD10_2,Pt 10,Recovery_A7T,1,59.8,60.0,0,81.416,55.09,successful_between_events,21.616
Pt 10_FD10_2,Pt 10,Recovery_A7T,2,75.95,77.15,0,81.416,55.09,successful_between_events,5.465999999999994
Pt 10_FD10_2,Pt 10,Recovery_A7T,3,78.55,79.35,0,81.416,55.09,successful_between_events,2.8659999999999997
Pt 10_FD10_2,Pt 10,Recovery_A7T,4,79.55,80.0,0,81.416,55.09,successful_between_events,1.8659999999999997
Pt 10_FD10_2,Pt 10,Recovery_A7T,5,80.9,81.1,0,81.416,55.09,successful_between_events,0.5159999999999911
Pt 10_FD10_2,Pt 10,Recovery_A7T,6,85.2,85.6,0,85.836,84.48,successful_between_events,0.6359999999999957
Pt 10_FD10_2,Pt 10,Recovery_A7T,7,89.7,89.85,1,,89.99,during_reference_event_or_boundary,
Pt 10_FD10_2,Pt 10,Recovery_RA5T,1,62.2,62.4,0,81.416,55.09,successful_between_events,19.215999999999994
Pt 10_FD10_2,Pt 10,Recovery_RA5T,2,62.6,62.85,0,81.416,55.09,successful_between_events,18.815999999999995
Pt 10_FD10_2,Pt 10,Recovery_RA5T,3,73.3,73.55,0,81.416,55.09,successful_between_events,8.116
Pt 10_FD10_2,Pt 10,Recovery_RA5T,4,75.3,76.55,0,81.416,55.09,successful_between_events,6.116
Pt 10_FD10_2,Pt 10,Recovery_RA5T,5,77.2,77.45,0,81.416,55.09,successful_between_events,4.215999999999994
Pt 10_FD10_2,Pt 10,Recovery_RA5T,6,77.6,78.6,0,81.416,55.09,successful_between_events,3.8160000000000025
Pt 10_FD10_2,Pt 10,Recovery_RA5T,7,83.4,84.05,0,85.836,84.48,during_reference_event_or_boundary,
Pt 10_FD10_2,Pt 10,Recovery_RA5T,8,85.3,85.7,0,85.836,84.48,successful_between_events,0.5360000000000014
Pt 10_FD10_2,Pt 10,Recovery_RA5T,9,89.1,89.65,0,,89.99,during_reference_event_or_boundary,
Pt 10_FD10_2,Pt 10,Reddening_A3T,1,59.85,60.55,0,81.416,55.09,successful_between_events,21.565999999999995
Pt 10_FD10_2,Pt 10,Reddening_A3T,2,61.55,62.2,0,81.416,55.09,successful_between_events,19.866
Pt 10_FD10_2,Pt 10,Reddening_A3T,3,63.3,63.7,0,81.416,55.09,successful_between_events,18.116
Pt 10_FD10_2,Pt 10,Reddening_A3T,4,70.25,71.0,0,81.416,55.09,successful_between_events,11.165999999999997
Pt 10_FD10_2,Pt 10,Reddening_A3T,5,71.55,72.25,0,81.416,55.09,successful_between_events,9.866
Pt 10_FD10_2,Pt 10,Reddening_A3T,6,73.6,74.25,0,81.416,55.09,successful_between_events,7.8160000000000025
Pt 10_FD10_2,Pt 10,Reddening_A3T,7,74.55,75.85,0,81.416,55.09,successful_between_events,6.866
Pt 10_FD10_2,Pt 10,Reddening_A3T,8,76.15,77.45,0,81.416,55.09,successful_between_events,5.265999999999991
Pt 10_FD10_2,Pt 10,Reddening_A3T,9,78.4,79.25,0,81.416,55.09,successful_between_events,3.015999999999991
Pt 10_FD10_2,Pt 10,Reddening_A3T,10,80.25,81.05,0,81.416,55.09,successful_between_events,1.1659999999999968
Pt 10_FD10_2,Pt 10,Reddening_A3T,11,82.5,83.0,0,85.836,84.48,during_reference_event_or_boundary,
Pt 10_FD10_2,Pt 10,Reddening_A3T,12,83.65,84.5,0,85.836,84.48,during_reference_event_or_boundary,
Pt 10_FD10_2,Pt 10,Reddening_A3T,13,85.75,86.45,0,85.836,84.48,successful_between_events,0.08599999999999852
Pt 10_FD10_2,Pt 10,Reddening_A3T,14,89.05,89.85,1,,89.99,during_reference_event_or_boundary,
Pt 10_FD10_2,Pt 10,Reddening_A7T,1,62.95,64.65,0,81.416,55.09,successful_between_events,18.465999999999994
Pt 10_FD10_2,Pt 10,Reddening_A7T,2,75.1,81.55,0,81.416,55.09,successful_between_events,6.3160000000000025
Pt 10_FD10_2,Pt 10,Reddening_A7T,3,85.65,86.45,0,85.836,84.48,successful_between_events,0.18599999999999284
Pt 10_FD10_2,Pt 10,Reddening_RA5T,1,62.25,65.1,0,81.416,55.09,successful_between_events,19.165999999999997
Pt 10_FD10_2,Pt 10,Reddening_RA5T,2,72.05,72.8,0,81.416,55.09,successful_between_events,9.366
Pt 10_FD10_2,Pt 10,Reddening_RA5T,3,74.85,79.6,0,81.416,55.09,successful_between_events,6.5660000000000025
Pt 10_FD10_2,Pt 10,Reddening_RA5T,4,89.8,89.85,1,,89.99,during_reference_event_or_boundary,
Pt 10_FD10_2,Pt 10,Variance_A3T,1,59.75,60.8,0,81.416,55.09,successful_between_events,21.665999999999997
Pt 10_FD10_2,Pt 10,Variance_A3T,2,61.5,62.3,0,81.416,55.09,successful_between_events,19.915999999999997
Pt 10_FD10_2,Pt 10,Variance_A7T,1,61.75,65.6,0,81.416,55.09,successful_between_events,19.665999999999997
Pt 10_FD10_2,Pt 10,Variance_RA5T,1,62.1,63.8,0,81.416,55.09,successful_between_events,19.315999999999995
Pt 10_FD10_2,Pt 10,Variance_RA5T,2,74.95,76.75,0,81.416,55.09,successful_between_events,6.465999999999994
Pt 10_FD10_2,Pt 10,Variance_RA5T,3,77.7,78.85,0,81.416,55.09,successful_between_events,3.715999999999994
Pt 10_FD10_4,Pt 10,Persistence,1,64.7,67.7,0,68.856,59.31,successful_between_events,4.155999999999992
Pt 10_FD10_4,Pt 10,Persistence,2,68.0,68.85,0,68.856,59.31,successful_between_events,0.8559999999999945
Pt 10_FD10_4,Pt 10,Persistence,3,69.3,70.35,0,73.67599999999999,72.32,during_reference_event_or_boundary,
Pt 10_FD10_4,Pt 10,Persistence,4,72.05,72.95,0,73.67599999999999,72.32,during_reference_event_or_boundary,
Pt 10_FD10_4,Pt 10,Persistence,5,73.4,74.2,0,73.67599999999999,72.32,successful_between_events,0.27599999999998204
Pt 10_FD10_4,Pt 10,Persistence,6,75.4,77.5,0,75.746,74.39,successful_between_events,0.3459999999999894
Pt 10_FD10_4,Pt 10,Persistence,7,77.85,79.15,0,80.966,79.61,during_reference_event_or_boundary,
Pt 10_FD10_4,Pt 10,Persistence,8,80.0,81.3,0,80.966,79.61,successful_between_events,0.965999999999994
Pt 10_FD10_4,Pt 10,Persistence,9,82.0,82.55,0,82.726,81.37,successful_between_events,0.7259999999999991
Pt 10_FD10_4,Pt 10,Persistence,10,83.65,84.15,0,,89.99,during_reference_event_or_boundary,
Pt 10_FD10_4,Pt 10,Persistence,11,84.75,85.45,0,,89.99,during_reference_event_or_boundary,
Pt 10_FD10_4,Pt 10,Persistence,12,86.1,86.9,0,,89.99,during_reference_event_or_boundary,
Pt 10_FD10_4,Pt 10,Persistence,13,87.9,89.85,1,,89.99,during_reference_event_or_boundary,
Pt 10_FD10_4,Pt 10,AC1,1,60.8,61.0,0,68.856,59.31,successful_between_events,8.055999999999997
Pt 10_FD10_4,Pt 10,AC1,2,61.3,61.95,0,68.856,59.31,successful_between_events,7.555999999999997
Pt 10_FD10_4,Pt 10,AC1,3,63.5,64.1,0,68.856,59.31,successful_between_events,5.3559999999999945
Pt 10_FD10_4,Pt 10,AC1,4,68.05,68.2,0,68.856,59.31,successful_between_events,0.8059999999999974
Pt 10_FD10_4,Pt 10,AC1,5,71.1,71.3,0,73.67599999999999,72.32,during_reference_event_or_boundary,
Pt 10_FD10_4,Pt 10,AC1,6,72.7,74.2,0,73.67599999999999,72.32,successful_between_events,0.9759999999999849
Pt 10_FD10_4,Pt 10,AC1,7,74.75,75.45,0,75.746,74.39,successful_between_events,0.9959999999999951
Pt 10_FD10_4,Pt 10,AC1,8,75.75,76.25,0,80.966,79.61,during_reference_event_or_boundary,
Pt 10_FD10_4,Pt 10,AC1,9,76.55,77.3,0,80.966,79.61,during_reference_event_or_boundary,
Pt 10_FD10_4,Pt 10,AC1,10,77.45,78.45,0,80.966,79.61,during_reference_event_or_boundary,
Pt 10_FD10_4,Pt 10,AC1,11,78.8,79.05,0,80.966,79.61,during_reference_event_or_boundary,
Pt 10_FD10_4,Pt 10,AC1,12,80.9,81.1,0,80.966,79.61,successful_between_events,0.06599999999998829
Pt 10_FD10_4,Pt 10,AC1,13,81.75,82.05,0,82.726,81.37,successful_between_events,0.9759999999999991
Pt 10_FD10_4,Pt 10,AC1,14,82.5,82.85,0,82.726,81.37,successful_between_events,0.2259999999999991
Pt 10_FD10_4,Pt 10,AC1,15,83.1,83.55,0,,89.99,during_reference_event_or_boundary,
Pt 10_FD10_4,Pt 10,AC1,16,83.85,84.25,0,,89.99,during_reference_event_or_boundary,
Pt 10_FD10_4,Pt 10,AC1,17,87.7,87.95,0,,89.99,during_reference_event_or_boundary,
Pt 10_FD10_4,Pt 10,AC1,18,88.55,89.8,0,,89.99,during_reference_event_or_boundary,
Pt 10_FD10_4,Pt 10,Variance,1,63.45,64.35,0,68.856,59.31,successful_between_events,5.405999999999992
Pt 10_FD10_4,Pt 10,Recovery,1,59.7,59.85,0,68.856,59.31,successful_between_events,9.155999999999992
Pt 10_FD10_4,Pt 10,Recovery,2,60.8,61.05,0,68.856,59.31,successful_between_events,8.055999999999997
Pt 10_FD10_4,Pt 10,Recovery,3,61.2,61.85,0,68.856,59.31,successful_between_events,7.655999999999992
Pt 10_FD10_4,Pt 10,Recovery,4,62.4,62.85,0,68.856,59.31,successful_between_events,6.455999999999996
Pt 10_FD10_4,Pt 10,Recovery,5,63.55,64.25,0,68.856,59.31,successful_between_events,5.305999999999997
Pt 10_FD10_4,Pt 10,Recovery,6,67.55,68.25,0,68.856,59.31,successful_between_events,1.3059999999999974
Pt 10_FD10_4,Pt 10,Recovery,7,69.05,69.25,0,73.67599999999999,72.32,during_reference_event_or_boundary,
Pt 10_FD10_4,Pt 10,Recovery,8,70.8,71.05,0,73.67599999999999,72.32,during_reference_event_or_boundary,
Pt 10_FD10_4,Pt 10,Recovery,9,72.05,73.15,0,73.67599999999999,72.32,during_reference_event_or_boundary,
Pt 10_FD10_4,Pt 10,Recovery,10,73.4,74.1,0,73.67599999999999,72.32,successful_between_events,0.27599999999998204
Pt 10_FD10_4,Pt 10,Recovery,11,74.3,75.35,0,75.746,74.39,during_reference_event_or_boundary,
Pt 10_FD10_4,Pt 10,Recovery,12,75.7,76.2,0,75.746,74.39,successful_between_events,0.04599999999999227
Pt 10_FD10_4,Pt 10,Recovery,13,76.45,77.1,0,80.966,79.61,during_reference_event_or_boundary,
Pt 10_FD10_4,Pt 10,Recovery,14,77.5,78.2,0,80.966,79.61,during_reference_event_or_boundary,
Pt 10_FD10_4,Pt 10,Recovery,15,78.85,79.05,0,80.966,79.61,during_reference_event_or_boundary,
Pt 10_FD10_4,Pt 10,Recovery,16,80.55,80.85,0,80.966,79.61,successful_between_events,0.4159999999999968
Pt 10_FD10_4,Pt 10,Recovery,17,81.7,82.25,0,82.726,81.37,successful_between_events,1.0259999999999962
Pt 10_FD10_4,Pt 10,Recovery,18,82.85,83.1,0,,89.99,during_reference_event_or_boundary,
Pt 10_FD10_4,Pt 10,Recovery,19,84.85,85.2,0,,89.99,during_reference_event_or_boundary,
Pt 10_FD10_4,Pt 10,Recovery,20,86.4,86.7,0,,89.99,during_reference_event_or_boundary,
Pt 10_FD10_4,Pt 10,Recovery,21,87.1,87.4,0,,89.99,during_reference_event_or_boundary,
Pt 10_FD10_4,Pt 10,Recovery,22,88.15,89.65,0,,89.99,during_reference_event_or_boundary,
Pt 10_FD10_4,Pt 10,Reddening,1,60.05,62.4,0,68.856,59.31,successful_between_events,8.805999999999997
Pt 10_FD10_4,Pt 10,Reddening,2,62.75,65.1,0,68.856,59.31,successful_between_events,6.1059999999999945
Pt 10_FD10_4,Pt 10,Reddening,3,67.0,68.05,0,68.856,59.31,successful_between_events,1.8559999999999945
Pt 10_FD10_4,Pt 10,Reddening,4,78.55,79.15,0,80.966,79.61,during_reference_event_or_boundary,
Pt 10_FD10_4,Pt 10,State-history,1,64.4,67.7,0,68.856,59.31,successful_between_events,4.455999999999989
Pt 10_FD10_4,Pt 10,State-history,2,68.0,68.85,0,68.856,59.31,successful_between_events,0.8559999999999945
Pt 10_FD10_4,Pt 10,State-history,3,69.3,70.3,0,73.67599999999999,72.32,during_reference_event_or_boundary,
Pt 10_FD10_4,Pt 10,State-history,4,71.2,71.4,0,73.67599999999999,72.32,during_reference_event_or_boundary,
Pt 10_FD10_4,Pt 10,State-history,5,71.95,72.95,0,73.67599999999999,72.32,during_reference_event_or_boundary,
Pt 10_FD10_4,Pt 10,State-history,6,73.4,74.2,0,73.67599999999999,72.32,successful_between_events,0.27599999999998204
Pt 10_FD10_4,Pt 10,State-history,7,74.85,75.05,0,75.746,74.39,successful_between_events,0.8960000000000008
Pt 10_FD10_4,Pt 10,State-history,8,75.4,77.5,0,75.746,74.39,successful_between_events,0.3459999999999894
Pt 10_FD10_4,Pt 10,State-history,9,77.8,79.25,0,80.966,79.61,during_reference_event_or_boundary,
Pt 10_FD10_4,Pt 10,State-history,10,80.0,81.25,0,80.966,79.61,successful_between_events,0.965999999999994
Pt 10_FD10_4,Pt 10,State-history,11,81.9,82.55,0,82.726,81.37,successful_between_events,0.8259999999999934
Pt 10_FD10_4,Pt 10,State-history,12,83.5,84.15,0,,89.99,during_reference_event_or_boundary,
Pt 10_FD10_4,Pt 10,State-history,13,84.65,85.45,0,,89.99,during_reference_event_or_boundary,
Pt 10_FD10_4,Pt 10,State-history,14,86.0,86.85,0,,89.99,during_reference_event_or_boundary,
Pt 10_FD10_4,Pt 10,State-history,15,87.5,89.85,1,,89.99,during_reference_event_or_boundary,
Pt 10_FD10_4,Pt 10,AC1_A3T,1,59.65,59.85,0,68.856,59.31,successful_between_events,9.205999999999996
Pt 10_FD10_4,Pt 10,AC1_A3T,2,60.3,60.45,0,68.856,59.31,successful_between_events,8.555999999999997
Pt 10_FD10_4,Pt 10,AC1_A3T,3,60.65,61.0,0,68.856,59.31,successful_between_events,8.205999999999996
Pt 10_FD10_4,Pt 10,AC1_A3T,4,66.3,66.45,0,68.856,59.31,successful_between_events,2.5559999999999974
Pt 10_FD10_4,Pt 10,AC1_A3T,5,68.0,68.75,0,68.856,59.31,successful_between_events,0.8559999999999945
Pt 10_FD10_4,Pt 10,AC1_A3T,6,69.7,70.05,0,73.67599999999999,72.32,during_reference_event_or_boundary,
Pt 10_FD10_4,Pt 10,AC1_A3T,7,70.95,71.8,0,73.67599999999999,72.32,during_reference_event_or_boundary,
Pt 10_FD10_4,Pt 10,AC1_A3T,8,72.3,72.9,0,73.67599999999999,72.32,during_reference_event_or_boundary,
Pt 10_FD10_4,Pt 10,AC1_A3T,9,73.35,74.25,0,73.67599999999999,72.32,successful_between_events,0.3259999999999934
Pt 10_FD10_4,Pt 10,AC1_A3T,10,74.75,76.65,0,75.746,74.39,successful_between_events,0.9959999999999951
Pt 10_FD10_4,Pt 10,AC1_A3T,11,77.7,78.0,0,80.966,79.61,during_reference_event_or_boundary,
Pt 10_FD10_4,Pt 10,AC1_A3T,12,78.3,80.4,0,80.966,79.61,during_reference_event_or_boundary,
Pt 10_FD10_4,Pt 10,AC1_A3T,13,80.8,81.3,0,80.966,79.61,successful_between_events,0.16599999999999682
Pt 10_FD10_4,Pt 10,AC1_A3T,14,81.7,84.35,0,82.726,81.37,successful_between_events,1.0259999999999962
Pt 10_FD10_4,Pt 10,AC1_A3T,15,84.65,84.85,0,,89.99,during_reference_event_or_boundary,
Pt 10_FD10_4,Pt 10,AC1_A3T,16,85.85,86.15,0,,89.99,during_reference_event_or_boundary,
Pt 10_FD10_4,Pt 10,AC1_A3T,17,86.45,89.3,0,,89.99,during_reference_event_or_boundary,
Pt 10_FD10_4,Pt 10,AC1_A7T,1,60.8,61.0,0,68.856,59.31,successful_between_events,8.055999999999997
Pt 10_FD10_4,Pt 10,AC1_A7T,2,61.2,66.1,0,68.856,59.31,successful_between_events,7.655999999999992
Pt 10_FD10_4,Pt 10,AC1_A7T,3,68.4,68.65,0,68.856,59.31,successful_between_events,0.45599999999998886
Pt 10_FD10_4,Pt 10,AC1_A7T,4,69.35,69.65,0,73.67599999999999,72.32,during_reference_event_or_boundary,
Pt 10_FD10_4,Pt 10,AC1_A7T,5,69.8,70.05,0,73.67599999999999,72.32,during_reference_event_or_boundary,
Pt 10_FD10_4,Pt 10,AC1_A7T,6,71.2,71.45,0,73.67599999999999,72.32,during_reference_event_or_boundary,
Pt 10_FD10_4,Pt 10,AC1_A7T,7,71.8,71.95,0,73.67599999999999,72.32,during_reference_event_or_boundary,
Pt 10_FD10_4,Pt 10,AC1_A7T,8,72.8,73.75,0,73.67599999999999,72.32,successful_between_events,0.8759999999999906
Pt 10_FD10_4,Pt 10,AC1_A7T,9,73.95,74.25,0,75.746,74.39,during_reference_event_or_boundary,
Pt 10_FD10_4,Pt 10,AC1_A7T,10,74.7,80.9,0,75.746,74.39,successful_between_events,1.0459999999999923
Pt 10_FD10_4,Pt 10,AC1_A7T,11,82.35,82.85,0,82.726,81.37,successful_between_events,0.3760000000000048
Pt 10_FD10_4,Pt 10,AC1_A7T,12,83.1,84.0,0,,89.99,during_reference_event_or_boundary,
Pt 10_FD10_4,Pt 10,AC1_A7T,13,85.3,85.55,0,,89.99,during_reference_event_or_boundary,
Pt 10_FD10_4,Pt 10,AC1_A7T,14,85.85,86.1,0,,89.99,during_reference_event_or_boundary,
Pt 10_FD10_4,Pt 10,AC1_A7T,15,86.7,86.95,0,,89.99,during_reference_event_or_boundary,
Pt 10_FD10_4,Pt 10,AC1_A7T,16,87.45,88.0,0,,89.99,during_reference_event_or_boundary,
Pt 10_FD10_4,Pt 10,AC1_A7T,17,88.95,89.85,1,,89.99,during_reference_event_or_boundary,
Pt 10_FD10_4,Pt 10,AC1_RA5T,1,60.7,62.05,0,68.856,59.31,successful_between_events,8.155999999999992
Pt 10_FD10_4,Pt 10,AC1_RA5T,2,63.15,63.3,0,68.856,59.31,successful_between_events,5.705999999999996
Pt 10_FD10_4,Pt 10,AC1_RA5T,3,63.55,63.7,0,68.856,59.31,successful_between_events,5.305999999999997
Pt 10_FD10_4,Pt 10,AC1_RA5T,4,63.95,64.2,0,68.856,59.31,successful_between_events,4.905999999999992
Pt 10_FD10_4,Pt 10,AC1_RA5T,5,68.05,68.2,0,68.856,59.31,successful_between_events,0.8059999999999974
Pt 10_FD10_4,Pt 10,AC1_RA5T,6,71.1,71.25,0,73.67599999999999,72.32,during_reference_event_or_boundary,
Pt 10_FD10_4,Pt 10,AC1_RA5T,7,72.7,74.2,0,73.67599999999999,72.32,successful_between_events,0.9759999999999849
Pt 10_FD10_4,Pt 10,AC1_RA5T,8,74.75,75.45,0,75.746,74.39,successful_between_events,0.9959999999999951
Pt 10_FD10_4,Pt 10,AC1_RA5T,9,75.8,76.25,0,80.966,79.61,during_reference_event_or_boundary,
Pt 10_FD10_4,Pt 10,AC1_RA5T,10,76.6,77.3,0,80.966,79.61,during_reference_event_or_boundary,
Pt 10_FD10_4,Pt 10,AC1_RA5T,11,77.55,78.6,0,80.966,79.61,during_reference_event_or_boundary,
Pt 10_FD10_4,Pt 10,AC1_RA5T,12,78.8,79.1,0,80.966,79.61,during_reference_event_or_boundary,
Pt 10_FD10_4,Pt 10,AC1_RA5T,13,80.9,81.25,0,80.966,79.61,successful_between_events,0.06599999999998829
Pt 10_FD10_4,Pt 10,AC1_RA5T,14,81.75,82.05,0,82.726,81.37,successful_between_events,0.9759999999999991
Pt 10_FD10_4,Pt 10,AC1_RA5T,15,82.5,82.85,0,82.726,81.37,successful_between_events,0.2259999999999991
Pt 10_FD10_4,Pt 10,AC1_RA5T,16,83.1,83.55,0,,89.99,during_reference_event_or_boundary,
Pt 10_FD10_4,Pt 10,AC1_RA5T,17,83.85,84.3,0,,89.99,during_reference_event_or_boundary,
Pt 10_FD10_4,Pt 10,AC1_RA5T,18,87.45,87.9,0,,89.99,during_reference_event_or_boundary,
Pt 10_FD10_4,Pt 10,AC1_RA5T,19,88.55,89.8,0,,89.99,during_reference_event_or_boundary,
Pt 10_FD10_4,Pt 10,Recovery_A3T,1,59.7,59.85,0,68.856,59.31,successful_between_events,9.155999999999992
Pt 10_FD10_4,Pt 10,Recovery_A3T,2,60.3,60.8,0,68.856,59.31,successful_between_events,8.555999999999997
Pt 10_FD10_4,Pt 10,Recovery_A3T,3,62.3,62.5,0,68.856,59.31,successful_between_events,6.555999999999997
Pt 10_FD10_4,Pt 10,Recovery_A3T,4,62.8,63.0,0,68.856,59.31,successful_between_events,6.055999999999997
Pt 10_FD10_4,Pt 10,Recovery_A3T,5,67.85,68.2,0,68.856,59.31,successful_between_events,1.0060000000000002
Pt 10_FD10_4,Pt 10,Recovery_A3T,6,72.3,72.65,0,73.67599999999999,72.32,during_reference_event_or_boundary,
Pt 10_FD10_4,Pt 10,Recovery_A3T,7,74.2,74.6,0,75.746,74.39,during_reference_event_or_boundary,
Pt 10_FD10_4,Pt 10,Recovery_A3T,8,74.9,75.05,0,75.746,74.39,successful_between_events,0.8459999999999894
Pt 10_FD10_4,Pt 10,Recovery_A3T,9,75.35,76.35,0,75.746,74.39,successful_between_events,0.3960000000000008
Pt 10_FD10_4,Pt 10,Recovery_A3T,10,78.4,78.75,0,80.966,79.61,during_reference_event_or_boundary,
Pt 10_FD10_4,Pt 10,Recovery_A3T,11,79.8,79.95,0,80.966,79.61,successful_between_events,1.1659999999999968
Pt 10_FD10_4,Pt 10,Recovery_A3T,12,80.75,80.9,0,80.966,79.61,successful_between_events,0.21599999999999397
Pt 10_FD10_4,Pt 10,Recovery_A3T,13,81.7,82.45,0,82.726,81.37,successful_between_events,1.0259999999999962
Pt 10_FD10_4,Pt 10,Recovery_A3T,14,82.85,83.1,0,,89.99,during_reference_event_or_boundary,
Pt 10_FD10_4,Pt 10,Recovery_A3T,15,86.25,86.65,0,,89.99,during_reference_event_or_boundary,
Pt 10_FD10_4,Pt 10,Recovery_A3T,16,86.95,87.4,0,,89.99,during_reference_event_or_boundary,
Pt 10_FD10_4,Pt 10,Recovery_A3T,17,87.6,87.85,0,,89.99,during_reference_event_or_boundary,
Pt 10_FD10_4,Pt 10,Recovery_A3T,18,88.0,89.1,0,,89.99,during_reference_event_or_boundary,
Pt 10_FD10_4,Pt 10,Recovery_A7T,1,59.6,59.85,0,68.856,59.31,successful_between_events,9.255999999999993
Pt 10_FD10_4,Pt 10,Recovery_A7T,2,61.7,63.35,0,68.856,59.31,successful_between_events,7.155999999999992
Pt 10_FD10_4,Pt 10,Recovery_A7T,3,63.55,63.8,0,68.856,59.31,successful_between_events,5.305999999999997
Pt 10_FD10_4,Pt 10,Recovery_A7T,4,64.9,65.95,0,68.856,59.31,successful_between_events,3.955999999999989
Pt 10_FD10_4,Pt 10,Recovery_A7T,5,67.65,68.15,0,68.856,59.31,successful_between_events,1.2059999999999889
Pt 10_FD10_4,Pt 10,Recovery_A7T,6,68.3,68.6,0,68.856,59.31,successful_between_events,0.5559999999999974
Pt 10_FD10_4,Pt 10,Recovery_A7T,7,68.8,69.15,0,68.856,59.31,successful_between_events,0.055999999999997385
Pt 10_FD10_4,Pt 10,Recovery_A7T,8,69.35,69.55,0,73.67599999999999,72.32,during_reference_event_or_boundary,
Pt 10_FD10_4,Pt 10,Recovery_A7T,9,69.85,70.05,0,73.67599999999999,72.32,during_reference_event_or_boundary,
Pt 10_FD10_4,Pt 10,Recovery_A7T,10,70.95,71.15,0,73.67599999999999,72.32,during_reference_event_or_boundary,
Pt 10_FD10_4,Pt 10,Recovery_A7T,11,74.3,74.8,0,75.746,74.39,during_reference_event_or_boundary,
Pt 10_FD10_4,Pt 10,Recovery_A7T,12,75.55,76.0,0,75.746,74.39,successful_between_events,0.19599999999999795
Pt 10_FD10_4,Pt 10,Recovery_A7T,13,77.55,78.0,0,80.966,79.61,during_reference_event_or_boundary,
Pt 10_FD10_4,Pt 10,Recovery_A7T,14,78.45,78.7,0,80.966,79.61,during_reference_event_or_boundary,
Pt 10_FD10_4,Pt 10,Recovery_A7T,15,79.4,80.1,0,80.966,79.61,during_reference_event_or_boundary,
Pt 10_FD10_4,Pt 10,Recovery_A7T,16,80.65,80.85,0,80.966,79.61,successful_between_events,0.3159999999999883
Pt 10_FD10_4,Pt 10,Recovery_A7T,17,81.55,81.7,0,82.726,81.37,successful_between_events,1.176000000000002
Pt 10_FD10_4,Pt 10,Recovery_A7T,18,82.1,82.4,0,82.726,81.37,successful_between_events,0.6260000000000048
Pt 10_FD10_4,Pt 10,Recovery_A7T,19,82.85,83.05,0,,89.99,during_reference_event_or_boundary,
Pt 10_FD10_4,Pt 10,Recovery_A7T,20,85.0,85.2,0,,89.99,during_reference_event_or_boundary,
Pt 10_FD10_4,Pt 10,Recovery_A7T,21,86.25,86.7,0,,89.99,during_reference_event_or_boundary,
Pt 10_FD10_4,Pt 10,Recovery_A7T,22,88.3,88.6,0,,89.99,during_reference_event_or_boundary,
Pt 10_FD10_4,Pt 10,Recovery_A7T,23,89.0,89.85,1,,89.99,during_reference_event_or_boundary,
Pt 10_FD10_4,Pt 10,Recovery_RA5T,1,59.6,59.9,0,68.856,59.31,successful_between_events,9.255999999999993
Pt 10_FD10_4,Pt 10,Recovery_RA5T,2,60.7,62.0,0,68.856,59.31,successful_between_events,8.155999999999992
Pt 10_FD10_4,Pt 10,Recovery_RA5T,3,63.5,64.25,0,68.856,59.31,successful_between_events,5.3559999999999945
Pt 10_FD10_4,Pt 10,Recovery_RA5T,4,65.9,66.7,0,68.856,59.31,successful_between_events,2.955999999999989
Pt 10_FD10_4,Pt 10,Recovery_RA5T,5,67.55,68.2,0,68.856,59.31,successful_between_events,1.3059999999999974
Pt 10_FD10_4,Pt 10,Recovery_RA5T,6,69.0,69.25,0,73.67599999999999,72.32,during_reference_event_or_boundary,
Pt 10_FD10_4,Pt 10,Recovery_RA5T,7,70.95,71.1,0,73.67599999999999,72.32,during_reference_event_or_boundary,
Pt 10_FD10_4,Pt 10,Recovery_RA5T,8,72.0,73.15,0,73.67599999999999,72.32,during_reference_event_or_boundary,
Pt 10_FD10_4,Pt 10,Recovery_RA5T,9,73.4,74.1,0,73.67599999999999,72.32,successful_between_events,0.27599999999998204
Pt 10_FD10_4,Pt 10,Recovery_RA5T,10,74.3,75.4,0,75.746,74.39,during_reference_event_or_boundary,
Pt 10_FD10_4,Pt 10,Recovery_RA5T,11,75.7,76.2,0,75.746,74.39,successful_between_events,0.04599999999999227
Pt 10_FD10_4,Pt 10,Recovery_RA5T,12,76.45,77.15,0,80.966,79.61,during_reference_event_or_boundary,
Pt 10_FD10_4,Pt 10,Recovery_RA5T,13,77.5,78.25,0,80.966,79.61,during_reference_event_or_boundary,
Pt 10_FD10_4,Pt 10,Recovery_RA5T,14,78.85,79.1,0,80.966,79.61,during_reference_event_or_boundary,
Pt 10_FD10_4,Pt 10,Recovery_RA5T,15,79.5,79.65,0,80.966,79.61,during_reference_event_or_boundary,
Pt 10_FD10_4,Pt 10,Recovery_RA5T,16,80.3,80.95,0,80.966,79.61,successful_between_events,0.6659999999999968
Pt 10_FD10_4,Pt 10,Recovery_RA5T,17,81.4,82.35,0,82.726,81.37,successful_between_events,1.3259999999999934
Pt 10_FD10_4,Pt 10,Recovery_RA5T,18,82.9,83.1,0,,89.99,during_reference_event_or_boundary,
Pt 10_FD10_4,Pt 10,Recovery_RA5T,19,84.85,85.2,0,,89.99,during_reference_event_or_boundary,
Pt 10_FD10_4,Pt 10,Recovery_RA5T,20,86.45,86.65,0,,89.99,during_reference_event_or_boundary,
Pt 10_FD10_4,Pt 10,Recovery_RA5T,21,87.1,87.5,0,,89.99,during_reference_event_or_boundary,
Pt 10_FD10_4,Pt 10,Recovery_RA5T,22,88.15,89.65,0,,89.99,during_reference_event_or_boundary,
Pt 10_FD10_4,Pt 10,Reddening_A3T,1,59.6,61.05,0,68.856,59.31,successful_between_events,9.255999999999993
Pt 10_FD10_4,Pt 10,Reddening_A3T,2,62.5,63.7,0,68.856,59.31,successful_between_events,6.3559999999999945
Pt 10_FD10_4,Pt 10,Reddening_A3T,3,66.1,66.85,0,68.856,59.31,successful_between_events,2.7560000000000002
Pt 10_FD10_4,Pt 10,Reddening_A3T,4,68.05,68.35,0,68.856,59.31,successful_between_events,0.8059999999999974
Pt 10_FD10_4,Pt 10,Reddening_A3T,5,71.1,71.7,0,73.67599999999999,72.32,during_reference_event_or_boundary,
Pt 10_FD10_4,Pt 10,Reddening_A3T,6,77.7,78.1,0,80.966,79.61,during_reference_event_or_boundary,
Pt 10_FD10_4,Pt 10,Reddening_A3T,7,79.85,81.0,0,80.966,79.61,successful_between_events,1.1159999999999997
Pt 10_FD10_4,Pt 10,Reddening_A3T,8,81.55,82.15,0,82.726,81.37,successful_between_events,1.176000000000002
Pt 10_FD10_4,Pt 10,Reddening_A3T,9,88.65,89.85,1,,89.99,during_reference_event_or_boundary,
Pt 10_FD10_4,Pt 10,Reddening_A7T,1,60.25,66.75,0,68.856,59.31,successful_between_events,8.605999999999995
Pt 10_FD10_4,Pt 10,Reddening_A7T,2,67.8,70.2,0,68.856,59.31,successful_between_events,1.0559999999999974
Pt 10_FD10_4,Pt 10,Reddening_RA5T,1,60.4,62.2,0,68.856,59.31,successful_between_events,8.455999999999996
Pt 10_FD10_4,Pt 10,Reddening_RA5T,2,62.5,65.1,0,68.856,59.31,successful_between_events,6.3559999999999945
Pt 10_FD10_4,Pt 10,Reddening_RA5T,3,66.7,67.75,0,68.856,59.31,successful_between_events,2.1559999999999917
Pt 10_FD10_4,Pt 10,Reddening_RA5T,4,78.4,79.05,0,80.966,79.61,during_reference_event_or_boundary,
Pt 10_FD10_4,Pt 10,Variance_A7T,1,61.5,62.35,0,68.856,59.31,successful_between_events,7.3559999999999945
Pt 10_FD10_4,Pt 10,Variance_A7T,2,63.35,66.45,0,68.856,59.31,successful_between_events,5.505999999999993
Pt 10_FD10_4,Pt 10,Variance_RA5T,1,62.85,64.6,0,68.856,59.31,successful_between_events,6.005999999999993
Pt 18_FD18_2,Pt 18,Persistence,1,59.6,60.6,0,62.826,60.82,during_reference_event_or_boundary,
Pt 18_FD18_2,Pt 18,Persistence,2,63.1,66.3,0,65.256,63.9,during_reference_event_or_boundary,
Pt 18_FD18_2,Pt 18,Persistence,3,68.85,73.35,0,69.306,66.53,successful_between_events,0.45600000000000307
Pt 18_FD18_2,Pt 18,Persistence,4,77.15,77.75,0,77.31599999999999,73.39,successful_between_events,0.1659999999999826
Pt 18_FD18_2,Pt 18,Persistence,5,78.25,78.5,0,,89.99,during_reference_event_or_boundary,
Pt 18_FD18_2,Pt 18,Persistence,6,78.8,89.85,1,,89.99,during_reference_event_or_boundary,
Pt 18_FD18_2,Pt 18,AC1,1,60.3,60.6,0,62.826,60.82,during_reference_event_or_boundary,
Pt 18_FD18_2,Pt 18,AC1,2,61.8,64.05,0,62.826,60.82,successful_between_events,1.0260000000000034
Pt 18_FD18_2,Pt 18,AC1,3,64.95,65.4,0,65.256,63.9,successful_between_events,0.3059999999999974
Pt 18_FD18_2,Pt 18,AC1,4,66.0,66.6,0,69.306,66.53,during_reference_event_or_boundary,
Pt 18_FD18_2,Pt 18,AC1,5,67.3,69.4,0,69.306,66.53,successful_between_events,2.0060000000000002
Pt 18_FD18_2,Pt 18,AC1,6,70.55,70.95,0,77.31599999999999,73.39,during_reference_event_or_boundary,
Pt 18_FD18_2,Pt 18,AC1,7,71.55,71.9,0,77.31599999999999,73.39,during_reference_event_or_boundary,
Pt 18_FD18_2,Pt 18,AC1,8,72.75,73.4,0,77.31599999999999,73.39,during_reference_event_or_boundary,
Pt 18_FD18_2,Pt 18,AC1,9,74.1,74.5,0,77.31599999999999,73.39,successful_between_events,3.215999999999994
Pt 18_FD18_2,Pt 18,AC1,10,76.65,77.2,0,77.31599999999999,73.39,successful_between_events,0.6659999999999826
Pt 18_FD18_2,Pt 18,AC1,11,78.25,79.05,0,,89.99,during_reference_event_or_boundary,
Pt 18_FD18_2,Pt 18,AC1,12,79.4,80.4,0,,89.99,during_reference_event_or_boundary,
Pt 18_FD18_2,Pt 18,AC1,13,80.75,81.5,0,,89.99,during_reference_event_or_boundary,
Pt 18_FD18_2,Pt 18,AC1,14,82.2,82.65,0,,89.99,during_reference_event_or_boundary,
Pt 18_FD18_2,Pt 18,AC1,15,83.9,86.5,0,,89.99,during_reference_event_or_boundary,
Pt 18_FD18_2,Pt 18,AC1,16,87.35,87.9,0,,89.99,during_reference_event_or_boundary,
Pt 18_FD18_2,Pt 18,AC1,17,88.3,88.45,0,,89.99,during_reference_event_or_boundary,
Pt 18_FD18_2,Pt 18,AC1,18,89.4,89.55,0,,89.99,during_reference_event_or_boundary,
Pt 18_FD18_2,Pt 18,Variance,1,68.45,69.45,0,69.306,66.53,successful_between_events,0.8559999999999945
Pt 18_FD18_2,Pt 18,Variance,2,76.5,77.0,0,77.31599999999999,73.39,successful_between_events,0.8159999999999883
Pt 18_FD18_2,Pt 18,Recovery,1,59.8,60.65,0,62.826,60.82,during_reference_event_or_boundary,
Pt 18_FD18_2,Pt 18,Recovery,2,61.2,61.4,0,62.826,60.82,successful_between_events,1.6259999999999977
Pt 18_FD18_2,Pt 18,Recovery,3,61.8,62.75,0,62.826,60.82,successful_between_events,1.0260000000000034
Pt 18_FD18_2,Pt 18,Recovery,4,63.2,63.85,0,65.256,63.9,during_reference_event_or_boundary,
Pt 18_FD18_2,Pt 18,Recovery,5,64.45,65.4,0,65.256,63.9,successful_between_events,0.8059999999999974
Pt 18_FD18_2,Pt 18,Recovery,6,66.0,66.55,0,69.306,66.53,during_reference_event_or_boundary,
Pt 18_FD18_2,Pt 18,Recovery,7,67.45,68.35,0,69.306,66.53,successful_between_events,1.8559999999999945
Pt 18_FD18_2,Pt 18,Recovery,8,68.7,69.35,0,69.306,66.53,successful_between_events,0.6059999999999945
Pt 18_FD18_2,Pt 18,Recovery,9,70.0,70.25,0,77.31599999999999,73.39,during_reference_event_or_boundary,
Pt 18_FD18_2,Pt 18,Recovery,10,70.55,70.95,0,77.31599999999999,73.39,during_reference_event_or_boundary,
Pt 18_FD18_2,Pt 18,Recovery,11,71.75,72.2,0,77.31599999999999,73.39,during_reference_event_or_boundary,
Pt 18_FD18_2,Pt 18,Recovery,12,72.7,73.45,0,77.31599999999999,73.39,during_reference_event_or_boundary,
Pt 18_FD18_2,Pt 18,Recovery,13,74.2,75.1,0,77.31599999999999,73.39,successful_between_events,3.1159999999999854
Pt 18_FD18_2,Pt 18,Recovery,14,75.75,76.4,0,77.31599999999999,73.39,successful_between_events,1.5659999999999883
Pt 18_FD18_2,Pt 18,Recovery,15,76.6,77.25,0,77.31599999999999,73.39,successful_between_events,0.715999999999994
Pt 18_FD18_2,Pt 18,Recovery,16,77.9,79.0,0,,89.99,during_reference_event_or_boundary,
Pt 18_FD18_2,Pt 18,Recovery,17,79.35,80.35,0,,89.99,during_reference_event_or_boundary,
Pt 18_FD18_2,Pt 18,Recovery,18,80.75,81.55,0,,89.99,during_reference_event_or_boundary,
Pt 18_FD18_2,Pt 18,Recovery,19,82.2,82.65,0,,89.99,during_reference_event_or_boundary,
Pt 18_FD18_2,Pt 18,Recovery,20,83.65,83.8,0,,89.99,during_reference_event_or_boundary,
Pt 18_FD18_2,Pt 18,Recovery,21,83.95,86.5,0,,89.99,during_reference_event_or_boundary,
Pt 18_FD18_2,Pt 18,Recovery,22,87.2,87.8,0,,89.99,during_reference_event_or_boundary,
Pt 18_FD18_2,Pt 18,Recovery,23,88.5,88.65,0,,89.99,during_reference_event_or_boundary,
Pt 18_FD18_2,Pt 18,Recovery,24,89.1,89.5,0,,89.99,during_reference_event_or_boundary,
Pt 18_FD18_2,Pt 18,Reddening,1,60.05,63.8,0,62.826,60.82,during_reference_event_or_boundary,
Pt 18_FD18_2,Pt 18,Reddening,2,64.35,69.25,0,65.256,63.9,successful_between_events,0.9060000000000059
Pt 18_FD18_2,Pt 18,Reddening,3,70.0,75.15,0,77.31599999999999,73.39,during_reference_event_or_boundary,
Pt 18_FD18_2,Pt 18,Reddening,4,76.0,77.45,0,77.31599999999999,73.39,successful_between_events,1.3159999999999883
Pt 18_FD18_2,Pt 18,Reddening,5,78.9,79.1,0,,89.99,during_reference_event_or_boundary,
Pt 18_FD18_2,Pt 18,Reddening,6,79.5,81.6,0,,89.99,during_reference_event_or_boundary,
Pt 18_FD18_2,Pt 18,Reddening,7,82.35,82.8,0,,89.99,during_reference_event_or_boundary,
Pt 18_FD18_2,Pt 18,Reddening,8,83.4,86.6,0,,89.99,during_reference_event_or_boundary,
Pt 18_FD18_2,Pt 18,State-history,1,59.6,59.85,0,62.826,60.82,during_reference_event_or_boundary,
Pt 18_FD18_2,Pt 18,State-history,2,60.05,60.9,0,62.826,60.82,during_reference_event_or_boundary,
Pt 18_FD18_2,Pt 18,State-history,3,62.95,66.35,0,65.256,63.9,during_reference_event_or_boundary,
Pt 18_FD18_2,Pt 18,State-history,4,68.45,73.35,0,69.306,66.53,successful_between_events,0.8559999999999945
Pt 18_FD18_2,Pt 18,State-history,5,76.25,77.95,0,77.31599999999999,73.39,successful_between_events,1.0659999999999883
Pt 18_FD18_2,Pt 18,State-history,6,78.1,89.85,1,,89.99,during_reference_event_or_boundary,
Pt 18_FD18_2,Pt 18,AC1_A3T,1,60.0,60.95,0,62.826,60.82,during_reference_event_or_boundary,
Pt 18_FD18_2,Pt 18,AC1_A3T,2,61.15,61.4,0,62.826,60.82,successful_between_events,1.676000000000002
Pt 18_FD18_2,Pt 18,AC1_A3T,3,61.65,63.05,0,62.826,60.82,successful_between_events,1.176000000000002
Pt 18_FD18_2,Pt 18,AC1_A3T,4,63.35,64.35,0,65.256,63.9,during_reference_event_or_boundary,
Pt 18_FD18_2,Pt 18,AC1_A3T,5,64.8,66.1,0,65.256,63.9,successful_between_events,0.45600000000000307
Pt 18_FD18_2,Pt 18,AC1_A3T,6,66.4,66.6,0,69.306,66.53,during_reference_event_or_boundary,
Pt 18_FD18_2,Pt 18,AC1_A3T,7,66.8,67.0,0,69.306,66.53,successful_between_events,2.5060000000000002
Pt 18_FD18_2,Pt 18,AC1_A3T,8,67.15,67.5,0,69.306,66.53,successful_between_events,2.1559999999999917
Pt 18_FD18_2,Pt 18,AC1_A3T,9,67.7,68.65,0,69.306,66.53,successful_between_events,1.6059999999999945
Pt 18_FD18_2,Pt 18,AC1_A3T,10,68.9,69.15,0,69.306,66.53,successful_between_events,0.4059999999999917
Pt 18_FD18_2,Pt 18,AC1_A3T,11,69.35,69.85,0,77.31599999999999,73.39,during_reference_event_or_boundary,
Pt 18_FD18_2,Pt 18,AC1_A3T,12,70.6,70.85,0,77.31599999999999,73.39,during_reference_event_or_boundary,
Pt 18_FD18_2,Pt 18,AC1_A3T,13,71.3,71.8,0,77.31599999999999,73.39,during_reference_event_or_boundary,
Pt 18_FD18_2,Pt 18,AC1_A3T,14,72.0,72.15,0,77.31599999999999,73.39,during_reference_event_or_boundary,
Pt 18_FD18_2,Pt 18,AC1_A3T,15,72.55,73.2,0,77.31599999999999,73.39,during_reference_event_or_boundary,
Pt 18_FD18_2,Pt 18,AC1_A3T,16,73.7,74.5,0,77.31599999999999,73.39,successful_between_events,3.6159999999999854
Pt 18_FD18_2,Pt 18,AC1_A3T,17,75.5,75.8,0,77.31599999999999,73.39,successful_between_events,1.8159999999999883
Pt 18_FD18_2,Pt 18,AC1_A3T,18,75.95,76.15,0,77.31599999999999,73.39,successful_between_events,1.3659999999999854
Pt 18_FD18_2,Pt 18,AC1_A3T,19,76.7,77.95,0,77.31599999999999,73.39,successful_between_events,0.6159999999999854
Pt 18_FD18_2,Pt 18,AC1_A3T,20,78.1,79.3,0,,89.99,during_reference_event_or_boundary,
Pt 18_FD18_2,Pt 18,AC1_A3T,21,79.65,80.5,0,,89.99,during_reference_event_or_boundary,
Pt 18_FD18_2,Pt 18,AC1_A3T,22,80.9,81.6,0,,89.99,during_reference_event_or_boundary,
Pt 18_FD18_2,Pt 18,AC1_A3T,23,82.3,82.5,0,,89.99,during_reference_event_or_boundary,
Pt 18_FD18_2,Pt 18,AC1_A3T,24,82.85,83.15,0,,89.99,during_reference_event_or_boundary,
Pt 18_FD18_2,Pt 18,AC1_A3T,25,83.6,85.5,0,,89.99,during_reference_event_or_boundary,
Pt 18_FD18_2,Pt 18,AC1_A3T,26,85.9,86.95,0,,89.99,during_reference_event_or_boundary,
Pt 18_FD18_2,Pt 18,AC1_A3T,27,87.15,88.5,0,,89.99,during_reference_event_or_boundary,
Pt 18_FD18_2,Pt 18,AC1_A7T,1,59.9,60.1,0,62.826,60.82,during_reference_event_or_boundary,
Pt 18_FD18_2,Pt 18,AC1_A7T,2,60.55,60.95,0,62.826,60.82,during_reference_event_or_boundary,
Pt 18_FD18_2,Pt 18,AC1_A7T,3,61.1,61.4,0,62.826,60.82,successful_between_events,1.725999999999999
Pt 18_FD18_2,Pt 18,AC1_A7T,4,61.75,66.6,0,62.826,60.82,successful_between_events,1.0760000000000005
Pt 18_FD18_2,Pt 18,AC1_A7T,5,67.25,70.7,0,69.306,66.53,successful_between_events,2.0559999999999974
Pt 18_FD18_2,Pt 18,AC1_A7T,6,70.85,71.55,0,77.31599999999999,73.39,during_reference_event_or_boundary,
Pt 18_FD18_2,Pt 18,AC1_A7T,7,71.75,72.2,0,77.31599999999999,73.39,during_reference_event_or_boundary,
Pt 18_FD18_2,Pt 18,AC1_A7T,8,72.7,73.4,0,77.31599999999999,73.39,during_reference_event_or_boundary,
Pt 18_FD18_2,Pt 18,AC1_A7T,9,74.05,76.3,0,77.31599999999999,73.39,successful_between_events,3.265999999999991
Pt 18_FD18_2,Pt 18,AC1_A7T,10,76.55,80.3,0,77.31599999999999,73.39,successful_between_events,0.7659999999999911
Pt 18_FD18_2,Pt 18,AC1_A7T,11,80.55,81.7,0,,89.99,during_reference_event_or_boundary,
Pt 18_FD18_2,Pt 18,AC1_A7T,12,81.85,82.75,0,,89.99,during_reference_event_or_boundary,
Pt 18_FD18_2,Pt 18,AC1_A7T,13,83.35,83.9,0,,89.99,during_reference_event_or_boundary,
Pt 18_FD18_2,Pt 18,AC1_A7T,14,84.35,87.8,0,,89.99,during_reference_event_or_boundary,
Pt 18_FD18_2,Pt 18,AC1_A7T,15,88.05,89.1,0,,89.99,during_reference_event_or_boundary,
Pt 18_FD18_2,Pt 18,AC1_A7T,16,89.3,89.85,1,,89.99,during_reference_event_or_boundary,
Pt 18_FD18_2,Pt 18,AC1_RA5T,1,60.25,60.65,0,62.826,60.82,during_reference_event_or_boundary,
Pt 18_FD18_2,Pt 18,AC1_RA5T,2,61.2,61.35,0,62.826,60.82,successful_between_events,1.6259999999999977
Pt 18_FD18_2,Pt 18,AC1_RA5T,3,61.8,62.0,0,62.826,60.82,successful_between_events,1.0260000000000034
Pt 18_FD18_2,Pt 18,AC1_RA5T,4,62.25,64.15,0,62.826,60.82,successful_between_events,0.5760000000000005
Pt 18_FD18_2,Pt 18,AC1_RA5T,5,64.55,65.7,0,65.256,63.9,successful_between_events,0.7060000000000031
Pt 18_FD18_2,Pt 18,AC1_RA5T,6,66.85,69.4,0,69.306,66.53,successful_between_events,2.456000000000003
Pt 18_FD18_2,Pt 18,AC1_RA5T,7,70.1,71.0,0,77.31599999999999,73.39,during_reference_event_or_boundary,
Pt 18_FD18_2,Pt 18,AC1_RA5T,8,72.15,72.35,0,77.31599999999999,73.39,during_reference_event_or_boundary,
Pt 18_FD18_2,Pt 18,AC1_RA5T,9,72.7,73.4,0,77.31599999999999,73.39,during_reference_event_or_boundary,
Pt 18_FD18_2,Pt 18,AC1_RA5T,10,73.8,75.05,0,77.31599999999999,73.39,successful_between_events,3.515999999999991
Pt 18_FD18_2,Pt 18,AC1_RA5T,11,75.55,75.85,0,77.31599999999999,73.39,successful_between_events,1.7659999999999911
Pt 18_FD18_2,Pt 18,AC1_RA5T,12,76.65,77.35,0,77.31599999999999,73.39,successful_between_events,0.6659999999999826
Pt 18_FD18_2,Pt 18,AC1_RA5T,13,77.5,77.65,0,,89.99,during_reference_event_or_boundary,
Pt 18_FD18_2,Pt 18,AC1_RA5T,14,78.05,79.05,0,,89.99,during_reference_event_or_boundary,
Pt 18_FD18_2,Pt 18,AC1_RA5T,15,79.4,80.4,0,,89.99,during_reference_event_or_boundary,
Pt 18_FD18_2,Pt 18,AC1_RA5T,16,80.8,81.6,0,,89.99,during_reference_event_or_boundary,
Pt 18_FD18_2,Pt 18,AC1_RA5T,17,82.15,82.65,0,,89.99,during_reference_event_or_boundary,
Pt 18_FD18_2,Pt 18,AC1_RA5T,18,83.65,84.05,0,,89.99,during_reference_event_or_boundary,
Pt 18_FD18_2,Pt 18,AC1_RA5T,19,84.2,86.5,0,,89.99,during_reference_event_or_boundary,
Pt 18_FD18_2,Pt 18,AC1_RA5T,20,87.3,87.9,0,,89.99,during_reference_event_or_boundary,
Pt 18_FD18_2,Pt 18,AC1_RA5T,21,88.2,88.75,0,,89.99,during_reference_event_or_boundary,
Pt 18_FD18_2,Pt 18,AC1_RA5T,22,89.35,89.55,0,,89.99,during_reference_event_or_boundary,
Pt 18_FD18_2,Pt 18,Recovery_A3T,1,60.1,60.35,0,62.826,60.82,during_reference_event_or_boundary,
Pt 18_FD18_2,Pt 18,Recovery_A3T,2,61.15,61.4,0,62.826,60.82,successful_between_events,1.676000000000002
Pt 18_FD18_2,Pt 18,Recovery_A3T,3,62.2,62.95,0,62.826,60.82,successful_between_events,0.6259999999999977
Pt 18_FD18_2,Pt 18,Recovery_A3T,4,65.6,66.0,0,69.306,66.53,during_reference_event_or_boundary,
Pt 18_FD18_2,Pt 18,Recovery_A3T,5,66.85,67.35,0,69.306,66.53,successful_between_events,2.456000000000003
Pt 18_FD18_2,Pt 18,Recovery_A3T,6,67.8,68.3,0,69.306,66.53,successful_between_events,1.5060000000000002
Pt 18_FD18_2,Pt 18,Recovery_A3T,7,69.5,69.8,0,77.31599999999999,73.39,during_reference_event_or_boundary,
Pt 18_FD18_2,Pt 18,Recovery_A3T,8,70.65,71.4,0,77.31599999999999,73.39,during_reference_event_or_boundary,
Pt 18_FD18_2,Pt 18,Recovery_A3T,9,72.25,72.4,0,77.31599999999999,73.39,during_reference_event_or_boundary,
Pt 18_FD18_2,Pt 18,Recovery_A3T,10,73.75,74.15,0,77.31599999999999,73.39,successful_between_events,3.5659999999999883
Pt 18_FD18_2,Pt 18,Recovery_A3T,11,75.8,76.05,0,77.31599999999999,73.39,successful_between_events,1.5159999999999911
Pt 18_FD18_2,Pt 18,Recovery_A3T,12,76.4,76.55,0,77.31599999999999,73.39,successful_between_events,0.9159999999999826
Pt 18_FD18_2,Pt 18,Recovery_A3T,13,77.7,77.95,0,,89.99,during_reference_event_or_boundary,
Pt 18_FD18_2,Pt 18,Recovery_A3T,14,78.2,78.65,0,,89.99,during_reference_event_or_boundary,
Pt 18_FD18_2,Pt 18,Recovery_A3T,15,78.9,79.25,0,,89.99,during_reference_event_or_boundary,
Pt 18_FD18_2,Pt 18,Recovery_A3T,16,79.65,80.35,0,,89.99,during_reference_event_or_boundary,
Pt 18_FD18_2,Pt 18,Recovery_A3T,17,81.3,81.5,0,,89.99,during_reference_event_or_boundary,
Pt 18_FD18_2,Pt 18,Recovery_A3T,18,83.85,84.0,0,,89.99,during_reference_event_or_boundary,
Pt 18_FD18_2,Pt 18,Recovery_A3T,19,84.25,84.75,0,,89.99,during_reference_event_or_boundary,
Pt 18_FD18_2,Pt 18,Recovery_A3T,20,87.1,87.55,0,,89.99,during_reference_event_or_boundary,
Pt 18_FD18_2,Pt 18,Recovery_A3T,21,87.8,88.0,0,,89.99,during_reference_event_or_boundary,
Pt 18_FD18_2,Pt 18,Recovery_A3T,22,88.2,88.4,0,,89.99,during_reference_event_or_boundary,
Pt 18_FD18_2,Pt 18,Recovery_A3T,23,89.75,89.85,1,,89.99,during_reference_event_or_boundary,
Pt 18_FD18_2,Pt 18,Recovery_A7T,1,59.9,60.1,0,62.826,60.82,during_reference_event_or_boundary,
Pt 18_FD18_2,Pt 18,Recovery_A7T,2,60.6,61.0,0,62.826,60.82,during_reference_event_or_boundary,
Pt 18_FD18_2,Pt 18,Recovery_A7T,3,61.8,62.95,0,62.826,60.82,successful_between_events,1.0260000000000034
Pt 18_FD18_2,Pt 18,Recovery_A7T,4,63.55,65.0,0,65.256,63.9,during_reference_event_or_boundary,
Pt 18_FD18_2,Pt 18,Recovery_A7T,5,65.2,65.85,0,65.256,63.9,successful_between_events,0.055999999999997385
Pt 18_FD18_2,Pt 18,Recovery_A7T,6,66.15,66.95,0,69.306,66.53,during_reference_event_or_boundary,
Pt 18_FD18_2,Pt 18,Recovery_A7T,7,67.5,68.5,0,69.306,66.53,successful_between_events,1.8059999999999974
Pt 18_FD18_2,Pt 18,Recovery_A7T,8,68.75,70.35,0,69.306,66.53,successful_between_events,0.5559999999999974
Pt 18_FD18_2,Pt 18,Recovery_A7T,9,70.95,71.45,0,77.31599999999999,73.39,during_reference_event_or_boundary,
Pt 18_FD18_2,Pt 18,Recovery_A7T,10,71.75,72.1,0,77.31599999999999,73.39,during_reference_event_or_boundary,
Pt 18_FD18_2,Pt 18,Recovery_A7T,11,72.75,73.05,0,77.31599999999999,73.39,during_reference_event_or_boundary,
Pt 18_FD18_2,Pt 18,Recovery_A7T,12,74.3,74.5,0,77.31599999999999,73.39,successful_between_events,3.015999999999991
Pt 18_FD18_2,Pt 18,Recovery_A7T,13,74.75,74.9,0,77.31599999999999,73.39,successful_between_events,2.5659999999999883
Pt 18_FD18_2,Pt 18,Recovery_A7T,14,75.05,75.5,0,77.31599999999999,73.39,successful_between_events,2.265999999999991
Pt 18_FD18_2,Pt 18,Recovery_A7T,15,75.85,76.3,0,77.31599999999999,73.39,successful_between_events,1.465999999999994
Pt 18_FD18_2,Pt 18,Recovery_A7T,16,76.8,77.95,0,77.31599999999999,73.39,successful_between_events,0.5159999999999911
Pt 18_FD18_2,Pt 18,Recovery_A7T,17,78.75,79.8,0,,89.99,during_reference_event_or_boundary,
Pt 18_FD18_2,Pt 18,Recovery_A7T,18,80.8,81.55,0,,89.99,during_reference_event_or_boundary,
Pt 18_FD18_2,Pt 18,Recovery_A7T,19,81.9,82.7,0,,89.99,during_reference_event_or_boundary,
Pt 18_FD18_2,Pt 18,Recovery_A7T,20,83.4,83.8,0,,89.99,during_reference_event_or_boundary,
Pt 18_FD18_2,Pt 18,Recovery_A7T,21,84.4,84.9,0,,89.99,during_reference_event_or_boundary,
Pt 18_FD18_2,Pt 18,Recovery_A7T,22,85.15,87.65,0,,89.99,during_reference_event_or_boundary,
Pt 18_FD18_2,Pt 18,Recovery_RA5T,1,59.8,59.95,0,62.826,60.82,during_reference_event_or_boundary,
Pt 18_FD18_2,Pt 18,Recovery_RA5T,2,60.35,60.95,0,62.826,60.82,during_reference_event_or_boundary,
Pt 18_FD18_2,Pt 18,Recovery_RA5T,3,61.15,61.45,0,62.826,60.82,successful_between_events,1.676000000000002
Pt 18_FD18_2,Pt 18,Recovery_RA5T,4,61.65,61.85,0,62.826,60.82,successful_between_events,1.176000000000002
Pt 18_FD18_2,Pt 18,Recovery_RA5T,5,62.0,62.6,0,62.826,60.82,successful_between_events,0.8260000000000005
Pt 18_FD18_2,Pt 18,Recovery_RA5T,6,63.4,63.8,0,65.256,63.9,during_reference_event_or_boundary,
Pt 18_FD18_2,Pt 18,Recovery_RA5T,7,65.15,65.55,0,65.256,63.9,successful_between_events,0.10599999999999454
Pt 18_FD18_2,Pt 18,Recovery_RA5T,8,67.35,68.2,0,69.306,66.53,successful_between_events,1.956000000000003
Pt 18_FD18_2,Pt 18,Recovery_RA5T,9,68.8,69.3,0,69.306,66.53,successful_between_events,0.5060000000000002
Pt 18_FD18_2,Pt 18,Recovery_RA5T,10,70.05,71.05,0,77.31599999999999,73.39,during_reference_event_or_boundary,
Pt 18_FD18_2,Pt 18,Recovery_RA5T,11,71.55,71.75,0,77.31599999999999,73.39,during_reference_event_or_boundary,
Pt 18_FD18_2,Pt 18,Recovery_RA5T,12,71.95,72.2,0,77.31599999999999,73.39,during_reference_event_or_boundary,
Pt 18_FD18_2,Pt 18,Recovery_RA5T,13,72.45,73.45,0,77.31599999999999,73.39,during_reference_event_or_boundary,
Pt 18_FD18_2,Pt 18,Recovery_RA5T,14,74.1,74.95,0,77.31599999999999,73.39,successful_between_events,3.215999999999994
Pt 18_FD18_2,Pt 18,Recovery_RA5T,15,75.35,76.45,0,77.31599999999999,73.39,successful_between_events,1.965999999999994
Pt 18_FD18_2,Pt 18,Recovery_RA5T,16,76.65,77.3,0,77.31599999999999,73.39,successful_between_events,0.6659999999999826
Pt 18_FD18_2,Pt 18,Recovery_RA5T,17,77.85,79.0,0,,89.99,during_reference_event_or_boundary,
Pt 18_FD18_2,Pt 18,Recovery_RA5T,18,79.4,80.35,0,,89.99,during_reference_event_or_boundary,
Pt 18_FD18_2,Pt 18,Recovery_RA5T,19,80.75,81.6,0,,89.99,during_reference_event_or_boundary,
Pt 18_FD18_2,Pt 18,Recovery_RA5T,20,82.35,82.65,0,,89.99,during_reference_event_or_boundary,
Pt 18_FD18_2,Pt 18,Recovery_RA5T,21,83.7,84.1,0,,89.99,during_reference_event_or_boundary,
Pt 18_FD18_2,Pt 18,Recovery_RA5T,22,84.25,86.5,0,,89.99,during_reference_event_or_boundary,
Pt 18_FD18_2,Pt 18,Recovery_RA5T,23,87.25,87.7,0,,89.99,during_reference_event_or_boundary,
Pt 18_FD18_2,Pt 18,Recovery_RA5T,24,89.15,89.45,0,,89.99,during_reference_event_or_boundary,
Pt 18_FD18_2,Pt 18,Reddening_A3T,1,59.65,60.75,0,62.826,60.82,during_reference_event_or_boundary,
Pt 18_FD18_2,Pt 18,Reddening_A3T,2,61.05,62.9,0,62.826,60.82,successful_between_events,1.7760000000000034
Pt 18_FD18_2,Pt 18,Reddening_A3T,3,63.65,68.45,0,65.256,63.9,during_reference_event_or_boundary,
Pt 18_FD18_2,Pt 18,Reddening_A3T,4,69.25,73.05,0,69.306,66.53,successful_between_events,0.055999999999997385
Pt 18_FD18_2,Pt 18,Reddening_A3T,5,73.3,74.55,0,77.31599999999999,73.39,during_reference_event_or_boundary,
Pt 18_FD18_2,Pt 18,Reddening_A3T,6,75.5,76.3,0,77.31599999999999,73.39,successful_between_events,1.8159999999999883
Pt 18_FD18_2,Pt 18,Reddening_A3T,7,76.55,76.9,0,77.31599999999999,73.39,successful_between_events,0.7659999999999911
Pt 18_FD18_2,Pt 18,Reddening_A3T,8,78.05,80.6,0,,89.99,during_reference_event_or_boundary,
Pt 18_FD18_2,Pt 18,Reddening_A3T,9,80.95,81.7,0,,89.99,during_reference_event_or_boundary,
Pt 18_FD18_2,Pt 18,Reddening_A3T,10,82.3,82.45,0,,89.99,during_reference_event_or_boundary,
Pt 18_FD18_2,Pt 18,Reddening_A3T,11,82.7,86.05,0,,89.99,during_reference_event_or_boundary,
Pt 18_FD18_2,Pt 18,Reddening_A3T,12,86.8,87.7,0,,89.99,during_reference_event_or_boundary,
Pt 18_FD18_2,Pt 18,Reddening_A3T,13,88.2,88.45,0,,89.99,during_reference_event_or_boundary,
Pt 18_FD18_2,Pt 18,Reddening_A7T,1,59.6,59.9,0,62.826,60.82,during_reference_event_or_boundary,
Pt 18_FD18_2,Pt 18,Reddening_A7T,2,60.7,70.2,0,62.826,60.82,during_reference_event_or_boundary,
Pt 18_FD18_2,Pt 18,Reddening_A7T,3,70.9,76.05,0,77.31599999999999,73.39,during_reference_event_or_boundary,
Pt 18_FD18_2,Pt 18,Reddening_A7T,4,76.2,78.2,0,77.31599999999999,73.39,successful_between_events,1.1159999999999854
Pt 18_FD18_2,Pt 18,Reddening_A7T,5,80.65,83.3,0,,89.99,during_reference_event_or_boundary,
Pt 18_FD18_2,Pt 18,Reddening_A7T,6,83.45,87.4,0,,89.99,during_reference_event_or_boundary,
Pt 18_FD18_2,Pt 18,Reddening_RA5T,1,60.2,61.35,0,62.826,60.82,during_reference_event_or_boundary,
Pt 18_FD18_2,Pt 18,Reddening_RA5T,2,61.7,69.3,0,62.826,60.82,successful_between_events,1.1259999999999977
Pt 18_FD18_2,Pt 18,Reddening_RA5T,3,70.1,75.0,0,77.31599999999999,73.39,during_reference_event_or_boundary,
Pt 18_FD18_2,Pt 18,Reddening_RA5T,4,75.95,77.45,0,77.31599999999999,73.39,successful_between_events,1.3659999999999854
Pt 18_FD18_2,Pt 18,Reddening_RA5T,5,78.65,79.15,0,,89.99,during_reference_event_or_boundary,
Pt 18_FD18_2,Pt 18,Reddening_RA5T,6,80.05,80.35,0,,89.99,during_reference_event_or_boundary,
Pt 18_FD18_2,Pt 18,Reddening_RA5T,7,83.4,84.25,0,,89.99,during_reference_event_or_boundary,
Pt 18_FD18_2,Pt 18,Reddening_RA5T,8,84.5,86.55,0,,89.99,during_reference_event_or_boundary,
Pt 18_FD18_2,Pt 18,Variance_A3T,1,67.7,68.55,0,69.306,66.53,successful_between_events,1.6059999999999945
Pt 18_FD18_2,Pt 18,Variance_A7T,1,59.6,59.75,0,62.826,60.82,during_reference_event_or_boundary,
Pt 18_FD18_2,Pt 18,Variance_A7T,2,63.45,64.6,0,65.256,63.9,during_reference_event_or_boundary,
Pt 18_FD18_2,Pt 18,Variance_A7T,3,68.5,70.55,0,69.306,66.53,successful_between_events,0.8059999999999974
Pt 18_FD18_2,Pt 18,Variance_A7T,4,76.45,78.35,0,77.31599999999999,73.39,successful_between_events,0.8659999999999854
Pt 18_FD18_2,Pt 18,Variance_RA5T,1,62.85,64.15,0,65.256,63.9,during_reference_event_or_boundary,
Pt 18_FD18_2,Pt 18,Variance_RA5T,2,65.0,65.45,0,65.256,63.9,successful_between_events,0.2560000000000002
Pt 18_FD18_2,Pt 18,Variance_RA5T,3,67.1,69.65,0,69.306,66.53,successful_between_events,2.206000000000003
Pt 18_FD18_2,Pt 18,Variance_RA5T,4,74.05,74.7,0,77.31599999999999,73.39,successful_between_events,3.265999999999991
Pt 18_FD18_2,Pt 18,Variance_RA5T,5,75.95,77.6,0,77.31599999999999,73.39,successful_between_events,1.3659999999999854
Pt 18_FD18_2,Pt 18,Variance_RA5T,6,78.05,79.15,0,,89.99,during_reference_event_or_boundary,
Pt 18_FD18_3,Pt 18,Persistence,1,63.1,65.1,0,69.62599999999999,68.27,during_reference_event_or_boundary,
Pt 18_FD18_3,Pt 18,Persistence,2,71.55,71.9,0,74.136,71.03,successful_between_events,2.5859999999999985
Pt 18_FD18_3,Pt 18,Persistence,3,74.9,75.8,0,75.90599999999999,74.55,successful_between_events,1.005999999999986
Pt 18_FD18_3,Pt 18,Persistence,4,76.0,78.55,0,83.84599999999999,82.49,during_reference_event_or_boundary,
Pt 18_FD18_3,Pt 18,Persistence,5,84.1,84.55,0,87.526,86.17,during_reference_event_or_boundary,
Pt 18_FD18_3,Pt 18,Persistence,6,86.0,86.85,0,87.526,86.17,during_reference_event_or_boundary,
Pt 18_FD18_3,Pt 18,AC1,1,60.6,61.25,0,62.196000000000005,60.84,during_reference_event_or_boundary,
Pt 18_FD18_3,Pt 18,AC1,2,64.1,64.45,0,69.62599999999999,68.27,during_reference_event_or_boundary,
Pt 18_FD18_3,Pt 18,AC1,3,69.35,69.6,0,69.62599999999999,68.27,successful_between_events,0.27599999999999625
Pt 18_FD18_3,Pt 18,AC1,4,70.05,72.2,0,74.136,71.03,during_reference_event_or_boundary,
Pt 18_FD18_3,Pt 18,AC1,5,73.05,73.3,0,74.136,71.03,successful_between_events,1.0859999999999985
Pt 18_FD18_3,Pt 18,AC1,6,73.8,75.85,0,74.136,71.03,successful_between_events,0.3359999999999985
Pt 18_FD18_3,Pt 18,AC1,7,77.75,78.1,0,83.84599999999999,82.49,during_reference_event_or_boundary,
Pt 18_FD18_3,Pt 18,AC1,8,79.8,80.0,0,83.84599999999999,82.49,during_reference_event_or_boundary,
Pt 18_FD18_3,Pt 18,AC1,9,81.65,82.5,0,83.84599999999999,82.49,during_reference_event_or_boundary,
Pt 18_FD18_3,Pt 18,AC1,10,84.6,87.5,0,87.526,86.17,during_reference_event_or_boundary,
Pt 18_FD18_3,Pt 18,AC1,11,88.0,88.65,0,,89.99,during_reference_event_or_boundary,
Pt 18_FD18_3,Pt 18,AC1,12,88.95,89.3,0,,89.99,during_reference_event_or_boundary,
Pt 18_FD18_3,Pt 18,Recovery,1,59.85,60.15,0,62.196000000000005,60.84,during_reference_event_or_boundary,
Pt 18_FD18_3,Pt 18,Recovery,2,60.4,61.0,0,62.196000000000005,60.84,during_reference_event_or_boundary,
Pt 18_FD18_3,Pt 18,Recovery,3,65.2,65.55,0,69.62599999999999,68.27,during_reference_event_or_boundary,
Pt 18_FD18_3,Pt 18,Recovery,4,67.9,68.15,0,69.62599999999999,68.27,during_reference_event_or_boundary,
Pt 18_FD18_3,Pt 18,Recovery,5,68.4,68.75,0,69.62599999999999,68.27,successful_between_events,1.2259999999999849
Pt 18_FD18_3,Pt 18,Recovery,6,69.55,69.8,0,69.62599999999999,68.27,successful_between_events,0.0759999999999934
Pt 18_FD18_3,Pt 18,Recovery,7,69.95,71.95,0,74.136,71.03,during_reference_event_or_boundary,
Pt 18_FD18_3,Pt 18,Recovery,8,72.3,72.6,0,74.136,71.03,successful_between_events,1.8359999999999985
Pt 18_FD18_3,Pt 18,Recovery,9,73.95,75.6,0,74.136,71.03,successful_between_events,0.18599999999999284
Pt 18_FD18_3,Pt 18,Recovery,10,77.7,78.1,0,83.84599999999999,82.49,during_reference_event_or_boundary,
Pt 18_FD18_3,Pt 18,Recovery,11,81.65,81.85,0,83.84599999999999,82.49,during_reference_event_or_boundary,
Pt 18_FD18_3,Pt 18,Recovery,12,82.35,82.75,0,83.84599999999999,82.49,during_reference_event_or_boundary,
Pt 18_FD18_3,Pt 18,Recovery,13,84.55,86.15,0,87.526,86.17,during_reference_event_or_boundary,
Pt 18_FD18_3,Pt 18,Recovery,14,87.25,87.45,0,87.526,86.17,successful_between_events,0.27599999999999625
Pt 18_FD18_3,Pt 18,Recovery,15,88.1,88.4,0,,89.99,during_reference_event_or_boundary,
Pt 18_FD18_3,Pt 18,Recovery,16,89.0,89.25,0,,89.99,during_reference_event_or_boundary,
Pt 18_FD18_3,Pt 18,Reddening,1,62.75,63.65,0,69.62599999999999,68.27,during_reference_event_or_boundary,
Pt 18_FD18_3,Pt 18,Reddening,2,65.15,67.1,0,69.62599999999999,68.27,during_reference_event_or_boundary,
Pt 18_FD18_3,Pt 18,Reddening,3,68.95,70.1,0,69.62599999999999,68.27,successful_between_events,0.6759999999999877
Pt 18_FD18_3,Pt 18,Reddening,4,73.1,73.95,0,74.136,71.03,successful_between_events,1.0360000000000014
Pt 18_FD18_3,Pt 18,Reddening,5,76.95,77.9,0,83.84599999999999,82.49,during_reference_event_or_boundary,
Pt 18_FD18_3,Pt 18,Reddening,6,81.45,82.75,0,83.84599999999999,82.49,during_reference_event_or_boundary,
Pt 18_FD18_3,Pt 18,Reddening,7,88.05,89.6,0,,89.99,during_reference_event_or_boundary,
Pt 18_FD18_3,Pt 18,State-history,1,59.95,60.4,0,62.196000000000005,60.84,during_reference_event_or_boundary,
Pt 18_FD18_3,Pt 18,State-history,2,60.7,60.85,0,62.196000000000005,60.84,during_reference_event_or_boundary,
Pt 18_FD18_3,Pt 18,State-history,3,61.7,61.9,0,62.196000000000005,60.84,successful_between_events,0.4960000000000022
Pt 18_FD18_3,Pt 18,State-history,4,62.05,62.25,0,62.196000000000005,60.84,successful_between_events,0.1460000000000079
Pt 18_FD18_3,Pt 18,State-history,5,63.6,65.0,0,69.62599999999999,68.27,during_reference_event_or_boundary,
Pt 18_FD18_3,Pt 18,State-history,6,69.55,69.9,0,69.62599999999999,68.27,successful_between_events,0.0759999999999934
Pt 18_FD18_3,Pt 18,State-history,7,71.25,71.9,0,74.136,71.03,successful_between_events,2.8859999999999957
Pt 18_FD18_3,Pt 18,State-history,8,74.4,74.55,0,75.90599999999999,74.55,during_reference_event_or_boundary,
Pt 18_FD18_3,Pt 18,State-history,9,74.85,75.8,0,75.90599999999999,74.55,successful_between_events,1.0559999999999974
Pt 18_FD18_3,Pt 18,State-history,10,75.95,78.7,0,83.84599999999999,82.49,during_reference_event_or_boundary,
Pt 18_FD18_3,Pt 18,State-history,11,78.85,79.3,0,83.84599999999999,82.49,during_reference_event_or_boundary,
Pt 18_FD18_3,Pt 18,State-history,12,84.0,84.4,0,87.526,86.17,during_reference_event_or_boundary,
Pt 18_FD18_3,Pt 18,State-history,13,85.45,86.7,0,87.526,86.17,during_reference_event_or_boundary,
Pt 18_FD18_3,Pt 18,State-history,14,86.85,87.1,0,87.526,86.17,successful_between_events,0.6760000000000019
Pt 18_FD18_3,Pt 18,State-history,15,89.1,89.25,0,,89.99,during_reference_event_or_boundary,
Pt 18_FD18_3,Pt 18,AC1_A3T,1,60.4,60.6,0,62.196000000000005,60.84,during_reference_event_or_boundary,
Pt 18_FD18_3,Pt 18,AC1_A3T,2,61.35,61.6,0,62.196000000000005,60.84,successful_between_events,0.8460000000000036
Pt 18_FD18_3,Pt 18,AC1_A3T,3,62.95,63.25,0,69.62599999999999,68.27,during_reference_event_or_boundary,
Pt 18_FD18_3,Pt 18,AC1_A3T,4,63.55,63.95,0,69.62599999999999,68.27,during_reference_event_or_boundary,
Pt 18_FD18_3,Pt 18,AC1_A3T,5,64.25,64.4,0,69.62599999999999,68.27,during_reference_event_or_boundary,
Pt 18_FD18_3,Pt 18,AC1_A3T,6,68.05,68.2,0,69.62599999999999,68.27,during_reference_event_or_boundary,
Pt 18_FD18_3,Pt 18,AC1_A3T,7,69.3,69.5,0,69.62599999999999,68.27,successful_between_events,0.3259999999999934
Pt 18_FD18_3,Pt 18,AC1_A3T,8,69.9,71.7,0,74.136,71.03,during_reference_event_or_boundary,
Pt 18_FD18_3,Pt 18,AC1_A3T,9,72.0,72.25,0,74.136,71.03,successful_between_events,2.1359999999999957
Pt 18_FD18_3,Pt 18,AC1_A3T,10,72.95,73.2,0,74.136,71.03,successful_between_events,1.1859999999999928
Pt 18_FD18_3,Pt 18,AC1_A3T,11,73.55,74.55,0,74.136,71.03,successful_between_events,0.5859999999999985
Pt 18_FD18_3,Pt 18,AC1_A3T,12,75.2,75.35,0,75.90599999999999,74.55,successful_between_events,0.7059999999999889
Pt 18_FD18_3,Pt 18,AC1_A3T,13,76.15,76.85,0,83.84599999999999,82.49,during_reference_event_or_boundary,
Pt 18_FD18_3,Pt 18,AC1_A3T,14,77.4,77.8,0,83.84599999999999,82.49,during_reference_event_or_boundary,
Pt 18_FD18_3,Pt 18,AC1_A3T,15,78.15,78.4,0,83.84599999999999,82.49,during_reference_event_or_boundary,
Pt 18_FD18_3,Pt 18,AC1_A3T,16,79.95,80.15,0,83.84599999999999,82.49,during_reference_event_or_boundary,
Pt 18_FD18_3,Pt 18,AC1_A3T,17,80.45,80.65,0,83.84599999999999,82.49,during_reference_event_or_boundary,
Pt 18_FD18_3,Pt 18,AC1_A3T,18,81.45,81.9,0,83.84599999999999,82.49,during_reference_event_or_boundary,
Pt 18_FD18_3,Pt 18,AC1_A3T,19,82.15,82.8,0,83.84599999999999,82.49,during_reference_event_or_boundary,
Pt 18_FD18_3,Pt 18,AC1_A3T,20,83.5,83.65,0,83.84599999999999,82.49,successful_between_events,0.3459999999999894
Pt 18_FD18_3,Pt 18,AC1_A3T,21,84.15,85.95,0,87.526,86.17,during_reference_event_or_boundary,
Pt 18_FD18_3,Pt 18,AC1_A3T,22,86.25,87.0,0,87.526,86.17,successful_between_events,1.2759999999999962
Pt 18_FD18_3,Pt 18,AC1_A3T,23,87.35,87.7,0,87.526,86.17,successful_between_events,0.17600000000000193
Pt 18_FD18_3,Pt 18,AC1_A3T,24,88.55,88.9,0,,89.99,during_reference_event_or_boundary,
Pt 18_FD18_3,Pt 18,AC1_A7T,1,59.6,59.8,0,62.196000000000005,60.84,during_reference_event_or_boundary,
Pt 18_FD18_3,Pt 18,AC1_A7T,2,60.55,62.9,0,62.196000000000005,60.84,during_reference_event_or_boundary,
Pt 18_FD18_3,Pt 18,AC1_A7T,3,65.9,66.2,0,69.62599999999999,68.27,during_reference_event_or_boundary,
Pt 18_FD18_3,Pt 18,AC1_A7T,4,66.7,67.75,0,69.62599999999999,68.27,during_reference_event_or_boundary,
Pt 18_FD18_3,Pt 18,AC1_A7T,5,69.35,69.75,0,69.62599999999999,68.27,successful_between_events,0.27599999999999625
Pt 18_FD18_3,Pt 18,AC1_A7T,6,69.95,72.3,0,74.136,71.03,during_reference_event_or_boundary,
Pt 18_FD18_3,Pt 18,AC1_A7T,7,73.05,77.6,0,74.136,71.03,successful_between_events,1.0859999999999985
Pt 18_FD18_3,Pt 18,AC1_A7T,8,78.25,78.65,0,83.84599999999999,82.49,during_reference_event_or_boundary,
Pt 18_FD18_3,Pt 18,AC1_A7T,9,79.25,79.8,0,83.84599999999999,82.49,during_reference_event_or_boundary,
Pt 18_FD18_3,Pt 18,AC1_A7T,10,82.2,82.5,0,83.84599999999999,82.49,during_reference_event_or_boundary,
Pt 18_FD18_3,Pt 18,AC1_A7T,11,82.75,83.0,0,83.84599999999999,82.49,successful_between_events,1.0959999999999894
Pt 18_FD18_3,Pt 18,AC1_A7T,12,83.6,83.75,0,83.84599999999999,82.49,successful_between_events,0.2459999999999951
Pt 18_FD18_3,Pt 18,AC1_A7T,13,84.55,89.2,0,87.526,86.17,during_reference_event_or_boundary,
Pt 18_FD18_3,Pt 18,AC1_A7T,14,89.7,89.85,1,,89.99,during_reference_event_or_boundary,
Pt 18_FD18_3,Pt 18,AC1_RA5T,1,60.5,61.25,0,62.196000000000005,60.84,during_reference_event_or_boundary,
Pt 18_FD18_3,Pt 18,AC1_RA5T,2,62.2,63.55,0,69.62599999999999,68.27,during_reference_event_or_boundary,
Pt 18_FD18_3,Pt 18,AC1_RA5T,3,68.15,68.4,0,69.62599999999999,68.27,during_reference_event_or_boundary,
Pt 18_FD18_3,Pt 18,AC1_RA5T,4,69.35,69.65,0,69.62599999999999,68.27,successful_between_events,0.27599999999999625
Pt 18_FD18_3,Pt 18,AC1_RA5T,5,70.1,71.4,0,74.136,71.03,during_reference_event_or_boundary,
Pt 18_FD18_3,Pt 18,AC1_RA5T,6,71.7,72.15,0,74.136,71.03,successful_between_events,2.435999999999993
Pt 18_FD18_3,Pt 18,AC1_RA5T,7,73.0,73.3,0,74.136,71.03,successful_between_events,1.1359999999999957
Pt 18_FD18_3,Pt 18,AC1_RA5T,8,73.9,74.15,0,74.136,71.03,successful_between_events,0.23599999999999
Pt 18_FD18_3,Pt 18,AC1_RA5T,9,74.35,74.7,0,75.90599999999999,74.55,during_reference_event_or_boundary,
Pt 18_FD18_3,Pt 18,AC1_RA5T,10,75.05,75.8,0,75.90599999999999,74.55,successful_between_events,0.8559999999999945
Pt 18_FD18_3,Pt 18,AC1_RA5T,11,77.7,78.05,0,83.84599999999999,82.49,during_reference_event_or_boundary,
Pt 18_FD18_3,Pt 18,AC1_RA5T,12,81.6,82.85,0,83.84599999999999,82.49,during_reference_event_or_boundary,
Pt 18_FD18_3,Pt 18,AC1_RA5T,13,84.65,87.5,0,87.526,86.17,during_reference_event_or_boundary,
Pt 18_FD18_3,Pt 18,AC1_RA5T,14,88.05,88.7,0,,89.99,during_reference_event_or_boundary,
Pt 18_FD18_3,Pt 18,AC1_RA5T,15,88.9,89.3,0,,89.99,during_reference_event_or_boundary,
Pt 18_FD18_3,Pt 18,Recovery_A3T,1,62.7,62.85,0,69.62599999999999,68.27,during_reference_event_or_boundary,
Pt 18_FD18_3,Pt 18,Recovery_A3T,2,64.2,64.4,0,69.62599999999999,68.27,during_reference_event_or_boundary,
Pt 18_FD18_3,Pt 18,Recovery_A3T,3,68.55,68.75,0,69.62599999999999,68.27,successful_between_events,1.0759999999999934
Pt 18_FD18_3,Pt 18,Recovery_A3T,4,70.05,70.45,0,74.136,71.03,during_reference_event_or_boundary,
Pt 18_FD18_3,Pt 18,Recovery_A3T,5,72.1,72.25,0,74.136,71.03,successful_between_events,2.0360000000000014
Pt 18_FD18_3,Pt 18,Recovery_A3T,6,73.45,74.15,0,74.136,71.03,successful_between_events,0.6859999999999928
Pt 18_FD18_3,Pt 18,Recovery_A3T,7,76.1,76.5,0,83.84599999999999,82.49,during_reference_event_or_boundary,
Pt 18_FD18_3,Pt 18,Recovery_A3T,8,81.5,81.7,0,83.84599999999999,82.49,during_reference_event_or_boundary,
Pt 18_FD18_3,Pt 18,Recovery_A3T,9,84.3,84.65,0,87.526,86.17,during_reference_event_or_boundary,
Pt 18_FD18_3,Pt 18,Recovery_A3T,10,85.05,85.35,0,87.526,86.17,during_reference_event_or_boundary,
Pt 18_FD18_3,Pt 18,Recovery_A3T,11,85.6,85.8,0,87.526,86.17,during_reference_event_or_boundary,
Pt 18_FD18_3,Pt 18,Recovery_A3T,12,86.35,86.75,0,87.526,86.17,successful_between_events,1.176000000000002
Pt 18_FD18_3,Pt 18,Recovery_A3T,13,87.35,87.65,0,87.526,86.17,successful_between_events,0.17600000000000193
Pt 18_FD18_3,Pt 18,Recovery_A7T,1,60.2,62.4,0,62.196000000000005,60.84,during_reference_event_or_boundary,
Pt 18_FD18_3,Pt 18,Recovery_A7T,2,66.7,67.6,0,69.62599999999999,68.27,during_reference_event_or_boundary,
Pt 18_FD18_3,Pt 18,Recovery_A7T,3,69.65,70.95,0,74.136,71.03,during_reference_event_or_boundary,
Pt 18_FD18_3,Pt 18,Recovery_A7T,4,71.1,72.6,0,74.136,71.03,successful_between_events,3.0360000000000014
Pt 18_FD18_3,Pt 18,Recovery_A7T,5,73.3,73.55,0,74.136,71.03,successful_between_events,0.8359999999999985
Pt 18_FD18_3,Pt 18,Recovery_A7T,6,74.65,75.0,0,75.90599999999999,74.55,successful_between_events,1.255999999999986
Pt 18_FD18_3,Pt 18,Recovery_A7T,7,75.3,75.85,0,75.90599999999999,74.55,successful_between_events,0.6059999999999945
Pt 18_FD18_3,Pt 18,Recovery_A7T,8,76.25,77.05,0,83.84599999999999,82.49,during_reference_event_or_boundary,
Pt 18_FD18_3,Pt 18,Recovery_A7T,9,79.25,79.75,0,83.84599999999999,82.49,during_reference_event_or_boundary,
Pt 18_FD18_3,Pt 18,Recovery_A7T,10,82.35,82.5,0,83.84599999999999,82.49,during_reference_event_or_boundary,
Pt 18_FD18_3,Pt 18,Recovery_A7T,11,84.6,86.5,0,87.526,86.17,during_reference_event_or_boundary,
Pt 18_FD18_3,Pt 18,Recovery_RA5T,1,60.75,61.0,0,62.196000000000005,60.84,during_reference_event_or_boundary,
Pt 18_FD18_3,Pt 18,Recovery_RA5T,2,65.25,65.5,0,69.62599999999999,68.27,during_reference_event_or_boundary,
Pt 18_FD18_3,Pt 18,Recovery_RA5T,3,69.6,69.75,0,69.62599999999999,68.27,successful_between_events,0.02599999999999625
Pt 18_FD18_3,Pt 18,Recovery_RA5T,4,70.05,70.3,0,74.136,71.03,during_reference_event_or_boundary,
Pt 18_FD18_3,Pt 18,Recovery_RA5T,5,70.45,70.7,0,74.136,71.03,during_reference_event_or_boundary,
Pt 18_FD18_3,Pt 18,Recovery_RA5T,6,71.2,71.6,0,74.136,71.03,successful_between_events,2.935999999999993
Pt 18_FD18_3,Pt 18,Recovery_RA5T,7,71.75,71.95,0,74.136,71.03,successful_between_events,2.3859999999999957
Pt 18_FD18_3,Pt 18,Recovery_RA5T,8,72.4,72.65,0,74.136,71.03,successful_between_events,1.73599999999999
Pt 18_FD18_3,Pt 18,Recovery_RA5T,9,72.85,73.2,0,74.136,71.03,successful_between_events,1.2860000000000014
Pt 18_FD18_3,Pt 18,Recovery_RA5T,10,74.55,75.6,0,75.90599999999999,74.55,during_reference_event_or_boundary,
Pt 18_FD18_3,Pt 18,Recovery_RA5T,11,77.55,78.0,0,83.84599999999999,82.49,during_reference_event_or_boundary,
Pt 18_FD18_3,Pt 18,Recovery_RA5T,12,79.3,79.5,0,83.84599999999999,82.49,during_reference_event_or_boundary,
Pt 18_FD18_3,Pt 18,Recovery_RA5T,13,81.6,81.75,0,83.84599999999999,82.49,during_reference_event_or_boundary,
Pt 18_FD18_3,Pt 18,Recovery_RA5T,14,82.5,82.7,0,83.84599999999999,82.49,successful_between_events,1.3459999999999894
Pt 18_FD18_3,Pt 18,Recovery_RA5T,15,84.6,84.75,0,87.526,86.17,during_reference_event_or_boundary,
Pt 18_FD18_3,Pt 18,Recovery_RA5T,16,85.1,86.15,0,87.526,86.17,during_reference_event_or_boundary,
Pt 18_FD18_3,Pt 18,Recovery_RA5T,17,87.0,87.45,0,87.526,86.17,successful_between_events,0.5259999999999962
Pt 18_FD18_3,Pt 18,Recovery_RA5T,18,88.15,88.35,0,,89.99,during_reference_event_or_boundary,
Pt 18_FD18_3,Pt 18,Recovery_RA5T,19,89.0,89.2,0,,89.99,during_reference_event_or_boundary,
Pt 18_FD18_3,Pt 18,Reddening_A3T,1,61.5,62.25,0,62.196000000000005,60.84,successful_between_events,0.6960000000000051
Pt 18_FD18_3,Pt 18,Reddening_A3T,2,64.0,64.95,0,69.62599999999999,68.27,during_reference_event_or_boundary,
Pt 18_FD18_3,Pt 18,Reddening_A3T,3,65.8,66.2,0,69.62599999999999,68.27,during_reference_event_or_boundary,
Pt 18_FD18_3,Pt 18,Reddening_A3T,4,68.4,69.65,0,69.62599999999999,68.27,successful_between_events,1.2259999999999849
Pt 18_FD18_3,Pt 18,Reddening_A3T,5,71.3,73.7,0,74.136,71.03,successful_between_events,2.8359999999999985
Pt 18_FD18_3,Pt 18,Reddening_A3T,6,75.7,76.9,0,75.90599999999999,74.55,successful_between_events,0.20599999999998886
Pt 18_FD18_3,Pt 18,Reddening_A3T,7,78.15,78.5,0,83.84599999999999,82.49,during_reference_event_or_boundary,
Pt 18_FD18_3,Pt 18,Reddening_A3T,8,81.1,81.95,0,83.84599999999999,82.49,during_reference_event_or_boundary,
Pt 18_FD18_3,Pt 18,Reddening_A3T,9,83.25,83.75,0,83.84599999999999,82.49,successful_between_events,0.5959999999999894
Pt 18_FD18_3,Pt 18,Reddening_A3T,10,85.3,86.0,0,87.526,86.17,during_reference_event_or_boundary,
Pt 18_FD18_3,Pt 18,Reddening_A3T,11,86.5,88.2,0,87.526,86.17,successful_between_events,1.0259999999999962
Pt 18_FD18_3,Pt 18,Reddening_A3T,12,88.7,89.0,0,,89.99,during_reference_event_or_boundary,
Pt 18_FD18_3,Pt 18,Reddening_A7T,1,59.6,60.35,0,62.196000000000005,60.84,during_reference_event_or_boundary,
Pt 18_FD18_3,Pt 18,Reddening_A7T,2,66.3,67.9,0,69.62599999999999,68.27,during_reference_event_or_boundary,
Pt 18_FD18_3,Pt 18,Reddening_A7T,3,69.3,70.05,0,69.62599999999999,68.27,successful_between_events,0.3259999999999934
Pt 18_FD18_3,Pt 18,Reddening_A7T,4,78.4,79.05,0,83.84599999999999,82.49,during_reference_event_or_boundary,
Pt 18_FD18_3,Pt 18,Reddening_A7T,5,82.05,83.55,0,83.84599999999999,82.49,during_reference_event_or_boundary,
Pt 18_FD18_3,Pt 18,Reddening_RA5T,1,60.25,60.95,0,62.196000000000005,60.84,during_reference_event_or_boundary,
Pt 18_FD18_3,Pt 18,Reddening_RA5T,2,62.75,63.65,0,69.62599999999999,68.27,during_reference_event_or_boundary,
Pt 18_FD18_3,Pt 18,Reddening_RA5T,3,65.25,66.9,0,69.62599999999999,68.27,during_reference_event_or_boundary,
Pt 18_FD18_3,Pt 18,Reddening_RA5T,4,69.2,70.45,0,69.62599999999999,68.27,successful_between_events,0.4259999999999877
Pt 18_FD18_3,Pt 18,Reddening_RA5T,5,76.95,77.95,0,83.84599999999999,82.49,during_reference_event_or_boundary,
Pt 18_FD18_3,Pt 18,Reddening_RA5T,6,81.85,82.7,0,83.84599999999999,82.49,during_reference_event_or_boundary,
Pt 18_FD18_3,Pt 18,Reddening_RA5T,7,88.1,89.85,1,,89.99,during_reference_event_or_boundary,
Pt 18_FD18_3,Pt 18,Variance_A3T,1,72.9,74.75,0,74.136,71.03,successful_between_events,1.23599999999999
Pt 18_FD18_3,Pt 18,Variance_A7T,1,75.65,75.85,0,75.90599999999999,74.55,successful_between_events,0.255999999999986
Pt 18_FD18_3,Pt 18,Variance_RA5T,1,71.75,72.1,0,74.136,71.03,successful_between_events,2.3859999999999957
Pt 18_FD18_3,Pt 18,Variance_RA5T,2,72.4,76.2,0,74.136,71.03,successful_between_events,1.73599999999999
Pt 18_FD18_4,Pt 18,Persistence,1,60.5,61.25,0,61.836,53.99,successful_between_events,1.3359999999999985
Pt 18_FD18_4,Pt 18,Persistence,2,61.45,62.1,0,61.836,53.99,successful_between_events,0.3859999999999957
Pt 18_FD18_4,Pt 18,Persistence,3,64.75,65.1,0,67.866,65.11,during_reference_event_or_boundary,
Pt 18_FD18_4,Pt 18,Persistence,4,66.3,67.1,0,67.866,65.11,successful_between_events,1.5660000000000025
Pt 18_FD18_4,Pt 18,Persistence,5,68.0,70.9,0,74.246,70.94,during_reference_event_or_boundary,
Pt 18_FD18_4,Pt 18,Persistence,6,74.3,74.8,0,76.20599999999999,74.85,during_reference_event_or_boundary,
Pt 18_FD18_4,Pt 18,Persistence,7,76.0,77.05,0,76.20599999999999,74.85,successful_between_events,0.20599999999998886
Pt 18_FD18_4,Pt 18,Persistence,8,80.35,83.2,0,,89.99,during_reference_event_or_boundary,
Pt 18_FD18_4,Pt 18,Persistence,9,83.85,89.85,1,,89.99,during_reference_event_or_boundary,
Pt 18_FD18_4,Pt 18,AC1,1,59.6,60.45,0,61.836,53.99,successful_between_events,2.235999999999997
Pt 18_FD18_4,Pt 18,AC1,2,63.15,67.9,0,64.196,62.22,successful_between_events,1.0459999999999994
Pt 18_FD18_4,Pt 18,AC1,3,68.1,69.35,0,74.246,70.94,during_reference_event_or_boundary,
Pt 18_FD18_4,Pt 18,AC1,4,69.5,70.05,0,74.246,70.94,during_reference_event_or_boundary,
Pt 18_FD18_4,Pt 18,AC1,5,70.5,70.95,0,74.246,70.94,during_reference_event_or_boundary,
Pt 18_FD18_4,Pt 18,AC1,6,71.95,75.1,0,74.246,70.94,successful_between_events,2.2959999999999923
Pt 18_FD18_4,Pt 18,AC1,7,75.4,76.1,0,76.20599999999999,74.85,successful_between_events,0.8059999999999832
Pt 18_FD18_4,Pt 18,AC1,8,76.3,76.55,0,80.136,77.04,during_reference_event_or_boundary,
Pt 18_FD18_4,Pt 18,AC1,9,76.9,77.15,0,80.136,77.04,during_reference_event_or_boundary,
Pt 18_FD18_4,Pt 18,AC1,10,78.0,81.05,0,80.136,77.04,successful_between_events,2.1359999999999957
Pt 18_FD18_4,Pt 18,AC1,11,83.0,83.4,0,,89.99,during_reference_event_or_boundary,
Pt 18_FD18_4,Pt 18,AC1,12,83.65,84.3,0,,89.99,during_reference_event_or_boundary,
Pt 18_FD18_4,Pt 18,AC1,13,85.0,86.8,0,,89.99,during_reference_event_or_boundary,
Pt 18_FD18_4,Pt 18,AC1,14,86.95,87.9,0,,89.99,during_reference_event_or_boundary,
Pt 18_FD18_4,Pt 18,AC1,15,88.55,89.85,1,,89.99,during_reference_event_or_boundary,
Pt 18_FD18_4,Pt 18,Variance,1,59.6,60.95,0,61.836,53.99,successful_between_events,2.235999999999997
Pt 18_FD18_4,Pt 18,Variance,2,62.8,67.95,0,64.196,62.22,successful_between_events,1.3960000000000008
Pt 18_FD18_4,Pt 18,Variance,3,73.5,74.8,0,74.246,70.94,successful_between_events,0.7459999999999951
Pt 18_FD18_4,Pt 18,Variance,4,80.5,80.95,0,,89.99,during_reference_event_or_boundary,
Pt 18_FD18_4,Pt 18,Recovery,1,59.6,60.4,0,61.836,53.99,successful_between_events,2.235999999999997
Pt 18_FD18_4,Pt 18,Recovery,2,62.2,62.4,0,64.196,62.22,during_reference_event_or_boundary,
Pt 18_FD18_4,Pt 18,Recovery,3,62.55,62.9,0,64.196,62.22,successful_between_events,1.6460000000000008
Pt 18_FD18_4,Pt 18,Recovery,4,63.2,67.35,0,64.196,62.22,successful_between_events,0.9959999999999951
Pt 18_FD18_4,Pt 18,Recovery,5,67.5,67.8,0,67.866,65.11,successful_between_events,0.36599999999999966
Pt 18_FD18_4,Pt 18,Recovery,6,68.15,69.25,0,74.246,70.94,during_reference_event_or_boundary,
Pt 18_FD18_4,Pt 18,Recovery,7,69.55,70.0,0,74.246,70.94,during_reference_event_or_boundary,
Pt 18_FD18_4,Pt 18,Recovery,8,70.5,70.7,0,74.246,70.94,during_reference_event_or_boundary,
Pt 18_FD18_4,Pt 18,Recovery,9,70.95,71.1,0,74.246,70.94,successful_between_events,3.2959999999999923
Pt 18_FD18_4,Pt 18,Recovery,10,71.95,75.1,0,74.246,70.94,successful_between_events,2.2959999999999923
Pt 18_FD18_4,Pt 18,Recovery,11,75.4,76.05,0,76.20599999999999,74.85,successful_between_events,0.8059999999999832
Pt 18_FD18_4,Pt 18,Recovery,12,76.35,76.5,0,80.136,77.04,during_reference_event_or_boundary,
Pt 18_FD18_4,Pt 18,Recovery,13,76.9,77.2,0,80.136,77.04,during_reference_event_or_boundary,
Pt 18_FD18_4,Pt 18,Recovery,14,78.05,81.05,0,80.136,77.04,successful_between_events,2.0859999999999985
Pt 18_FD18_4,Pt 18,Recovery,15,82.45,84.25,0,,89.99,during_reference_event_or_boundary,
Pt 18_FD18_4,Pt 18,Recovery,16,85.0,86.7,0,,89.99,during_reference_event_or_boundary,
Pt 18_FD18_4,Pt 18,Recovery,17,87.0,87.95,0,,89.99,during_reference_event_or_boundary,
Pt 18_FD18_4,Pt 18,Recovery,18,88.55,89.85,1,,89.99,during_reference_event_or_boundary,
Pt 18_FD18_4,Pt 18,Reddening,1,62.75,67.4,0,64.196,62.22,successful_between_events,1.445999999999998
Pt 18_FD18_4,Pt 18,Reddening,2,71.05,75.95,0,74.246,70.94,successful_between_events,3.195999999999998
Pt 18_FD18_4,Pt 18,Reddening,3,77.6,80.95,0,80.136,77.04,successful_between_events,2.5360000000000014
Pt 18_FD18_4,Pt 18,Reddening,4,82.65,87.85,0,,89.99,during_reference_event_or_boundary,
Pt 18_FD18_4,Pt 18,Reddening,5,88.3,89.85,1,,89.99,during_reference_event_or_boundary,
Pt 18_FD18_4,Pt 18,State-history,1,60.25,62.1,0,61.836,53.99,successful_between_events,1.5859999999999985
Pt 18_FD18_4,Pt 18,State-history,2,63.95,64.3,0,64.196,62.22,successful_between_events,0.2459999999999951
Pt 18_FD18_4,Pt 18,State-history,3,64.45,65.1,0,67.866,65.11,during_reference_event_or_boundary,
Pt 18_FD18_4,Pt 18,State-history,4,66.2,67.0,0,67.866,65.11,successful_between_events,1.6659999999999968
Pt 18_FD18_4,Pt 18,State-history,5,67.55,70.9,0,67.866,65.11,successful_between_events,0.3160000000000025
Pt 18_FD18_4,Pt 18,State-history,6,72.6,72.9,0,74.246,70.94,successful_between_events,1.6460000000000008
Pt 18_FD18_4,Pt 18,State-history,7,73.3,73.55,0,74.246,70.94,successful_between_events,0.945999999999998
Pt 18_FD18_4,Pt 18,State-history,8,73.8,74.85,0,74.246,70.94,successful_between_events,0.44599999999999795
Pt 18_FD18_4,Pt 18,State-history,9,75.45,77.0,0,76.20599999999999,74.85,successful_between_events,0.755999999999986
Pt 18_FD18_4,Pt 18,State-history,10,79.4,79.85,0,80.136,77.04,successful_between_events,0.73599999999999
Pt 18_FD18_4,Pt 18,State-history,11,80.2,89.85,1,,89.99,during_reference_event_or_boundary,
Pt 18_FD18_4,Pt 18,AC1_A3T,1,59.6,61.05,0,61.836,53.99,successful_between_events,2.235999999999997
Pt 18_FD18_4,Pt 18,AC1_A3T,2,61.25,62.2,0,61.836,53.99,successful_between_events,0.5859999999999985
Pt 18_FD18_4,Pt 18,AC1_A3T,3,62.45,62.8,0,64.196,62.22,successful_between_events,1.7459999999999951
Pt 18_FD18_4,Pt 18,AC1_A3T,4,63.0,63.85,0,64.196,62.22,successful_between_events,1.195999999999998
Pt 18_FD18_4,Pt 18,AC1_A3T,5,64.0,65.2,0,64.196,62.22,successful_between_events,0.19599999999999795
Pt 18_FD18_4,Pt 18,AC1_A3T,6,65.4,66.25,0,67.866,65.11,successful_between_events,2.465999999999994
Pt 18_FD18_4,Pt 18,AC1_A3T,7,66.45,68.55,0,67.866,65.11,successful_between_events,1.4159999999999968
Pt 18_FD18_4,Pt 18,AC1_A3T,8,68.75,69.5,0,74.246,70.94,during_reference_event_or_boundary,
Pt 18_FD18_4,Pt 18,AC1_A3T,9,69.65,70.0,0,74.246,70.94,during_reference_event_or_boundary,
Pt 18_FD18_4,Pt 18,AC1_A3T,10,70.35,70.95,0,74.246,70.94,during_reference_event_or_boundary,
Pt 18_FD18_4,Pt 18,AC1_A3T,11,71.3,71.55,0,74.246,70.94,successful_between_events,2.945999999999998
Pt 18_FD18_4,Pt 18,AC1_A3T,12,71.75,74.95,0,74.246,70.94,successful_between_events,2.495999999999995
Pt 18_FD18_4,Pt 18,AC1_A3T,13,75.25,77.15,0,76.20599999999999,74.85,successful_between_events,0.9559999999999889
Pt 18_FD18_4,Pt 18,AC1_A3T,14,77.4,79.65,0,80.136,77.04,successful_between_events,2.73599999999999
Pt 18_FD18_4,Pt 18,AC1_A3T,15,79.8,80.05,0,80.136,77.04,successful_between_events,0.3359999999999985
Pt 18_FD18_4,Pt 18,AC1_A3T,16,81.0,81.35,0,,89.99,during_reference_event_or_boundary,
Pt 18_FD18_4,Pt 18,AC1_A3T,17,81.5,82.8,0,,89.99,during_reference_event_or_boundary,
Pt 18_FD18_4,Pt 18,AC1_A3T,18,83.45,83.85,0,,89.99,during_reference_event_or_boundary,
Pt 18_FD18_4,Pt 18,AC1_A3T,19,84.05,85.15,0,,89.99,during_reference_event_or_boundary,
Pt 18_FD18_4,Pt 18,AC1_A3T,20,85.4,88.7,0,,89.99,during_reference_event_or_boundary,
Pt 18_FD18_4,Pt 18,AC1_A3T,21,89.0,89.85,1,,89.99,during_reference_event_or_boundary,
Pt 18_FD18_4,Pt 18,AC1_A7T,1,59.6,62.2,0,61.836,53.99,successful_between_events,2.235999999999997
Pt 18_FD18_4,Pt 18,AC1_A7T,2,63.15,71.6,0,64.196,62.22,successful_between_events,1.0459999999999994
Pt 18_FD18_4,Pt 18,AC1_A7T,3,72.1,77.2,0,74.246,70.94,successful_between_events,2.146000000000001
Pt 18_FD18_4,Pt 18,AC1_A7T,4,77.4,77.65,0,80.136,77.04,successful_between_events,2.73599999999999
Pt 18_FD18_4,Pt 18,AC1_A7T,5,78.0,82.85,0,80.136,77.04,successful_between_events,2.1359999999999957
Pt 18_FD18_4,Pt 18,AC1_A7T,6,83.25,83.9,0,,89.99,during_reference_event_or_boundary,
Pt 18_FD18_4,Pt 18,AC1_A7T,7,84.05,86.0,0,,89.99,during_reference_event_or_boundary,
Pt 18_FD18_4,Pt 18,AC1_A7T,8,86.65,89.7,0,,89.99,during_reference_event_or_boundary,
Pt 18_FD18_4,Pt 18,AC1_RA5T,1,59.6,60.45,0,61.836,53.99,successful_between_events,2.235999999999997
Pt 18_FD18_4,Pt 18,AC1_RA5T,2,63.05,66.3,0,64.196,62.22,successful_between_events,1.1460000000000008
Pt 18_FD18_4,Pt 18,AC1_RA5T,3,66.55,67.9,0,67.866,65.11,successful_between_events,1.3160000000000025
Pt 18_FD18_4,Pt 18,AC1_RA5T,4,68.15,69.35,0,74.246,70.94,during_reference_event_or_boundary,
Pt 18_FD18_4,Pt 18,AC1_RA5T,5,69.5,70.05,0,74.246,70.94,during_reference_event_or_boundary,
Pt 18_FD18_4,Pt 18,AC1_RA5T,6,70.5,70.95,0,74.246,70.94,during_reference_event_or_boundary,
Pt 18_FD18_4,Pt 18,AC1_RA5T,7,71.85,75.0,0,74.246,70.94,successful_between_events,2.396000000000001
Pt 18_FD18_4,Pt 18,AC1_RA5T,8,75.4,76.65,0,76.20599999999999,74.85,successful_between_events,0.8059999999999832
Pt 18_FD18_4,Pt 18,AC1_RA5T,9,76.85,77.15,0,80.136,77.04,during_reference_event_or_boundary,
Pt 18_FD18_4,Pt 18,AC1_RA5T,10,77.65,81.1,0,80.136,77.04,successful_between_events,2.48599999999999
Pt 18_FD18_4,Pt 18,AC1_RA5T,11,82.4,83.25,0,,89.99,during_reference_event_or_boundary,
Pt 18_FD18_4,Pt 18,AC1_RA5T,12,83.75,84.35,0,,89.99,during_reference_event_or_boundary,
Pt 18_FD18_4,Pt 18,AC1_RA5T,13,84.7,86.9,0,,89.99,during_reference_event_or_boundary,
Pt 18_FD18_4,Pt 18,AC1_RA5T,14,87.15,87.9,0,,89.99,during_reference_event_or_boundary,
Pt 18_FD18_4,Pt 18,AC1_RA5T,15,88.55,89.85,1,,89.99,during_reference_event_or_boundary,
Pt 18_FD18_4,Pt 18,Recovery_A3T,1,60.15,60.3,0,61.836,53.99,successful_between_events,1.686
Pt 18_FD18_4,Pt 18,Recovery_A3T,2,60.75,60.9,0,61.836,53.99,successful_between_events,1.0859999999999985
Pt 18_FD18_4,Pt 18,Recovery_A3T,3,61.3,61.45,0,61.836,53.99,successful_between_events,0.5360000000000014
Pt 18_FD18_4,Pt 18,Recovery_A3T,4,62.0,62.15,0,64.196,62.22,during_reference_event_or_boundary,
Pt 18_FD18_4,Pt 18,Recovery_A3T,5,62.6,62.85,0,64.196,62.22,successful_between_events,1.5959999999999965
Pt 18_FD18_4,Pt 18,Recovery_A3T,6,63.05,63.85,0,64.196,62.22,successful_between_events,1.1460000000000008
Pt 18_FD18_4,Pt 18,Recovery_A3T,7,64.2,64.65,0,67.866,65.11,during_reference_event_or_boundary,
Pt 18_FD18_4,Pt 18,Recovery_A3T,8,65.4,66.1,0,67.866,65.11,successful_between_events,2.465999999999994
Pt 18_FD18_4,Pt 18,Recovery_A3T,9,66.4,67.65,0,67.866,65.11,successful_between_events,1.465999999999994
Pt 18_FD18_4,Pt 18,Recovery_A3T,10,67.8,68.4,0,67.866,65.11,successful_between_events,0.0660000000000025
Pt 18_FD18_4,Pt 18,Recovery_A3T,11,68.8,69.25,0,74.246,70.94,during_reference_event_or_boundary,
Pt 18_FD18_4,Pt 18,Recovery_A3T,12,69.75,69.9,0,74.246,70.94,during_reference_event_or_boundary,
Pt 18_FD18_4,Pt 18,Recovery_A3T,13,70.4,70.75,0,74.246,70.94,during_reference_event_or_boundary,
Pt 18_FD18_4,Pt 18,Recovery_A3T,14,71.35,71.5,0,74.246,70.94,successful_between_events,2.896000000000001
Pt 18_FD18_4,Pt 18,Recovery_A3T,15,71.85,72.6,0,74.246,70.94,successful_between_events,2.396000000000001
Pt 18_FD18_4,Pt 18,Recovery_A3T,16,73.0,73.5,0,74.246,70.94,successful_between_events,1.2459999999999951
Pt 18_FD18_4,Pt 18,Recovery_A3T,17,74.2,74.85,0,74.246,70.94,successful_between_events,0.04599999999999227
Pt 18_FD18_4,Pt 18,Recovery_A3T,18,75.25,77.2,0,76.20599999999999,74.85,successful_between_events,0.9559999999999889
Pt 18_FD18_4,Pt 18,Recovery_A3T,19,77.95,78.35,0,80.136,77.04,successful_between_events,2.185999999999993
Pt 18_FD18_4,Pt 18,Recovery_A3T,20,78.5,79.55,0,80.136,77.04,successful_between_events,1.6359999999999957
Pt 18_FD18_4,Pt 18,Recovery_A3T,21,81.55,81.7,0,,89.99,during_reference_event_or_boundary,
Pt 18_FD18_4,Pt 18,Recovery_A3T,22,81.9,82.2,0,,89.99,during_reference_event_or_boundary,
Pt 18_FD18_4,Pt 18,Recovery_A3T,23,82.4,82.7,0,,89.99,during_reference_event_or_boundary,
Pt 18_FD18_4,Pt 18,Recovery_A3T,24,84.55,85.0,0,,89.99,during_reference_event_or_boundary,
Pt 18_FD18_4,Pt 18,Recovery_A3T,25,85.9,86.3,0,,89.99,during_reference_event_or_boundary,
Pt 18_FD18_4,Pt 18,Recovery_A3T,26,86.85,87.95,0,,89.99,during_reference_event_or_boundary,
Pt 18_FD18_4,Pt 18,Recovery_A3T,27,88.1,88.4,0,,89.99,during_reference_event_or_boundary,
Pt 18_FD18_4,Pt 18,Recovery_A3T,28,89.05,89.85,1,,89.99,during_reference_event_or_boundary,
Pt 18_FD18_4,Pt 18,Recovery_A7T,1,59.6,61.9,0,61.836,53.99,successful_between_events,2.235999999999997
Pt 18_FD18_4,Pt 18,Recovery_A7T,2,63.15,64.35,0,64.196,62.22,successful_between_events,1.0459999999999994
Pt 18_FD18_4,Pt 18,Recovery_A7T,3,64.6,67.8,0,67.866,65.11,during_reference_event_or_boundary,
Pt 18_FD18_4,Pt 18,Recovery_A7T,4,68.3,68.9,0,74.246,70.94,during_reference_event_or_boundary,
Pt 18_FD18_4,Pt 18,Recovery_A7T,5,69.85,70.9,0,74.246,70.94,during_reference_event_or_boundary,
Pt 18_FD18_4,Pt 18,Recovery_A7T,6,71.1,71.5,0,74.246,70.94,successful_between_events,3.146000000000001
Pt 18_FD18_4,Pt 18,Recovery_A7T,7,71.8,71.95,0,74.246,70.94,successful_between_events,2.445999999999998
Pt 18_FD18_4,Pt 18,Recovery_A7T,8,72.1,76.65,0,74.246,70.94,successful_between_events,2.146000000000001
Pt 18_FD18_4,Pt 18,Recovery_A7T,9,77.15,77.55,0,80.136,77.04,successful_between_events,2.98599999999999
Pt 18_FD18_4,Pt 18,Recovery_A7T,10,78.05,78.35,0,80.136,77.04,successful_between_events,2.0859999999999985
Pt 18_FD18_4,Pt 18,Recovery_A7T,11,78.5,82.55,0,80.136,77.04,successful_between_events,1.6359999999999957
Pt 18_FD18_4,Pt 18,Recovery_A7T,12,83.55,83.85,0,,89.99,during_reference_event_or_boundary,
Pt 18_FD18_4,Pt 18,Recovery_A7T,13,84.05,85.05,0,,89.99,during_reference_event_or_boundary,
Pt 18_FD18_4,Pt 18,Recovery_A7T,14,85.35,85.85,0,,89.99,during_reference_event_or_boundary,
Pt 18_FD18_4,Pt 18,Recovery_A7T,15,86.7,89.55,0,,89.99,during_reference_event_or_boundary,
Pt 18_FD18_4,Pt 18,Recovery_RA5T,1,59.6,60.35,0,61.836,53.99,successful_between_events,2.235999999999997
Pt 18_FD18_4,Pt 18,Recovery_RA5T,2,62.15,62.3,0,64.196,62.22,during_reference_event_or_boundary,
Pt 18_FD18_4,Pt 18,Recovery_RA5T,3,62.6,62.9,0,64.196,62.22,successful_between_events,1.5959999999999965
Pt 18_FD18_4,Pt 18,Recovery_RA5T,4,63.15,63.95,0,64.196,62.22,successful_between_events,1.0459999999999994
Pt 18_FD18_4,Pt 18,Recovery_RA5T,5,64.1,64.65,0,64.196,62.22,successful_between_events,0.09600000000000364
Pt 18_FD18_4,Pt 18,Recovery_RA5T,6,65.1,66.15,0,67.866,65.11,during_reference_event_or_boundary,
Pt 18_FD18_4,Pt 18,Recovery_RA5T,7,66.65,67.7,0,67.866,65.11,successful_between_events,1.215999999999994
Pt 18_FD18_4,Pt 18,Recovery_RA5T,8,68.2,69.2,0,74.246,70.94,during_reference_event_or_boundary,
Pt 18_FD18_4,Pt 18,Recovery_RA5T,9,69.55,70.0,0,74.246,70.94,during_reference_event_or_boundary,
Pt 18_FD18_4,Pt 18,Recovery_RA5T,10,70.5,70.65,0,74.246,70.94,during_reference_event_or_boundary,
Pt 18_FD18_4,Pt 18,Recovery_RA5T,11,71.9,73.3,0,74.246,70.94,successful_between_events,2.3459999999999894
Pt 18_FD18_4,Pt 18,Recovery_RA5T,12,73.6,74.9,0,74.246,70.94,successful_between_events,0.6460000000000008
Pt 18_FD18_4,Pt 18,Recovery_RA5T,13,75.4,76.55,0,76.20599999999999,74.85,successful_between_events,0.8059999999999832
Pt 18_FD18_4,Pt 18,Recovery_RA5T,14,76.95,77.2,0,80.136,77.04,during_reference_event_or_boundary,
Pt 18_FD18_4,Pt 18,Recovery_RA5T,15,78.0,81.0,0,80.136,77.04,successful_between_events,2.1359999999999957
Pt 18_FD18_4,Pt 18,Recovery_RA5T,16,82.05,83.0,0,,89.99,during_reference_event_or_boundary,
Pt 18_FD18_4,Pt 18,Recovery_RA5T,17,83.25,83.45,0,,89.99,during_reference_event_or_boundary,
Pt 18_FD18_4,Pt 18,Recovery_RA5T,18,83.7,84.2,0,,89.99,during_reference_event_or_boundary,
Pt 18_FD18_4,Pt 18,Recovery_RA5T,19,84.65,84.9,0,,89.99,during_reference_event_or_boundary,
Pt 18_FD18_4,Pt 18,Recovery_RA5T,20,85.25,86.7,0,,89.99,during_reference_event_or_boundary,
Pt 18_FD18_4,Pt 18,Recovery_RA5T,21,87.15,87.3,0,,89.99,during_reference_event_or_boundary,
Pt 18_FD18_4,Pt 18,Recovery_RA5T,22,87.5,88.05,0,,89.99,during_reference_event_or_boundary,
Pt 18_FD18_4,Pt 18,Recovery_RA5T,23,88.55,89.85,1,,89.99,during_reference_event_or_boundary,
Pt 18_FD18_4,Pt 18,Reddening_A3T,1,60.45,61.75,0,61.836,53.99,successful_between_events,1.3859999999999957
Pt 18_FD18_4,Pt 18,Reddening_A3T,2,62.2,65.0,0,64.196,62.22,during_reference_event_or_boundary,
Pt 18_FD18_4,Pt 18,Reddening_A3T,3,65.45,68.6,0,67.866,65.11,successful_between_events,2.415999999999997
Pt 18_FD18_4,Pt 18,Reddening_A3T,4,68.75,69.35,0,74.246,70.94,during_reference_event_or_boundary,
Pt 18_FD18_4,Pt 18,Reddening_A3T,5,69.55,70.15,0,74.246,70.94,during_reference_event_or_boundary,
Pt 18_FD18_4,Pt 18,Reddening_A3T,6,71.1,75.0,0,74.246,70.94,successful_between_events,3.146000000000001
Pt 18_FD18_4,Pt 18,Reddening_A3T,7,75.3,75.6,0,76.20599999999999,74.85,successful_between_events,0.9059999999999917
Pt 18_FD18_4,Pt 18,Reddening_A3T,8,76.35,79.65,0,80.136,77.04,during_reference_event_or_boundary,
Pt 18_FD18_4,Pt 18,Reddening_A3T,9,81.8,83.7,0,,89.99,during_reference_event_or_boundary,
Pt 18_FD18_4,Pt 18,Reddening_A3T,10,84.1,88.6,0,,89.99,during_reference_event_or_boundary,
Pt 18_FD18_4,Pt 18,Reddening_A3T,11,89.25,89.85,1,,89.99,during_reference_event_or_boundary,
Pt 18_FD18_4,Pt 18,Reddening_A7T,1,63.4,67.0,0,64.196,62.22,successful_between_events,0.7959999999999994
Pt 18_FD18_4,Pt 18,Reddening_A7T,2,71.7,76.05,0,74.246,70.94,successful_between_events,2.5459999999999923
Pt 18_FD18_4,Pt 18,Reddening_A7T,3,78.3,82.1,0,80.136,77.04,successful_between_events,1.8359999999999985
Pt 18_FD18_4,Pt 18,Reddening_A7T,4,83.55,89.85,1,,89.99,during_reference_event_or_boundary,
Pt 18_FD18_4,Pt 18,Reddening_RA5T,1,62.7,67.2,0,64.196,62.22,successful_between_events,1.4959999999999951
Pt 18_FD18_4,Pt 18,Reddening_RA5T,2,71.25,75.3,0,74.246,70.94,successful_between_events,2.995999999999995
Pt 18_FD18_4,Pt 18,Reddening_RA5T,3,75.8,76.05,0,76.20599999999999,74.85,successful_between_events,0.4059999999999917
Pt 18_FD18_4,Pt 18,Reddening_RA5T,4,77.6,81.25,0,80.136,77.04,successful_between_events,2.5360000000000014
Pt 18_FD18_4,Pt 18,Reddening_RA5T,5,82.55,87.8,0,,89.99,during_reference_event_or_boundary,
Pt 18_FD18_4,Pt 18,Reddening_RA5T,6,88.25,89.85,1,,89.99,during_reference_event_or_boundary,
Pt 18_FD18_4,Pt 18,Variance_A3T,1,59.6,60.95,0,61.836,53.99,successful_between_events,2.235999999999997
Pt 18_FD18_4,Pt 18,Variance_A3T,2,62.5,68.5,0,64.196,62.22,successful_between_events,1.695999999999998
Pt 18_FD18_4,Pt 18,Variance_A3T,3,71.85,72.0,0,74.246,70.94,successful_between_events,2.396000000000001
Pt 18_FD18_4,Pt 18,Variance_A3T,4,72.65,73.95,0,74.246,70.94,successful_between_events,1.5959999999999894
Pt 18_FD18_4,Pt 18,Variance_A3T,5,77.7,78.4,0,80.136,77.04,successful_between_events,2.435999999999993
Pt 18_FD18_4,Pt 18,Variance_A3T,6,78.8,79.7,0,80.136,77.04,successful_between_events,1.3359999999999985
Pt 18_FD18_4,Pt 18,Variance_A7T,1,59.6,69.15,0,61.836,53.99,successful_between_events,2.235999999999997
Pt 18_FD18_4,Pt 18,Variance_A7T,2,81.1,82.35,0,,89.99,during_reference_event_or_boundary,
Pt 18_FD18_4,Pt 18,Variance_RA5T,1,59.6,61.1,0,61.836,53.99,successful_between_events,2.235999999999997
Pt 18_FD18_4,Pt 18,Variance_RA5T,2,61.5,61.95,0,61.836,53.99,successful_between_events,0.3359999999999985
Pt 18_FD18_4,Pt 18,Variance_RA5T,3,62.15,70.1,0,64.196,62.22,during_reference_event_or_boundary,
Pt 18_FD18_4,Pt 18,Variance_RA5T,4,71.4,76.1,0,74.246,70.94,successful_between_events,2.8459999999999894
Pt 18_FD18_4,Pt 18,Variance_RA5T,5,77.35,81.45,0,80.136,77.04,successful_between_events,2.7860000000000014
Pt 18_FD18_4,Pt 18,Variance_RA5T,6,83.2,83.4,0,,89.99,during_reference_event_or_boundary,
Pt 18_FD18_5,Pt 18,Persistence,1,59.7,60.4,0,59.876000000000005,53.81,successful_between_events,0.17600000000000193
Pt 18_FD18_5,Pt 18,Persistence,2,63.0,65.7,0,66.636,65.28,during_reference_event_or_boundary,
Pt 18_FD18_5,Pt 18,Persistence,3,66.6,67.6,0,66.636,65.28,successful_between_events,0.036000000000001364
Pt 18_FD18_5,Pt 18,Persistence,4,74.75,83.75,0,75.95599999999999,67.9,successful_between_events,1.2059999999999889
Pt 18_FD18_5,Pt 18,Persistence,5,86.1,89.85,1,,89.99,during_reference_event_or_boundary,
Pt 18_FD18_5,Pt 18,AC1,1,59.6,62.15,0,59.876000000000005,53.81,successful_between_events,0.27600000000000335
Pt 18_FD18_5,Pt 18,AC1,2,63.25,66.25,0,66.636,65.28,during_reference_event_or_boundary,
Pt 18_FD18_5,Pt 18,AC1,3,67.0,67.8,0,75.95599999999999,67.9,during_reference_event_or_boundary,
Pt 18_FD18_5,Pt 18,AC1,4,68.75,72.5,0,75.95599999999999,67.9,successful_between_events,7.205999999999989
Pt 18_FD18_5,Pt 18,AC1,5,73.75,73.9,0,75.95599999999999,67.9,successful_between_events,2.205999999999989
Pt 18_FD18_5,Pt 18,AC1,6,77.45,77.6,0,85.67599999999999,83.78,during_reference_event_or_boundary,
Pt 18_FD18_5,Pt 18,AC1,7,78.0,78.25,0,85.67599999999999,83.78,during_reference_event_or_boundary,
Pt 18_FD18_5,Pt 18,AC1,8,78.85,79.3,0,85.67599999999999,83.78,during_reference_event_or_boundary,
Pt 18_FD18_5,Pt 18,AC1,9,80.05,80.2,0,85.67599999999999,83.78,during_reference_event_or_boundary,
Pt 18_FD18_5,Pt 18,AC1,10,80.5,80.65,0,85.67599999999999,83.78,during_reference_event_or_boundary,
Pt 18_FD18_5,Pt 18,AC1,11,84.65,85.5,0,85.67599999999999,83.78,successful_between_events,1.025999999999982
Pt 18_FD18_5,Pt 18,AC1,12,85.75,87.5,0,,89.99,during_reference_event_or_boundary,
Pt 18_FD18_5,Pt 18,AC1,13,88.15,88.4,0,,89.99,during_reference_event_or_boundary,
Pt 18_FD18_5,Pt 18,AC1,14,88.7,88.95,0,,89.99,during_reference_event_or_boundary,
Pt 18_FD18_5,Pt 18,Variance,1,59.6,62.35,0,59.876000000000005,53.81,successful_between_events,0.27600000000000335
Pt 18_FD18_5,Pt 18,Variance,2,63.25,64.35,0,66.636,65.28,during_reference_event_or_boundary,
Pt 18_FD18_5,Pt 18,Variance,3,68.7,75.45,0,75.95599999999999,67.9,successful_between_events,7.255999999999986
Pt 18_FD18_5,Pt 18,Variance,4,84.55,87.75,0,85.67599999999999,83.78,successful_between_events,1.1259999999999906
Pt 18_FD18_5,Pt 18,Recovery,1,59.6,62.15,0,59.876000000000005,53.81,successful_between_events,0.27600000000000335
Pt 18_FD18_5,Pt 18,Recovery,2,62.7,62.85,0,62.996,60.54,successful_between_events,0.2959999999999994
Pt 18_FD18_5,Pt 18,Recovery,3,63.6,66.3,0,66.636,65.28,during_reference_event_or_boundary,
Pt 18_FD18_5,Pt 18,Recovery,4,66.9,67.8,0,75.95599999999999,67.9,during_reference_event_or_boundary,
Pt 18_FD18_5,Pt 18,Recovery,5,68.85,71.1,0,75.95599999999999,67.9,successful_between_events,7.1059999999999945
Pt 18_FD18_5,Pt 18,Recovery,6,71.35,72.45,0,75.95599999999999,67.9,successful_between_events,4.6059999999999945
Pt 18_FD18_5,Pt 18,Recovery,7,73.1,74.3,0,75.95599999999999,67.9,successful_between_events,2.8559999999999945
Pt 18_FD18_5,Pt 18,Recovery,8,76.6,77.2,0,85.67599999999999,83.78,during_reference_event_or_boundary,
Pt 18_FD18_5,Pt 18,Recovery,9,77.45,77.6,0,85.67599999999999,83.78,during_reference_event_or_boundary,
Pt 18_FD18_5,Pt 18,Recovery,10,78.0,78.3,0,85.67599999999999,83.78,during_reference_event_or_boundary,
Pt 18_FD18_5,Pt 18,Recovery,11,78.85,79.3,0,85.67599999999999,83.78,during_reference_event_or_boundary,
Pt 18_FD18_5,Pt 18,Recovery,12,80.55,80.75,0,85.67599999999999,83.78,during_reference_event_or_boundary,
Pt 18_FD18_5,Pt 18,Recovery,13,84.75,85.6,0,85.67599999999999,83.78,successful_between_events,0.9259999999999877
Pt 18_FD18_5,Pt 18,Recovery,14,86.1,87.4,0,,89.99,during_reference_event_or_boundary,
Pt 18_FD18_5,Pt 18,Recovery,15,87.9,88.4,0,,89.99,during_reference_event_or_boundary,
Pt 18_FD18_5,Pt 18,Recovery,16,88.7,88.95,0,,89.99,during_reference_event_or_boundary,
Pt 18_FD18_5,Pt 18,Reddening,1,59.6,60.3,0,59.876000000000005,53.81,successful_between_events,0.27600000000000335
Pt 18_FD18_5,Pt 18,Reddening,2,61.7,62.4,0,62.996,60.54,successful_between_events,1.2959999999999994
Pt 18_FD18_5,Pt 18,Reddening,3,63.2,75.65,0,66.636,65.28,during_reference_event_or_boundary,
Pt 18_FD18_5,Pt 18,Reddening,4,76.6,78.75,0,85.67599999999999,83.78,during_reference_event_or_boundary,
Pt 18_FD18_5,Pt 18,Reddening,5,80.75,80.95,0,85.67599999999999,83.78,during_reference_event_or_boundary,
Pt 18_FD18_5,Pt 18,Reddening,6,83.9,89.7,0,85.67599999999999,83.78,successful_between_events,1.775999999999982
Pt 18_FD18_5,Pt 18,State-history,1,59.6,60.5,0,59.876000000000005,53.81,successful_between_events,0.27600000000000335
Pt 18_FD18_5,Pt 18,State-history,2,60.95,61.2,0,62.996,60.54,successful_between_events,2.0459999999999994
Pt 18_FD18_5,Pt 18,State-history,3,62.8,66.2,0,62.996,60.54,successful_between_events,0.19600000000000506
Pt 18_FD18_5,Pt 18,State-history,4,66.5,67.85,0,66.636,65.28,successful_between_events,0.13599999999999568
Pt 18_FD18_5,Pt 18,State-history,5,70.0,70.3,0,75.95599999999999,67.9,successful_between_events,5.955999999999989
Pt 18_FD18_5,Pt 18,State-history,6,73.8,74.35,0,75.95599999999999,67.9,successful_between_events,2.1559999999999917
Pt 18_FD18_5,Pt 18,State-history,7,74.6,83.8,0,75.95599999999999,67.9,successful_between_events,1.3559999999999945
Pt 18_FD18_5,Pt 18,State-history,8,85.5,89.85,1,85.67599999999999,83.78,successful_between_events,0.17599999999998772
Pt 18_FD18_5,Pt 18,AC1_A3T,1,59.6,60.65,0,59.876000000000005,53.81,successful_between_events,0.27600000000000335
Pt 18_FD18_5,Pt 18,AC1_A3T,2,61.0,61.7,0,62.996,60.54,successful_between_events,1.9960000000000022
Pt 18_FD18_5,Pt 18,AC1_A3T,3,62.05,62.65,0,62.996,60.54,successful_between_events,0.9460000000000051
Pt 18_FD18_5,Pt 18,AC1_A3T,4,63.05,64.85,0,66.636,65.28,during_reference_event_or_boundary,
Pt 18_FD18_5,Pt 18,AC1_A3T,5,65.65,65.9,0,66.636,65.28,successful_between_events,0.98599999999999
Pt 18_FD18_5,Pt 18,AC1_A3T,6,66.05,66.45,0,66.636,65.28,successful_between_events,0.5859999999999985
Pt 18_FD18_5,Pt 18,AC1_A3T,7,66.75,67.75,0,75.95599999999999,67.9,during_reference_event_or_boundary,
Pt 18_FD18_5,Pt 18,AC1_A3T,8,68.2,68.4,0,75.95599999999999,67.9,successful_between_events,7.755999999999986
Pt 18_FD18_5,Pt 18,AC1_A3T,9,68.65,68.9,0,75.95599999999999,67.9,successful_between_events,7.305999999999983
Pt 18_FD18_5,Pt 18,AC1_A3T,10,69.2,70.5,0,75.95599999999999,67.9,successful_between_events,6.755999999999986
Pt 18_FD18_5,Pt 18,AC1_A3T,11,70.65,70.9,0,75.95599999999999,67.9,successful_between_events,5.305999999999983
Pt 18_FD18_5,Pt 18,AC1_A3T,12,71.3,72.0,0,75.95599999999999,67.9,successful_between_events,4.655999999999992
Pt 18_FD18_5,Pt 18,AC1_A3T,13,72.2,72.55,0,75.95599999999999,67.9,successful_between_events,3.755999999999986
Pt 18_FD18_5,Pt 18,AC1_A3T,14,75.9,76.15,0,75.95599999999999,67.9,successful_between_events,0.055999999999983174
Pt 18_FD18_5,Pt 18,AC1_A3T,15,76.45,76.8,0,85.67599999999999,83.78,during_reference_event_or_boundary,
Pt 18_FD18_5,Pt 18,AC1_A3T,16,77.25,78.05,0,85.67599999999999,83.78,during_reference_event_or_boundary,
Pt 18_FD18_5,Pt 18,AC1_A3T,17,78.35,78.75,0,85.67599999999999,83.78,during_reference_event_or_boundary,
Pt 18_FD18_5,Pt 18,AC1_A3T,18,78.95,79.25,0,85.67599999999999,83.78,during_reference_event_or_boundary,
Pt 18_FD18_5,Pt 18,AC1_A3T,19,79.95,80.35,0,85.67599999999999,83.78,during_reference_event_or_boundary,
Pt 18_FD18_5,Pt 18,AC1_A3T,20,81.6,81.8,0,85.67599999999999,83.78,during_reference_event_or_boundary,
Pt 18_FD18_5,Pt 18,AC1_A3T,21,84.5,86.15,0,85.67599999999999,83.78,successful_between_events,1.1759999999999877
Pt 18_FD18_5,Pt 18,AC1_A3T,22,87.15,87.55,0,,89.99,during_reference_event_or_boundary,
Pt 18_FD18_5,Pt 18,AC1_A3T,23,88.0,88.15,0,,89.99,during_reference_event_or_boundary,
Pt 18_FD18_5,Pt 18,AC1_A3T,24,88.75,89.45,0,,89.99,during_reference_event_or_boundary,
Pt 18_FD18_5,Pt 18,AC1_A7T,1,59.6,67.85,0,59.876000000000005,53.81,successful_between_events,0.27600000000000335
Pt 18_FD18_5,Pt 18,AC1_A7T,2,68.75,74.05,0,75.95599999999999,67.9,successful_between_events,7.205999999999989
Pt 18_FD18_5,Pt 18,AC1_A7T,3,74.3,76.05,0,75.95599999999999,67.9,successful_between_events,1.6559999999999917
Pt 18_FD18_5,Pt 18,AC1_A7T,4,76.65,76.8,0,85.67599999999999,83.78,during_reference_event_or_boundary,
Pt 18_FD18_5,Pt 18,AC1_A7T,5,77.2,78.8,0,85.67599999999999,83.78,during_reference_event_or_boundary,
Pt 18_FD18_5,Pt 18,AC1_A7T,6,79.0,79.2,0,85.67599999999999,83.78,during_reference_event_or_boundary,
Pt 18_FD18_5,Pt 18,AC1_A7T,7,79.55,79.85,0,85.67599999999999,83.78,during_reference_event_or_boundary,
Pt 18_FD18_5,Pt 18,AC1_A7T,8,80.4,80.85,0,85.67599999999999,83.78,during_reference_event_or_boundary,
Pt 18_FD18_5,Pt 18,AC1_A7T,9,81.6,82.3,0,85.67599999999999,83.78,during_reference_event_or_boundary,
Pt 18_FD18_5,Pt 18,AC1_A7T,10,84.65,89.85,1,85.67599999999999,83.78,successful_between_events,1.025999999999982
Pt 18_FD18_5,Pt 18,AC1_RA5T,1,59.6,62.2,0,59.876000000000005,53.81,successful_between_events,0.27600000000000335
Pt 18_FD18_5,Pt 18,AC1_RA5T,2,62.6,62.75,0,62.996,60.54,successful_between_events,0.3960000000000008
Pt 18_FD18_5,Pt 18,AC1_RA5T,3,63.2,66.3,0,66.636,65.28,during_reference_event_or_boundary,
Pt 18_FD18_5,Pt 18,AC1_RA5T,4,66.95,68.0,0,75.95599999999999,67.9,during_reference_event_or_boundary,
Pt 18_FD18_5,Pt 18,AC1_RA5T,5,68.2,72.55,0,75.95599999999999,67.9,successful_between_events,7.755999999999986
Pt 18_FD18_5,Pt 18,AC1_RA5T,6,73.35,73.5,0,75.95599999999999,67.9,successful_between_events,2.6059999999999945
Pt 18_FD18_5,Pt 18,AC1_RA5T,7,73.7,74.0,0,75.95599999999999,67.9,successful_between_events,2.255999999999986
Pt 18_FD18_5,Pt 18,AC1_RA5T,8,75.0,75.3,0,75.95599999999999,67.9,successful_between_events,0.9559999999999889
Pt 18_FD18_5,Pt 18,AC1_RA5T,9,76.15,76.7,0,85.67599999999999,83.78,during_reference_event_or_boundary,
Pt 18_FD18_5,Pt 18,AC1_RA5T,10,77.45,77.6,0,85.67599999999999,83.78,during_reference_event_or_boundary,
Pt 18_FD18_5,Pt 18,AC1_RA5T,11,78.0,78.3,0,85.67599999999999,83.78,during_reference_event_or_boundary,
Pt 18_FD18_5,Pt 18,AC1_RA5T,12,78.85,79.25,0,85.67599999999999,83.78,during_reference_event_or_boundary,
Pt 18_FD18_5,Pt 18,AC1_RA5T,13,84.55,85.6,0,85.67599999999999,83.78,successful_between_events,1.1259999999999906
Pt 18_FD18_5,Pt 18,AC1_RA5T,14,85.75,87.45,0,,89.99,during_reference_event_or_boundary,
Pt 18_FD18_5,Pt 18,AC1_RA5T,15,87.95,89.05,0,,89.99,during_reference_event_or_boundary,
Pt 18_FD18_5,Pt 18,Recovery_A3T,1,59.6,59.8,0,59.876000000000005,53.81,successful_between_events,0.27600000000000335
Pt 18_FD18_5,Pt 18,Recovery_A3T,2,60.4,60.7,0,62.996,60.54,during_reference_event_or_boundary,
Pt 18_FD18_5,Pt 18,Recovery_A3T,3,61.1,61.75,0,62.996,60.54,successful_between_events,1.8960000000000008
Pt 18_FD18_5,Pt 18,Recovery_A3T,4,63.25,63.65,0,66.636,65.28,during_reference_event_or_boundary,
Pt 18_FD18_5,Pt 18,Recovery_A3T,5,64.05,64.8,0,66.636,65.28,during_reference_event_or_boundary,
Pt 18_FD18_5,Pt 18,Recovery_A3T,6,65.6,65.9,0,66.636,65.28,successful_between_events,1.0360000000000014
Pt 18_FD18_5,Pt 18,Recovery_A3T,7,66.2,66.35,0,66.636,65.28,successful_between_events,0.43599999999999284
Pt 18_FD18_5,Pt 18,Recovery_A3T,8,67.1,67.5,0,75.95599999999999,67.9,during_reference_event_or_boundary,
Pt 18_FD18_5,Pt 18,Recovery_A3T,9,68.65,69.05,0,75.95599999999999,67.9,successful_between_events,7.305999999999983
Pt 18_FD18_5,Pt 18,Recovery_A3T,10,69.6,70.1,0,75.95599999999999,67.9,successful_between_events,6.3559999999999945
Pt 18_FD18_5,Pt 18,Recovery_A3T,11,70.45,70.8,0,75.95599999999999,67.9,successful_between_events,5.505999999999986
Pt 18_FD18_5,Pt 18,Recovery_A3T,12,71.0,71.45,0,75.95599999999999,67.9,successful_between_events,4.955999999999989
Pt 18_FD18_5,Pt 18,Recovery_A3T,13,72.05,72.2,0,75.95599999999999,67.9,successful_between_events,3.9059999999999917
Pt 18_FD18_5,Pt 18,Recovery_A3T,14,72.5,72.65,0,75.95599999999999,67.9,successful_between_events,3.455999999999989
Pt 18_FD18_5,Pt 18,Recovery_A3T,15,75.9,76.05,0,75.95599999999999,67.9,successful_between_events,0.055999999999983174
Pt 18_FD18_5,Pt 18,Recovery_A3T,16,76.45,76.8,0,85.67599999999999,83.78,during_reference_event_or_boundary,
Pt 18_FD18_5,Pt 18,Recovery_A3T,17,77.5,77.8,0,85.67599999999999,83.78,during_reference_event_or_boundary,
Pt 18_FD18_5,Pt 18,Recovery_A3T,18,78.45,78.65,0,85.67599999999999,83.78,during_reference_event_or_boundary,
Pt 18_FD18_5,Pt 18,Recovery_A3T,19,79.1,79.25,0,85.67599999999999,83.78,during_reference_event_or_boundary,
Pt 18_FD18_5,Pt 18,Recovery_A3T,20,84.55,85.45,0,85.67599999999999,83.78,successful_between_events,1.1259999999999906
Pt 18_FD18_5,Pt 18,Recovery_A3T,21,85.75,86.05,0,,89.99,during_reference_event_or_boundary,
Pt 18_FD18_5,Pt 18,Recovery_A3T,22,86.75,86.9,0,,89.99,during_reference_event_or_boundary,
Pt 18_FD18_5,Pt 18,Recovery_A3T,23,87.15,87.5,0,,89.99,during_reference_event_or_boundary,
Pt 18_FD18_5,Pt 18,Recovery_A7T,1,59.7,60.35,0,59.876000000000005,53.81,successful_between_events,0.17600000000000193
Pt 18_FD18_5,Pt 18,Recovery_A7T,2,60.75,60.9,0,62.996,60.54,successful_between_events,2.246000000000002
Pt 18_FD18_5,Pt 18,Recovery_A7T,3,61.2,63.7,0,62.996,60.54,successful_between_events,1.7959999999999994
Pt 18_FD18_5,Pt 18,Recovery_A7T,4,64.0,65.6,0,66.636,65.28,during_reference_event_or_boundary,
Pt 18_FD18_5,Pt 18,Recovery_A7T,5,65.75,67.75,0,66.636,65.28,successful_between_events,0.8859999999999957
Pt 18_FD18_5,Pt 18,Recovery_A7T,6,68.9,71.05,0,75.95599999999999,67.9,successful_between_events,7.055999999999983
Pt 18_FD18_5,Pt 18,Recovery_A7T,7,71.35,75.6,0,75.95599999999999,67.9,successful_between_events,4.6059999999999945
Pt 18_FD18_5,Pt 18,Recovery_A7T,8,77.6,78.7,0,85.67599999999999,83.78,during_reference_event_or_boundary,
Pt 18_FD18_5,Pt 18,Recovery_A7T,9,79.55,79.8,0,85.67599999999999,83.78,during_reference_event_or_boundary,
Pt 18_FD18_5,Pt 18,Recovery_A7T,10,80.45,80.8,0,85.67599999999999,83.78,during_reference_event_or_boundary,
Pt 18_FD18_5,Pt 18,Recovery_A7T,11,84.75,88.8,0,85.67599999999999,83.78,successful_between_events,0.9259999999999877
Pt 18_FD18_5,Pt 18,Recovery_A7T,12,89.4,89.85,1,,89.99,during_reference_event_or_boundary,
Pt 18_FD18_5,Pt 18,Recovery_RA5T,1,59.65,62.15,0,59.876000000000005,53.81,successful_between_events,0.2260000000000062
Pt 18_FD18_5,Pt 18,Recovery_RA5T,2,62.7,62.85,0,62.996,60.54,successful_between_events,0.2959999999999994
Pt 18_FD18_5,Pt 18,Recovery_RA5T,3,63.65,65.5,0,66.636,65.28,during_reference_event_or_boundary,
Pt 18_FD18_5,Pt 18,Recovery_RA5T,4,65.75,66.3,0,66.636,65.28,successful_between_events,0.8859999999999957
Pt 18_FD18_5,Pt 18,Recovery_RA5T,5,67.2,67.9,0,75.95599999999999,67.9,during_reference_event_or_boundary,
Pt 18_FD18_5,Pt 18,Recovery_RA5T,6,68.85,69.45,0,75.95599999999999,67.9,successful_between_events,7.1059999999999945
Pt 18_FD18_5,Pt 18,Recovery_RA5T,7,69.65,70.0,0,75.95599999999999,67.9,successful_between_events,6.305999999999983
Pt 18_FD18_5,Pt 18,Recovery_RA5T,8,70.35,72.45,0,75.95599999999999,67.9,successful_between_events,5.6059999999999945
Pt 18_FD18_5,Pt 18,Recovery_RA5T,9,73.15,73.5,0,75.95599999999999,67.9,successful_between_events,2.805999999999983
Pt 18_FD18_5,Pt 18,Recovery_RA5T,10,73.8,74.2,0,75.95599999999999,67.9,successful_between_events,2.1559999999999917
Pt 18_FD18_5,Pt 18,Recovery_RA5T,11,76.1,77.15,0,85.67599999999999,83.78,during_reference_event_or_boundary,
Pt 18_FD18_5,Pt 18,Recovery_RA5T,12,77.45,77.6,0,85.67599999999999,83.78,during_reference_event_or_boundary,
Pt 18_FD18_5,Pt 18,Recovery_RA5T,13,78.0,78.3,0,85.67599999999999,83.78,during_reference_event_or_boundary,
Pt 18_FD18_5,Pt 18,Recovery_RA5T,14,79.05,79.3,0,85.67599999999999,83.78,during_reference_event_or_boundary,
Pt 18_FD18_5,Pt 18,Recovery_RA5T,15,84.65,85.6,0,85.67599999999999,83.78,successful_between_events,1.025999999999982
Pt 18_FD18_5,Pt 18,Recovery_RA5T,16,86.6,87.3,0,,89.99,during_reference_event_or_boundary,
Pt 18_FD18_5,Pt 18,Recovery_RA5T,17,87.85,89.05,0,,89.99,during_reference_event_or_boundary,
Pt 18_FD18_5,Pt 18,Reddening_A3T,1,61.0,61.55,0,62.996,60.54,successful_between_events,1.9960000000000022
Pt 18_FD18_5,Pt 18,Reddening_A3T,2,62.85,63.8,0,62.996,60.54,successful_between_events,0.1460000000000008
Pt 18_FD18_5,Pt 18,Reddening_A3T,3,64.2,65.2,0,66.636,65.28,during_reference_event_or_boundary,
Pt 18_FD18_5,Pt 18,Reddening_A3T,4,65.55,70.2,0,66.636,65.28,successful_between_events,1.0859999999999985
Pt 18_FD18_5,Pt 18,Reddening_A3T,5,70.5,71.85,0,75.95599999999999,67.9,successful_between_events,5.455999999999989
Pt 18_FD18_5,Pt 18,Reddening_A3T,6,74.15,74.55,0,75.95599999999999,67.9,successful_between_events,1.8059999999999832
Pt 18_FD18_5,Pt 18,Reddening_A3T,7,77.2,77.95,0,85.67599999999999,83.78,during_reference_event_or_boundary,
Pt 18_FD18_5,Pt 18,Reddening_A3T,8,80.0,80.45,0,85.67599999999999,83.78,during_reference_event_or_boundary,
Pt 18_FD18_5,Pt 18,Reddening_A3T,9,82.9,83.65,0,85.67599999999999,83.78,during_reference_event_or_boundary,
Pt 18_FD18_5,Pt 18,Reddening_A3T,10,83.85,86.35,0,85.67599999999999,83.78,successful_between_events,1.8259999999999934
Pt 18_FD18_5,Pt 18,Reddening_A3T,11,86.85,88.5,0,,89.99,during_reference_event_or_boundary,
Pt 18_FD18_5,Pt 18,Reddening_A3T,12,89.7,89.85,1,,89.99,during_reference_event_or_boundary,
Pt 18_FD18_5,Pt 18,Reddening_A7T,1,59.7,59.95,0,59.876000000000005,53.81,successful_between_events,0.17600000000000193
Pt 18_FD18_5,Pt 18,Reddening_A7T,2,63.1,76.55,0,66.636,65.28,during_reference_event_or_boundary,
Pt 18_FD18_5,Pt 18,Reddening_A7T,3,77.4,80.15,0,85.67599999999999,83.78,during_reference_event_or_boundary,
Pt 18_FD18_5,Pt 18,Reddening_A7T,4,83.95,89.85,1,85.67599999999999,83.78,successful_between_events,1.7259999999999849
Pt 18_FD18_5,Pt 18,Reddening_RA5T,1,61.8,62.3,0,62.996,60.54,successful_between_events,1.196000000000005
Pt 18_FD18_5,Pt 18,Reddening_RA5T,2,63.25,75.75,0,66.636,65.28,during_reference_event_or_boundary,
Pt 18_FD18_5,Pt 18,Reddening_RA5T,3,76.1,78.55,0,85.67599999999999,83.78,during_reference_event_or_boundary,
Pt 18_FD18_5,Pt 18,Reddening_RA5T,4,83.95,89.85,1,85.67599999999999,83.78,successful_between_events,1.7259999999999849
Pt 18_FD18_5,Pt 18,Variance_A3T,1,59.6,60.9,0,59.876000000000005,53.81,successful_between_events,0.27600000000000335
Pt 18_FD18_5,Pt 18,Variance_A3T,2,62.95,63.9,0,62.996,60.54,successful_between_events,0.045999999999999375
Pt 18_FD18_5,Pt 18,Variance_A3T,3,64.45,64.85,0,66.636,65.28,during_reference_event_or_boundary,
Pt 18_FD18_5,Pt 18,Variance_A3T,4,68.45,73.3,0,75.95599999999999,67.9,successful_between_events,7.505999999999986
Pt 18_FD18_5,Pt 18,Variance_A3T,5,73.6,73.9,0,75.95599999999999,67.9,successful_between_events,2.3559999999999945
Pt 18_FD18_5,Pt 18,Variance_A3T,6,74.1,74.55,0,75.95599999999999,67.9,successful_between_events,1.8559999999999945
Pt 18_FD18_5,Pt 18,Variance_A3T,7,84.35,86.55,0,85.67599999999999,83.78,successful_between_events,1.3259999999999934
Pt 18_FD18_5,Pt 18,Variance_A7T,1,59.6,65.65,0,59.876000000000005,53.81,successful_between_events,0.27600000000000335
Pt 18_FD18_5,Pt 18,Variance_A7T,2,68.7,77.0,0,75.95599999999999,67.9,successful_between_events,7.255999999999986
Pt 18_FD18_5,Pt 18,Variance_A7T,3,77.35,78.9,0,85.67599999999999,83.78,during_reference_event_or_boundary,
Pt 18_FD18_5,Pt 18,Variance_A7T,4,84.55,89.4,0,85.67599999999999,83.78,successful_between_events,1.1259999999999906
Pt 18_FD18_5,Pt 18,Variance_A7T,5,89.55,89.85,1,,89.99,during_reference_event_or_boundary,
Pt 18_FD18_5,Pt 18,Variance_RA5T,1,59.6,66.6,0,59.876000000000005,53.81,successful_between_events,0.27600000000000335
Pt 18_FD18_5,Pt 18,Variance_RA5T,2,68.25,75.45,0,75.95599999999999,67.9,successful_between_events,7.705999999999989
Pt 18_FD18_5,Pt 18,Variance_RA5T,3,76.55,77.05,0,85.67599999999999,83.78,during_reference_event_or_boundary,
Pt 18_FD18_5,Pt 18,Variance_RA5T,4,84.15,89.2,0,85.67599999999999,83.78,successful_between_events,1.525999999999982
Pt 20_FD20_2,Pt 20,Persistence,1,67.4,68.15,0,75.556,68.22,during_reference_event_or_boundary,
Pt 20_FD20_2,Pt 20,Persistence,2,75.4,75.7,0,75.556,68.22,successful_between_events,0.1559999999999917
Pt 20_FD20_2,Pt 20,Persistence,3,83.0,85.95,0,83.076,81.72,successful_between_events,0.0759999999999934
Pt 20_FD20_2,Pt 20,Persistence,4,86.15,86.95,0,,89.99,during_reference_event_or_boundary,
Pt 20_FD20_2,Pt 20,Persistence,5,87.15,89.85,1,,89.99,during_reference_event_or_boundary,
Pt 20_FD20_2,Pt 20,AC1,1,64.9,65.05,0,66.776,63.89,successful_between_events,1.8759999999999906
Pt 20_FD20_2,Pt 20,AC1,2,65.2,66.35,0,66.776,63.89,successful_between_events,1.5759999999999934
Pt 20_FD20_2,Pt 20,AC1,3,67.15,67.65,0,75.556,68.22,during_reference_event_or_boundary,
Pt 20_FD20_2,Pt 20,AC1,4,69.2,69.9,0,75.556,68.22,successful_between_events,6.3559999999999945
Pt 20_FD20_2,Pt 20,AC1,5,70.95,71.65,0,75.556,68.22,successful_between_events,4.6059999999999945
Pt 20_FD20_2,Pt 20,AC1,6,74.15,75.25,0,75.556,68.22,successful_between_events,1.4059999999999917
Pt 20_FD20_2,Pt 20,AC1,7,75.6,76.75,0,78.446,76.37,during_reference_event_or_boundary,
Pt 20_FD20_2,Pt 20,AC1,8,77.4,78.1,0,78.446,76.37,successful_between_events,1.0459999999999923
Pt 20_FD20_2,Pt 20,AC1,9,79.15,79.3,0,81.226,78.81,successful_between_events,2.0759999999999934
Pt 20_FD20_2,Pt 20,AC1,10,79.7,80.85,0,81.226,78.81,successful_between_events,1.5259999999999962
Pt 20_FD20_2,Pt 20,AC1,11,81.25,82.1,0,83.076,81.72,during_reference_event_or_boundary,
Pt 20_FD20_2,Pt 20,AC1,12,82.75,82.9,0,83.076,81.72,successful_between_events,0.3259999999999934
Pt 20_FD20_2,Pt 20,AC1,13,83.15,83.3,0,,89.99,during_reference_event_or_boundary,
Pt 20_FD20_2,Pt 20,AC1,14,83.65,85.05,0,,89.99,during_reference_event_or_boundary,
Pt 20_FD20_2,Pt 20,AC1,15,86.05,86.2,0,,89.99,during_reference_event_or_boundary,
Pt 20_FD20_2,Pt 20,AC1,16,86.85,87.0,0,,89.99,during_reference_event_or_boundary,
Pt 20_FD20_2,Pt 20,AC1,17,87.7,87.85,0,,89.99,during_reference_event_or_boundary,
Pt 20_FD20_2,Pt 20,Variance,1,64.6,68.15,0,66.776,63.89,successful_between_events,2.176000000000002
Pt 20_FD20_2,Pt 20,Variance,2,68.5,72.45,0,75.556,68.22,successful_between_events,7.055999999999997
Pt 20_FD20_2,Pt 20,Variance,3,73.6,83.55,0,75.556,68.22,successful_between_events,1.956000000000003
Pt 20_FD20_2,Pt 20,Recovery,1,64.9,65.05,0,66.776,63.89,successful_between_events,1.8759999999999906
Pt 20_FD20_2,Pt 20,Recovery,2,65.2,65.8,0,66.776,63.89,successful_between_events,1.5759999999999934
Pt 20_FD20_2,Pt 20,Recovery,3,67.15,67.65,0,75.556,68.22,during_reference_event_or_boundary,
Pt 20_FD20_2,Pt 20,Recovery,4,69.25,69.75,0,75.556,68.22,successful_between_events,6.305999999999997
Pt 20_FD20_2,Pt 20,Recovery,5,70.7,71.5,0,75.556,68.22,successful_between_events,4.8559999999999945
Pt 20_FD20_2,Pt 20,Recovery,6,73.8,75.0,0,75.556,68.22,successful_between_events,1.7560000000000002
Pt 20_FD20_2,Pt 20,Recovery,7,75.2,76.6,0,75.556,68.22,successful_between_events,0.35599999999999454
Pt 20_FD20_2,Pt 20,Recovery,8,77.4,77.8,0,78.446,76.37,successful_between_events,1.0459999999999923
Pt 20_FD20_2,Pt 20,Recovery,9,79.0,79.45,0,81.226,78.81,successful_between_events,2.225999999999999
Pt 20_FD20_2,Pt 20,Recovery,10,79.65,79.8,0,81.226,78.81,successful_between_events,1.5759999999999934
Pt 20_FD20_2,Pt 20,Recovery,11,80.35,81.95,0,81.226,78.81,successful_between_events,0.8760000000000048
Pt 20_FD20_2,Pt 20,Recovery,12,85.5,85.75,0,,89.99,during_reference_event_or_boundary,
Pt 20_FD20_2,Pt 20,Reddening,1,65.1,66.0,0,66.776,63.89,successful_between_events,1.676000000000002
Pt 20_FD20_2,Pt 20,Reddening,2,67.1,67.95,0,75.556,68.22,during_reference_event_or_boundary,
Pt 20_FD20_2,Pt 20,Reddening,3,68.75,70.2,0,75.556,68.22,successful_between_events,6.805999999999997
Pt 20_FD20_2,Pt 20,Reddening,4,76.0,76.85,0,78.446,76.37,during_reference_event_or_boundary,
Pt 20_FD20_2,Pt 20,Reddening,5,81.25,81.85,0,83.076,81.72,during_reference_event_or_boundary,
Pt 20_FD20_2,Pt 20,Reddening,6,85.5,86.65,0,,89.99,during_reference_event_or_boundary,
Pt 20_FD20_2,Pt 20,State-history,1,63.25,64.2,0,63.386,53.0,successful_between_events,0.13600000000000279
Pt 20_FD20_2,Pt 20,State-history,2,66.55,66.95,0,66.776,63.89,successful_between_events,0.2259999999999991
Pt 20_FD20_2,Pt 20,State-history,3,67.2,68.2,0,75.556,68.22,during_reference_event_or_boundary,
Pt 20_FD20_2,Pt 20,State-history,4,72.7,73.15,0,75.556,68.22,successful_between_events,2.8559999999999945
Pt 20_FD20_2,Pt 20,State-history,5,75.2,76.05,0,75.556,68.22,successful_between_events,0.35599999999999454
Pt 20_FD20_2,Pt 20,State-history,6,76.4,76.65,0,78.446,76.37,successful_between_events,2.0459999999999923
Pt 20_FD20_2,Pt 20,State-history,7,77.9,78.55,0,78.446,76.37,successful_between_events,0.5459999999999923
Pt 20_FD20_2,Pt 20,State-history,8,80.6,80.9,0,81.226,78.81,successful_between_events,0.6260000000000048
Pt 20_FD20_2,Pt 20,State-history,9,82.55,85.35,0,83.076,81.72,successful_between_events,0.5259999999999962
Pt 20_FD20_2,Pt 20,State-history,10,85.75,89.85,1,,89.99,during_reference_event_or_boundary,
Pt 20_FD20_2,Pt 20,AC1_A3T,1,61.9,62.2,0,63.386,53.0,successful_between_events,1.4860000000000042
Pt 20_FD20_2,Pt 20,AC1_A3T,2,64.1,64.35,0,66.776,63.89,successful_between_events,2.676000000000002
Pt 20_FD20_2,Pt 20,AC1_A3T,3,64.7,65.1,0,66.776,63.89,successful_between_events,2.0759999999999934
Pt 20_FD20_2,Pt 20,AC1_A3T,4,65.65,65.85,0,66.776,63.89,successful_between_events,1.1259999999999906
Pt 20_FD20_2,Pt 20,AC1_A3T,5,66.05,66.35,0,66.776,63.89,successful_between_events,0.7259999999999991
Pt 20_FD20_2,Pt 20,AC1_A3T,6,66.9,67.15,0,75.556,68.22,during_reference_event_or_boundary,
Pt 20_FD20_2,Pt 20,AC1_A3T,7,69.1,69.6,0,75.556,68.22,successful_between_events,6.456000000000003
Pt 20_FD20_2,Pt 20,AC1_A3T,8,70.0,70.35,0,75.556,68.22,successful_between_events,5.555999999999997
Pt 20_FD20_2,Pt 20,AC1_A3T,9,73.75,75.25,0,75.556,68.22,successful_between_events,1.8059999999999974
Pt 20_FD20_2,Pt 20,AC1_A3T,10,76.3,76.9,0,78.446,76.37,during_reference_event_or_boundary,
Pt 20_FD20_2,Pt 20,AC1_A3T,11,77.7,78.85,0,78.446,76.37,successful_between_events,0.7459999999999951
Pt 20_FD20_2,Pt 20,AC1_A3T,12,79.1,79.45,0,81.226,78.81,successful_between_events,2.1260000000000048
Pt 20_FD20_2,Pt 20,AC1_A3T,13,79.75,80.75,0,81.226,78.81,successful_between_events,1.475999999999999
Pt 20_FD20_2,Pt 20,AC1_A3T,14,82.1,82.9,0,83.076,81.72,successful_between_events,0.9759999999999991
Pt 20_FD20_2,Pt 20,AC1_A3T,15,83.1,83.75,0,,89.99,during_reference_event_or_boundary,
Pt 20_FD20_2,Pt 20,AC1_A3T,16,84.5,84.8,0,,89.99,during_reference_event_or_boundary,
Pt 20_FD20_2,Pt 20,AC1_A3T,17,85.3,85.65,0,,89.99,during_reference_event_or_boundary,
Pt 20_FD20_2,Pt 20,AC1_A3T,18,86.65,88.1,0,,89.99,during_reference_event_or_boundary,
Pt 20_FD20_2,Pt 20,AC1_A3T,19,88.35,88.8,0,,89.99,during_reference_event_or_boundary,
Pt 20_FD20_2,Pt 20,AC1_A3T,20,89.5,89.85,1,,89.99,during_reference_event_or_boundary,
Pt 20_FD20_2,Pt 20,AC1_A7T,1,64.9,65.05,0,66.776,63.89,successful_between_events,1.8759999999999906
Pt 20_FD20_2,Pt 20,AC1_A7T,2,65.2,68.75,0,66.776,63.89,successful_between_events,1.5759999999999934
Pt 20_FD20_2,Pt 20,AC1_A7T,3,69.15,73.0,0,75.556,68.22,successful_between_events,6.405999999999992
Pt 20_FD20_2,Pt 20,AC1_A7T,4,74.35,78.35,0,75.556,68.22,successful_between_events,1.206000000000003
Pt 20_FD20_2,Pt 20,AC1_A7T,5,78.6,78.85,0,81.226,78.81,during_reference_event_or_boundary,
Pt 20_FD20_2,Pt 20,AC1_A7T,6,79.15,79.35,0,81.226,78.81,successful_between_events,2.0759999999999934
Pt 20_FD20_2,Pt 20,AC1_A7T,7,79.75,79.95,0,81.226,78.81,successful_between_events,1.475999999999999
Pt 20_FD20_2,Pt 20,AC1_A7T,8,80.1,80.35,0,81.226,78.81,successful_between_events,1.1260000000000048
Pt 20_FD20_2,Pt 20,AC1_A7T,9,80.5,80.9,0,81.226,78.81,successful_between_events,0.7259999999999991
Pt 20_FD20_2,Pt 20,AC1_A7T,10,81.1,83.6,0,81.226,78.81,successful_between_events,0.12600000000000477
Pt 20_FD20_2,Pt 20,AC1_A7T,11,84.25,84.45,0,,89.99,during_reference_event_or_boundary,
Pt 20_FD20_2,Pt 20,AC1_A7T,12,84.6,84.8,0,,89.99,during_reference_event_or_boundary,
Pt 20_FD20_2,Pt 20,AC1_A7T,13,85.1,87.25,0,,89.99,during_reference_event_or_boundary,
Pt 20_FD20_2,Pt 20,AC1_A7T,14,87.55,87.7,0,,89.99,during_reference_event_or_boundary,
Pt 20_FD20_2,Pt 20,AC1_A7T,15,88.35,88.55,0,,89.99,during_reference_event_or_boundary,
Pt 20_FD20_2,Pt 20,AC1_A7T,16,89.1,89.35,0,,89.99,during_reference_event_or_boundary,
Pt 20_FD20_2,Pt 20,AC1_RA5T,1,63.85,64.2,0,66.776,63.89,during_reference_event_or_boundary,
Pt 20_FD20_2,Pt 20,AC1_RA5T,2,64.9,66.35,0,66.776,63.89,successful_between_events,1.8759999999999906
Pt 20_FD20_2,Pt 20,AC1_RA5T,3,67.05,67.75,0,75.556,68.22,during_reference_event_or_boundary,
Pt 20_FD20_2,Pt 20,AC1_RA5T,4,69.2,69.95,0,75.556,68.22,successful_between_events,6.3559999999999945
Pt 20_FD20_2,Pt 20,AC1_RA5T,5,71.25,71.7,0,75.556,68.22,successful_between_events,4.305999999999997
Pt 20_FD20_2,Pt 20,AC1_RA5T,6,74.15,74.65,0,75.556,68.22,successful_between_events,1.4059999999999917
Pt 20_FD20_2,Pt 20,AC1_RA5T,7,74.8,75.25,0,75.556,68.22,successful_between_events,0.7560000000000002
Pt 20_FD20_2,Pt 20,AC1_RA5T,8,75.55,76.8,0,75.556,68.22,successful_between_events,0.006000000000000227
Pt 20_FD20_2,Pt 20,AC1_RA5T,9,77.4,78.1,0,78.446,76.37,successful_between_events,1.0459999999999923
Pt 20_FD20_2,Pt 20,AC1_RA5T,10,78.6,78.75,0,81.226,78.81,during_reference_event_or_boundary,
Pt 20_FD20_2,Pt 20,AC1_RA5T,11,79.1,80.9,0,81.226,78.81,successful_between_events,2.1260000000000048
Pt 20_FD20_2,Pt 20,AC1_RA5T,12,81.15,82.15,0,81.226,78.81,successful_between_events,0.0759999999999934
Pt 20_FD20_2,Pt 20,AC1_RA5T,13,82.65,83.95,0,83.076,81.72,successful_between_events,0.4259999999999877
Pt 20_FD20_2,Pt 20,AC1_RA5T,14,84.15,85.1,0,,89.99,during_reference_event_or_boundary,
Pt 20_FD20_2,Pt 20,AC1_RA5T,15,86.05,86.25,0,,89.99,during_reference_event_or_boundary,
Pt 20_FD20_2,Pt 20,AC1_RA5T,16,86.8,86.95,0,,89.99,during_reference_event_or_boundary,
Pt 20_FD20_2,Pt 20,AC1_RA5T,17,87.65,88.0,0,,89.99,during_reference_event_or_boundary,
Pt 20_FD20_2,Pt 20,AC1_RA5T,18,89.45,89.6,0,,89.99,during_reference_event_or_boundary,
Pt 20_FD20_2,Pt 20,AC1_RA5T,19,89.8,89.85,1,,89.99,during_reference_event_or_boundary,
Pt 20_FD20_2,Pt 20,Recovery_A3T,1,64.8,64.95,0,66.776,63.89,successful_between_events,1.975999999999999
Pt 20_FD20_2,Pt 20,Recovery_A3T,2,65.9,66.2,0,66.776,63.89,successful_between_events,0.8759999999999906
Pt 20_FD20_2,Pt 20,Recovery_A3T,3,67.95,68.2,0,75.556,68.22,during_reference_event_or_boundary,
Pt 20_FD20_2,Pt 20,Recovery_A3T,4,69.9,70.45,0,75.556,68.22,successful_between_events,5.655999999999992
Pt 20_FD20_2,Pt 20,Recovery_A3T,5,72.9,73.1,0,75.556,68.22,successful_between_events,2.6559999999999917
Pt 20_FD20_2,Pt 20,Recovery_A3T,6,73.8,74.1,0,75.556,68.22,successful_between_events,1.7560000000000002
Pt 20_FD20_2,Pt 20,Recovery_A3T,7,74.85,75.35,0,75.556,68.22,successful_between_events,0.7060000000000031
Pt 20_FD20_2,Pt 20,Recovery_A3T,8,75.95,76.2,0,78.446,76.37,during_reference_event_or_boundary,
Pt 20_FD20_2,Pt 20,Recovery_A3T,9,76.35,76.75,0,78.446,76.37,during_reference_event_or_boundary,
Pt 20_FD20_2,Pt 20,Recovery_A3T,10,77.1,77.25,0,78.446,76.37,successful_between_events,1.3460000000000036
Pt 20_FD20_2,Pt 20,Recovery_A3T,11,77.55,77.85,0,78.446,76.37,successful_between_events,0.8960000000000008
Pt 20_FD20_2,Pt 20,Recovery_A3T,12,78.05,79.55,0,78.446,76.37,successful_between_events,0.3960000000000008
Pt 20_FD20_2,Pt 20,Recovery_A3T,13,80.25,80.7,0,81.226,78.81,successful_between_events,0.9759999999999991
Pt 20_FD20_2,Pt 20,Recovery_A3T,14,81.95,82.35,0,83.076,81.72,successful_between_events,1.1259999999999906
Pt 20_FD20_2,Pt 20,Recovery_A3T,15,82.9,83.55,0,83.076,81.72,successful_between_events,0.17599999999998772
Pt 20_FD20_2,Pt 20,Recovery_A3T,16,84.15,84.3,0,,89.99,during_reference_event_or_boundary,
Pt 20_FD20_2,Pt 20,Recovery_A3T,17,84.5,84.8,0,,89.99,during_reference_event_or_boundary,
Pt 20_FD20_2,Pt 20,Recovery_A3T,18,85.3,85.65,0,,89.99,during_reference_event_or_boundary,
Pt 20_FD20_2,Pt 20,Recovery_A3T,19,86.15,86.55,0,,89.99,during_reference_event_or_boundary,
Pt 20_FD20_2,Pt 20,Recovery_A3T,20,86.9,87.2,0,,89.99,during_reference_event_or_boundary,
Pt 20_FD20_2,Pt 20,Recovery_A3T,21,88.35,88.7,0,,89.99,during_reference_event_or_boundary,
Pt 20_FD20_2,Pt 20,Recovery_A3T,22,89.2,89.35,0,,89.99,during_reference_event_or_boundary,
Pt 20_FD20_2,Pt 20,Recovery_A7T,1,63.35,63.6,0,63.386,53.0,successful_between_events,0.036000000000001364
Pt 20_FD20_2,Pt 20,Recovery_A7T,2,65.35,66.7,0,66.776,63.89,successful_between_events,1.426000000000002
Pt 20_FD20_2,Pt 20,Recovery_A7T,3,66.9,68.85,0,75.556,68.22,during_reference_event_or_boundary,
Pt 20_FD20_2,Pt 20,Recovery_A7T,4,69.2,70.4,0,75.556,68.22,successful_between_events,6.3559999999999945
Pt 20_FD20_2,Pt 20,Recovery_A7T,5,71.8,72.15,0,75.556,68.22,successful_between_events,3.7560000000000002
Pt 20_FD20_2,Pt 20,Recovery_A7T,6,72.35,73.1,0,75.556,68.22,successful_between_events,3.206000000000003
Pt 20_FD20_2,Pt 20,Recovery_A7T,7,75.3,75.7,0,75.556,68.22,successful_between_events,0.2560000000000002
Pt 20_FD20_2,Pt 20,Recovery_A7T,8,77.05,77.4,0,78.446,76.37,successful_between_events,1.3960000000000008
Pt 20_FD20_2,Pt 20,Recovery_A7T,9,78.75,79.75,0,81.226,78.81,during_reference_event_or_boundary,
Pt 20_FD20_2,Pt 20,Recovery_A7T,10,80.85,81.7,0,81.226,78.81,successful_between_events,0.3760000000000048
Pt 20_FD20_2,Pt 20,Recovery_A7T,11,82.75,83.35,0,83.076,81.72,successful_between_events,0.3259999999999934
Pt 20_FD20_2,Pt 20,Recovery_A7T,12,86.95,87.15,0,,89.99,during_reference_event_or_boundary,
Pt 20_FD20_2,Pt 20,Recovery_RA5T,1,64.9,65.05,0,66.776,63.89,successful_between_events,1.8759999999999906
Pt 20_FD20_2,Pt 20,Recovery_RA5T,2,65.2,65.8,0,66.776,63.89,successful_between_events,1.5759999999999934
Pt 20_FD20_2,Pt 20,Recovery_RA5T,3,66.45,66.85,0,66.776,63.89,successful_between_events,0.3259999999999934
Pt 20_FD20_2,Pt 20,Recovery_RA5T,4,67.2,67.65,0,75.556,68.22,during_reference_event_or_boundary,
Pt 20_FD20_2,Pt 20,Recovery_RA5T,5,69.25,69.6,0,75.556,68.22,successful_between_events,6.305999999999997
Pt 20_FD20_2,Pt 20,Recovery_RA5T,6,70.75,71.0,0,75.556,68.22,successful_between_events,4.805999999999997
Pt 20_FD20_2,Pt 20,Recovery_RA5T,7,71.3,71.65,0,75.556,68.22,successful_between_events,4.256
Pt 20_FD20_2,Pt 20,Recovery_RA5T,8,73.85,74.4,0,75.556,68.22,successful_between_events,1.706000000000003
Pt 20_FD20_2,Pt 20,Recovery_RA5T,9,75.25,76.55,0,75.556,68.22,successful_between_events,0.3059999999999974
Pt 20_FD20_2,Pt 20,Recovery_RA5T,10,77.4,77.8,0,78.446,76.37,successful_between_events,1.0459999999999923
Pt 20_FD20_2,Pt 20,Recovery_RA5T,11,78.35,78.5,0,78.446,76.37,successful_between_events,0.09600000000000364
Pt 20_FD20_2,Pt 20,Recovery_RA5T,12,78.95,79.8,0,81.226,78.81,successful_between_events,2.2759999999999962
Pt 20_FD20_2,Pt 20,Recovery_RA5T,13,80.3,80.9,0,81.226,78.81,successful_between_events,0.9260000000000019
Pt 20_FD20_2,Pt 20,Recovery_RA5T,14,81.05,81.2,0,81.226,78.81,successful_between_events,0.17600000000000193
Pt 20_FD20_2,Pt 20,Recovery_RA5T,15,81.45,82.0,0,83.076,81.72,during_reference_event_or_boundary,
Pt 20_FD20_2,Pt 20,Recovery_RA5T,16,85.6,85.75,0,,89.99,during_reference_event_or_boundary,
Pt 20_FD20_2,Pt 20,Recovery_RA5T,17,86.9,87.1,0,,89.99,during_reference_event_or_boundary,
Pt 20_FD20_2,Pt 20,Recovery_RA5T,18,88.25,88.4,0,,89.99,during_reference_event_or_boundary,
Pt 20_FD20_2,Pt 20,Reddening_A3T,1,64.6,65.2,0,66.776,63.89,successful_between_events,2.176000000000002
Pt 20_FD20_2,Pt 20,Reddening_A3T,2,66.2,66.55,0,66.776,63.89,successful_between_events,0.5759999999999934
Pt 20_FD20_2,Pt 20,Reddening_A3T,3,66.7,67.0,0,66.776,63.89,successful_between_events,0.0759999999999934
Pt 20_FD20_2,Pt 20,Reddening_A3T,4,68.15,69.45,0,75.556,68.22,during_reference_event_or_boundary,
Pt 20_FD20_2,Pt 20,Reddening_A3T,5,73.7,73.85,0,75.556,68.22,successful_between_events,1.8559999999999945
Pt 20_FD20_2,Pt 20,Reddening_A3T,6,75.05,75.8,0,75.556,68.22,successful_between_events,0.5060000000000002
Pt 20_FD20_2,Pt 20,Reddening_A3T,7,79.1,79.25,0,81.226,78.81,successful_between_events,2.1260000000000048
Pt 20_FD20_2,Pt 20,Reddening_A3T,8,82.05,82.35,0,83.076,81.72,successful_between_events,1.0259999999999962
Pt 20_FD20_2,Pt 20,Reddening_A3T,9,83.4,83.7,0,,89.99,during_reference_event_or_boundary,
Pt 20_FD20_2,Pt 20,Reddening_A3T,10,84.6,85.15,0,,89.99,during_reference_event_or_boundary,
Pt 20_FD20_2,Pt 20,Reddening_A7T,1,66.0,66.4,0,66.776,63.89,successful_between_events,0.7759999999999962
Pt 20_FD20_2,Pt 20,Reddening_A7T,2,68.4,70.9,0,75.556,68.22,successful_between_events,7.155999999999992
Pt 20_FD20_2,Pt 20,Reddening_A7T,3,86.75,87.9,0,,89.99,during_reference_event_or_boundary,
Pt 20_FD20_2,Pt 20,Reddening_RA5T,1,65.15,65.85,0,66.776,63.89,successful_between_events,1.6259999999999906
Pt 20_FD20_2,Pt 20,Reddening_RA5T,2,67.15,67.95,0,75.556,68.22,during_reference_event_or_boundary,
Pt 20_FD20_2,Pt 20,Reddening_RA5T,3,68.75,70.1,0,75.556,68.22,successful_between_events,6.805999999999997
Pt 20_FD20_2,Pt 20,Reddening_RA5T,4,76.1,76.75,0,78.446,76.37,during_reference_event_or_boundary,
Pt 20_FD20_2,Pt 20,Reddening_RA5T,5,81.15,82.8,0,81.226,78.81,successful_between_events,0.0759999999999934
Pt 20_FD20_2,Pt 20,Reddening_RA5T,6,85.6,86.55,0,,89.99,during_reference_event_or_boundary,
Pt 20_FD20_2,Pt 20,Variance_A3T,1,64.4,65.65,0,66.776,63.89,successful_between_events,2.3759999999999906
Pt 20_FD20_2,Pt 20,Variance_A3T,2,65.8,67.25,0,66.776,63.89,successful_between_events,0.9759999999999991
Pt 20_FD20_2,Pt 20,Variance_A3T,3,68.25,71.0,0,75.556,68.22,successful_between_events,7.305999999999997
Pt 20_FD20_2,Pt 20,Variance_A3T,4,73.45,75.7,0,75.556,68.22,successful_between_events,2.1059999999999945
Pt 20_FD20_2,Pt 20,Variance_A3T,5,76.25,77.45,0,78.446,76.37,during_reference_event_or_boundary,
Pt 20_FD20_2,Pt 20,Variance_A3T,6,77.7,81.5,0,78.446,76.37,successful_between_events,0.7459999999999951
Pt 20_FD20_2,Pt 20,Variance_A3T,7,81.85,83.9,0,83.076,81.72,successful_between_events,1.225999999999999
Pt 20_FD20_2,Pt 20,Variance_A7T,1,64.6,84.95,0,66.776,63.89,successful_between_events,2.176000000000002
Pt 20_FD20_2,Pt 20,Variance_RA5T,1,64.65,68.2,0,66.776,63.89,successful_between_events,2.1259999999999906
Pt 20_FD20_2,Pt 20,Variance_RA5T,2,68.5,72.5,0,75.556,68.22,successful_between_events,7.055999999999997
Pt 20_FD20_2,Pt 20,Variance_RA5T,3,73.65,84.8,0,75.556,68.22,successful_between_events,1.9059999999999917
Pt 20_FD20_3,Pt 20,Persistence,1,60.9,62.7,0,61.196000000000005,57.28,successful_between_events,0.2960000000000065
Pt 20_FD20_3,Pt 20,Persistence,2,65.9,66.5,0,68.34599999999999,66.11,during_reference_event_or_boundary,
Pt 20_FD20_3,Pt 20,Persistence,3,68.85,69.55,0,71.15599999999999,69.09,during_reference_event_or_boundary,
Pt 20_FD20_3,Pt 20,Persistence,4,71.7,72.45,0,76.336,71.72,during_reference_event_or_boundary,
Pt 20_FD20_3,Pt 20,Persistence,5,76.15,89.85,1,76.336,71.72,successful_between_events,0.18599999999999284
Pt 20_FD20_3,Pt 20,AC1,1,62.0,62.15,0,65.226,62.08,during_reference_event_or_boundary,
Pt 20_FD20_3,Pt 20,AC1,2,62.35,62.5,0,65.226,62.08,successful_between_events,2.8759999999999977
Pt 20_FD20_3,Pt 20,AC1,3,63.35,63.95,0,65.226,62.08,successful_between_events,1.8759999999999977
Pt 20_FD20_3,Pt 20,AC1,4,64.1,64.3,0,65.226,62.08,successful_between_events,1.1260000000000048
Pt 20_FD20_3,Pt 20,AC1,5,64.5,64.65,0,65.226,62.08,successful_between_events,0.7259999999999991
Pt 20_FD20_3,Pt 20,AC1,6,65.15,65.7,0,65.226,62.08,successful_between_events,0.0759999999999934
Pt 20_FD20_3,Pt 20,AC1,7,68.55,68.7,0,71.15599999999999,69.09,during_reference_event_or_boundary,
Pt 20_FD20_3,Pt 20,AC1,8,69.25,69.75,0,71.15599999999999,69.09,successful_between_events,1.9059999999999917
Pt 20_FD20_3,Pt 20,AC1,9,70.2,70.5,0,71.15599999999999,69.09,successful_between_events,0.9559999999999889
Pt 20_FD20_3,Pt 20,AC1,10,70.8,71.0,0,71.15599999999999,69.09,successful_between_events,0.35599999999999454
Pt 20_FD20_3,Pt 20,AC1,11,72.15,72.95,0,76.336,71.72,successful_between_events,4.185999999999993
Pt 20_FD20_3,Pt 20,AC1,12,73.45,74.1,0,76.336,71.72,successful_between_events,2.8859999999999957
Pt 20_FD20_3,Pt 20,AC1,13,77.15,77.75,0,,89.99,during_reference_event_or_boundary,
Pt 20_FD20_3,Pt 20,AC1,14,79.6,79.8,0,,89.99,during_reference_event_or_boundary,
Pt 20_FD20_3,Pt 20,AC1,15,80.8,81.15,0,,89.99,during_reference_event_or_boundary,
Pt 20_FD20_3,Pt 20,AC1,16,85.4,85.9,0,,89.99,during_reference_event_or_boundary,
Pt 20_FD20_3,Pt 20,AC1,17,86.75,88.25,0,,89.99,during_reference_event_or_boundary,
Pt 20_FD20_3,Pt 20,Variance,1,59.6,59.75,0,61.196000000000005,57.28,successful_between_events,1.5960000000000036
Pt 20_FD20_3,Pt 20,Variance,2,73.25,78.05,0,76.336,71.72,successful_between_events,3.0859999999999985
Pt 20_FD20_3,Pt 20,Recovery,1,60.2,60.65,0,61.196000000000005,57.28,successful_between_events,0.9960000000000022
Pt 20_FD20_3,Pt 20,Recovery,2,63.25,63.9,0,65.226,62.08,successful_between_events,1.975999999999999
Pt 20_FD20_3,Pt 20,Recovery,3,65.05,65.2,0,65.226,62.08,successful_between_events,0.17600000000000193
Pt 20_FD20_3,Pt 20,Recovery,4,68.95,69.6,0,71.15599999999999,69.09,during_reference_event_or_boundary,
Pt 20_FD20_3,Pt 20,Recovery,5,69.75,70.2,0,71.15599999999999,69.09,successful_between_events,1.4059999999999917
Pt 20_FD20_3,Pt 20,Recovery,6,71.75,73.05,0,76.336,71.72,successful_between_events,4.5859999999999985
Pt 20_FD20_3,Pt 20,Recovery,7,73.45,73.6,0,76.336,71.72,successful_between_events,2.8859999999999957
Pt 20_FD20_3,Pt 20,Recovery,8,73.75,74.0,0,76.336,71.72,successful_between_events,2.5859999999999985
Pt 20_FD20_3,Pt 20,Recovery,9,74.3,74.6,0,76.336,71.72,successful_between_events,2.0360000000000014
Pt 20_FD20_3,Pt 20,Recovery,10,76.05,76.45,0,76.336,71.72,successful_between_events,0.28600000000000136
Pt 20_FD20_3,Pt 20,Recovery,11,78.95,79.1,0,,89.99,during_reference_event_or_boundary,
Pt 20_FD20_3,Pt 20,Recovery,12,79.6,79.75,0,,89.99,during_reference_event_or_boundary,
Pt 20_FD20_3,Pt 20,Recovery,13,80.8,81.15,0,,89.99,during_reference_event_or_boundary,
Pt 20_FD20_3,Pt 20,Recovery,14,85.35,85.55,0,,89.99,during_reference_event_or_boundary,
Pt 20_FD20_3,Pt 20,Recovery,15,86.2,86.4,0,,89.99,during_reference_event_or_boundary,
Pt 20_FD20_3,Pt 20,Recovery,16,86.7,88.3,0,,89.99,during_reference_event_or_boundary,
Pt 20_FD20_3,Pt 20,Recovery,17,89.0,89.4,0,,89.99,during_reference_event_or_boundary,
Pt 20_FD20_3,Pt 20,Reddening,1,62.85,64.25,0,65.226,62.08,successful_between_events,2.3759999999999977
Pt 20_FD20_3,Pt 20,Reddening,2,73.4,74.35,0,76.336,71.72,successful_between_events,2.935999999999993
Pt 20_FD20_3,Pt 20,Reddening,3,78.55,79.45,0,,89.99,during_reference_event_or_boundary,
Pt 20_FD20_3,Pt 20,Reddening,4,80.5,81.7,0,,89.99,during_reference_event_or_boundary,
Pt 20_FD20_3,Pt 20,Reddening,5,87.05,88.6,0,,89.99,during_reference_event_or_boundary,
Pt 20_FD20_3,Pt 20,State-history,1,60.7,62.7,0,61.196000000000005,57.28,successful_between_events,0.4960000000000022
Pt 20_FD20_3,Pt 20,State-history,2,63.45,63.65,0,65.226,62.08,successful_between_events,1.7759999999999962
Pt 20_FD20_3,Pt 20,State-history,3,65.6,66.5,0,68.34599999999999,66.11,during_reference_event_or_boundary,
Pt 20_FD20_3,Pt 20,State-history,4,67.3,67.65,0,68.34599999999999,66.11,successful_between_events,1.0459999999999923
Pt 20_FD20_3,Pt 20,State-history,5,68.5,69.55,0,71.15599999999999,69.09,during_reference_event_or_boundary,
Pt 20_FD20_3,Pt 20,State-history,6,70.3,70.7,0,71.15599999999999,69.09,successful_between_events,0.8559999999999945
Pt 20_FD20_3,Pt 20,State-history,7,71.6,72.45,0,76.336,71.72,during_reference_event_or_boundary,
Pt 20_FD20_3,Pt 20,State-history,8,73.6,73.85,0,76.336,71.72,successful_between_events,2.736000000000004
Pt 20_FD20_3,Pt 20,State-history,9,76.05,89.85,1,76.336,71.72,successful_between_events,0.28600000000000136
Pt 20_FD20_3,Pt 20,AC1_A3T,1,59.6,60.55,0,61.196000000000005,57.28,successful_between_events,1.5960000000000036
Pt 20_FD20_3,Pt 20,AC1_A3T,2,60.7,60.95,0,61.196000000000005,57.28,successful_between_events,0.4960000000000022
Pt 20_FD20_3,Pt 20,AC1_A3T,3,63.3,63.45,0,65.226,62.08,successful_between_events,1.926000000000002
Pt 20_FD20_3,Pt 20,AC1_A3T,4,63.6,64.9,0,65.226,62.08,successful_between_events,1.6259999999999977
Pt 20_FD20_3,Pt 20,AC1_A3T,5,67.1,68.85,0,68.34599999999999,66.11,successful_between_events,1.2459999999999951
Pt 20_FD20_3,Pt 20,AC1_A3T,6,69.25,69.45,0,71.15599999999999,69.09,successful_between_events,1.9059999999999917
Pt 20_FD20_3,Pt 20,AC1_A3T,7,70.05,71.75,0,71.15599999999999,69.09,successful_between_events,1.1059999999999945
Pt 20_FD20_3,Pt 20,AC1_A3T,8,73.3,73.75,0,76.336,71.72,successful_between_events,3.0360000000000014
Pt 20_FD20_3,Pt 20,AC1_A3T,9,73.9,76.2,0,76.336,71.72,successful_between_events,2.435999999999993
Pt 20_FD20_3,Pt 20,AC1_A3T,10,77.4,77.55,0,,89.99,during_reference_event_or_boundary,
Pt 20_FD20_3,Pt 20,AC1_A3T,11,77.9,78.3,0,,89.99,during_reference_event_or_boundary,
Pt 20_FD20_3,Pt 20,AC1_A3T,12,78.75,78.95,0,,89.99,during_reference_event_or_boundary,
Pt 20_FD20_3,Pt 20,AC1_A3T,13,79.3,79.65,0,,89.99,during_reference_event_or_boundary,
Pt 20_FD20_3,Pt 20,AC1_A3T,14,80.3,80.6,0,,89.99,during_reference_event_or_boundary,
Pt 20_FD20_3,Pt 20,AC1_A3T,15,81.25,81.4,0,,89.99,during_reference_event_or_boundary,
Pt 20_FD20_3,Pt 20,AC1_A3T,16,82.6,84.25,0,,89.99,during_reference_event_or_boundary,
Pt 20_FD20_3,Pt 20,AC1_A3T,17,84.5,84.75,0,,89.99,during_reference_event_or_boundary,
Pt 20_FD20_3,Pt 20,AC1_A3T,18,85.05,86.8,0,,89.99,during_reference_event_or_boundary,
Pt 20_FD20_3,Pt 20,AC1_A3T,19,87.45,87.7,0,,89.99,during_reference_event_or_boundary,
Pt 20_FD20_3,Pt 20,AC1_A3T,20,87.9,88.2,0,,89.99,during_reference_event_or_boundary,
Pt 20_FD20_3,Pt 20,AC1_A3T,21,88.45,89.85,1,,89.99,during_reference_event_or_boundary,
Pt 20_FD20_3,Pt 20,AC1_A7T,1,59.6,61.15,0,61.196000000000005,57.28,successful_between_events,1.5960000000000036
Pt 20_FD20_3,Pt 20,AC1_A7T,2,61.55,62.55,0,65.226,62.08,during_reference_event_or_boundary,
Pt 20_FD20_3,Pt 20,AC1_A7T,3,63.45,63.85,0,65.226,62.08,successful_between_events,1.7759999999999962
Pt 20_FD20_3,Pt 20,AC1_A7T,4,64.0,65.6,0,65.226,62.08,successful_between_events,1.225999999999999
Pt 20_FD20_3,Pt 20,AC1_A7T,5,66.15,66.35,0,68.34599999999999,66.11,successful_between_events,2.1959999999999837
Pt 20_FD20_3,Pt 20,AC1_A7T,6,66.6,66.8,0,68.34599999999999,66.11,successful_between_events,1.7459999999999951
Pt 20_FD20_3,Pt 20,AC1_A7T,7,67.2,67.5,0,68.34599999999999,66.11,successful_between_events,1.1459999999999866
Pt 20_FD20_3,Pt 20,AC1_A7T,8,69.5,69.7,0,71.15599999999999,69.09,successful_between_events,1.6559999999999917
Pt 20_FD20_3,Pt 20,AC1_A7T,9,70.2,71.7,0,71.15599999999999,69.09,successful_between_events,0.9559999999999889
Pt 20_FD20_3,Pt 20,AC1_A7T,10,72.45,72.7,0,76.336,71.72,successful_between_events,3.8859999999999957
Pt 20_FD20_3,Pt 20,AC1_A7T,11,73.45,74.2,0,76.336,71.72,successful_between_events,2.8859999999999957
Pt 20_FD20_3,Pt 20,AC1_A7T,12,74.55,75.5,0,76.336,71.72,successful_between_events,1.7860000000000014
Pt 20_FD20_3,Pt 20,AC1_A7T,13,76.65,78.0,0,,89.99,during_reference_event_or_boundary,
Pt 20_FD20_3,Pt 20,AC1_A7T,14,78.8,79.4,0,,89.99,during_reference_event_or_boundary,
Pt 20_FD20_3,Pt 20,AC1_A7T,15,79.95,80.1,0,,89.99,during_reference_event_or_boundary,
Pt 20_FD20_3,Pt 20,AC1_A7T,16,80.4,80.75,0,,89.99,during_reference_event_or_boundary,
Pt 20_FD20_3,Pt 20,AC1_A7T,17,81.25,81.4,0,,89.99,during_reference_event_or_boundary,
Pt 20_FD20_3,Pt 20,AC1_A7T,18,82.1,82.8,0,,89.99,during_reference_event_or_boundary,
Pt 20_FD20_3,Pt 20,AC1_A7T,19,85.45,86.35,0,,89.99,during_reference_event_or_boundary,
Pt 20_FD20_3,Pt 20,AC1_A7T,20,86.7,88.2,0,,89.99,during_reference_event_or_boundary,
Pt 20_FD20_3,Pt 20,AC1_A7T,21,88.45,89.85,1,,89.99,during_reference_event_or_boundary,
Pt 20_FD20_3,Pt 20,AC1_RA5T,1,61.85,62.6,0,65.226,62.08,during_reference_event_or_boundary,
Pt 20_FD20_3,Pt 20,AC1_RA5T,2,63.3,64.0,0,65.226,62.08,successful_between_events,1.926000000000002
Pt 20_FD20_3,Pt 20,AC1_RA5T,3,65.25,65.6,0,68.34599999999999,66.11,during_reference_event_or_boundary,
Pt 20_FD20_3,Pt 20,AC1_RA5T,4,67.6,68.1,0,68.34599999999999,66.11,successful_between_events,0.7459999999999951
Pt 20_FD20_3,Pt 20,AC1_RA5T,5,68.35,68.75,0,71.15599999999999,69.09,during_reference_event_or_boundary,
Pt 20_FD20_3,Pt 20,AC1_RA5T,6,69.15,69.75,0,71.15599999999999,69.09,successful_between_events,2.005999999999986
Pt 20_FD20_3,Pt 20,AC1_RA5T,7,70.15,70.55,0,71.15599999999999,69.09,successful_between_events,1.005999999999986
Pt 20_FD20_3,Pt 20,AC1_RA5T,8,70.75,71.05,0,71.15599999999999,69.09,successful_between_events,0.4059999999999917
Pt 20_FD20_3,Pt 20,AC1_RA5T,9,71.5,71.65,0,76.336,71.72,during_reference_event_or_boundary,
Pt 20_FD20_3,Pt 20,AC1_RA5T,10,72.05,72.95,0,76.336,71.72,successful_between_events,4.286000000000001
Pt 20_FD20_3,Pt 20,AC1_RA5T,11,73.45,74.1,0,76.336,71.72,successful_between_events,2.8859999999999957
Pt 20_FD20_3,Pt 20,AC1_RA5T,12,74.4,75.3,0,76.336,71.72,successful_between_events,1.9359999999999928
Pt 20_FD20_3,Pt 20,AC1_RA5T,13,77.1,77.8,0,,89.99,during_reference_event_or_boundary,
Pt 20_FD20_3,Pt 20,AC1_RA5T,14,78.35,79.15,0,,89.99,during_reference_event_or_boundary,
Pt 20_FD20_3,Pt 20,AC1_RA5T,15,80.85,81.2,0,,89.99,during_reference_event_or_boundary,
Pt 20_FD20_3,Pt 20,AC1_RA5T,16,85.35,85.85,0,,89.99,during_reference_event_or_boundary,
Pt 20_FD20_3,Pt 20,AC1_RA5T,17,86.95,88.3,0,,89.99,during_reference_event_or_boundary,
Pt 20_FD20_3,Pt 20,AC1_RA5T,18,89.6,89.85,1,,89.99,during_reference_event_or_boundary,
Pt 20_FD20_3,Pt 20,Recovery_A3T,1,62.15,62.6,0,65.226,62.08,successful_between_events,3.0760000000000005
Pt 20_FD20_3,Pt 20,Recovery_A3T,2,63.45,64.55,0,65.226,62.08,successful_between_events,1.7759999999999962
Pt 20_FD20_3,Pt 20,Recovery_A3T,3,67.15,67.75,0,68.34599999999999,66.11,successful_between_events,1.1959999999999837
Pt 20_FD20_3,Pt 20,Recovery_A3T,4,68.1,68.45,0,68.34599999999999,66.11,successful_between_events,0.2459999999999951
Pt 20_FD20_3,Pt 20,Recovery_A3T,5,70.15,70.3,0,71.15599999999999,69.09,successful_between_events,1.005999999999986
Pt 20_FD20_3,Pt 20,Recovery_A3T,6,70.95,71.5,0,71.15599999999999,69.09,successful_between_events,0.20599999999998886
Pt 20_FD20_3,Pt 20,Recovery_A3T,7,72.65,72.9,0,76.336,71.72,successful_between_events,3.685999999999993
Pt 20_FD20_3,Pt 20,Recovery_A3T,8,73.4,74.85,0,76.336,71.72,successful_between_events,2.935999999999993
Pt 20_FD20_3,Pt 20,Recovery_A3T,9,77.4,77.55,0,,89.99,during_reference_event_or_boundary,
Pt 20_FD20_3,Pt 20,Recovery_A3T,10,77.95,78.2,0,,89.99,during_reference_event_or_boundary,
Pt 20_FD20_3,Pt 20,Recovery_A3T,11,79.3,79.6,0,,89.99,during_reference_event_or_boundary,
Pt 20_FD20_3,Pt 20,Recovery_A3T,12,80.4,80.6,0,,89.99,during_reference_event_or_boundary,
Pt 20_FD20_3,Pt 20,Recovery_A3T,13,81.8,81.95,0,,89.99,during_reference_event_or_boundary,
Pt 20_FD20_3,Pt 20,Recovery_A3T,14,82.35,82.55,0,,89.99,during_reference_event_or_boundary,
Pt 20_FD20_3,Pt 20,Recovery_A3T,15,83.65,84.1,0,,89.99,during_reference_event_or_boundary,
Pt 20_FD20_3,Pt 20,Recovery_A3T,16,84.25,84.45,0,,89.99,during_reference_event_or_boundary,
Pt 20_FD20_3,Pt 20,Recovery_A3T,17,84.8,84.95,0,,89.99,during_reference_event_or_boundary,
Pt 20_FD20_3,Pt 20,Recovery_A3T,18,85.25,86.35,0,,89.99,during_reference_event_or_boundary,
Pt 20_FD20_3,Pt 20,Recovery_A3T,19,86.6,86.75,0,,89.99,during_reference_event_or_boundary,
Pt 20_FD20_3,Pt 20,Recovery_A3T,20,87.3,87.8,0,,89.99,during_reference_event_or_boundary,
Pt 20_FD20_3,Pt 20,Recovery_A3T,21,88.35,88.9,0,,89.99,during_reference_event_or_boundary,
Pt 20_FD20_3,Pt 20,Recovery_A3T,22,89.1,89.85,1,,89.99,during_reference_event_or_boundary,
Pt 20_FD20_3,Pt 20,Recovery_A7T,1,60.9,61.15,0,61.196000000000005,57.28,successful_between_events,0.2960000000000065
Pt 20_FD20_3,Pt 20,Recovery_A7T,2,61.55,62.15,0,65.226,62.08,during_reference_event_or_boundary,
Pt 20_FD20_3,Pt 20,Recovery_A7T,3,64.05,64.2,0,65.226,62.08,successful_between_events,1.176000000000002
Pt 20_FD20_3,Pt 20,Recovery_A7T,4,64.6,64.8,0,65.226,62.08,successful_between_events,0.6260000000000048
Pt 20_FD20_3,Pt 20,Recovery_A7T,5,66.85,67.25,0,68.34599999999999,66.11,successful_between_events,1.4959999999999951
Pt 20_FD20_3,Pt 20,Recovery_A7T,6,69.85,70.15,0,71.15599999999999,69.09,successful_between_events,1.3059999999999974
Pt 20_FD20_3,Pt 20,Recovery_A7T,7,73.45,73.6,0,76.336,71.72,successful_between_events,2.8859999999999957
Pt 20_FD20_3,Pt 20,Recovery_A7T,8,74.25,74.6,0,76.336,71.72,successful_between_events,2.0859999999999985
Pt 20_FD20_3,Pt 20,Recovery_A7T,9,76.15,77.5,0,76.336,71.72,successful_between_events,0.18599999999999284
Pt 20_FD20_3,Pt 20,Recovery_A7T,10,80.45,80.7,0,,89.99,during_reference_event_or_boundary,
Pt 20_FD20_3,Pt 20,Recovery_A7T,11,82.4,82.75,0,,89.99,during_reference_event_or_boundary,
Pt 20_FD20_3,Pt 20,Recovery_A7T,12,86.4,87.6,0,,89.99,during_reference_event_or_boundary,
Pt 20_FD20_3,Pt 20,Recovery_A7T,13,88.05,88.8,0,,89.99,during_reference_event_or_boundary,
Pt 20_FD20_3,Pt 20,Recovery_A7T,14,89.35,89.55,0,,89.99,during_reference_event_or_boundary,
Pt 20_FD20_3,Pt 20,Recovery_RA5T,1,60.2,61.1,0,61.196000000000005,57.28,successful_between_events,0.9960000000000022
Pt 20_FD20_3,Pt 20,Recovery_RA5T,2,63.4,63.95,0,65.226,62.08,successful_between_events,1.8260000000000005
Pt 20_FD20_3,Pt 20,Recovery_RA5T,3,65.05,65.25,0,65.226,62.08,successful_between_events,0.17600000000000193
Pt 20_FD20_3,Pt 20,Recovery_RA5T,4,65.6,66.1,0,68.34599999999999,66.11,during_reference_event_or_boundary,
Pt 20_FD20_3,Pt 20,Recovery_RA5T,5,67.15,67.3,0,68.34599999999999,66.11,successful_between_events,1.1959999999999837
Pt 20_FD20_3,Pt 20,Recovery_RA5T,6,69.05,69.55,0,71.15599999999999,69.09,during_reference_event_or_boundary,
Pt 20_FD20_3,Pt 20,Recovery_RA5T,7,69.75,70.2,0,71.15599999999999,69.09,successful_between_events,1.4059999999999917
Pt 20_FD20_3,Pt 20,Recovery_RA5T,8,71.75,73.05,0,76.336,71.72,successful_between_events,4.5859999999999985
Pt 20_FD20_3,Pt 20,Recovery_RA5T,9,73.4,73.6,0,76.336,71.72,successful_between_events,2.935999999999993
Pt 20_FD20_3,Pt 20,Recovery_RA5T,10,73.75,73.95,0,76.336,71.72,successful_between_events,2.5859999999999985
Pt 20_FD20_3,Pt 20,Recovery_RA5T,11,74.4,74.55,0,76.336,71.72,successful_between_events,1.9359999999999928
Pt 20_FD20_3,Pt 20,Recovery_RA5T,12,75.55,76.5,0,76.336,71.72,successful_between_events,0.7860000000000014
Pt 20_FD20_3,Pt 20,Recovery_RA5T,13,78.3,79.1,0,,89.99,during_reference_event_or_boundary,
Pt 20_FD20_3,Pt 20,Recovery_RA5T,14,80.45,80.8,0,,89.99,during_reference_event_or_boundary,
Pt 20_FD20_3,Pt 20,Recovery_RA5T,15,80.95,81.1,0,,89.99,during_reference_event_or_boundary,
Pt 20_FD20_3,Pt 20,Recovery_RA5T,16,81.85,82.0,0,,89.99,during_reference_event_or_boundary,
Pt 20_FD20_3,Pt 20,Recovery_RA5T,17,82.4,82.7,0,,89.99,during_reference_event_or_boundary,
Pt 20_FD20_3,Pt 20,Recovery_RA5T,18,84.25,84.45,0,,89.99,during_reference_event_or_boundary,
Pt 20_FD20_3,Pt 20,Recovery_RA5T,19,85.15,85.35,0,,89.99,during_reference_event_or_boundary,
Pt 20_FD20_3,Pt 20,Recovery_RA5T,20,86.25,86.4,0,,89.99,during_reference_event_or_boundary,
Pt 20_FD20_3,Pt 20,Recovery_RA5T,21,86.65,87.1,0,,89.99,during_reference_event_or_boundary,
Pt 20_FD20_3,Pt 20,Recovery_RA5T,22,87.75,88.3,0,,89.99,during_reference_event_or_boundary,
Pt 20_FD20_3,Pt 20,Recovery_RA5T,23,89.0,89.6,0,,89.99,during_reference_event_or_boundary,
Pt 20_FD20_3,Pt 20,Reddening_A3T,1,60.9,61.1,0,61.196000000000005,57.28,successful_between_events,0.2960000000000065
Pt 20_FD20_3,Pt 20,Reddening_A3T,2,62.5,63.55,0,65.226,62.08,successful_between_events,2.725999999999999
Pt 20_FD20_3,Pt 20,Reddening_A3T,3,67.0,67.5,0,68.34599999999999,66.11,successful_between_events,1.3459999999999894
Pt 20_FD20_3,Pt 20,Reddening_A3T,4,69.85,70.5,0,71.15599999999999,69.09,successful_between_events,1.3059999999999974
Pt 20_FD20_3,Pt 20,Reddening_A3T,5,73.0,73.85,0,76.336,71.72,successful_between_events,3.3359999999999985
Pt 20_FD20_3,Pt 20,Reddening_A3T,6,77.75,78.4,0,,89.99,during_reference_event_or_boundary,
Pt 20_FD20_3,Pt 20,Reddening_A3T,7,79.3,80.1,0,,89.99,during_reference_event_or_boundary,
Pt 20_FD20_3,Pt 20,Reddening_A3T,8,83.9,84.7,0,,89.99,during_reference_event_or_boundary,
Pt 20_FD20_3,Pt 20,Reddening_A3T,9,86.2,88.1,0,,89.99,during_reference_event_or_boundary,
Pt 20_FD20_3,Pt 20,Reddening_A3T,10,88.5,89.0,0,,89.99,during_reference_event_or_boundary,
Pt 20_FD20_3,Pt 20,Reddening_A3T,11,89.6,89.85,1,,89.99,during_reference_event_or_boundary,
Pt 20_FD20_3,Pt 20,Reddening_A7T,1,63.6,64.8,0,65.226,62.08,successful_between_events,1.6259999999999977
Pt 20_FD20_3,Pt 20,Reddening_A7T,2,79.85,83.2,0,,89.99,during_reference_event_or_boundary,
Pt 20_FD20_3,Pt 20,Reddening_A7T,3,88.15,89.4,0,,89.99,during_reference_event_or_boundary,
Pt 20_FD20_3,Pt 20,Reddening_RA5T,1,61.9,64.3,0,65.226,62.08,during_reference_event_or_boundary,
Pt 20_FD20_3,Pt 20,Reddening_RA5T,2,73.55,74.4,0,76.336,71.72,successful_between_events,2.7860000000000014
Pt 20_FD20_3,Pt 20,Reddening_RA5T,3,78.3,79.5,0,,89.99,during_reference_event_or_boundary,
Pt 20_FD20_3,Pt 20,Reddening_RA5T,4,80.6,81.4,0,,89.99,during_reference_event_or_boundary,
Pt 20_FD20_3,Pt 20,Reddening_RA5T,5,87.2,88.4,0,,89.99,during_reference_event_or_boundary,
Pt 20_FD20_3,Pt 20,Variance_A3T,1,59.6,60.65,0,61.196000000000005,57.28,successful_between_events,1.5960000000000036
Pt 20_FD20_3,Pt 20,Variance_A3T,2,67.15,67.3,0,68.34599999999999,66.11,successful_between_events,1.1959999999999837
Pt 20_FD20_3,Pt 20,Variance_A3T,3,67.45,68.95,0,68.34599999999999,66.11,successful_between_events,0.8959999999999866
Pt 20_FD20_3,Pt 20,Variance_A3T,4,70.0,70.6,0,71.15599999999999,69.09,successful_between_events,1.1559999999999917
Pt 20_FD20_3,Pt 20,Variance_A3T,5,73.1,77.7,0,76.336,71.72,successful_between_events,3.236000000000004
Pt 20_FD20_3,Pt 20,Variance_A7T,1,59.6,62.75,0,61.196000000000005,57.28,successful_between_events,1.5960000000000036
Pt 20_FD20_3,Pt 20,Variance_A7T,2,73.3,79.75,0,76.336,71.72,successful_between_events,3.0360000000000014
Pt 20_FD20_3,Pt 20,Variance_RA5T,1,59.6,61.95,0,61.196000000000005,57.28,successful_between_events,1.5960000000000036
Pt 20_FD20_3,Pt 20,Variance_RA5T,2,62.95,64.65,0,65.226,62.08,successful_between_events,2.2759999999999962
Pt 20_FD20_3,Pt 20,Variance_RA5T,3,65.7,66.5,0,68.34599999999999,66.11,during_reference_event_or_boundary,
Pt 20_FD20_3,Pt 20,Variance_RA5T,4,67.1,71.45,0,68.34599999999999,66.11,successful_between_events,1.2459999999999951
Pt 20_FD20_3,Pt 20,Variance_RA5T,5,71.65,78.15,0,76.336,71.72,during_reference_event_or_boundary,
Pt 20_FD20_3,Pt 20,Variance_RA5T,6,78.45,79.3,0,,89.99,during_reference_event_or_boundary,
Pt 20_FD20_4,Pt 20,Persistence,1,63.05,63.25,0,67.466,64.15,during_reference_event_or_boundary,
Pt 20_FD20_4,Pt 20,Persistence,2,67.3,69.6,0,67.466,64.15,successful_between_events,0.16599999999999682
Pt 20_FD20_4,Pt 20,Persistence,3,73.6,74.15,0,76.20599999999999,74.85,during_reference_event_or_boundary,
Pt 20_FD20_4,Pt 20,Persistence,4,76.7,77.05,0,83.54599999999999,77.62,during_reference_event_or_boundary,
Pt 20_FD20_4,Pt 20,Persistence,5,84.25,88.7,0,,89.99,during_reference_event_or_boundary,
Pt 20_FD20_4,Pt 20,Persistence,6,89.35,89.85,1,,89.99,during_reference_event_or_boundary,
Pt 20_FD20_4,Pt 20,AC1,1,60.9,61.35,0,62.916000000000004,60.73,successful_between_events,2.0160000000000053
Pt 20_FD20_4,Pt 20,AC1,2,61.9,62.65,0,62.916000000000004,60.73,successful_between_events,1.0160000000000053
Pt 20_FD20_4,Pt 20,AC1,3,62.9,64.7,0,62.916000000000004,60.73,successful_between_events,0.016000000000005343
Pt 20_FD20_4,Pt 20,AC1,4,65.15,65.5,0,67.466,64.15,successful_between_events,2.3159999999999883
Pt 20_FD20_4,Pt 20,AC1,5,67.45,68.05,0,67.466,64.15,successful_between_events,0.015999999999991132
Pt 20_FD20_4,Pt 20,AC1,6,69.15,69.8,0,73.576,70.93,during_reference_event_or_boundary,
Pt 20_FD20_4,Pt 20,AC1,7,71.0,71.4,0,73.576,70.93,successful_between_events,2.5759999999999934
Pt 20_FD20_4,Pt 20,AC1,8,72.0,72.6,0,73.576,70.93,successful_between_events,1.5759999999999934
Pt 20_FD20_4,Pt 20,AC1,9,73.05,74.85,0,73.576,70.93,successful_between_events,0.5259999999999962
Pt 20_FD20_4,Pt 20,AC1,10,75.95,76.1,0,76.20599999999999,74.85,successful_between_events,0.255999999999986
Pt 20_FD20_4,Pt 20,AC1,11,76.75,77.65,0,83.54599999999999,77.62,during_reference_event_or_boundary,
Pt 20_FD20_4,Pt 20,AC1,12,77.95,78.2,0,83.54599999999999,77.62,successful_between_events,5.595999999999989
Pt 20_FD20_4,Pt 20,AC1,13,78.6,80.45,0,83.54599999999999,77.62,successful_between_events,4.945999999999998
Pt 20_FD20_4,Pt 20,AC1,14,80.6,80.8,0,83.54599999999999,77.62,successful_between_events,2.945999999999998
Pt 20_FD20_4,Pt 20,AC1,15,81.4,82.15,0,83.54599999999999,77.62,successful_between_events,2.1459999999999866
Pt 20_FD20_4,Pt 20,AC1,16,85.65,86.25,0,,89.99,during_reference_event_or_boundary,
Pt 20_FD20_4,Pt 20,AC1,17,88.05,88.3,0,,89.99,during_reference_event_or_boundary,
Pt 20_FD20_4,Pt 20,Variance,1,62.7,68.45,0,62.916000000000004,60.73,successful_between_events,0.21600000000000108
Pt 20_FD20_4,Pt 20,Variance,2,72.85,75.2,0,73.576,70.93,successful_between_events,0.7259999999999991
Pt 20_FD20_4,Pt 20,Variance,3,75.55,75.8,0,76.20599999999999,74.85,successful_between_events,0.6559999999999917
Pt 20_FD20_4,Pt 20,Variance,4,78.1,84.45,0,83.54599999999999,77.62,successful_between_events,5.445999999999998
Pt 20_FD20_4,Pt 20,Recovery,1,61.2,61.4,0,62.916000000000004,60.73,successful_between_events,1.716000000000001
Pt 20_FD20_4,Pt 20,Recovery,2,61.9,62.7,0,62.916000000000004,60.73,successful_between_events,1.0160000000000053
Pt 20_FD20_4,Pt 20,Recovery,3,63.1,64.55,0,67.466,64.15,during_reference_event_or_boundary,
Pt 20_FD20_4,Pt 20,Recovery,4,65.15,65.45,0,67.466,64.15,successful_between_events,2.3159999999999883
Pt 20_FD20_4,Pt 20,Recovery,5,66.45,67.9,0,67.466,64.15,successful_between_events,1.0159999999999911
Pt 20_FD20_4,Pt 20,Recovery,6,68.7,70.25,0,73.576,70.93,during_reference_event_or_boundary,
Pt 20_FD20_4,Pt 20,Recovery,7,72.95,74.35,0,73.576,70.93,successful_between_events,0.6259999999999906
Pt 20_FD20_4,Pt 20,Recovery,8,75.4,75.65,0,76.20599999999999,74.85,successful_between_events,0.8059999999999832
Pt 20_FD20_4,Pt 20,Recovery,9,76.55,77.75,0,83.54599999999999,77.62,during_reference_event_or_boundary,
Pt 20_FD20_4,Pt 20,Recovery,10,77.95,78.15,0,83.54599999999999,77.62,successful_between_events,5.595999999999989
Pt 20_FD20_4,Pt 20,Recovery,11,78.6,79.6,0,83.54599999999999,77.62,successful_between_events,4.945999999999998
Pt 20_FD20_4,Pt 20,Recovery,12,79.85,80.6,0,83.54599999999999,77.62,successful_between_events,3.695999999999998
Pt 20_FD20_4,Pt 20,Recovery,13,85.1,86.3,0,,89.99,during_reference_event_or_boundary,
Pt 20_FD20_4,Pt 20,Recovery,14,88.75,89.0,0,,89.99,during_reference_event_or_boundary,
Pt 20_FD20_4,Pt 20,Reddening,1,59.7,62.35,0,62.916000000000004,60.73,during_reference_event_or_boundary,
Pt 20_FD20_4,Pt 20,Reddening,2,68.0,68.25,0,73.576,70.93,during_reference_event_or_boundary,
Pt 20_FD20_4,Pt 20,Reddening,3,69.25,70.25,0,73.576,70.93,during_reference_event_or_boundary,
Pt 20_FD20_4,Pt 20,Reddening,4,78.3,79.45,0,83.54599999999999,77.62,successful_between_events,5.245999999999995
Pt 20_FD20_4,Pt 20,Reddening,5,84.1,84.5,0,,89.99,during_reference_event_or_boundary,
Pt 20_FD20_4,Pt 20,Reddening,6,85.45,86.8,0,,89.99,during_reference_event_or_boundary,
Pt 20_FD20_4,Pt 20,State-history,1,60.55,61.15,0,62.916000000000004,60.73,during_reference_event_or_boundary,
Pt 20_FD20_4,Pt 20,State-history,2,62.9,63.25,0,62.916000000000004,60.73,successful_between_events,0.016000000000005343
Pt 20_FD20_4,Pt 20,State-history,3,67.0,69.7,0,67.466,64.15,successful_between_events,0.465999999999994
Pt 20_FD20_4,Pt 20,State-history,4,73.55,74.15,0,73.576,70.93,successful_between_events,0.02599999999999625
Pt 20_FD20_4,Pt 20,State-history,5,76.3,77.1,0,83.54599999999999,77.62,during_reference_event_or_boundary,
Pt 20_FD20_4,Pt 20,State-history,6,78.95,79.25,0,83.54599999999999,77.62,successful_between_events,4.595999999999989
Pt 20_FD20_4,Pt 20,State-history,7,83.35,88.9,0,83.54599999999999,77.62,successful_between_events,0.19599999999999795
Pt 20_FD20_4,Pt 20,State-history,8,89.2,89.85,1,,89.99,during_reference_event_or_boundary,
Pt 20_FD20_4,Pt 20,AC1_A3T,1,59.75,60.2,0,62.916000000000004,60.73,during_reference_event_or_boundary,
Pt 20_FD20_4,Pt 20,AC1_A3T,2,60.65,61.25,0,62.916000000000004,60.73,during_reference_event_or_boundary,
Pt 20_FD20_4,Pt 20,AC1_A3T,3,61.75,63.4,0,62.916000000000004,60.73,successful_between_events,1.166000000000004
Pt 20_FD20_4,Pt 20,AC1_A3T,4,63.9,64.65,0,67.466,64.15,during_reference_event_or_boundary,
Pt 20_FD20_4,Pt 20,AC1_A3T,5,65.1,66.7,0,67.466,64.15,successful_between_events,2.3659999999999997
Pt 20_FD20_4,Pt 20,AC1_A3T,6,68.35,68.9,0,73.576,70.93,during_reference_event_or_boundary,
Pt 20_FD20_4,Pt 20,AC1_A3T,7,70.25,71.45,0,73.576,70.93,during_reference_event_or_boundary,
Pt 20_FD20_4,Pt 20,AC1_A3T,8,71.9,72.7,0,73.576,70.93,successful_between_events,1.6759999999999877
Pt 20_FD20_4,Pt 20,AC1_A3T,9,72.85,73.5,0,73.576,70.93,successful_between_events,0.7259999999999991
Pt 20_FD20_4,Pt 20,AC1_A3T,10,75.0,75.4,0,76.20599999999999,74.85,successful_between_events,1.2059999999999889
Pt 20_FD20_4,Pt 20,AC1_A3T,11,76.4,77.45,0,83.54599999999999,77.62,during_reference_event_or_boundary,
Pt 20_FD20_4,Pt 20,AC1_A3T,12,77.85,78.05,0,83.54599999999999,77.62,successful_between_events,5.695999999999998
Pt 20_FD20_4,Pt 20,AC1_A3T,13,79.15,79.8,0,83.54599999999999,77.62,successful_between_events,4.395999999999987
Pt 20_FD20_4,Pt 20,AC1_A3T,14,80.05,80.8,0,83.54599999999999,77.62,successful_between_events,3.495999999999995
Pt 20_FD20_4,Pt 20,AC1_A3T,15,81.05,81.75,0,83.54599999999999,77.62,successful_between_events,2.495999999999995
Pt 20_FD20_4,Pt 20,AC1_A3T,16,82.1,82.3,0,83.54599999999999,77.62,successful_between_events,1.445999999999998
Pt 20_FD20_4,Pt 20,AC1_A3T,17,83.65,83.95,0,,89.99,during_reference_event_or_boundary,
Pt 20_FD20_4,Pt 20,AC1_A3T,18,85.5,85.95,0,,89.99,during_reference_event_or_boundary,
Pt 20_FD20_4,Pt 20,AC1_A3T,19,86.45,86.85,0,,89.99,during_reference_event_or_boundary,
Pt 20_FD20_4,Pt 20,AC1_A3T,20,87.15,87.5,0,,89.99,during_reference_event_or_boundary,
Pt 20_FD20_4,Pt 20,AC1_A3T,21,89.05,89.25,0,,89.99,during_reference_event_or_boundary,
Pt 20_FD20_4,Pt 20,AC1_A3T,22,89.5,89.85,1,,89.99,during_reference_event_or_boundary,
Pt 20_FD20_4,Pt 20,AC1_A7T,1,59.9,60.5,0,62.916000000000004,60.73,during_reference_event_or_boundary,
Pt 20_FD20_4,Pt 20,AC1_A7T,2,61.0,61.35,0,62.916000000000004,60.73,successful_between_events,1.916000000000004
Pt 20_FD20_4,Pt 20,AC1_A7T,3,61.95,62.65,0,62.916000000000004,60.73,successful_between_events,0.9660000000000011
Pt 20_FD20_4,Pt 20,AC1_A7T,4,63.0,64.75,0,67.466,64.15,during_reference_event_or_boundary,
Pt 20_FD20_4,Pt 20,AC1_A7T,5,65.15,67.1,0,67.466,64.15,successful_between_events,2.3159999999999883
Pt 20_FD20_4,Pt 20,AC1_A7T,6,67.35,69.6,0,67.466,64.15,successful_between_events,0.11599999999999966
Pt 20_FD20_4,Pt 20,AC1_A7T,7,70.5,71.45,0,73.576,70.93,during_reference_event_or_boundary,
Pt 20_FD20_4,Pt 20,AC1_A7T,8,72.5,72.7,0,73.576,70.93,successful_between_events,1.0759999999999934
Pt 20_FD20_4,Pt 20,AC1_A7T,9,73.0,77.15,0,73.576,70.93,successful_between_events,0.5759999999999934
Pt 20_FD20_4,Pt 20,AC1_A7T,10,78.6,80.0,0,83.54599999999999,77.62,successful_between_events,4.945999999999998
Pt 20_FD20_4,Pt 20,AC1_A7T,11,80.15,81.1,0,83.54599999999999,77.62,successful_between_events,3.3959999999999866
Pt 20_FD20_4,Pt 20,AC1_A7T,12,81.3,82.2,0,83.54599999999999,77.62,successful_between_events,2.245999999999995
Pt 20_FD20_4,Pt 20,AC1_A7T,13,83.6,83.8,0,,89.99,during_reference_event_or_boundary,
Pt 20_FD20_4,Pt 20,AC1_A7T,14,83.95,84.4,0,,89.99,during_reference_event_or_boundary,
Pt 20_FD20_4,Pt 20,AC1_A7T,15,85.3,85.75,0,,89.99,during_reference_event_or_boundary,
Pt 20_FD20_4,Pt 20,AC1_A7T,16,86.15,87.85,0,,89.99,during_reference_event_or_boundary,
Pt 20_FD20_4,Pt 20,AC1_A7T,17,89.55,89.85,1,,89.99,during_reference_event_or_boundary,
Pt 20_FD20_4,Pt 20,AC1_RA5T,1,59.6,60.45,0,62.916000000000004,60.73,during_reference_event_or_boundary,
Pt 20_FD20_4,Pt 20,AC1_RA5T,2,60.9,61.5,0,62.916000000000004,60.73,successful_between_events,2.0160000000000053
Pt 20_FD20_4,Pt 20,AC1_RA5T,3,61.65,62.65,0,62.916000000000004,60.73,successful_between_events,1.2660000000000053
Pt 20_FD20_4,Pt 20,AC1_RA5T,4,62.95,64.7,0,67.466,64.15,during_reference_event_or_boundary,
Pt 20_FD20_4,Pt 20,AC1_RA5T,5,65.1,66.0,0,67.466,64.15,successful_between_events,2.3659999999999997
Pt 20_FD20_4,Pt 20,AC1_RA5T,6,67.45,68.2,0,67.466,64.15,successful_between_events,0.015999999999991132
Pt 20_FD20_4,Pt 20,AC1_RA5T,7,68.65,69.8,0,73.576,70.93,during_reference_event_or_boundary,
Pt 20_FD20_4,Pt 20,AC1_RA5T,8,71.0,71.5,0,73.576,70.93,successful_between_events,2.5759999999999934
Pt 20_FD20_4,Pt 20,AC1_RA5T,9,71.95,72.15,0,73.576,70.93,successful_between_events,1.6259999999999906
Pt 20_FD20_4,Pt 20,AC1_RA5T,10,72.3,72.65,0,73.576,70.93,successful_between_events,1.2759999999999962
Pt 20_FD20_4,Pt 20,AC1_RA5T,11,73.1,73.25,0,73.576,70.93,successful_between_events,0.4759999999999991
Pt 20_FD20_4,Pt 20,AC1_RA5T,12,73.7,75.05,0,76.20599999999999,74.85,during_reference_event_or_boundary,
Pt 20_FD20_4,Pt 20,AC1_RA5T,13,75.25,75.45,0,76.20599999999999,74.85,successful_between_events,0.9559999999999889
Pt 20_FD20_4,Pt 20,AC1_RA5T,14,75.9,76.2,0,76.20599999999999,74.85,successful_between_events,0.3059999999999832
Pt 20_FD20_4,Pt 20,AC1_RA5T,15,76.6,80.85,0,83.54599999999999,77.62,during_reference_event_or_boundary,
Pt 20_FD20_4,Pt 20,AC1_RA5T,16,81.2,82.2,0,83.54599999999999,77.62,successful_between_events,2.3459999999999894
Pt 20_FD20_4,Pt 20,AC1_RA5T,17,85.6,86.3,0,,89.99,during_reference_event_or_boundary,
Pt 20_FD20_4,Pt 20,AC1_RA5T,18,89.15,89.3,0,,89.99,during_reference_event_or_boundary,
Pt 20_FD20_4,Pt 20,Recovery_A3T,1,59.8,59.95,0,62.916000000000004,60.73,during_reference_event_or_boundary,
Pt 20_FD20_4,Pt 20,Recovery_A3T,2,60.9,61.15,0,62.916000000000004,60.73,successful_between_events,2.0160000000000053
Pt 20_FD20_4,Pt 20,Recovery_A3T,3,61.85,62.0,0,62.916000000000004,60.73,successful_between_events,1.0660000000000025
Pt 20_FD20_4,Pt 20,Recovery_A3T,4,62.4,62.6,0,62.916000000000004,60.73,successful_between_events,0.5160000000000053
Pt 20_FD20_4,Pt 20,Recovery_A3T,5,62.95,63.2,0,67.466,64.15,during_reference_event_or_boundary,
Pt 20_FD20_4,Pt 20,Recovery_A3T,6,64.35,64.5,0,67.466,64.15,successful_between_events,3.1159999999999997
Pt 20_FD20_4,Pt 20,Recovery_A3T,7,65.0,65.15,0,67.466,64.15,successful_between_events,2.465999999999994
Pt 20_FD20_4,Pt 20,Recovery_A3T,8,65.75,66.6,0,67.466,64.15,successful_between_events,1.715999999999994
Pt 20_FD20_4,Pt 20,Recovery_A3T,9,68.0,68.2,0,73.576,70.93,during_reference_event_or_boundary,
Pt 20_FD20_4,Pt 20,Recovery_A3T,10,68.35,68.65,0,73.576,70.93,during_reference_event_or_boundary,
Pt 20_FD20_4,Pt 20,Recovery_A3T,11,70.8,71.4,0,73.576,70.93,during_reference_event_or_boundary,
Pt 20_FD20_4,Pt 20,Recovery_A3T,12,72.1,72.7,0,73.576,70.93,successful_between_events,1.475999999999999
Pt 20_FD20_4,Pt 20,Recovery_A3T,13,72.95,73.3,0,73.576,70.93,successful_between_events,0.6259999999999906
Pt 20_FD20_4,Pt 20,Recovery_A3T,14,75.05,75.3,0,76.20599999999999,74.85,successful_between_events,1.1559999999999917
Pt 20_FD20_4,Pt 20,Recovery_A3T,15,76.35,77.6,0,83.54599999999999,77.62,during_reference_event_or_boundary,
Pt 20_FD20_4,Pt 20,Recovery_A3T,16,79.25,79.5,0,83.54599999999999,77.62,successful_between_events,4.295999999999992
Pt 20_FD20_4,Pt 20,Recovery_A3T,17,80.2,80.65,0,83.54599999999999,77.62,successful_between_events,3.3459999999999894
Pt 20_FD20_4,Pt 20,Recovery_A3T,18,84.8,85.2,0,,89.99,during_reference_event_or_boundary,
Pt 20_FD20_4,Pt 20,Recovery_A3T,19,87.15,87.45,0,,89.99,during_reference_event_or_boundary,
Pt 20_FD20_4,Pt 20,Recovery_A3T,20,89.4,89.85,1,,89.99,during_reference_event_or_boundary,
Pt 20_FD20_4,Pt 20,Recovery_A7T,1,59.7,60.35,0,62.916000000000004,60.73,during_reference_event_or_boundary,
Pt 20_FD20_4,Pt 20,Recovery_A7T,2,61.0,61.4,0,62.916000000000004,60.73,successful_between_events,1.916000000000004
Pt 20_FD20_4,Pt 20,Recovery_A7T,3,62.6,62.95,0,62.916000000000004,60.73,successful_between_events,0.3160000000000025
Pt 20_FD20_4,Pt 20,Recovery_A7T,4,63.2,64.8,0,67.466,64.15,during_reference_event_or_boundary,
Pt 20_FD20_4,Pt 20,Recovery_A7T,5,65.15,65.7,0,67.466,64.15,successful_between_events,2.3159999999999883
Pt 20_FD20_4,Pt 20,Recovery_A7T,6,66.7,67.4,0,67.466,64.15,successful_between_events,0.7659999999999911
Pt 20_FD20_4,Pt 20,Recovery_A7T,7,67.6,68.4,0,73.576,70.93,during_reference_event_or_boundary,
Pt 20_FD20_4,Pt 20,Recovery_A7T,8,70.35,71.0,0,73.576,70.93,during_reference_event_or_boundary,
Pt 20_FD20_4,Pt 20,Recovery_A7T,9,72.75,73.55,0,73.576,70.93,successful_between_events,0.8259999999999934
Pt 20_FD20_4,Pt 20,Recovery_A7T,10,73.85,74.7,0,76.20599999999999,74.85,during_reference_event_or_boundary,
Pt 20_FD20_4,Pt 20,Recovery_A7T,11,75.5,75.95,0,76.20599999999999,74.85,successful_between_events,0.7059999999999889
Pt 20_FD20_4,Pt 20,Recovery_A7T,12,77.55,77.95,0,83.54599999999999,77.62,during_reference_event_or_boundary,
Pt 20_FD20_4,Pt 20,Recovery_A7T,13,78.9,79.65,0,83.54599999999999,77.62,successful_between_events,4.645999999999987
Pt 20_FD20_4,Pt 20,Recovery_A7T,14,79.8,80.25,0,83.54599999999999,77.62,successful_between_events,3.745999999999995
Pt 20_FD20_4,Pt 20,Recovery_A7T,15,83.55,83.75,0,,89.99,during_reference_event_or_boundary,
Pt 20_FD20_4,Pt 20,Recovery_A7T,16,84.0,84.35,0,,89.99,during_reference_event_or_boundary,
Pt 20_FD20_4,Pt 20,Recovery_A7T,17,86.2,86.6,0,,89.99,during_reference_event_or_boundary,
Pt 20_FD20_4,Pt 20,Recovery_A7T,18,86.85,87.75,0,,89.99,during_reference_event_or_boundary,
Pt 20_FD20_4,Pt 20,Recovery_RA5T,1,59.85,60.05,0,62.916000000000004,60.73,during_reference_event_or_boundary,
Pt 20_FD20_4,Pt 20,Recovery_RA5T,2,60.45,60.6,0,62.916000000000004,60.73,during_reference_event_or_boundary,
Pt 20_FD20_4,Pt 20,Recovery_RA5T,3,61.2,61.45,0,62.916000000000004,60.73,successful_between_events,1.716000000000001
Pt 20_FD20_4,Pt 20,Recovery_RA5T,4,61.85,62.7,0,62.916000000000004,60.73,successful_between_events,1.0660000000000025
Pt 20_FD20_4,Pt 20,Recovery_RA5T,5,63.2,64.6,0,67.466,64.15,during_reference_event_or_boundary,
Pt 20_FD20_4,Pt 20,Recovery_RA5T,6,64.75,65.45,0,67.466,64.15,successful_between_events,2.715999999999994
Pt 20_FD20_4,Pt 20,Recovery_RA5T,7,66.9,68.0,0,67.466,64.15,successful_between_events,0.5659999999999883
Pt 20_FD20_4,Pt 20,Recovery_RA5T,8,68.65,68.8,0,73.576,70.93,during_reference_event_or_boundary,
Pt 20_FD20_4,Pt 20,Recovery_RA5T,9,69.45,69.6,0,73.576,70.93,during_reference_event_or_boundary,
Pt 20_FD20_4,Pt 20,Recovery_RA5T,10,70.05,70.25,0,73.576,70.93,during_reference_event_or_boundary,
Pt 20_FD20_4,Pt 20,Recovery_RA5T,11,71.05,71.65,0,73.576,70.93,successful_between_events,2.5259999999999962
Pt 20_FD20_4,Pt 20,Recovery_RA5T,12,72.5,72.7,0,73.576,70.93,successful_between_events,1.0759999999999934
Pt 20_FD20_4,Pt 20,Recovery_RA5T,13,73.05,74.35,0,73.576,70.93,successful_between_events,0.5259999999999962
Pt 20_FD20_4,Pt 20,Recovery_RA5T,14,75.3,75.45,0,76.20599999999999,74.85,successful_between_events,0.9059999999999917
Pt 20_FD20_4,Pt 20,Recovery_RA5T,15,75.75,75.95,0,76.20599999999999,74.85,successful_between_events,0.45599999999998886
Pt 20_FD20_4,Pt 20,Recovery_RA5T,16,76.6,78.2,0,83.54599999999999,77.62,during_reference_event_or_boundary,
Pt 20_FD20_4,Pt 20,Recovery_RA5T,17,78.5,79.6,0,83.54599999999999,77.62,successful_between_events,5.045999999999992
Pt 20_FD20_4,Pt 20,Recovery_RA5T,18,79.85,80.6,0,83.54599999999999,77.62,successful_between_events,3.695999999999998
Pt 20_FD20_4,Pt 20,Recovery_RA5T,19,84.9,85.05,0,,89.99,during_reference_event_or_boundary,
Pt 20_FD20_4,Pt 20,Recovery_RA5T,20,85.7,86.25,0,,89.99,during_reference_event_or_boundary,
Pt 20_FD20_4,Pt 20,Recovery_RA5T,21,89.6,89.85,1,,89.99,during_reference_event_or_boundary,
Pt 20_FD20_4,Pt 20,Reddening_A3T,1,59.6,60.2,0,62.916000000000004,60.73,during_reference_event_or_boundary,
Pt 20_FD20_4,Pt 20,Reddening_A3T,2,60.45,62.15,0,62.916000000000004,60.73,during_reference_event_or_boundary,
Pt 20_FD20_4,Pt 20,Reddening_A3T,3,63.05,63.5,0,67.466,64.15,during_reference_event_or_boundary,
Pt 20_FD20_4,Pt 20,Reddening_A3T,4,63.9,64.6,0,67.466,64.15,during_reference_event_or_boundary,
Pt 20_FD20_4,Pt 20,Reddening_A3T,5,66.5,66.85,0,67.466,64.15,successful_between_events,0.965999999999994
Pt 20_FD20_4,Pt 20,Reddening_A3T,6,67.25,67.7,0,67.466,64.15,successful_between_events,0.21599999999999397
Pt 20_FD20_4,Pt 20,Reddening_A3T,7,68.55,69.25,0,73.576,70.93,during_reference_event_or_boundary,
Pt 20_FD20_4,Pt 20,Reddening_A3T,8,71.7,72.15,0,73.576,70.93,successful_between_events,1.8759999999999906
Pt 20_FD20_4,Pt 20,Reddening_A3T,9,77.5,78.55,0,83.54599999999999,77.62,during_reference_event_or_boundary,
Pt 20_FD20_4,Pt 20,Reddening_A3T,10,80.2,80.6,0,83.54599999999999,77.62,successful_between_events,3.3459999999999894
Pt 20_FD20_4,Pt 20,Reddening_A3T,11,82.5,82.85,0,83.54599999999999,77.62,successful_between_events,1.0459999999999923
Pt 20_FD20_4,Pt 20,Reddening_A3T,12,83.45,83.85,0,83.54599999999999,77.62,successful_between_events,0.09599999999998943
Pt 20_FD20_4,Pt 20,Reddening_A3T,13,84.75,85.7,0,,89.99,during_reference_event_or_boundary,
Pt 20_FD20_4,Pt 20,Reddening_A3T,14,87.5,87.7,0,,89.99,during_reference_event_or_boundary,
Pt 20_FD20_4,Pt 20,Reddening_A7T,1,60.25,62.15,0,62.916000000000004,60.73,during_reference_event_or_boundary,
Pt 20_FD20_4,Pt 20,Reddening_A7T,2,70.25,71.55,0,73.576,70.93,during_reference_event_or_boundary,
Pt 20_FD20_4,Pt 20,Reddening_A7T,3,86.6,88.0,0,,89.99,during_reference_event_or_boundary,
Pt 20_FD20_4,Pt 20,Reddening_RA5T,1,59.6,60.55,0,62.916000000000004,60.73,during_reference_event_or_boundary,
Pt 20_FD20_4,Pt 20,Reddening_RA5T,2,60.8,62.3,0,62.916000000000004,60.73,successful_between_events,2.1160000000000068
Pt 20_FD20_4,Pt 20,Reddening_RA5T,3,63.75,64.5,0,67.466,64.15,during_reference_event_or_boundary,
Pt 20_FD20_4,Pt 20,Reddening_RA5T,4,67.7,68.65,0,73.576,70.93,during_reference_event_or_boundary,
Pt 20_FD20_4,Pt 20,Reddening_RA5T,5,68.8,70.8,0,73.576,70.93,during_reference_event_or_boundary,
Pt 20_FD20_4,Pt 20,Reddening_RA5T,6,78.35,80.05,0,83.54599999999999,77.62,successful_between_events,5.195999999999998
Pt 20_FD20_4,Pt 20,Reddening_RA5T,7,85.4,86.85,0,,89.99,during_reference_event_or_boundary,
Pt 20_FD20_4,Pt 20,Variance_A3T,1,61.5,67.0,0,62.916000000000004,60.73,successful_between_events,1.416000000000004
Pt 20_FD20_4,Pt 20,Variance_A3T,2,68.4,68.9,0,73.576,70.93,during_reference_event_or_boundary,
Pt 20_FD20_4,Pt 20,Variance_A3T,3,71.7,73.85,0,73.576,70.93,successful_between_events,1.8759999999999906
Pt 20_FD20_4,Pt 20,Variance_A3T,4,74.5,74.9,0,76.20599999999999,74.85,during_reference_event_or_boundary,
Pt 20_FD20_4,Pt 20,Variance_A3T,5,76.2,82.9,0,76.20599999999999,74.85,successful_between_events,0.0059999999999860165
Pt 20_FD20_4,Pt 20,Variance_A7T,1,61.8,86.0,0,62.916000000000004,60.73,successful_between_events,1.1160000000000068
Pt 20_FD20_4,Pt 20,Variance_A7T,2,86.85,88.0,0,,89.99,during_reference_event_or_boundary,
Pt 20_FD20_4,Pt 20,Variance_RA5T,1,59.7,60.1,0,62.916000000000004,60.73,during_reference_event_or_boundary,
Pt 20_FD20_4,Pt 20,Variance_RA5T,2,60.8,70.95,0,62.916000000000004,60.73,successful_between_events,2.1160000000000068
Pt 20_FD20_4,Pt 20,Variance_RA5T,3,71.75,84.45,0,73.576,70.93,successful_between_events,1.8259999999999934
Pt 20_FD20_5,Pt 20,Persistence,1,67.0,67.2,0,70.976,68.32,during_reference_event_or_boundary,
Pt 20_FD20_5,Pt 20,Persistence,2,71.85,72.5,0,78.276,75.98,during_reference_event_or_boundary,
Pt 20_FD20_5,Pt 20,Persistence,3,73.75,74.1,0,78.276,75.98,during_reference_event_or_boundary,
Pt 20_FD20_5,Pt 20,Persistence,4,78.85,80.5,0,88.776,84.76,during_reference_event_or_boundary,
Pt 20_FD20_5,Pt 20,Persistence,5,80.9,83.1,0,88.776,84.76,during_reference_event_or_boundary,
Pt 20_FD20_5,Pt 20,Persistence,6,89.3,89.85,1,,89.99,during_reference_event_or_boundary,
Pt 20_FD20_5,Pt 20,AC1,1,59.6,60.0,0,66.896,59.53,successful_between_events,7.295999999999999
Pt 20_FD20_5,Pt 20,AC1,2,62.2,63.1,0,66.896,59.53,successful_between_events,4.695999999999998
Pt 20_FD20_5,Pt 20,AC1,3,63.75,63.95,0,66.896,59.53,successful_between_events,3.146000000000001
Pt 20_FD20_5,Pt 20,AC1,4,69.7,69.85,0,70.976,68.32,successful_between_events,1.2759999999999962
Pt 20_FD20_5,Pt 20,AC1,5,70.4,70.7,0,70.976,68.32,successful_between_events,0.5759999999999934
Pt 20_FD20_5,Pt 20,AC1,6,71.0,72.3,0,78.276,75.98,during_reference_event_or_boundary,
Pt 20_FD20_5,Pt 20,AC1,7,73.75,74.0,0,78.276,75.98,during_reference_event_or_boundary,
Pt 20_FD20_5,Pt 20,AC1,8,74.45,75.1,0,78.276,75.98,during_reference_event_or_boundary,
Pt 20_FD20_5,Pt 20,AC1,9,75.35,76.55,0,78.276,75.98,during_reference_event_or_boundary,
Pt 20_FD20_5,Pt 20,AC1,10,78.7,79.6,0,88.776,84.76,during_reference_event_or_boundary,
Pt 20_FD20_5,Pt 20,AC1,11,81.15,81.45,0,88.776,84.76,during_reference_event_or_boundary,
Pt 20_FD20_5,Pt 20,AC1,12,86.4,86.85,0,88.776,84.76,successful_between_events,2.3759999999999906
Pt 20_FD20_5,Pt 20,Variance,1,61.45,66.55,0,66.896,59.53,successful_between_events,5.445999999999998
Pt 20_FD20_5,Pt 20,Variance,2,87.05,88.35,0,88.776,84.76,successful_between_events,1.725999999999999
Pt 20_FD20_5,Pt 20,Recovery,1,59.6,59.75,0,66.896,59.53,successful_between_events,7.295999999999999
Pt 20_FD20_5,Pt 20,Recovery,2,61.25,61.75,0,66.896,59.53,successful_between_events,5.646000000000001
Pt 20_FD20_5,Pt 20,Recovery,3,61.95,62.15,0,66.896,59.53,successful_between_events,4.945999999999998
Pt 20_FD20_5,Pt 20,Recovery,4,63.15,63.55,0,66.896,59.53,successful_between_events,3.746000000000002
Pt 20_FD20_5,Pt 20,Recovery,5,69.4,69.75,0,70.976,68.32,successful_between_events,1.5759999999999934
Pt 20_FD20_5,Pt 20,Recovery,6,70.35,71.7,0,70.976,68.32,successful_between_events,0.6260000000000048
Pt 20_FD20_5,Pt 20,Recovery,7,72.95,73.1,0,78.276,75.98,during_reference_event_or_boundary,
Pt 20_FD20_5,Pt 20,Recovery,8,74.5,76.4,0,78.276,75.98,during_reference_event_or_boundary,
Pt 20_FD20_5,Pt 20,Recovery,9,77.45,77.7,0,78.276,75.98,successful_between_events,0.8259999999999934
Pt 20_FD20_5,Pt 20,Recovery,10,78.1,78.25,0,78.276,75.98,successful_between_events,0.17600000000000193
Pt 20_FD20_5,Pt 20,Recovery,11,78.45,79.25,0,88.776,84.76,during_reference_event_or_boundary,
Pt 20_FD20_5,Pt 20,Recovery,12,83.3,83.45,0,88.776,84.76,during_reference_event_or_boundary,
Pt 20_FD20_5,Pt 20,Recovery,13,84.15,84.5,0,88.776,84.76,during_reference_event_or_boundary,
Pt 20_FD20_5,Pt 20,Reddening,1,59.6,60.35,0,66.896,59.53,successful_between_events,7.295999999999999
Pt 20_FD20_5,Pt 20,Reddening,2,62.95,63.75,0,66.896,59.53,successful_between_events,3.945999999999998
Pt 20_FD20_5,Pt 20,Reddening,3,76.05,76.4,0,78.276,75.98,successful_between_events,2.225999999999999
Pt 20_FD20_5,Pt 20,Reddening,4,77.2,77.35,0,78.276,75.98,successful_between_events,1.0759999999999934
Pt 20_FD20_5,Pt 20,Reddening,5,80.7,81.55,0,88.776,84.76,during_reference_event_or_boundary,
Pt 20_FD20_5,Pt 20,Reddening,6,84.2,86.2,0,88.776,84.76,during_reference_event_or_boundary,
Pt 20_FD20_5,Pt 20,State-history,1,66.7,67.3,0,66.896,59.53,successful_between_events,0.19599999999999795
Pt 20_FD20_5,Pt 20,State-history,2,68.1,68.25,0,70.976,68.32,during_reference_event_or_boundary,
Pt 20_FD20_5,Pt 20,State-history,3,70.8,71.2,0,70.976,68.32,successful_between_events,0.17600000000000193
Pt 20_FD20_5,Pt 20,State-history,4,71.35,72.6,0,78.276,75.98,during_reference_event_or_boundary,
Pt 20_FD20_5,Pt 20,State-history,5,73.4,74.0,0,78.276,75.98,during_reference_event_or_boundary,
Pt 20_FD20_5,Pt 20,State-history,6,74.2,74.95,0,78.276,75.98,during_reference_event_or_boundary,
Pt 20_FD20_5,Pt 20,State-history,7,78.25,78.55,0,78.276,75.98,successful_between_events,0.02599999999999625
Pt 20_FD20_5,Pt 20,State-history,8,78.75,80.55,0,88.776,84.76,during_reference_event_or_boundary,
Pt 20_FD20_5,Pt 20,State-history,9,80.9,82.05,0,88.776,84.76,during_reference_event_or_boundary,
Pt 20_FD20_5,Pt 20,State-history,10,82.25,83.2,0,88.776,84.76,during_reference_event_or_boundary,
Pt 20_FD20_5,Pt 20,State-history,11,88.85,89.85,1,,89.99,during_reference_event_or_boundary,
Pt 20_FD20_5,Pt 20,AC1_A3T,1,59.95,60.1,0,66.896,59.53,successful_between_events,6.945999999999998
Pt 20_FD20_5,Pt 20,AC1_A3T,2,60.4,61.2,0,66.896,59.53,successful_between_events,6.496000000000002
Pt 20_FD20_5,Pt 20,AC1_A3T,3,61.35,61.9,0,66.896,59.53,successful_between_events,5.545999999999999
Pt 20_FD20_5,Pt 20,AC1_A3T,4,62.8,63.05,0,66.896,59.53,successful_between_events,4.096000000000004
Pt 20_FD20_5,Pt 20,AC1_A3T,5,64.0,64.25,0,66.896,59.53,successful_between_events,2.896000000000001
Pt 20_FD20_5,Pt 20,AC1_A3T,6,64.65,65.0,0,66.896,59.53,successful_between_events,2.245999999999995
Pt 20_FD20_5,Pt 20,AC1_A3T,7,67.8,68.45,0,70.976,68.32,during_reference_event_or_boundary,
Pt 20_FD20_5,Pt 20,AC1_A3T,8,68.9,69.1,0,70.976,68.32,successful_between_events,2.0759999999999934
Pt 20_FD20_5,Pt 20,AC1_A3T,9,69.5,69.85,0,70.976,68.32,successful_between_events,1.475999999999999
Pt 20_FD20_5,Pt 20,AC1_A3T,10,70.15,71.05,0,70.976,68.32,successful_between_events,0.8259999999999934
Pt 20_FD20_5,Pt 20,AC1_A3T,11,71.45,71.65,0,78.276,75.98,during_reference_event_or_boundary,
Pt 20_FD20_5,Pt 20,AC1_A3T,12,73.0,74.45,0,78.276,75.98,during_reference_event_or_boundary,
Pt 20_FD20_5,Pt 20,AC1_A3T,13,75.9,76.3,0,78.276,75.98,during_reference_event_or_boundary,
Pt 20_FD20_5,Pt 20,AC1_A3T,14,77.1,77.35,0,78.276,75.98,successful_between_events,1.176000000000002
Pt 20_FD20_5,Pt 20,AC1_A3T,15,77.6,78.6,0,78.276,75.98,successful_between_events,0.6760000000000019
Pt 20_FD20_5,Pt 20,AC1_A3T,16,79.85,80.05,0,88.776,84.76,during_reference_event_or_boundary,
Pt 20_FD20_5,Pt 20,AC1_A3T,17,81.4,82.8,0,88.776,84.76,during_reference_event_or_boundary,
Pt 20_FD20_5,Pt 20,AC1_A3T,18,83.7,84.25,0,88.776,84.76,during_reference_event_or_boundary,
Pt 20_FD20_5,Pt 20,AC1_A3T,19,85.05,85.2,0,88.776,84.76,successful_between_events,3.725999999999999
Pt 20_FD20_5,Pt 20,AC1_A3T,20,86.25,87.8,0,88.776,84.76,successful_between_events,2.5259999999999962
Pt 20_FD20_5,Pt 20,AC1_A3T,21,88.1,88.3,0,88.776,84.76,successful_between_events,0.6760000000000019
Pt 20_FD20_5,Pt 20,AC1_A7T,1,59.6,60.05,0,66.896,59.53,successful_between_events,7.295999999999999
Pt 20_FD20_5,Pt 20,AC1_A7T,2,60.55,61.2,0,66.896,59.53,successful_between_events,6.346000000000004
Pt 20_FD20_5,Pt 20,AC1_A7T,3,62.1,63.15,0,66.896,59.53,successful_between_events,4.795999999999999
Pt 20_FD20_5,Pt 20,AC1_A7T,4,63.6,63.75,0,66.896,59.53,successful_between_events,3.2959999999999994
Pt 20_FD20_5,Pt 20,AC1_A7T,5,63.95,64.4,0,66.896,59.53,successful_between_events,2.945999999999998
Pt 20_FD20_5,Pt 20,AC1_A7T,6,69.85,70.1,0,70.976,68.32,successful_between_events,1.1260000000000048
Pt 20_FD20_5,Pt 20,AC1_A7T,7,70.4,70.8,0,70.976,68.32,successful_between_events,0.5759999999999934
Pt 20_FD20_5,Pt 20,AC1_A7T,8,71.05,71.5,0,78.276,75.98,during_reference_event_or_boundary,
Pt 20_FD20_5,Pt 20,AC1_A7T,9,71.65,73.95,0,78.276,75.98,during_reference_event_or_boundary,
Pt 20_FD20_5,Pt 20,AC1_A7T,10,74.2,74.5,0,78.276,75.98,during_reference_event_or_boundary,
Pt 20_FD20_5,Pt 20,AC1_A7T,11,75.9,76.6,0,78.276,75.98,during_reference_event_or_boundary,
Pt 20_FD20_5,Pt 20,AC1_A7T,12,77.25,78.1,0,78.276,75.98,successful_between_events,1.0259999999999962
Pt 20_FD20_5,Pt 20,AC1_A7T,13,78.8,81.1,0,88.776,84.76,during_reference_event_or_boundary,
Pt 20_FD20_5,Pt 20,AC1_A7T,14,81.85,82.0,0,88.776,84.76,during_reference_event_or_boundary,
Pt 20_FD20_5,Pt 20,AC1_A7T,15,82.6,82.85,0,88.776,84.76,during_reference_event_or_boundary,
Pt 20_FD20_5,Pt 20,AC1_A7T,16,85.8,86.0,0,88.776,84.76,successful_between_events,2.975999999999999
Pt 20_FD20_5,Pt 20,AC1_A7T,17,86.3,86.55,0,88.776,84.76,successful_between_events,2.475999999999999
Pt 20_FD20_5,Pt 20,AC1_RA5T,1,59.6,60.0,0,66.896,59.53,successful_between_events,7.295999999999999
Pt 20_FD20_5,Pt 20,AC1_RA5T,2,62.75,63.05,0,66.896,59.53,successful_between_events,4.146000000000001
Pt 20_FD20_5,Pt 20,AC1_RA5T,3,63.7,64.0,0,66.896,59.53,successful_between_events,3.195999999999998
Pt 20_FD20_5,Pt 20,AC1_RA5T,4,69.7,69.85,0,70.976,68.32,successful_between_events,1.2759999999999962
Pt 20_FD20_5,Pt 20,AC1_RA5T,5,70.35,70.65,0,70.976,68.32,successful_between_events,0.6260000000000048
Pt 20_FD20_5,Pt 20,AC1_RA5T,6,71.0,72.25,0,78.276,75.98,during_reference_event_or_boundary,
Pt 20_FD20_5,Pt 20,AC1_RA5T,7,73.75,74.05,0,78.276,75.98,during_reference_event_or_boundary,
Pt 20_FD20_5,Pt 20,AC1_RA5T,8,74.4,75.05,0,78.276,75.98,during_reference_event_or_boundary,
Pt 20_FD20_5,Pt 20,AC1_RA5T,9,75.4,76.6,0,78.276,75.98,during_reference_event_or_boundary,
Pt 20_FD20_5,Pt 20,AC1_RA5T,10,79.05,79.6,0,88.776,84.76,during_reference_event_or_boundary,
Pt 20_FD20_5,Pt 20,AC1_RA5T,11,81.1,81.45,0,88.776,84.76,during_reference_event_or_boundary,
Pt 20_FD20_5,Pt 20,AC1_RA5T,12,84.0,84.2,0,88.776,84.76,during_reference_event_or_boundary,
Pt 20_FD20_5,Pt 20,AC1_RA5T,13,89.15,89.65,0,,89.99,during_reference_event_or_boundary,
Pt 20_FD20_5,Pt 20,Recovery_A3T,1,60.4,60.55,0,66.896,59.53,successful_between_events,6.496000000000002
Pt 20_FD20_5,Pt 20,Recovery_A3T,2,61.2,61.9,0,66.896,59.53,successful_between_events,5.695999999999998
Pt 20_FD20_5,Pt 20,Recovery_A3T,3,62.5,62.65,0,66.896,59.53,successful_between_events,4.396000000000001
Pt 20_FD20_5,Pt 20,Recovery_A3T,4,63.15,63.3,0,66.896,59.53,successful_between_events,3.746000000000002
Pt 20_FD20_5,Pt 20,Recovery_A3T,5,64.5,64.65,0,66.896,59.53,successful_between_events,2.396000000000001
Pt 20_FD20_5,Pt 20,Recovery_A3T,6,70.25,70.85,0,70.976,68.32,successful_between_events,0.7259999999999991
Pt 20_FD20_5,Pt 20,Recovery_A3T,7,73.1,73.3,0,78.276,75.98,during_reference_event_or_boundary,
Pt 20_FD20_5,Pt 20,Recovery_A3T,8,73.45,73.65,0,78.276,75.98,during_reference_event_or_boundary,
Pt 20_FD20_5,Pt 20,Recovery_A3T,9,73.95,74.25,0,78.276,75.98,during_reference_event_or_boundary,
Pt 20_FD20_5,Pt 20,Recovery_A3T,10,77.65,78.45,0,78.276,75.98,successful_between_events,0.6259999999999906
Pt 20_FD20_5,Pt 20,Recovery_A3T,11,79.85,80.0,0,88.776,84.76,during_reference_event_or_boundary,
Pt 20_FD20_5,Pt 20,Recovery_A3T,12,82.5,82.65,0,88.776,84.76,during_reference_event_or_boundary,
Pt 20_FD20_5,Pt 20,Recovery_A3T,13,83.95,84.25,0,88.776,84.76,during_reference_event_or_boundary,
Pt 20_FD20_5,Pt 20,Recovery_A7T,1,59.6,60.15,0,66.896,59.53,successful_between_events,7.295999999999999
Pt 20_FD20_5,Pt 20,Recovery_A7T,2,60.6,60.95,0,66.896,59.53,successful_between_events,6.295999999999999
Pt 20_FD20_5,Pt 20,Recovery_A7T,3,62.0,62.4,0,66.896,59.53,successful_between_events,4.896000000000001
Pt 20_FD20_5,Pt 20,Recovery_A7T,4,69.45,69.7,0,70.976,68.32,successful_between_events,1.5259999999999962
Pt 20_FD20_5,Pt 20,Recovery_A7T,5,71.75,72.05,0,78.276,75.98,during_reference_event_or_boundary,
Pt 20_FD20_5,Pt 20,Recovery_A7T,6,75.2,75.4,0,78.276,75.98,during_reference_event_or_boundary,
Pt 20_FD20_5,Pt 20,Recovery_A7T,7,75.95,76.1,0,78.276,75.98,during_reference_event_or_boundary,
Pt 20_FD20_5,Pt 20,Recovery_A7T,8,76.25,76.4,0,78.276,75.98,successful_between_events,2.0259999999999962
Pt 20_FD20_5,Pt 20,Recovery_A7T,9,78.25,79.75,0,78.276,75.98,successful_between_events,0.02599999999999625
Pt 20_FD20_5,Pt 20,Recovery_A7T,10,86.1,86.3,0,88.776,84.76,successful_between_events,2.676000000000002
Pt 20_FD20_5,Pt 20,Recovery_A7T,11,88.4,89.1,0,88.776,84.76,successful_between_events,0.37599999999999056
Pt 20_FD20_5,Pt 20,Recovery_RA5T,1,59.6,59.75,0,66.896,59.53,successful_between_events,7.295999999999999
Pt 20_FD20_5,Pt 20,Recovery_RA5T,2,61.25,61.7,0,66.896,59.53,successful_between_events,5.646000000000001
Pt 20_FD20_5,Pt 20,Recovery_RA5T,3,69.45,69.8,0,70.976,68.32,successful_between_events,1.5259999999999962
Pt 20_FD20_5,Pt 20,Recovery_RA5T,4,70.35,71.75,0,70.976,68.32,successful_between_events,0.6260000000000048
Pt 20_FD20_5,Pt 20,Recovery_RA5T,5,73.75,73.95,0,78.276,75.98,during_reference_event_or_boundary,
Pt 20_FD20_5,Pt 20,Recovery_RA5T,6,74.45,75.15,0,78.276,75.98,during_reference_event_or_boundary,
Pt 20_FD20_5,Pt 20,Recovery_RA5T,7,75.4,76.5,0,78.276,75.98,during_reference_event_or_boundary,
Pt 20_FD20_5,Pt 20,Recovery_RA5T,8,78.55,79.3,0,88.776,84.76,during_reference_event_or_boundary,
Pt 20_FD20_5,Pt 20,Recovery_RA5T,9,80.45,80.8,0,88.776,84.76,during_reference_event_or_boundary,
Pt 20_FD20_5,Pt 20,Recovery_RA5T,10,81.15,81.4,0,88.776,84.76,during_reference_event_or_boundary,
Pt 20_FD20_5,Pt 20,Recovery_RA5T,11,83.2,83.35,0,88.776,84.76,during_reference_event_or_boundary,
Pt 20_FD20_5,Pt 20,Recovery_RA5T,12,84.05,84.3,0,88.776,84.76,during_reference_event_or_boundary,
Pt 20_FD20_5,Pt 20,Recovery_RA5T,13,85.05,85.25,0,88.776,84.76,successful_between_events,3.725999999999999
Pt 20_FD20_5,Pt 20,Recovery_RA5T,14,89.0,89.2,0,,89.99,during_reference_event_or_boundary,
Pt 20_FD20_5,Pt 20,Reddening_A3T,1,59.6,60.15,0,66.896,59.53,successful_between_events,7.295999999999999
Pt 20_FD20_5,Pt 20,Reddening_A3T,2,61.65,62.15,0,66.896,59.53,successful_between_events,5.246000000000002
Pt 20_FD20_5,Pt 20,Reddening_A3T,3,62.65,62.9,0,66.896,59.53,successful_between_events,4.246000000000002
Pt 20_FD20_5,Pt 20,Reddening_A3T,4,68.2,68.45,0,70.976,68.32,during_reference_event_or_boundary,
Pt 20_FD20_5,Pt 20,Reddening_A3T,5,69.25,69.8,0,70.976,68.32,successful_between_events,1.725999999999999
Pt 20_FD20_5,Pt 20,Reddening_A3T,6,73.85,74.5,0,78.276,75.98,during_reference_event_or_boundary,
Pt 20_FD20_5,Pt 20,Reddening_A3T,7,75.05,75.5,0,78.276,75.98,during_reference_event_or_boundary,
Pt 20_FD20_5,Pt 20,Reddening_A3T,8,76.8,77.35,0,78.276,75.98,successful_between_events,1.475999999999999
Pt 20_FD20_5,Pt 20,Reddening_A3T,9,79.7,80.3,0,88.776,84.76,during_reference_event_or_boundary,
Pt 20_FD20_5,Pt 20,Reddening_A3T,10,83.2,85.9,0,88.776,84.76,during_reference_event_or_boundary,
Pt 20_FD20_5,Pt 20,Reddening_A7T,1,59.6,60.8,0,66.896,59.53,successful_between_events,7.295999999999999
Pt 20_FD20_5,Pt 20,Reddening_A7T,2,77.05,77.4,0,78.276,75.98,successful_between_events,1.225999999999999
Pt 20_FD20_5,Pt 20,Reddening_A7T,3,82.05,82.2,0,88.776,84.76,during_reference_event_or_boundary,
Pt 20_FD20_5,Pt 20,Reddening_A7T,4,84.7,86.4,0,88.776,84.76,during_reference_event_or_boundary,
Pt 20_FD20_5,Pt 20,Reddening_RA5T,1,59.6,60.45,0,66.896,59.53,successful_between_events,7.295999999999999
Pt 20_FD20_5,Pt 20,Reddening_RA5T,2,62.6,62.95,0,66.896,59.53,successful_between_events,4.295999999999999
Pt 20_FD20_5,Pt 20,Reddening_RA5T,3,80.75,81.55,0,88.776,84.76,during_reference_event_or_boundary,
Pt 20_FD20_5,Pt 20,Reddening_RA5T,4,84.5,84.8,0,88.776,84.76,during_reference_event_or_boundary,
Pt 20_FD20_5,Pt 20,Reddening_RA5T,5,89.1,89.85,1,,89.99,during_reference_event_or_boundary,
Pt 20_FD20_5,Pt 20,Variance_A3T,1,60.1,66.05,0,66.896,59.53,successful_between_events,6.795999999999999
Pt 20_FD20_5,Pt 20,Variance_A3T,2,70.4,70.95,0,70.976,68.32,successful_between_events,0.5759999999999934
Pt 20_FD20_5,Pt 20,Variance_A3T,3,77.65,78.7,0,78.276,75.98,successful_between_events,0.6259999999999906
Pt 20_FD20_5,Pt 20,Variance_A3T,4,85.9,88.45,0,88.776,84.76,successful_between_events,2.8759999999999906
Pt 20_FD20_5,Pt 20,Variance_A7T,1,60.1,68.1,0,66.896,59.53,successful_between_events,6.795999999999999
Pt 20_FD20_5,Pt 20,Variance_A7T,2,85.7,89.85,1,88.776,84.76,successful_between_events,3.0759999999999934
Pt 20_FD20_5,Pt 20,Variance_RA5T,1,59.6,60.8,0,66.896,59.53,successful_between_events,7.295999999999999
Pt 20_FD20_5,Pt 20,Variance_RA5T,2,61.15,66.6,0,66.896,59.53,successful_between_events,5.746000000000002
Pt 20_FD20_5,Pt 20,Variance_RA5T,3,69.3,72.55,0,70.976,68.32,successful_between_events,1.676000000000002
Pt 20_FD20_5,Pt 20,Variance_RA5T,4,73.05,73.25,0,78.276,75.98,during_reference_event_or_boundary,
Pt 20_FD20_5,Pt 20,Variance_RA5T,5,78.35,80.1,0,88.776,84.76,during_reference_event_or_boundary,
Pt 20_FD20_5,Pt 20,Variance_RA5T,6,88.8,89.75,0,,89.99,during_reference_event_or_boundary,
Pt 20_FD20_6,Pt 20,Persistence,1,60.75,61.65,0,72.526,61.75,during_reference_event_or_boundary,
Pt 20_FD20_6,Pt 20,Persistence,2,65.7,65.95,0,72.526,61.75,successful_between_events,6.825999999999993
Pt 20_FD20_6,Pt 20,Persistence,3,68.5,68.95,0,72.526,61.75,successful_between_events,4.025999999999996
Pt 20_FD20_6,Pt 20,Persistence,4,72.85,73.35,0,74.98599999999999,73.63,during_reference_event_or_boundary,
Pt 20_FD20_6,Pt 20,Persistence,5,82.15,82.3,0,84.216,82.86,during_reference_event_or_boundary,
Pt 20_FD20_6,Pt 20,Persistence,6,82.55,83.6,0,84.216,82.86,during_reference_event_or_boundary,
Pt 20_FD20_6,Pt 20,Persistence,7,88.4,89.85,1,,89.99,during_reference_event_or_boundary,
Pt 20_FD20_6,Pt 20,AC1,1,59.75,59.9,0,60.296,57.32,successful_between_events,0.5459999999999994
Pt 20_FD20_6,Pt 20,AC1,2,61.2,61.75,0,72.526,61.75,during_reference_event_or_boundary,
Pt 20_FD20_6,Pt 20,AC1,3,63.0,63.95,0,72.526,61.75,successful_between_events,9.525999999999996
Pt 20_FD20_6,Pt 20,AC1,4,65.1,65.45,0,72.526,61.75,successful_between_events,7.426000000000002
Pt 20_FD20_6,Pt 20,AC1,5,66.05,66.4,0,72.526,61.75,successful_between_events,6.475999999999999
Pt 20_FD20_6,Pt 20,AC1,6,66.55,66.95,0,72.526,61.75,successful_between_events,5.975999999999999
Pt 20_FD20_6,Pt 20,AC1,7,67.3,67.55,0,72.526,61.75,successful_between_events,5.225999999999999
Pt 20_FD20_6,Pt 20,AC1,8,67.7,68.15,0,72.526,61.75,successful_between_events,4.825999999999993
Pt 20_FD20_6,Pt 20,AC1,9,68.95,69.35,0,72.526,61.75,successful_between_events,3.5759999999999934
Pt 20_FD20_6,Pt 20,AC1,10,69.95,70.85,0,72.526,61.75,successful_between_events,2.5759999999999934
Pt 20_FD20_6,Pt 20,AC1,11,71.3,71.55,0,72.526,61.75,successful_between_events,1.225999999999999
Pt 20_FD20_6,Pt 20,AC1,12,71.95,72.2,0,72.526,61.75,successful_between_events,0.5759999999999934
Pt 20_FD20_6,Pt 20,AC1,13,72.6,73.5,0,74.98599999999999,73.63,during_reference_event_or_boundary,
Pt 20_FD20_6,Pt 20,AC1,14,73.95,74.95,0,74.98599999999999,73.63,successful_between_events,1.0359999999999872
Pt 20_FD20_6,Pt 20,AC1,15,75.3,75.5,0,78.06599999999999,76.71,during_reference_event_or_boundary,
Pt 20_FD20_6,Pt 20,AC1,16,76.1,76.25,0,78.06599999999999,76.71,during_reference_event_or_boundary,
Pt 20_FD20_6,Pt 20,AC1,17,78.75,82.25,0,81.646,79.05,during_reference_event_or_boundary,
Pt 20_FD20_6,Pt 20,AC1,18,82.55,83.05,0,84.216,82.86,during_reference_event_or_boundary,
Pt 20_FD20_6,Pt 20,AC1,19,83.4,83.95,0,84.216,82.86,successful_between_events,0.8159999999999883
Pt 20_FD20_6,Pt 20,AC1,20,84.35,84.75,0,87.836,86.48,during_reference_event_or_boundary,
Pt 20_FD20_6,Pt 20,AC1,21,85.25,85.5,0,87.836,86.48,during_reference_event_or_boundary,
Pt 20_FD20_6,Pt 20,AC1,22,85.85,86.05,0,87.836,86.48,during_reference_event_or_boundary,
Pt 20_FD20_6,Pt 20,AC1,23,86.55,89.85,1,87.836,86.48,successful_between_events,1.2860000000000014
Pt 20_FD20_6,Pt 20,Variance,1,60.65,61.1,0,72.526,61.75,during_reference_event_or_boundary,
Pt 20_FD20_6,Pt 20,Recovery,1,59.6,61.05,0,60.296,57.32,successful_between_events,0.695999999999998
Pt 20_FD20_6,Pt 20,Recovery,2,62.5,62.65,0,72.526,61.75,successful_between_events,10.025999999999996
Pt 20_FD20_6,Pt 20,Recovery,3,63.0,63.9,0,72.526,61.75,successful_between_events,9.525999999999996
Pt 20_FD20_6,Pt 20,Recovery,4,65.45,65.8,0,72.526,61.75,successful_between_events,7.075999999999993
Pt 20_FD20_6,Pt 20,Recovery,5,66.95,67.3,0,72.526,61.75,successful_between_events,5.575999999999993
Pt 20_FD20_6,Pt 20,Recovery,6,68.5,68.75,0,72.526,61.75,successful_between_events,4.025999999999996
Pt 20_FD20_6,Pt 20,Recovery,7,68.95,69.45,0,72.526,61.75,successful_between_events,3.5759999999999934
Pt 20_FD20_6,Pt 20,Recovery,8,70.05,70.95,0,72.526,61.75,successful_between_events,2.475999999999999
Pt 20_FD20_6,Pt 20,Recovery,9,71.3,71.45,0,72.526,61.75,successful_between_events,1.225999999999999
Pt 20_FD20_6,Pt 20,Recovery,10,71.95,72.3,0,72.526,61.75,successful_between_events,0.5759999999999934
Pt 20_FD20_6,Pt 20,Recovery,11,72.55,73.35,0,74.98599999999999,73.63,during_reference_event_or_boundary,
Pt 20_FD20_6,Pt 20,Recovery,12,74.25,74.75,0,74.98599999999999,73.63,successful_between_events,0.73599999999999
Pt 20_FD20_6,Pt 20,Recovery,13,75.3,75.55,0,78.06599999999999,76.71,during_reference_event_or_boundary,
Pt 20_FD20_6,Pt 20,Recovery,14,76.1,76.25,0,78.06599999999999,76.71,during_reference_event_or_boundary,
Pt 20_FD20_6,Pt 20,Recovery,15,78.75,82.15,0,81.646,79.05,during_reference_event_or_boundary,
Pt 20_FD20_6,Pt 20,Recovery,16,82.6,83.0,0,84.216,82.86,during_reference_event_or_boundary,
Pt 20_FD20_6,Pt 20,Recovery,17,83.6,84.15,0,84.216,82.86,successful_between_events,0.6159999999999997
Pt 20_FD20_6,Pt 20,Recovery,18,84.3,84.7,0,87.836,86.48,during_reference_event_or_boundary,
Pt 20_FD20_6,Pt 20,Recovery,19,85.3,85.45,0,87.836,86.48,during_reference_event_or_boundary,
Pt 20_FD20_6,Pt 20,Recovery,20,85.95,86.1,0,87.836,86.48,during_reference_event_or_boundary,
Pt 20_FD20_6,Pt 20,Recovery,21,86.6,89.8,0,87.836,86.48,successful_between_events,1.2360000000000042
Pt 20_FD20_6,Pt 20,Reddening,1,61.8,64.3,0,72.526,61.75,successful_between_events,10.725999999999999
Pt 20_FD20_6,Pt 20,Reddening,2,64.7,65.55,0,72.526,61.75,successful_between_events,7.825999999999993
Pt 20_FD20_6,Pt 20,Reddening,3,69.85,71.45,0,72.526,61.75,successful_between_events,2.676000000000002
Pt 20_FD20_6,Pt 20,Reddening,4,74.55,75.85,0,74.98599999999999,73.63,successful_between_events,0.43599999999999284
Pt 20_FD20_6,Pt 20,Reddening,5,84.0,85.2,0,84.216,82.86,successful_between_events,0.21599999999999397
Pt 20_FD20_6,Pt 20,Reddening,6,86.7,87.6,0,87.836,86.48,successful_between_events,1.1359999999999957
Pt 20_FD20_6,Pt 20,State-history,1,60.2,61.55,0,60.296,57.32,successful_between_events,0.09599999999999653
Pt 20_FD20_6,Pt 20,State-history,2,63.0,63.75,0,72.526,61.75,successful_between_events,9.525999999999996
Pt 20_FD20_6,Pt 20,State-history,3,65.65,66.0,0,72.526,61.75,successful_between_events,6.875999999999991
Pt 20_FD20_6,Pt 20,State-history,4,68.4,69.0,0,72.526,61.75,successful_between_events,4.125999999999991
Pt 20_FD20_6,Pt 20,State-history,5,72.35,73.15,0,72.526,61.75,successful_between_events,0.17600000000000193
Pt 20_FD20_6,Pt 20,State-history,6,74.05,74.25,0,74.98599999999999,73.63,successful_between_events,0.9359999999999928
Pt 20_FD20_6,Pt 20,State-history,7,74.95,75.25,0,74.98599999999999,73.63,successful_between_events,0.03599999999998715
Pt 20_FD20_6,Pt 20,State-history,8,78.4,78.8,0,81.646,79.05,during_reference_event_or_boundary,
Pt 20_FD20_6,Pt 20,State-history,9,81.45,82.25,0,81.646,79.05,successful_between_events,0.19599999999999795
Pt 20_FD20_6,Pt 20,State-history,10,82.6,83.6,0,84.216,82.86,during_reference_event_or_boundary,
Pt 20_FD20_6,Pt 20,State-history,11,84.55,85.0,0,87.836,86.48,during_reference_event_or_boundary,
Pt 20_FD20_6,Pt 20,State-history,12,88.35,89.85,1,,89.99,during_reference_event_or_boundary,
Pt 20_FD20_6,Pt 20,AC1_A3T,1,59.6,60.25,0,60.296,57.32,successful_between_events,0.695999999999998
Pt 20_FD20_6,Pt 20,AC1_A3T,2,62.0,62.5,0,72.526,61.75,successful_between_events,10.525999999999996
Pt 20_FD20_6,Pt 20,AC1_A3T,3,63.25,63.95,0,72.526,61.75,successful_between_events,9.275999999999996
Pt 20_FD20_6,Pt 20,AC1_A3T,4,64.4,65.2,0,72.526,61.75,successful_between_events,8.12599999999999
Pt 20_FD20_6,Pt 20,AC1_A3T,5,65.75,66.35,0,72.526,61.75,successful_between_events,6.775999999999996
Pt 20_FD20_6,Pt 20,AC1_A3T,6,66.7,66.9,0,72.526,61.75,successful_between_events,5.825999999999993
Pt 20_FD20_6,Pt 20,AC1_A3T,7,67.25,67.7,0,72.526,61.75,successful_between_events,5.275999999999996
Pt 20_FD20_6,Pt 20,AC1_A3T,8,68.0,68.25,0,72.526,61.75,successful_between_events,4.525999999999996
Pt 20_FD20_6,Pt 20,AC1_A3T,9,68.9,69.2,0,72.526,61.75,successful_between_events,3.6259999999999906
Pt 20_FD20_6,Pt 20,AC1_A3T,10,69.9,71.5,0,72.526,61.75,successful_between_events,2.6259999999999906
Pt 20_FD20_6,Pt 20,AC1_A3T,11,71.75,73.2,0,72.526,61.75,successful_between_events,0.7759999999999962
Pt 20_FD20_6,Pt 20,AC1_A3T,12,74.2,74.55,0,74.98599999999999,73.63,successful_between_events,0.7859999999999872
Pt 20_FD20_6,Pt 20,AC1_A3T,13,75.1,75.75,0,78.06599999999999,76.71,during_reference_event_or_boundary,
Pt 20_FD20_6,Pt 20,AC1_A3T,14,76.05,76.4,0,78.06599999999999,76.71,during_reference_event_or_boundary,
Pt 20_FD20_6,Pt 20,AC1_A3T,15,76.6,77.1,0,78.06599999999999,76.71,during_reference_event_or_boundary,
Pt 20_FD20_6,Pt 20,AC1_A3T,16,77.85,78.15,0,78.06599999999999,76.71,successful_between_events,0.21599999999999397
Pt 20_FD20_6,Pt 20,AC1_A3T,17,78.6,79.95,0,81.646,79.05,during_reference_event_or_boundary,
Pt 20_FD20_6,Pt 20,AC1_A3T,18,80.15,80.45,0,81.646,79.05,successful_between_events,1.4959999999999951
Pt 20_FD20_6,Pt 20,AC1_A3T,19,81.0,81.4,0,81.646,79.05,successful_between_events,0.6460000000000008
Pt 20_FD20_6,Pt 20,AC1_A3T,20,81.55,82.3,0,81.646,79.05,successful_between_events,0.09600000000000364
Pt 20_FD20_6,Pt 20,AC1_A3T,21,82.75,83.0,0,84.216,82.86,during_reference_event_or_boundary,
Pt 20_FD20_6,Pt 20,AC1_A3T,22,84.15,85.95,0,84.216,82.86,successful_between_events,0.06599999999998829
Pt 20_FD20_6,Pt 20,AC1_A3T,23,86.45,86.85,0,87.836,86.48,during_reference_event_or_boundary,
Pt 20_FD20_6,Pt 20,AC1_A3T,24,87.1,88.3,0,87.836,86.48,successful_between_events,0.7360000000000042
Pt 20_FD20_6,Pt 20,AC1_A3T,25,88.8,89.15,0,,89.99,during_reference_event_or_boundary,
Pt 20_FD20_6,Pt 20,AC1_A3T,26,89.4,89.65,0,,89.99,during_reference_event_or_boundary,
Pt 20_FD20_6,Pt 20,AC1_A7T,1,59.65,59.95,0,60.296,57.32,successful_between_events,0.6460000000000008
Pt 20_FD20_6,Pt 20,AC1_A7T,2,60.7,63.8,0,72.526,61.75,during_reference_event_or_boundary,
Pt 20_FD20_6,Pt 20,AC1_A7T,3,64.75,65.85,0,72.526,61.75,successful_between_events,7.775999999999996
Pt 20_FD20_6,Pt 20,AC1_A7T,4,66.6,67.0,0,72.526,61.75,successful_between_events,5.926000000000002
Pt 20_FD20_6,Pt 20,AC1_A7T,5,67.25,68.2,0,72.526,61.75,successful_between_events,5.275999999999996
Pt 20_FD20_6,Pt 20,AC1_A7T,6,68.65,69.4,0,72.526,61.75,successful_between_events,3.8759999999999906
Pt 20_FD20_6,Pt 20,AC1_A7T,7,69.95,70.85,0,72.526,61.75,successful_between_events,2.5759999999999934
Pt 20_FD20_6,Pt 20,AC1_A7T,8,71.35,72.3,0,72.526,61.75,successful_between_events,1.176000000000002
Pt 20_FD20_6,Pt 20,AC1_A7T,9,72.45,75.25,0,72.526,61.75,successful_between_events,0.0759999999999934
Pt 20_FD20_6,Pt 20,AC1_A7T,10,75.7,77.35,0,78.06599999999999,76.71,during_reference_event_or_boundary,
Pt 20_FD20_6,Pt 20,AC1_A7T,11,77.95,78.1,0,78.06599999999999,76.71,successful_between_events,0.11599999999998545
Pt 20_FD20_6,Pt 20,AC1_A7T,12,78.7,84.05,0,81.646,79.05,during_reference_event_or_boundary,
Pt 20_FD20_6,Pt 20,AC1_A7T,13,84.3,86.0,0,87.836,86.48,during_reference_event_or_boundary,
Pt 20_FD20_6,Pt 20,AC1_A7T,14,87.0,87.4,0,87.836,86.48,successful_between_events,0.8359999999999985
Pt 20_FD20_6,Pt 20,AC1_A7T,15,87.6,89.85,1,87.836,86.48,successful_between_events,0.2360000000000042
Pt 20_FD20_6,Pt 20,AC1_RA5T,1,61.15,61.8,0,72.526,61.75,during_reference_event_or_boundary,
Pt 20_FD20_6,Pt 20,AC1_RA5T,2,62.8,63.9,0,72.526,61.75,successful_between_events,9.725999999999999
Pt 20_FD20_6,Pt 20,AC1_RA5T,3,66.0,67.0,0,72.526,61.75,successful_between_events,6.525999999999996
Pt 20_FD20_6,Pt 20,AC1_RA5T,4,67.2,68.15,0,72.526,61.75,successful_between_events,5.325999999999993
Pt 20_FD20_6,Pt 20,AC1_RA5T,5,68.6,69.35,0,72.526,61.75,successful_between_events,3.926000000000002
Pt 20_FD20_6,Pt 20,AC1_RA5T,6,69.85,71.55,0,72.526,61.75,successful_between_events,2.676000000000002
Pt 20_FD20_6,Pt 20,AC1_RA5T,7,72.0,72.15,0,72.526,61.75,successful_between_events,0.5259999999999962
Pt 20_FD20_6,Pt 20,AC1_RA5T,8,72.6,73.25,0,74.98599999999999,73.63,during_reference_event_or_boundary,
Pt 20_FD20_6,Pt 20,AC1_RA5T,9,73.95,75.0,0,74.98599999999999,73.63,successful_between_events,1.0359999999999872
Pt 20_FD20_6,Pt 20,AC1_RA5T,10,75.2,75.5,0,78.06599999999999,76.71,during_reference_event_or_boundary,
Pt 20_FD20_6,Pt 20,AC1_RA5T,11,78.8,80.05,0,81.646,79.05,during_reference_event_or_boundary,
Pt 20_FD20_6,Pt 20,AC1_RA5T,12,80.4,82.35,0,81.646,79.05,successful_between_events,1.2459999999999951
Pt 20_FD20_6,Pt 20,AC1_RA5T,13,82.55,83.05,0,84.216,82.86,during_reference_event_or_boundary,
Pt 20_FD20_6,Pt 20,AC1_RA5T,14,83.45,83.75,0,84.216,82.86,successful_between_events,0.7659999999999911
Pt 20_FD20_6,Pt 20,AC1_RA5T,15,84.35,84.8,0,87.836,86.48,during_reference_event_or_boundary,
Pt 20_FD20_6,Pt 20,AC1_RA5T,16,85.25,85.5,0,87.836,86.48,during_reference_event_or_boundary,
Pt 20_FD20_6,Pt 20,AC1_RA5T,17,85.8,86.05,0,87.836,86.48,during_reference_event_or_boundary,
Pt 20_FD20_6,Pt 20,AC1_RA5T,18,86.45,88.45,0,87.836,86.48,during_reference_event_or_boundary,
Pt 20_FD20_6,Pt 20,AC1_RA5T,19,88.75,89.85,1,,89.99,during_reference_event_or_boundary,
Pt 20_FD20_6,Pt 20,Recovery_A3T,1,59.6,60.05,0,60.296,57.32,successful_between_events,0.695999999999998
Pt 20_FD20_6,Pt 20,Recovery_A3T,2,62.1,62.35,0,72.526,61.75,successful_between_events,10.425999999999995
Pt 20_FD20_6,Pt 20,Recovery_A3T,3,63.05,63.65,0,72.526,61.75,successful_between_events,9.475999999999999
Pt 20_FD20_6,Pt 20,Recovery_A3T,4,65.75,66.0,0,72.526,61.75,successful_between_events,6.775999999999996
Pt 20_FD20_6,Pt 20,Recovery_A3T,5,66.85,67.4,0,72.526,61.75,successful_between_events,5.676000000000002
Pt 20_FD20_6,Pt 20,Recovery_A3T,6,68.15,68.6,0,72.526,61.75,successful_between_events,4.375999999999991
Pt 20_FD20_6,Pt 20,Recovery_A3T,7,69.85,70.75,0,72.526,61.75,successful_between_events,2.676000000000002
Pt 20_FD20_6,Pt 20,Recovery_A3T,8,70.9,71.8,0,72.526,61.75,successful_between_events,1.6259999999999906
Pt 20_FD20_6,Pt 20,Recovery_A3T,9,72.2,73.0,0,72.526,61.75,successful_between_events,0.3259999999999934
Pt 20_FD20_6,Pt 20,Recovery_A3T,10,73.6,73.85,0,74.98599999999999,73.63,during_reference_event_or_boundary,
Pt 20_FD20_6,Pt 20,Recovery_A3T,11,74.3,74.5,0,74.98599999999999,73.63,successful_between_events,0.6859999999999928
Pt 20_FD20_6,Pt 20,Recovery_A3T,12,75.05,75.2,0,78.06599999999999,76.71,during_reference_event_or_boundary,
Pt 20_FD20_6,Pt 20,Recovery_A3T,13,77.9,78.25,0,78.06599999999999,76.71,successful_between_events,0.1659999999999826
Pt 20_FD20_6,Pt 20,Recovery_A3T,14,78.75,79.7,0,81.646,79.05,during_reference_event_or_boundary,
Pt 20_FD20_6,Pt 20,Recovery_A3T,15,81.0,82.15,0,81.646,79.05,successful_between_events,0.6460000000000008
Pt 20_FD20_6,Pt 20,Recovery_A3T,16,82.8,82.95,0,84.216,82.86,during_reference_event_or_boundary,
Pt 20_FD20_6,Pt 20,Recovery_A3T,17,83.55,83.8,0,84.216,82.86,successful_between_events,0.6659999999999968
Pt 20_FD20_6,Pt 20,Recovery_A3T,18,84.25,84.65,0,87.836,86.48,during_reference_event_or_boundary,
Pt 20_FD20_6,Pt 20,Recovery_A3T,19,84.85,85.75,0,87.836,86.48,during_reference_event_or_boundary,
Pt 20_FD20_6,Pt 20,Recovery_A3T,20,86.55,86.7,0,87.836,86.48,successful_between_events,1.2860000000000014
Pt 20_FD20_6,Pt 20,Recovery_A3T,21,86.95,88.2,0,87.836,86.48,successful_between_events,0.8859999999999957
Pt 20_FD20_6,Pt 20,Recovery_A7T,1,59.95,60.6,0,60.296,57.32,successful_between_events,0.34599999999999653
Pt 20_FD20_6,Pt 20,Recovery_A7T,2,60.85,62.4,0,72.526,61.75,during_reference_event_or_boundary,
Pt 20_FD20_6,Pt 20,Recovery_A7T,3,64.2,64.45,0,72.526,61.75,successful_between_events,8.325999999999993
Pt 20_FD20_6,Pt 20,Recovery_A7T,4,64.8,65.25,0,72.526,61.75,successful_between_events,7.725999999999999
Pt 20_FD20_6,Pt 20,Recovery_A7T,5,67.0,67.3,0,72.526,61.75,successful_between_events,5.525999999999996
Pt 20_FD20_6,Pt 20,Recovery_A7T,6,68.45,69.1,0,72.526,61.75,successful_between_events,4.075999999999993
Pt 20_FD20_6,Pt 20,Recovery_A7T,7,69.4,69.55,0,72.526,61.75,successful_between_events,3.1259999999999906
Pt 20_FD20_6,Pt 20,Recovery_A7T,8,70.1,70.55,0,72.526,61.75,successful_between_events,2.426000000000002
Pt 20_FD20_6,Pt 20,Recovery_A7T,9,71.65,74.8,0,72.526,61.75,successful_between_events,0.8759999999999906
Pt 20_FD20_6,Pt 20,Recovery_A7T,10,75.9,76.85,0,78.06599999999999,76.71,during_reference_event_or_boundary,
Pt 20_FD20_6,Pt 20,Recovery_A7T,11,77.0,77.25,0,78.06599999999999,76.71,successful_between_events,1.0659999999999883
Pt 20_FD20_6,Pt 20,Recovery_A7T,12,77.75,78.05,0,78.06599999999999,76.71,successful_between_events,0.3159999999999883
Pt 20_FD20_6,Pt 20,Recovery_A7T,13,78.7,83.3,0,81.646,79.05,during_reference_event_or_boundary,
Pt 20_FD20_6,Pt 20,Recovery_A7T,14,83.7,83.95,0,84.216,82.86,successful_between_events,0.5159999999999911
Pt 20_FD20_6,Pt 20,Recovery_A7T,15,84.45,84.75,0,87.836,86.48,during_reference_event_or_boundary,
Pt 20_FD20_6,Pt 20,Recovery_A7T,16,85.35,85.8,0,87.836,86.48,during_reference_event_or_boundary,
Pt 20_FD20_6,Pt 20,Recovery_A7T,17,86.45,86.6,0,87.836,86.48,during_reference_event_or_boundary,
Pt 20_FD20_6,Pt 20,Recovery_A7T,18,87.8,89.85,1,87.836,86.48,successful_between_events,0.036000000000001364
Pt 20_FD20_6,Pt 20,Recovery_RA5T,1,59.65,60.2,0,60.296,57.32,successful_between_events,0.6460000000000008
Pt 20_FD20_6,Pt 20,Recovery_RA5T,2,60.65,60.8,0,72.526,61.75,during_reference_event_or_boundary,
Pt 20_FD20_6,Pt 20,Recovery_RA5T,3,62.75,63.75,0,72.526,61.75,successful_between_events,9.775999999999996
Pt 20_FD20_6,Pt 20,Recovery_RA5T,4,65.4,65.55,0,72.526,61.75,successful_between_events,7.125999999999991
Pt 20_FD20_6,Pt 20,Recovery_RA5T,5,65.75,66.55,0,72.526,61.75,successful_between_events,6.775999999999996
Pt 20_FD20_6,Pt 20,Recovery_RA5T,6,66.9,67.35,0,72.526,61.75,successful_between_events,5.625999999999991
Pt 20_FD20_6,Pt 20,Recovery_RA5T,7,68.55,68.75,0,72.526,61.75,successful_between_events,3.975999999999999
Pt 20_FD20_6,Pt 20,Recovery_RA5T,8,69.25,69.5,0,72.526,61.75,successful_between_events,3.2759999999999962
Pt 20_FD20_6,Pt 20,Recovery_RA5T,9,69.95,71.4,0,72.526,61.75,successful_between_events,2.5759999999999934
Pt 20_FD20_6,Pt 20,Recovery_RA5T,10,72.0,72.2,0,72.526,61.75,successful_between_events,0.5259999999999962
Pt 20_FD20_6,Pt 20,Recovery_RA5T,11,72.85,73.25,0,74.98599999999999,73.63,during_reference_event_or_boundary,
Pt 20_FD20_6,Pt 20,Recovery_RA5T,12,74.35,74.85,0,74.98599999999999,73.63,successful_between_events,0.6359999999999957
Pt 20_FD20_6,Pt 20,Recovery_RA5T,13,75.25,75.65,0,78.06599999999999,76.71,during_reference_event_or_boundary,
Pt 20_FD20_6,Pt 20,Recovery_RA5T,14,77.8,78.0,0,78.06599999999999,76.71,successful_between_events,0.26599999999999113
Pt 20_FD20_6,Pt 20,Recovery_RA5T,15,78.8,79.4,0,81.646,79.05,during_reference_event_or_boundary,
Pt 20_FD20_6,Pt 20,Recovery_RA5T,16,80.05,81.7,0,81.646,79.05,successful_between_events,1.5960000000000036
Pt 20_FD20_6,Pt 20,Recovery_RA5T,17,81.85,82.1,0,84.216,82.86,during_reference_event_or_boundary,
Pt 20_FD20_6,Pt 20,Recovery_RA5T,18,82.65,82.95,0,84.216,82.86,during_reference_event_or_boundary,
Pt 20_FD20_6,Pt 20,Recovery_RA5T,19,83.65,84.65,0,84.216,82.86,successful_between_events,0.5659999999999883
Pt 20_FD20_6,Pt 20,Recovery_RA5T,20,85.35,85.5,0,87.836,86.48,during_reference_event_or_boundary,
Pt 20_FD20_6,Pt 20,Recovery_RA5T,21,85.9,86.1,0,87.836,86.48,during_reference_event_or_boundary,
Pt 20_FD20_6,Pt 20,Recovery_RA5T,22,86.5,87.5,0,87.836,86.48,successful_between_events,1.3359999999999985
Pt 20_FD20_6,Pt 20,Recovery_RA5T,23,88.15,89.75,0,,89.99,during_reference_event_or_boundary,
Pt 20_FD20_6,Pt 20,Reddening_A3T,1,60.8,62.9,0,72.526,61.75,during_reference_event_or_boundary,
Pt 20_FD20_6,Pt 20,Reddening_A3T,2,63.2,64.05,0,72.526,61.75,successful_between_events,9.325999999999993
Pt 20_FD20_6,Pt 20,Reddening_A3T,3,64.2,65.1,0,72.526,61.75,successful_between_events,8.325999999999993
Pt 20_FD20_6,Pt 20,Reddening_A3T,4,67.15,67.75,0,72.526,61.75,successful_between_events,5.375999999999991
Pt 20_FD20_6,Pt 20,Reddening_A3T,5,69.5,70.95,0,72.526,61.75,successful_between_events,3.0259999999999962
Pt 20_FD20_6,Pt 20,Reddening_A3T,6,73.75,74.65,0,74.98599999999999,73.63,successful_between_events,1.23599999999999
Pt 20_FD20_6,Pt 20,Reddening_A3T,7,77.35,78.2,0,78.06599999999999,76.71,successful_between_events,0.715999999999994
Pt 20_FD20_6,Pt 20,Reddening_A3T,8,80.1,80.5,0,81.646,79.05,successful_between_events,1.5460000000000065
Pt 20_FD20_6,Pt 20,Reddening_A3T,9,81.9,82.35,0,84.216,82.86,during_reference_event_or_boundary,
Pt 20_FD20_6,Pt 20,Reddening_A3T,10,82.75,83.25,0,84.216,82.86,during_reference_event_or_boundary,
Pt 20_FD20_6,Pt 20,Reddening_A3T,11,83.95,84.75,0,84.216,82.86,successful_between_events,0.26599999999999113
Pt 20_FD20_6,Pt 20,Reddening_A3T,12,85.4,85.7,0,87.836,86.48,during_reference_event_or_boundary,
Pt 20_FD20_6,Pt 20,Reddening_A3T,13,86.15,87.0,0,87.836,86.48,during_reference_event_or_boundary,
Pt 20_FD20_6,Pt 20,Reddening_A3T,14,89.3,89.85,1,,89.99,during_reference_event_or_boundary,
Pt 20_FD20_6,Pt 20,Reddening_A7T,1,63.0,65.85,0,72.526,61.75,successful_between_events,9.525999999999996
Pt 20_FD20_6,Pt 20,Reddening_A7T,2,70.95,71.8,0,72.526,61.75,successful_between_events,1.5759999999999934
Pt 20_FD20_6,Pt 20,Reddening_A7T,3,76.3,77.35,0,78.06599999999999,76.71,during_reference_event_or_boundary,
Pt 20_FD20_6,Pt 20,Reddening_RA5T,1,60.8,64.25,0,72.526,61.75,during_reference_event_or_boundary,
Pt 20_FD20_6,Pt 20,Reddening_RA5T,2,67.3,67.5,0,72.526,61.75,successful_between_events,5.225999999999999
Pt 20_FD20_6,Pt 20,Reddening_RA5T,3,69.95,71.45,0,72.526,61.75,successful_between_events,2.5759999999999934
Pt 20_FD20_6,Pt 20,Reddening_RA5T,4,74.1,75.95,0,74.98599999999999,73.63,successful_between_events,0.8859999999999957
Pt 20_FD20_6,Pt 20,Reddening_RA5T,5,84.05,85.0,0,84.216,82.86,successful_between_events,0.16599999999999682
Pt 20_FD20_6,Pt 20,Variance_A3T,1,59.9,60.25,0,60.296,57.32,successful_between_events,0.3960000000000008
Pt 20_FD20_6,Pt 20,Variance_A7T,1,60.95,62.6,0,72.526,61.75,during_reference_event_or_boundary,
Pt 20_FD20_6,Pt 20,Variance_RA5T,1,60.25,61.35,0,60.296,57.32,successful_between_events,0.045999999999999375
Pt 20_FD20_6,Pt 20,Variance_RA5T,2,72.4,73.65,0,72.526,61.75,successful_between_events,0.12599999999999056
Pt 22_FD22_3,Pt 22,Persistence,1,67.64,68.94,0,84.106,41.92,successful_between_events,16.465999999999994
Pt 22_FD22_3,Pt 22,Persistence,2,70.49,71.44,0,84.106,41.92,successful_between_events,13.616
Pt 22_FD22_3,Pt 22,Persistence,3,72.14,72.74,0,84.106,41.92,successful_between_events,11.965999999999994
Pt 22_FD22_3,Pt 22,Persistence,4,82.64,89.84,1,84.106,41.92,successful_between_events,1.465999999999994
Pt 22_FD22_3,Pt 22,AC1,1,61.54,62.44,0,84.106,41.92,successful_between_events,22.565999999999995
Pt 22_FD22_3,Pt 22,AC1,2,62.69,63.04,0,84.106,41.92,successful_between_events,21.415999999999997
Pt 22_FD22_3,Pt 22,AC1,3,63.29,63.49,0,84.106,41.92,successful_between_events,20.815999999999995
Pt 22_FD22_3,Pt 22,AC1,4,67.29,67.64,0,84.106,41.92,successful_between_events,16.81599999999999
Pt 22_FD22_3,Pt 22,AC1,5,68.04,69.04,0,84.106,41.92,successful_between_events,16.06599999999999
Pt 22_FD22_3,Pt 22,AC1,6,69.24,72.09,0,84.106,41.92,successful_between_events,14.866
Pt 22_FD22_3,Pt 22,AC1,7,72.29,72.94,0,84.106,41.92,successful_between_events,11.815999999999988
Pt 22_FD22_3,Pt 22,AC1,8,73.19,75.84,0,84.106,41.92,successful_between_events,10.915999999999997
Pt 22_FD22_3,Pt 22,AC1,9,82.29,83.49,0,84.106,41.92,successful_between_events,1.8159999999999883
Pt 22_FD22_3,Pt 22,AC1,10,83.89,84.89,0,84.106,41.92,successful_between_events,0.21599999999999397
Pt 22_FD22_3,Pt 22,AC1,11,85.14,85.94,0,,89.98,during_reference_event_or_boundary,
Pt 22_FD22_3,Pt 22,AC1,12,86.24,86.84,0,,89.98,during_reference_event_or_boundary,
Pt 22_FD22_3,Pt 22,AC1,13,87.34,88.94,0,,89.98,during_reference_event_or_boundary,
Pt 22_FD22_3,Pt 22,AC1,14,89.19,89.64,0,,89.98,during_reference_event_or_boundary,
Pt 22_FD22_3,Pt 22,AC1,15,89.79,89.84,1,,89.98,during_reference_event_or_boundary,
Pt 22_FD22_3,Pt 22,Variance,1,68.09,68.24,0,84.106,41.92,successful_between_events,16.01599999999999
Pt 22_FD22_3,Pt 22,Variance,2,68.89,72.14,0,84.106,41.92,successful_between_events,15.215999999999994
Pt 22_FD22_3,Pt 22,Variance,3,72.94,73.79,0,84.106,41.92,successful_between_events,11.165999999999997
Pt 22_FD22_3,Pt 22,Variance,4,74.89,75.84,0,84.106,41.92,successful_between_events,9.215999999999994
Pt 22_FD22_3,Pt 22,Recovery,1,60.74,60.89,0,84.106,41.92,successful_between_events,23.365999999999993
Pt 22_FD22_3,Pt 22,Recovery,2,61.29,62.99,0,84.106,41.92,successful_between_events,22.815999999999995
Pt 22_FD22_3,Pt 22,Recovery,3,63.29,63.44,0,84.106,41.92,successful_between_events,20.815999999999995
Pt 22_FD22_3,Pt 22,Recovery,4,63.84,63.99,0,84.106,41.92,successful_between_events,20.26599999999999
Pt 22_FD22_3,Pt 22,Recovery,5,66.89,67.09,0,84.106,41.92,successful_between_events,17.215999999999994
Pt 22_FD22_3,Pt 22,Recovery,6,67.29,67.59,0,84.106,41.92,successful_between_events,16.81599999999999
Pt 22_FD22_3,Pt 22,Recovery,7,67.79,69.09,0,84.106,41.92,successful_between_events,16.31599999999999
Pt 22_FD22_3,Pt 22,Recovery,8,69.34,72.09,0,84.106,41.92,successful_between_events,14.765999999999991
Pt 22_FD22_3,Pt 22,Recovery,9,72.54,72.89,0,84.106,41.92,successful_between_events,11.565999999999988
Pt 22_FD22_3,Pt 22,Recovery,10,73.14,75.84,0,84.106,41.92,successful_between_events,10.965999999999994
Pt 22_FD22_3,Pt 22,Recovery,11,81.89,83.49,0,84.106,41.92,successful_between_events,2.215999999999994
Pt 22_FD22_3,Pt 22,Recovery,12,83.74,84.94,0,84.106,41.92,successful_between_events,0.36599999999999966
Pt 22_FD22_3,Pt 22,Recovery,13,85.14,85.99,0,,89.98,during_reference_event_or_boundary,
Pt 22_FD22_3,Pt 22,Recovery,14,86.19,86.84,0,,89.98,during_reference_event_or_boundary,
Pt 22_FD22_3,Pt 22,Recovery,15,87.34,88.94,0,,89.98,during_reference_event_or_boundary,
Pt 22_FD22_3,Pt 22,Recovery,16,89.14,89.84,1,,89.98,during_reference_event_or_boundary,
Pt 22_FD22_3,Pt 22,Reddening,1,60.74,62.99,0,84.106,41.92,successful_between_events,23.365999999999993
Pt 22_FD22_3,Pt 22,Reddening,2,63.99,65.24,0,84.106,41.92,successful_between_events,20.115999999999993
Pt 22_FD22_3,Pt 22,Reddening,3,66.49,75.94,0,84.106,41.92,successful_between_events,17.616
Pt 22_FD22_3,Pt 22,Reddening,4,77.09,78.14,0,84.106,41.92,successful_between_events,7.015999999999991
Pt 22_FD22_3,Pt 22,Reddening,5,78.39,78.54,0,84.106,41.92,successful_between_events,5.715999999999994
Pt 22_FD22_3,Pt 22,Reddening,6,80.94,81.29,0,84.106,41.92,successful_between_events,3.165999999999997
Pt 22_FD22_3,Pt 22,Reddening,7,81.49,89.84,1,84.106,41.92,successful_between_events,2.6159999999999997
Pt 22_FD22_3,Pt 22,State-history,1,60.54,61.14,0,84.106,41.92,successful_between_events,23.565999999999995
Pt 22_FD22_3,Pt 22,State-history,2,66.49,66.79,0,84.106,41.92,successful_between_events,17.616
Pt 22_FD22_3,Pt 22,State-history,3,67.09,67.44,0,84.106,41.92,successful_between_events,17.01599999999999
Pt 22_FD22_3,Pt 22,State-history,4,67.69,68.94,0,84.106,41.92,successful_between_events,16.415999999999997
Pt 22_FD22_3,Pt 22,State-history,5,70.44,72.84,0,84.106,41.92,successful_between_events,13.665999999999997
Pt 22_FD22_3,Pt 22,State-history,6,81.99,89.84,1,84.106,41.92,successful_between_events,2.1159999999999997
Pt 22_FD22_3,Pt 22,AC1_A3T,1,61.39,62.89,0,84.106,41.92,successful_between_events,22.715999999999994
Pt 22_FD22_3,Pt 22,AC1_A3T,2,67.09,67.74,0,84.106,41.92,successful_between_events,17.01599999999999
Pt 22_FD22_3,Pt 22,AC1_A3T,3,67.94,68.59,0,84.106,41.92,successful_between_events,16.165999999999997
Pt 22_FD22_3,Pt 22,AC1_A3T,4,68.79,69.04,0,84.106,41.92,successful_between_events,15.315999999999988
Pt 22_FD22_3,Pt 22,AC1_A3T,5,69.19,69.54,0,84.106,41.92,successful_between_events,14.915999999999997
Pt 22_FD22_3,Pt 22,AC1_A3T,6,69.79,70.79,0,84.106,41.92,successful_between_events,14.315999999999988
Pt 22_FD22_3,Pt 22,AC1_A3T,7,71.09,72.24,0,84.106,41.92,successful_between_events,13.015999999999991
Pt 22_FD22_3,Pt 22,AC1_A3T,8,72.54,72.84,0,84.106,41.92,successful_between_events,11.565999999999988
Pt 22_FD22_3,Pt 22,AC1_A3T,9,73.19,74.64,0,84.106,41.92,successful_between_events,10.915999999999997
Pt 22_FD22_3,Pt 22,AC1_A3T,10,82.44,82.59,0,84.106,41.92,successful_between_events,1.6659999999999968
Pt 22_FD22_3,Pt 22,AC1_A3T,11,83.84,84.69,0,84.106,41.92,successful_between_events,0.26599999999999113
Pt 22_FD22_3,Pt 22,AC1_A3T,12,84.89,85.59,0,,89.98,during_reference_event_or_boundary,
Pt 22_FD22_3,Pt 22,AC1_A3T,13,86.09,87.64,0,,89.98,during_reference_event_or_boundary,
Pt 22_FD22_3,Pt 22,AC1_A3T,14,88.19,89.04,0,,89.98,during_reference_event_or_boundary,
Pt 22_FD22_3,Pt 22,AC1_A7T,1,61.04,61.19,0,84.106,41.92,successful_between_events,23.065999999999995
Pt 22_FD22_3,Pt 22,AC1_A7T,2,61.54,62.44,0,84.106,41.92,successful_between_events,22.565999999999995
Pt 22_FD22_3,Pt 22,AC1_A7T,3,62.64,64.34,0,84.106,41.92,successful_between_events,21.465999999999994
Pt 22_FD22_3,Pt 22,AC1_A7T,4,64.54,64.84,0,84.106,41.92,successful_between_events,19.56599999999999
Pt 22_FD22_3,Pt 22,AC1_A7T,5,65.09,65.24,0,84.106,41.92,successful_between_events,19.01599999999999
Pt 22_FD22_3,Pt 22,AC1_A7T,6,66.99,67.74,0,84.106,41.92,successful_between_events,17.116
Pt 22_FD22_3,Pt 22,AC1_A7T,7,67.99,69.04,0,84.106,41.92,successful_between_events,16.116
Pt 22_FD22_3,Pt 22,AC1_A7T,8,69.19,77.14,0,84.106,41.92,successful_between_events,14.915999999999997
Pt 22_FD22_3,Pt 22,AC1_A7T,9,82.29,87.34,0,84.106,41.92,successful_between_events,1.8159999999999883
Pt 22_FD22_3,Pt 22,AC1_A7T,10,87.49,88.19,0,,89.98,during_reference_event_or_boundary,
Pt 22_FD22_3,Pt 22,AC1_A7T,11,88.54,89.84,1,,89.98,during_reference_event_or_boundary,
Pt 22_FD22_3,Pt 22,AC1_RA5T,1,61.49,62.49,0,84.106,41.92,successful_between_events,22.615999999999993
Pt 22_FD22_3,Pt 22,AC1_RA5T,2,62.64,63.04,0,84.106,41.92,successful_between_events,21.465999999999994
Pt 22_FD22_3,Pt 22,AC1_RA5T,3,63.29,63.49,0,84.106,41.92,successful_between_events,20.815999999999995
Pt 22_FD22_3,Pt 22,AC1_RA5T,4,67.24,67.69,0,84.106,41.92,successful_between_events,16.866
Pt 22_FD22_3,Pt 22,AC1_RA5T,5,68.04,69.04,0,84.106,41.92,successful_between_events,16.06599999999999
Pt 22_FD22_3,Pt 22,AC1_RA5T,6,69.24,72.14,0,84.106,41.92,successful_between_events,14.866
Pt 22_FD22_3,Pt 22,AC1_RA5T,7,72.29,72.89,0,84.106,41.92,successful_between_events,11.815999999999988
Pt 22_FD22_3,Pt 22,AC1_RA5T,8,73.14,75.89,0,84.106,41.92,successful_between_events,10.965999999999994
Pt 22_FD22_3,Pt 22,AC1_RA5T,9,82.19,83.49,0,84.106,41.92,successful_between_events,1.9159999999999968
Pt 22_FD22_3,Pt 22,AC1_RA5T,10,83.84,84.89,0,84.106,41.92,successful_between_events,0.26599999999999113
Pt 22_FD22_3,Pt 22,AC1_RA5T,11,85.14,85.94,0,,89.98,during_reference_event_or_boundary,
Pt 22_FD22_3,Pt 22,AC1_RA5T,12,86.24,89.04,0,,89.98,during_reference_event_or_boundary,
Pt 22_FD22_3,Pt 22,AC1_RA5T,13,89.19,89.69,0,,89.98,during_reference_event_or_boundary,
Pt 22_FD22_3,Pt 22,Recovery_A3T,1,60.69,60.84,0,84.106,41.92,successful_between_events,23.415999999999997
Pt 22_FD22_3,Pt 22,Recovery_A3T,2,61.19,62.24,0,84.106,41.92,successful_between_events,22.915999999999997
Pt 22_FD22_3,Pt 22,Recovery_A3T,3,67.04,67.64,0,84.106,41.92,successful_between_events,17.06599999999999
Pt 22_FD22_3,Pt 22,Recovery_A3T,4,67.84,68.54,0,84.106,41.92,successful_between_events,16.26599999999999
Pt 22_FD22_3,Pt 22,Recovery_A3T,5,69.24,69.49,0,84.106,41.92,successful_between_events,14.866
Pt 22_FD22_3,Pt 22,Recovery_A3T,6,69.84,70.79,0,84.106,41.92,successful_between_events,14.265999999999991
Pt 22_FD22_3,Pt 22,Recovery_A3T,7,71.54,72.29,0,84.106,41.92,successful_between_events,12.565999999999988
Pt 22_FD22_3,Pt 22,Recovery_A3T,8,72.59,72.84,0,84.106,41.92,successful_between_events,11.515999999999991
Pt 22_FD22_3,Pt 22,Recovery_A3T,9,73.14,74.59,0,84.106,41.92,successful_between_events,10.965999999999994
Pt 22_FD22_3,Pt 22,Recovery_A3T,10,81.94,82.19,0,84.106,41.92,successful_between_events,2.165999999999997
Pt 22_FD22_3,Pt 22,Recovery_A3T,11,83.39,83.64,0,84.106,41.92,successful_between_events,0.715999999999994
Pt 22_FD22_3,Pt 22,Recovery_A3T,12,83.89,84.64,0,84.106,41.92,successful_between_events,0.21599999999999397
Pt 22_FD22_3,Pt 22,Recovery_A3T,13,84.94,85.54,0,,89.98,during_reference_event_or_boundary,
Pt 22_FD22_3,Pt 22,Recovery_A3T,14,86.04,86.69,0,,89.98,during_reference_event_or_boundary,
Pt 22_FD22_3,Pt 22,Recovery_A3T,15,86.94,87.64,0,,89.98,during_reference_event_or_boundary,
Pt 22_FD22_3,Pt 22,Recovery_A3T,16,88.49,88.99,0,,89.98,during_reference_event_or_boundary,
Pt 22_FD22_3,Pt 22,Recovery_A7T,1,62.64,64.14,0,84.106,41.92,successful_between_events,21.465999999999994
Pt 22_FD22_3,Pt 22,Recovery_A7T,2,67.79,69.14,0,84.106,41.92,successful_between_events,16.31599999999999
Pt 22_FD22_3,Pt 22,Recovery_A7T,3,69.34,77.09,0,84.106,41.92,successful_between_events,14.765999999999991
Pt 22_FD22_3,Pt 22,Recovery_A7T,4,81.94,87.29,0,84.106,41.92,successful_between_events,2.165999999999997
Pt 22_FD22_3,Pt 22,Recovery_A7T,5,87.49,88.14,0,,89.98,during_reference_event_or_boundary,
Pt 22_FD22_3,Pt 22,Recovery_A7T,6,88.64,89.84,1,,89.98,during_reference_event_or_boundary,
Pt 22_FD22_3,Pt 22,Recovery_RA5T,1,60.74,60.89,0,84.106,41.92,successful_between_events,23.365999999999993
Pt 22_FD22_3,Pt 22,Recovery_RA5T,2,61.29,62.99,0,84.106,41.92,successful_between_events,22.815999999999995
Pt 22_FD22_3,Pt 22,Recovery_RA5T,3,63.84,63.99,0,84.106,41.92,successful_between_events,20.26599999999999
Pt 22_FD22_3,Pt 22,Recovery_RA5T,4,67.49,67.64,0,84.106,41.92,successful_between_events,16.616
Pt 22_FD22_3,Pt 22,Recovery_RA5T,5,67.79,69.09,0,84.106,41.92,successful_between_events,16.31599999999999
Pt 22_FD22_3,Pt 22,Recovery_RA5T,6,69.39,72.14,0,84.106,41.92,successful_between_events,14.715999999999994
Pt 22_FD22_3,Pt 22,Recovery_RA5T,7,72.29,72.89,0,84.106,41.92,successful_between_events,11.815999999999988
Pt 22_FD22_3,Pt 22,Recovery_RA5T,8,73.14,75.89,0,84.106,41.92,successful_between_events,10.965999999999994
Pt 22_FD22_3,Pt 22,Recovery_RA5T,9,77.39,77.54,0,84.106,41.92,successful_between_events,6.715999999999994
Pt 22_FD22_3,Pt 22,Recovery_RA5T,10,77.69,78.04,0,84.106,41.92,successful_between_events,6.415999999999997
Pt 22_FD22_3,Pt 22,Recovery_RA5T,11,81.89,83.44,0,84.106,41.92,successful_between_events,2.215999999999994
Pt 22_FD22_3,Pt 22,Recovery_RA5T,12,83.74,84.94,0,84.106,41.92,successful_between_events,0.36599999999999966
Pt 22_FD22_3,Pt 22,Recovery_RA5T,13,85.14,86.04,0,,89.98,during_reference_event_or_boundary,
Pt 22_FD22_3,Pt 22,Recovery_RA5T,14,86.19,86.34,0,,89.98,during_reference_event_or_boundary,
Pt 22_FD22_3,Pt 22,Recovery_RA5T,15,86.54,87.04,0,,89.98,during_reference_event_or_boundary,
Pt 22_FD22_3,Pt 22,Recovery_RA5T,16,87.29,88.99,0,,89.98,during_reference_event_or_boundary,
Pt 22_FD22_3,Pt 22,Recovery_RA5T,17,89.19,89.84,1,,89.98,during_reference_event_or_boundary,
Pt 22_FD22_3,Pt 22,Reddening_A3T,1,60.64,61.04,0,84.106,41.92,successful_between_events,23.465999999999994
Pt 22_FD22_3,Pt 22,Reddening_A3T,2,61.29,63.29,0,84.106,41.92,successful_between_events,22.815999999999995
Pt 22_FD22_3,Pt 22,Reddening_A3T,3,63.64,64.34,0,84.106,41.92,successful_between_events,20.465999999999994
Pt 22_FD22_3,Pt 22,Reddening_A3T,4,66.19,74.79,0,84.106,41.92,successful_between_events,17.915999999999997
Pt 22_FD22_3,Pt 22,Reddening_A3T,5,76.39,76.94,0,84.106,41.92,successful_between_events,7.715999999999994
Pt 22_FD22_3,Pt 22,Reddening_A3T,6,81.39,82.24,0,84.106,41.92,successful_between_events,2.715999999999994
Pt 22_FD22_3,Pt 22,Reddening_A3T,7,82.49,82.69,0,84.106,41.92,successful_between_events,1.6159999999999997
Pt 22_FD22_3,Pt 22,Reddening_A3T,8,82.84,83.59,0,84.106,41.92,successful_between_events,1.2659999999999911
Pt 22_FD22_3,Pt 22,Reddening_A3T,9,83.84,84.64,0,84.106,41.92,successful_between_events,0.26599999999999113
Pt 22_FD22_3,Pt 22,Reddening_A3T,10,84.79,85.79,0,,89.98,during_reference_event_or_boundary,
Pt 22_FD22_3,Pt 22,Reddening_A3T,11,85.94,87.69,0,,89.98,during_reference_event_or_boundary,
Pt 22_FD22_3,Pt 22,Reddening_A3T,12,88.24,89.84,1,,89.98,during_reference_event_or_boundary,
Pt 22_FD22_3,Pt 22,Reddening_A7T,1,61.69,63.69,0,84.106,41.92,successful_between_events,22.415999999999997
Pt 22_FD22_3,Pt 22,Reddening_A7T,2,64.99,65.69,0,84.106,41.92,successful_between_events,19.116
Pt 22_FD22_3,Pt 22,Reddening_A7T,3,66.79,76.84,0,84.106,41.92,successful_between_events,17.31599999999999
Pt 22_FD22_3,Pt 22,Reddening_A7T,4,82.09,89.84,1,84.106,41.92,successful_between_events,2.015999999999991
Pt 22_FD22_3,Pt 22,Reddening_RA5T,1,60.84,62.89,0,84.106,41.92,successful_between_events,23.26599999999999
Pt 22_FD22_3,Pt 22,Reddening_RA5T,2,64.14,65.24,0,84.106,41.92,successful_between_events,19.965999999999994
Pt 22_FD22_3,Pt 22,Reddening_RA5T,3,66.59,78.74,0,84.106,41.92,successful_between_events,17.51599999999999
Pt 22_FD22_3,Pt 22,Reddening_RA5T,4,81.84,89.84,1,84.106,41.92,successful_between_events,2.265999999999991
Pt 22_FD22_3,Pt 22,Variance_A3T,1,61.49,61.94,0,84.106,41.92,successful_between_events,22.615999999999993
Pt 22_FD22_3,Pt 22,Variance_A3T,2,62.09,62.24,0,84.106,41.92,successful_between_events,22.01599999999999
Pt 22_FD22_3,Pt 22,Variance_A3T,3,67.89,68.64,0,84.106,41.92,successful_between_events,16.215999999999994
Pt 22_FD22_3,Pt 22,Variance_A3T,4,68.99,69.69,0,84.106,41.92,successful_between_events,15.116
Pt 22_FD22_3,Pt 22,Variance_A3T,5,70.14,70.94,0,84.106,41.92,successful_between_events,13.965999999999994
Pt 22_FD22_3,Pt 22,Variance_A3T,6,73.99,74.74,0,84.106,41.92,successful_between_events,10.116
Pt 22_FD22_3,Pt 22,Variance_A7T,1,68.04,75.24,0,84.106,41.92,successful_between_events,16.06599999999999
Pt 22_FD22_3,Pt 22,Variance_A7T,2,75.49,77.09,0,84.106,41.92,successful_between_events,8.616
Pt 22_FD22_3,Pt 22,Variance_A7T,3,82.99,83.84,0,84.106,41.92,successful_between_events,1.1159999999999997
Pt 22_FD22_3,Pt 22,Variance_RA5T,1,68.84,76.09,0,84.106,41.92,successful_between_events,15.265999999999991
Pt 31_FD31_1,Pt 31,Persistence,1,70.5,72.85,0,83.87599999999999,75.84,during_reference_event_or_boundary,
Pt 31_FD31_1,Pt 31,Persistence,2,75.1,75.6,0,83.87599999999999,75.84,during_reference_event_or_boundary,
Pt 31_FD31_1,Pt 31,Persistence,3,83.7,85.6,0,83.87599999999999,75.84,successful_between_events,0.17599999999998772
Pt 31_FD31_1,Pt 31,Persistence,4,88.0,89.85,1,,89.99,during_reference_event_or_boundary,
Pt 31_FD31_1,Pt 31,AC1,1,61.2,62.35,0,70.446,60.26,successful_between_events,9.245999999999995
Pt 31_FD31_1,Pt 31,AC1,2,62.75,63.45,0,70.446,60.26,successful_between_events,7.695999999999998
Pt 31_FD31_1,Pt 31,AC1,3,72.3,72.6,0,83.87599999999999,75.84,during_reference_event_or_boundary,
Pt 31_FD31_1,Pt 31,AC1,4,73.05,73.25,0,83.87599999999999,75.84,during_reference_event_or_boundary,
Pt 31_FD31_1,Pt 31,AC1,5,73.8,75.8,0,83.87599999999999,75.84,during_reference_event_or_boundary,
Pt 31_FD31_1,Pt 31,AC1,6,76.75,77.55,0,83.87599999999999,75.84,successful_between_events,7.125999999999991
Pt 31_FD31_1,Pt 31,AC1,7,78.25,78.6,0,83.87599999999999,75.84,successful_between_events,5.625999999999991
Pt 31_FD31_1,Pt 31,AC1,8,84.0,84.4,0,,89.99,during_reference_event_or_boundary,
Pt 31_FD31_1,Pt 31,AC1,9,85.2,85.5,0,,89.99,during_reference_event_or_boundary,
Pt 31_FD31_1,Pt 31,AC1,10,85.7,86.05,0,,89.99,during_reference_event_or_boundary,
Pt 31_FD31_1,Pt 31,AC1,11,87.25,87.5,0,,89.99,during_reference_event_or_boundary,
Pt 31_FD31_1,Pt 31,AC1,12,88.95,89.15,0,,89.99,during_reference_event_or_boundary,
Pt 31_FD31_1,Pt 31,AC1,13,89.35,89.55,0,,89.99,during_reference_event_or_boundary,
Pt 31_FD31_1,Pt 31,AC1,14,89.75,89.85,1,,89.99,during_reference_event_or_boundary,
Pt 31_FD31_1,Pt 31,Variance,1,61.05,62.2,0,70.446,60.26,successful_between_events,9.396
Pt 31_FD31_1,Pt 31,Variance,2,62.45,64.1,0,70.446,60.26,successful_between_events,7.995999999999995
Pt 31_FD31_1,Pt 31,Variance,3,70.4,70.6,0,70.446,60.26,successful_between_events,0.04599999999999227
Pt 31_FD31_1,Pt 31,Variance,4,76.55,79.5,0,83.87599999999999,75.84,successful_between_events,7.325999999999993
Pt 31_FD31_1,Pt 31,Variance,5,83.15,84.55,0,83.87599999999999,75.84,successful_between_events,0.7259999999999849
Pt 31_FD31_1,Pt 31,Recovery,1,59.6,59.75,0,70.446,60.26,during_reference_event_or_boundary,
Pt 31_FD31_1,Pt 31,Recovery,2,61.25,61.8,0,70.446,60.26,successful_between_events,9.195999999999998
Pt 31_FD31_1,Pt 31,Recovery,3,62.35,62.5,0,70.446,60.26,successful_between_events,8.095999999999997
Pt 31_FD31_1,Pt 31,Recovery,4,62.7,63.3,0,70.446,60.26,successful_between_events,7.745999999999995
Pt 31_FD31_1,Pt 31,Recovery,5,71.85,72.1,0,83.87599999999999,75.84,during_reference_event_or_boundary,
Pt 31_FD31_1,Pt 31,Recovery,6,72.3,72.6,0,83.87599999999999,75.84,during_reference_event_or_boundary,
Pt 31_FD31_1,Pt 31,Recovery,7,73.0,73.3,0,83.87599999999999,75.84,during_reference_event_or_boundary,
Pt 31_FD31_1,Pt 31,Recovery,8,73.8,74.95,0,83.87599999999999,75.84,during_reference_event_or_boundary,
Pt 31_FD31_1,Pt 31,Recovery,9,75.3,75.85,0,83.87599999999999,75.84,during_reference_event_or_boundary,
Pt 31_FD31_1,Pt 31,Recovery,10,76.85,77.45,0,83.87599999999999,75.84,successful_between_events,7.025999999999996
Pt 31_FD31_1,Pt 31,Recovery,11,77.6,77.8,0,83.87599999999999,75.84,successful_between_events,6.275999999999996
Pt 31_FD31_1,Pt 31,Recovery,12,78.1,78.9,0,83.87599999999999,75.84,successful_between_events,5.775999999999996
Pt 31_FD31_1,Pt 31,Recovery,13,84.75,86.05,0,,89.99,during_reference_event_or_boundary,
Pt 31_FD31_1,Pt 31,Recovery,14,87.0,87.45,0,,89.99,during_reference_event_or_boundary,
Pt 31_FD31_1,Pt 31,Recovery,15,89.75,89.85,1,,89.99,during_reference_event_or_boundary,
Pt 31_FD31_1,Pt 31,Reddening,1,59.6,62.15,0,70.446,60.26,during_reference_event_or_boundary,
Pt 31_FD31_1,Pt 31,Reddening,2,62.75,63.3,0,70.446,60.26,successful_between_events,7.695999999999998
Pt 31_FD31_1,Pt 31,Reddening,3,71.95,75.65,0,83.87599999999999,75.84,during_reference_event_or_boundary,
Pt 31_FD31_1,Pt 31,Reddening,4,75.95,78.4,0,83.87599999999999,75.84,successful_between_events,7.925999999999988
Pt 31_FD31_1,Pt 31,Reddening,5,84.95,86.5,0,,89.99,during_reference_event_or_boundary,
Pt 31_FD31_1,Pt 31,Reddening,6,89.8,89.85,1,,89.99,during_reference_event_or_boundary,
Pt 31_FD31_1,Pt 31,State-history,1,69.5,70.05,0,70.446,60.26,successful_between_events,0.945999999999998
Pt 31_FD31_1,Pt 31,State-history,2,70.3,72.75,0,70.446,60.26,successful_between_events,0.1460000000000008
Pt 31_FD31_1,Pt 31,State-history,3,74.2,74.35,0,83.87599999999999,75.84,during_reference_event_or_boundary,
Pt 31_FD31_1,Pt 31,State-history,4,74.95,75.65,0,83.87599999999999,75.84,during_reference_event_or_boundary,
Pt 31_FD31_1,Pt 31,State-history,5,83.0,84.6,0,83.87599999999999,75.84,successful_between_events,0.8759999999999906
Pt 31_FD31_1,Pt 31,State-history,6,85.05,85.55,0,,89.99,during_reference_event_or_boundary,
Pt 31_FD31_1,Pt 31,State-history,7,86.1,86.4,0,,89.99,during_reference_event_or_boundary,
Pt 31_FD31_1,Pt 31,State-history,8,87.05,87.2,0,,89.99,during_reference_event_or_boundary,
Pt 31_FD31_1,Pt 31,State-history,9,87.95,89.15,0,,89.99,during_reference_event_or_boundary,
Pt 31_FD31_1,Pt 31,State-history,10,89.35,89.85,1,,89.99,during_reference_event_or_boundary,
Pt 31_FD31_1,Pt 31,AC1_A3T,1,59.6,60.2,0,70.446,60.26,during_reference_event_or_boundary,
Pt 31_FD31_1,Pt 31,AC1_A3T,2,60.55,60.85,0,70.446,60.26,successful_between_events,9.896
Pt 31_FD31_1,Pt 31,AC1_A3T,3,61.1,62.5,0,70.446,60.26,successful_between_events,9.345999999999997
Pt 31_FD31_1,Pt 31,AC1_A3T,4,63.0,63.25,0,70.446,60.26,successful_between_events,7.445999999999998
Pt 31_FD31_1,Pt 31,AC1_A3T,5,63.5,64.1,0,70.446,60.26,successful_between_events,6.945999999999998
Pt 31_FD31_1,Pt 31,AC1_A3T,6,69.95,70.4,0,70.446,60.26,successful_between_events,0.4959999999999951
Pt 31_FD31_1,Pt 31,AC1_A3T,7,70.6,70.75,0,83.87599999999999,75.84,during_reference_event_or_boundary,
Pt 31_FD31_1,Pt 31,AC1_A3T,8,71.1,71.35,0,83.87599999999999,75.84,during_reference_event_or_boundary,
Pt 31_FD31_1,Pt 31,AC1_A3T,9,71.6,72.05,0,83.87599999999999,75.84,during_reference_event_or_boundary,
Pt 31_FD31_1,Pt 31,AC1_A3T,10,72.45,72.6,0,83.87599999999999,75.84,during_reference_event_or_boundary,
Pt 31_FD31_1,Pt 31,AC1_A3T,11,73.1,74.75,0,83.87599999999999,75.84,during_reference_event_or_boundary,
Pt 31_FD31_1,Pt 31,AC1_A3T,12,75.15,75.75,0,83.87599999999999,75.84,during_reference_event_or_boundary,
Pt 31_FD31_1,Pt 31,AC1_A3T,13,76.1,77.55,0,83.87599999999999,75.84,successful_between_events,7.775999999999996
Pt 31_FD31_1,Pt 31,AC1_A3T,14,77.75,78.2,0,83.87599999999999,75.84,successful_between_events,6.125999999999991
Pt 31_FD31_1,Pt 31,AC1_A3T,15,81.35,81.7,0,83.87599999999999,75.84,successful_between_events,2.5259999999999962
Pt 31_FD31_1,Pt 31,AC1_A3T,16,82.15,82.9,0,83.87599999999999,75.84,successful_between_events,1.7259999999999849
Pt 31_FD31_1,Pt 31,AC1_A3T,17,83.35,83.75,0,83.87599999999999,75.84,successful_between_events,0.5259999999999962
Pt 31_FD31_1,Pt 31,AC1_A3T,18,84.0,84.8,0,,89.99,during_reference_event_or_boundary,
Pt 31_FD31_1,Pt 31,AC1_A3T,19,85.1,85.4,0,,89.99,during_reference_event_or_boundary,
Pt 31_FD31_1,Pt 31,AC1_A3T,20,85.55,89.15,0,,89.99,during_reference_event_or_boundary,
Pt 31_FD31_1,Pt 31,AC1_A3T,21,89.3,89.85,1,,89.99,during_reference_event_or_boundary,
Pt 31_FD31_1,Pt 31,AC1_A7T,1,59.6,59.8,0,70.446,60.26,during_reference_event_or_boundary,
Pt 31_FD31_1,Pt 31,AC1_A7T,2,60.65,60.8,0,70.446,60.26,successful_between_events,9.796
Pt 31_FD31_1,Pt 31,AC1_A7T,3,61.2,62.5,0,70.446,60.26,successful_between_events,9.245999999999995
Pt 31_FD31_1,Pt 31,AC1_A7T,4,62.65,64.7,0,70.446,60.26,successful_between_events,7.795999999999999
Pt 31_FD31_1,Pt 31,AC1_A7T,5,70.95,71.2,0,83.87599999999999,75.84,during_reference_event_or_boundary,
Pt 31_FD31_1,Pt 31,AC1_A7T,6,72.6,74.0,0,83.87599999999999,75.84,during_reference_event_or_boundary,
Pt 31_FD31_1,Pt 31,AC1_A7T,7,74.35,74.65,0,83.87599999999999,75.84,during_reference_event_or_boundary,
Pt 31_FD31_1,Pt 31,AC1_A7T,8,75.15,75.85,0,83.87599999999999,75.84,during_reference_event_or_boundary,
Pt 31_FD31_1,Pt 31,AC1_A7T,9,76.75,78.65,0,83.87599999999999,75.84,successful_between_events,7.125999999999991
Pt 31_FD31_1,Pt 31,AC1_A7T,10,78.85,79.9,0,83.87599999999999,75.84,successful_between_events,5.025999999999996
Pt 31_FD31_1,Pt 31,AC1_A7T,11,80.05,80.25,0,83.87599999999999,75.84,successful_between_events,3.8259999999999934
Pt 31_FD31_1,Pt 31,AC1_A7T,12,84.1,84.6,0,,89.99,during_reference_event_or_boundary,
Pt 31_FD31_1,Pt 31,AC1_A7T,13,84.85,87.4,0,,89.99,during_reference_event_or_boundary,
Pt 31_FD31_1,Pt 31,AC1_A7T,14,88.3,88.9,0,,89.99,during_reference_event_or_boundary,
Pt 31_FD31_1,Pt 31,AC1_A7T,15,89.35,89.55,0,,89.99,during_reference_event_or_boundary,
Pt 31_FD31_1,Pt 31,AC1_A7T,16,89.8,89.85,1,,89.99,during_reference_event_or_boundary,
Pt 31_FD31_1,Pt 31,AC1_RA5T,1,60.6,60.85,0,70.446,60.26,successful_between_events,9.845999999999997
Pt 31_FD31_1,Pt 31,AC1_RA5T,2,61.15,61.8,0,70.446,60.26,successful_between_events,9.296
Pt 31_FD31_1,Pt 31,AC1_RA5T,3,62.05,62.45,0,70.446,60.26,successful_between_events,8.396
Pt 31_FD31_1,Pt 31,AC1_RA5T,4,62.7,63.1,0,70.446,60.26,successful_between_events,7.745999999999995
Pt 31_FD31_1,Pt 31,AC1_RA5T,5,72.3,72.6,0,83.87599999999999,75.84,during_reference_event_or_boundary,
Pt 31_FD31_1,Pt 31,AC1_RA5T,6,73.6,75.8,0,83.87599999999999,75.84,during_reference_event_or_boundary,
Pt 31_FD31_1,Pt 31,AC1_RA5T,7,76.2,78.65,0,83.87599999999999,75.84,successful_between_events,7.675999999999988
Pt 31_FD31_1,Pt 31,AC1_RA5T,8,83.95,84.45,0,,89.99,during_reference_event_or_boundary,
Pt 31_FD31_1,Pt 31,AC1_RA5T,9,84.95,85.5,0,,89.99,during_reference_event_or_boundary,
Pt 31_FD31_1,Pt 31,AC1_RA5T,10,85.7,86.05,0,,89.99,during_reference_event_or_boundary,
Pt 31_FD31_1,Pt 31,AC1_RA5T,11,87.3,87.95,0,,89.99,during_reference_event_or_boundary,
Pt 31_FD31_1,Pt 31,AC1_RA5T,12,88.3,88.45,0,,89.99,during_reference_event_or_boundary,
Pt 31_FD31_1,Pt 31,AC1_RA5T,13,89.1,89.55,0,,89.99,during_reference_event_or_boundary,
Pt 31_FD31_1,Pt 31,AC1_RA5T,14,89.7,89.85,1,,89.99,during_reference_event_or_boundary,
Pt 31_FD31_1,Pt 31,Recovery_A3T,1,59.6,60.2,0,70.446,60.26,during_reference_event_or_boundary,
Pt 31_FD31_1,Pt 31,Recovery_A3T,2,60.6,60.85,0,70.446,60.26,successful_between_events,9.845999999999997
Pt 31_FD31_1,Pt 31,Recovery_A3T,3,61.1,61.55,0,70.446,60.26,successful_between_events,9.345999999999997
Pt 31_FD31_1,Pt 31,Recovery_A3T,4,61.75,62.65,0,70.446,60.26,successful_between_events,8.695999999999998
Pt 31_FD31_1,Pt 31,Recovery_A3T,5,71.1,71.3,0,83.87599999999999,75.84,during_reference_event_or_boundary,
Pt 31_FD31_1,Pt 31,Recovery_A3T,6,71.65,72.0,0,83.87599999999999,75.84,during_reference_event_or_boundary,
Pt 31_FD31_1,Pt 31,Recovery_A3T,7,73.2,73.85,0,83.87599999999999,75.84,during_reference_event_or_boundary,
Pt 31_FD31_1,Pt 31,Recovery_A3T,8,74.05,74.65,0,83.87599999999999,75.84,during_reference_event_or_boundary,
Pt 31_FD31_1,Pt 31,Recovery_A3T,9,75.2,75.4,0,83.87599999999999,75.84,during_reference_event_or_boundary,
Pt 31_FD31_1,Pt 31,Recovery_A3T,10,75.55,75.75,0,83.87599999999999,75.84,during_reference_event_or_boundary,
Pt 31_FD31_1,Pt 31,Recovery_A3T,11,76.2,77.05,0,83.87599999999999,75.84,successful_between_events,7.675999999999988
Pt 31_FD31_1,Pt 31,Recovery_A3T,12,77.45,77.75,0,83.87599999999999,75.84,successful_between_events,6.425999999999988
Pt 31_FD31_1,Pt 31,Recovery_A3T,13,83.45,83.65,0,83.87599999999999,75.84,successful_between_events,0.4259999999999877
Pt 31_FD31_1,Pt 31,Recovery_A3T,14,84.35,84.8,0,,89.99,during_reference_event_or_boundary,
Pt 31_FD31_1,Pt 31,Recovery_A3T,15,85.6,85.85,0,,89.99,during_reference_event_or_boundary,
Pt 31_FD31_1,Pt 31,Recovery_A3T,16,86.0,86.3,0,,89.99,during_reference_event_or_boundary,
Pt 31_FD31_1,Pt 31,Recovery_A3T,17,86.6,86.85,0,,89.99,during_reference_event_or_boundary,
Pt 31_FD31_1,Pt 31,Recovery_A3T,18,87.1,87.3,0,,89.99,during_reference_event_or_boundary,
Pt 31_FD31_1,Pt 31,Recovery_A3T,19,87.55,87.85,0,,89.99,during_reference_event_or_boundary,
Pt 31_FD31_1,Pt 31,Recovery_A3T,20,88.05,88.25,0,,89.99,during_reference_event_or_boundary,
Pt 31_FD31_1,Pt 31,Recovery_A3T,21,88.4,89.1,0,,89.99,during_reference_event_or_boundary,
Pt 31_FD31_1,Pt 31,Recovery_A3T,22,89.55,89.75,0,,89.99,during_reference_event_or_boundary,
Pt 31_FD31_1,Pt 31,Recovery_A7T,1,59.6,59.8,0,70.446,60.26,during_reference_event_or_boundary,
Pt 31_FD31_1,Pt 31,Recovery_A7T,2,61.35,62.8,0,70.446,60.26,successful_between_events,9.095999999999997
Pt 31_FD31_1,Pt 31,Recovery_A7T,3,63.05,63.3,0,70.446,60.26,successful_between_events,7.396000000000001
Pt 31_FD31_1,Pt 31,Recovery_A7T,4,63.5,63.95,0,70.446,60.26,successful_between_events,6.945999999999998
Pt 31_FD31_1,Pt 31,Recovery_A7T,5,72.6,73.5,0,83.87599999999999,75.84,during_reference_event_or_boundary,
Pt 31_FD31_1,Pt 31,Recovery_A7T,6,73.65,73.9,0,83.87599999999999,75.84,during_reference_event_or_boundary,
Pt 31_FD31_1,Pt 31,Recovery_A7T,7,74.4,74.55,0,83.87599999999999,75.84,during_reference_event_or_boundary,
Pt 31_FD31_1,Pt 31,Recovery_A7T,8,75.15,75.85,0,83.87599999999999,75.84,during_reference_event_or_boundary,
Pt 31_FD31_1,Pt 31,Recovery_A7T,9,76.9,77.8,0,83.87599999999999,75.84,successful_between_events,6.975999999999985
Pt 31_FD31_1,Pt 31,Recovery_A7T,10,78.65,79.7,0,83.87599999999999,75.84,successful_between_events,5.225999999999985
Pt 31_FD31_1,Pt 31,Recovery_A7T,11,79.85,80.05,0,83.87599999999999,75.84,successful_between_events,4.025999999999996
Pt 31_FD31_1,Pt 31,Recovery_A7T,12,86.0,86.8,0,,89.99,during_reference_event_or_boundary,
Pt 31_FD31_1,Pt 31,Recovery_A7T,13,87.1,87.3,0,,89.99,during_reference_event_or_boundary,
Pt 31_FD31_1,Pt 31,Recovery_RA5T,1,59.6,59.75,0,70.446,60.26,during_reference_event_or_boundary,
Pt 31_FD31_1,Pt 31,Recovery_RA5T,2,60.65,60.8,0,70.446,60.26,successful_between_events,9.796
Pt 31_FD31_1,Pt 31,Recovery_RA5T,3,61.15,61.4,0,70.446,60.26,successful_between_events,9.296
Pt 31_FD31_1,Pt 31,Recovery_RA5T,4,61.95,62.45,0,70.446,60.26,successful_between_events,8.495999999999995
Pt 31_FD31_1,Pt 31,Recovery_RA5T,5,62.75,63.3,0,70.446,60.26,successful_between_events,7.695999999999998
Pt 31_FD31_1,Pt 31,Recovery_RA5T,6,71.9,72.05,0,83.87599999999999,75.84,during_reference_event_or_boundary,
Pt 31_FD31_1,Pt 31,Recovery_RA5T,7,72.3,72.6,0,83.87599999999999,75.84,during_reference_event_or_boundary,
Pt 31_FD31_1,Pt 31,Recovery_RA5T,8,73.35,74.75,0,83.87599999999999,75.84,during_reference_event_or_boundary,
Pt 31_FD31_1,Pt 31,Recovery_RA5T,9,75.4,75.9,0,83.87599999999999,75.84,during_reference_event_or_boundary,
Pt 31_FD31_1,Pt 31,Recovery_RA5T,10,76.75,78.9,0,83.87599999999999,75.84,successful_between_events,7.125999999999991
Pt 31_FD31_1,Pt 31,Recovery_RA5T,11,84.8,85.55,0,,89.99,during_reference_event_or_boundary,
Pt 31_FD31_1,Pt 31,Recovery_RA5T,12,85.7,86.05,0,,89.99,during_reference_event_or_boundary,
Pt 31_FD31_1,Pt 31,Recovery_RA5T,13,87.05,87.3,0,,89.99,during_reference_event_or_boundary,
Pt 31_FD31_1,Pt 31,Recovery_RA5T,14,88.1,88.6,0,,89.99,during_reference_event_or_boundary,
Pt 31_FD31_1,Pt 31,Recovery_RA5T,15,89.8,89.85,1,,89.99,during_reference_event_or_boundary,
Pt 31_FD31_1,Pt 31,Reddening_A3T,1,59.6,61.65,0,70.446,60.26,during_reference_event_or_boundary,
Pt 31_FD31_1,Pt 31,Reddening_A3T,2,61.95,62.55,0,70.446,60.26,successful_between_events,8.495999999999995
Pt 31_FD31_1,Pt 31,Reddening_A3T,3,62.7,62.9,0,70.446,60.26,successful_between_events,7.745999999999995
Pt 31_FD31_1,Pt 31,Reddening_A3T,4,71.2,72.2,0,83.87599999999999,75.84,during_reference_event_or_boundary,
Pt 31_FD31_1,Pt 31,Reddening_A3T,5,72.4,74.85,0,83.87599999999999,75.84,during_reference_event_or_boundary,
Pt 31_FD31_1,Pt 31,Reddening_A3T,6,75.1,77.95,0,83.87599999999999,75.84,during_reference_event_or_boundary,
Pt 31_FD31_1,Pt 31,Reddening_A3T,7,81.35,81.5,0,83.87599999999999,75.84,successful_between_events,2.5259999999999962
Pt 31_FD31_1,Pt 31,Reddening_A3T,8,84.2,86.25,0,,89.99,during_reference_event_or_boundary,
Pt 31_FD31_1,Pt 31,Reddening_A3T,9,88.4,89.85,1,,89.99,during_reference_event_or_boundary,
Pt 31_FD31_1,Pt 31,Reddening_A7T,1,60.1,62.7,0,70.446,60.26,during_reference_event_or_boundary,
Pt 31_FD31_1,Pt 31,Reddening_A7T,2,72.85,78.5,0,83.87599999999999,75.84,during_reference_event_or_boundary,
Pt 31_FD31_1,Pt 31,Reddening_A7T,3,85.8,87.65,0,,89.99,during_reference_event_or_boundary,
Pt 31_FD31_1,Pt 31,Reddening_RA5T,1,59.9,62.0,0,70.446,60.26,during_reference_event_or_boundary,
Pt 31_FD31_1,Pt 31,Reddening_RA5T,2,62.45,63.5,0,70.446,60.26,successful_between_events,7.995999999999995
Pt 31_FD31_1,Pt 31,Reddening_RA5T,3,72.0,78.95,0,83.87599999999999,75.84,during_reference_event_or_boundary,
Pt 31_FD31_1,Pt 31,Reddening_RA5T,4,85.0,86.45,0,,89.99,during_reference_event_or_boundary,
Pt 31_FD31_1,Pt 31,Reddening_RA5T,5,89.8,89.85,1,,89.99,during_reference_event_or_boundary,
Pt 31_FD31_1,Pt 31,Variance_A3T,1,60.95,64.65,0,70.446,60.26,successful_between_events,9.495999999999995
Pt 31_FD31_1,Pt 31,Variance_A3T,2,66.15,66.35,0,70.446,60.26,successful_between_events,4.295999999999992
Pt 31_FD31_1,Pt 31,Variance_A3T,3,66.55,66.95,0,70.446,60.26,successful_between_events,3.896000000000001
Pt 31_FD31_1,Pt 31,Variance_A3T,4,67.2,68.15,0,70.446,60.26,successful_between_events,3.245999999999995
Pt 31_FD31_1,Pt 31,Variance_A3T,5,68.4,68.65,0,70.446,60.26,successful_between_events,2.0459999999999923
Pt 31_FD31_1,Pt 31,Variance_A3T,6,69.0,69.3,0,70.446,60.26,successful_between_events,1.445999999999998
Pt 31_FD31_1,Pt 31,Variance_A3T,7,69.65,70.4,0,70.446,60.26,successful_between_events,0.7959999999999923
Pt 31_FD31_1,Pt 31,Variance_A3T,8,76.25,78.45,0,83.87599999999999,75.84,successful_between_events,7.625999999999991
Pt 31_FD31_1,Pt 31,Variance_A3T,9,78.7,79.7,0,83.87599999999999,75.84,successful_between_events,5.175999999999988
Pt 31_FD31_1,Pt 31,Variance_A3T,10,79.95,83.85,0,83.87599999999999,75.84,successful_between_events,3.9259999999999877
Pt 31_FD31_1,Pt 31,Variance_A3T,11,84.6,84.8,0,,89.99,during_reference_event_or_boundary,
Pt 31_FD31_1,Pt 31,Variance_A7T,1,61.05,65.4,0,70.446,60.26,successful_between_events,9.396
Pt 31_FD31_1,Pt 31,Variance_A7T,2,69.95,71.35,0,70.446,60.26,successful_between_events,0.4959999999999951
Pt 31_FD31_1,Pt 31,Variance_A7T,3,73.2,73.55,0,83.87599999999999,75.84,during_reference_event_or_boundary,
Pt 31_FD31_1,Pt 31,Variance_A7T,4,76.6,80.8,0,83.87599999999999,75.84,successful_between_events,7.275999999999996
Pt 31_FD31_1,Pt 31,Variance_A7T,5,83.15,86.95,0,83.87599999999999,75.84,successful_between_events,0.7259999999999849
Pt 31_FD31_1,Pt 31,Variance_RA5T,1,60.85,61.8,0,70.446,60.26,successful_between_events,9.595999999999997
Pt 31_FD31_1,Pt 31,Variance_RA5T,2,62.2,64.15,0,70.446,60.26,successful_between_events,8.245999999999995
Pt 31_FD31_1,Pt 31,Variance_RA5T,3,69.75,70.65,0,70.446,60.26,successful_between_events,0.695999999999998
Pt 31_FD31_1,Pt 31,Variance_RA5T,4,75.95,81.95,0,83.87599999999999,75.84,successful_between_events,7.925999999999988
Pt 31_FD31_1,Pt 31,Variance_RA5T,5,82.5,82.7,0,83.87599999999999,75.84,successful_between_events,1.3759999999999906
Pt 31_FD31_1,Pt 31,Variance_RA5T,6,83.0,84.65,0,83.87599999999999,75.84,successful_between_events,0.8759999999999906
Pt 31_FD31_1,Pt 31,Variance_RA5T,7,84.9,86.15,0,,89.99,during_reference_event_or_boundary,
Pt 31_FD31_2,Pt 31,Persistence,1,72.55,73.1,0,84.23599999999999,81.29,during_reference_event_or_boundary,
Pt 31_FD31_2,Pt 31,Persistence,2,84.35,84.55,0,,89.99,during_reference_event_or_boundary,
Pt 31_FD31_2,Pt 31,Persistence,3,85.85,86.35,0,,89.99,during_reference_event_or_boundary,
Pt 31_FD31_2,Pt 31,AC1,1,61.35,61.5,0,71.90599999999999,60.23,successful_between_events,10.55599999999999
Pt 31_FD31_2,Pt 31,AC1,2,61.65,61.9,0,71.90599999999999,60.23,successful_between_events,10.255999999999993
Pt 31_FD31_2,Pt 31,AC1,3,62.6,63.3,0,71.90599999999999,60.23,successful_between_events,9.30599999999999
Pt 31_FD31_2,Pt 31,AC1,4,73.55,73.8,0,84.23599999999999,81.29,during_reference_event_or_boundary,
Pt 31_FD31_2,Pt 31,AC1,5,74.35,74.65,0,84.23599999999999,81.29,during_reference_event_or_boundary,
Pt 31_FD31_2,Pt 31,AC1,6,75.2,75.95,0,84.23599999999999,81.29,during_reference_event_or_boundary,
Pt 31_FD31_2,Pt 31,AC1,7,78.0,78.25,0,84.23599999999999,81.29,during_reference_event_or_boundary,
Pt 31_FD31_2,Pt 31,AC1,8,78.4,78.65,0,84.23599999999999,81.29,during_reference_event_or_boundary,
Pt 31_FD31_2,Pt 31,AC1,9,82.35,83.0,0,84.23599999999999,81.29,successful_between_events,1.8859999999999957
Pt 31_FD31_2,Pt 31,AC1,10,83.55,84.6,0,84.23599999999999,81.29,successful_between_events,0.6859999999999928
Pt 31_FD31_2,Pt 31,AC1,11,85.75,86.0,0,,89.99,during_reference_event_or_boundary,
Pt 31_FD31_2,Pt 31,AC1,12,86.6,87.0,0,,89.99,during_reference_event_or_boundary,
Pt 31_FD31_2,Pt 31,AC1,13,88.0,88.15,0,,89.99,during_reference_event_or_boundary,
Pt 31_FD31_2,Pt 31,AC1,14,89.6,89.85,1,,89.99,during_reference_event_or_boundary,
Pt 31_FD31_2,Pt 31,Variance,1,61.1,65.95,0,71.90599999999999,60.23,successful_between_events,10.80599999999999
Pt 31_FD31_2,Pt 31,Variance,2,66.95,69.45,0,71.90599999999999,60.23,successful_between_events,4.955999999999989
Pt 31_FD31_2,Pt 31,Variance,3,69.65,70.8,0,71.90599999999999,60.23,successful_between_events,2.255999999999986
Pt 31_FD31_2,Pt 31,Variance,4,71.0,72.35,0,71.90599999999999,60.23,successful_between_events,0.9059999999999917
Pt 31_FD31_2,Pt 31,Variance,5,82.2,82.75,0,84.23599999999999,81.29,successful_between_events,2.035999999999987
Pt 31_FD31_2,Pt 31,Variance,6,83.15,85.15,0,84.23599999999999,81.29,successful_between_events,1.0859999999999843
Pt 31_FD31_2,Pt 31,Recovery,1,61.3,61.65,0,71.90599999999999,60.23,successful_between_events,10.605999999999995
Pt 31_FD31_2,Pt 31,Recovery,2,62.0,62.3,0,71.90599999999999,60.23,successful_between_events,9.905999999999992
Pt 31_FD31_2,Pt 31,Recovery,3,62.6,63.2,0,71.90599999999999,60.23,successful_between_events,9.30599999999999
Pt 31_FD31_2,Pt 31,Recovery,4,71.05,71.25,0,71.90599999999999,60.23,successful_between_events,0.8559999999999945
Pt 31_FD31_2,Pt 31,Recovery,5,73.05,73.2,0,84.23599999999999,81.29,during_reference_event_or_boundary,
Pt 31_FD31_2,Pt 31,Recovery,6,73.5,73.8,0,84.23599999999999,81.29,during_reference_event_or_boundary,
Pt 31_FD31_2,Pt 31,Recovery,7,74.4,74.65,0,84.23599999999999,81.29,during_reference_event_or_boundary,
Pt 31_FD31_2,Pt 31,Recovery,8,75.25,75.5,0,84.23599999999999,81.29,during_reference_event_or_boundary,
Pt 31_FD31_2,Pt 31,Recovery,9,75.8,76.05,0,84.23599999999999,81.29,during_reference_event_or_boundary,
Pt 31_FD31_2,Pt 31,Recovery,10,77.9,78.2,0,84.23599999999999,81.29,during_reference_event_or_boundary,
Pt 31_FD31_2,Pt 31,Recovery,11,78.45,78.6,0,84.23599999999999,81.29,during_reference_event_or_boundary,
Pt 31_FD31_2,Pt 31,Recovery,12,81.65,81.85,0,84.23599999999999,81.29,successful_between_events,2.5859999999999843
Pt 31_FD31_2,Pt 31,Recovery,13,82.3,82.45,0,84.23599999999999,81.29,successful_between_events,1.9359999999999928
Pt 31_FD31_2,Pt 31,Recovery,14,83.6,84.4,0,84.23599999999999,81.29,successful_between_events,0.6359999999999957
Pt 31_FD31_2,Pt 31,Recovery,15,85.3,85.45,0,,89.99,during_reference_event_or_boundary,
Pt 31_FD31_2,Pt 31,Recovery,16,85.7,86.0,0,,89.99,during_reference_event_or_boundary,
Pt 31_FD31_2,Pt 31,Recovery,17,86.75,87.0,0,,89.99,during_reference_event_or_boundary,
Pt 31_FD31_2,Pt 31,Recovery,18,88.0,88.25,0,,89.99,during_reference_event_or_boundary,
Pt 31_FD31_2,Pt 31,Recovery,19,89.35,89.85,1,,89.99,during_reference_event_or_boundary,
Pt 31_FD31_2,Pt 31,Reddening,1,59.7,61.85,0,71.90599999999999,60.23,during_reference_event_or_boundary,
Pt 31_FD31_2,Pt 31,Reddening,2,73.6,75.6,0,84.23599999999999,81.29,during_reference_event_or_boundary,
Pt 31_FD31_2,Pt 31,Reddening,3,77.4,78.6,0,84.23599999999999,81.29,during_reference_event_or_boundary,
Pt 31_FD31_2,Pt 31,Reddening,4,79.6,82.75,0,84.23599999999999,81.29,during_reference_event_or_boundary,
Pt 31_FD31_2,Pt 31,Reddening,5,84.0,84.25,0,84.23599999999999,81.29,successful_between_events,0.23599999999999
Pt 31_FD31_2,Pt 31,Reddening,6,86.0,86.35,0,,89.99,during_reference_event_or_boundary,
Pt 31_FD31_2,Pt 31,Reddening,7,87.45,87.65,0,,89.99,during_reference_event_or_boundary,
Pt 31_FD31_2,Pt 31,Reddening,8,87.95,88.4,0,,89.99,during_reference_event_or_boundary,
Pt 31_FD31_2,Pt 31,State-history,1,70.95,71.15,0,71.90599999999999,60.23,successful_between_events,0.9559999999999889
Pt 31_FD31_2,Pt 31,State-history,2,71.6,71.8,0,71.90599999999999,60.23,successful_between_events,0.3059999999999974
Pt 31_FD31_2,Pt 31,State-history,3,71.95,74.4,0,84.23599999999999,81.29,during_reference_event_or_boundary,
Pt 31_FD31_2,Pt 31,State-history,4,76.0,76.2,0,84.23599999999999,81.29,during_reference_event_or_boundary,
Pt 31_FD31_2,Pt 31,State-history,5,78.0,79.4,0,84.23599999999999,81.29,during_reference_event_or_boundary,
Pt 31_FD31_2,Pt 31,State-history,6,83.9,85.65,0,84.23599999999999,81.29,successful_between_events,0.3359999999999843
Pt 31_FD31_2,Pt 31,State-history,7,85.9,86.85,0,,89.99,during_reference_event_or_boundary,
Pt 31_FD31_2,Pt 31,State-history,8,87.45,87.6,0,,89.99,during_reference_event_or_boundary,
Pt 31_FD31_2,Pt 31,State-history,9,89.15,89.35,0,,89.99,during_reference_event_or_boundary,
Pt 31_FD31_2,Pt 31,AC1_A3T,1,60.55,60.85,0,71.90599999999999,60.23,successful_between_events,11.355999999999995
Pt 31_FD31_2,Pt 31,AC1_A3T,2,61.2,61.4,0,71.90599999999999,60.23,successful_between_events,10.705999999999989
Pt 31_FD31_2,Pt 31,AC1_A3T,3,61.65,62.6,0,71.90599999999999,60.23,successful_between_events,10.255999999999993
Pt 31_FD31_2,Pt 31,AC1_A3T,4,63.0,63.85,0,71.90599999999999,60.23,successful_between_events,8.905999999999992
Pt 31_FD31_2,Pt 31,AC1_A3T,5,64.0,64.4,0,71.90599999999999,60.23,successful_between_events,7.905999999999992
Pt 31_FD31_2,Pt 31,AC1_A3T,6,71.25,71.55,0,71.90599999999999,60.23,successful_between_events,0.6559999999999917
Pt 31_FD31_2,Pt 31,AC1_A3T,7,71.85,72.0,0,71.90599999999999,60.23,successful_between_events,0.055999999999997385
Pt 31_FD31_2,Pt 31,AC1_A3T,8,72.2,72.65,0,84.23599999999999,81.29,during_reference_event_or_boundary,
Pt 31_FD31_2,Pt 31,AC1_A3T,9,73.9,74.25,0,84.23599999999999,81.29,during_reference_event_or_boundary,
Pt 31_FD31_2,Pt 31,AC1_A3T,10,74.5,74.95,0,84.23599999999999,81.29,during_reference_event_or_boundary,
Pt 31_FD31_2,Pt 31,AC1_A3T,11,75.1,75.9,0,84.23599999999999,81.29,during_reference_event_or_boundary,
Pt 31_FD31_2,Pt 31,AC1_A3T,12,76.2,76.45,0,84.23599999999999,81.29,during_reference_event_or_boundary,
Pt 31_FD31_2,Pt 31,AC1_A3T,13,77.1,77.6,0,84.23599999999999,81.29,during_reference_event_or_boundary,
Pt 31_FD31_2,Pt 31,AC1_A3T,14,79.5,79.75,0,84.23599999999999,81.29,during_reference_event_or_boundary,
Pt 31_FD31_2,Pt 31,AC1_A3T,15,81.55,81.85,0,84.23599999999999,81.29,successful_between_events,2.685999999999993
Pt 31_FD31_2,Pt 31,AC1_A3T,16,82.25,82.45,0,84.23599999999999,81.29,successful_between_events,1.98599999999999
Pt 31_FD31_2,Pt 31,AC1_A3T,17,82.65,83.1,0,84.23599999999999,81.29,successful_between_events,1.5859999999999843
Pt 31_FD31_2,Pt 31,AC1_A3T,18,83.35,83.7,0,84.23599999999999,81.29,successful_between_events,0.8859999999999957
Pt 31_FD31_2,Pt 31,AC1_A3T,19,84.05,84.85,0,84.23599999999999,81.29,successful_between_events,0.18599999999999284
Pt 31_FD31_2,Pt 31,AC1_A3T,20,85.25,85.8,0,,89.99,during_reference_event_or_boundary,
Pt 31_FD31_2,Pt 31,AC1_A3T,21,86.2,86.4,0,,89.99,during_reference_event_or_boundary,
Pt 31_FD31_2,Pt 31,AC1_A3T,22,87.4,87.55,0,,89.99,during_reference_event_or_boundary,
Pt 31_FD31_2,Pt 31,AC1_A3T,23,88.0,89.85,1,,89.99,during_reference_event_or_boundary,
Pt 31_FD31_2,Pt 31,AC1_A7T,1,59.6,59.75,0,71.90599999999999,60.23,during_reference_event_or_boundary,
Pt 31_FD31_2,Pt 31,AC1_A7T,2,61.25,64.5,0,71.90599999999999,60.23,successful_between_events,10.655999999999992
Pt 31_FD31_2,Pt 31,AC1_A7T,3,71.75,71.95,0,71.90599999999999,60.23,successful_between_events,0.1559999999999917
Pt 31_FD31_2,Pt 31,AC1_A7T,4,72.35,72.65,0,84.23599999999999,81.29,during_reference_event_or_boundary,
Pt 31_FD31_2,Pt 31,AC1_A7T,5,73.0,73.45,0,84.23599999999999,81.29,during_reference_event_or_boundary,
Pt 31_FD31_2,Pt 31,AC1_A7T,6,73.75,74.55,0,84.23599999999999,81.29,during_reference_event_or_boundary,
Pt 31_FD31_2,Pt 31,AC1_A7T,7,74.8,75.15,0,84.23599999999999,81.29,during_reference_event_or_boundary,
Pt 31_FD31_2,Pt 31,AC1_A7T,8,75.65,76.0,0,84.23599999999999,81.29,during_reference_event_or_boundary,
Pt 31_FD31_2,Pt 31,AC1_A7T,9,76.5,77.35,0,84.23599999999999,81.29,during_reference_event_or_boundary,
Pt 31_FD31_2,Pt 31,AC1_A7T,10,77.75,78.5,0,84.23599999999999,81.29,during_reference_event_or_boundary,
Pt 31_FD31_2,Pt 31,AC1_A7T,11,78.75,79.9,0,84.23599999999999,81.29,during_reference_event_or_boundary,
Pt 31_FD31_2,Pt 31,AC1_A7T,12,81.65,81.85,0,84.23599999999999,81.29,successful_between_events,2.5859999999999843
Pt 31_FD31_2,Pt 31,AC1_A7T,13,82.3,83.15,0,84.23599999999999,81.29,successful_between_events,1.9359999999999928
Pt 31_FD31_2,Pt 31,AC1_A7T,14,83.45,86.25,0,84.23599999999999,81.29,successful_between_events,0.7859999999999872
Pt 31_FD31_2,Pt 31,AC1_A7T,15,86.5,86.85,0,,89.99,during_reference_event_or_boundary,
Pt 31_FD31_2,Pt 31,AC1_A7T,16,87.0,87.35,0,,89.99,during_reference_event_or_boundary,
Pt 31_FD31_2,Pt 31,AC1_A7T,17,87.85,88.3,0,,89.99,during_reference_event_or_boundary,
Pt 31_FD31_2,Pt 31,AC1_A7T,18,88.85,89.85,1,,89.99,during_reference_event_or_boundary,
Pt 31_FD31_2,Pt 31,AC1_RA5T,1,59.6,59.95,0,71.90599999999999,60.23,during_reference_event_or_boundary,
Pt 31_FD31_2,Pt 31,AC1_RA5T,2,60.65,60.85,0,71.90599999999999,60.23,successful_between_events,11.255999999999993
Pt 31_FD31_2,Pt 31,AC1_RA5T,3,61.85,62.55,0,71.90599999999999,60.23,successful_between_events,10.05599999999999
Pt 31_FD31_2,Pt 31,AC1_RA5T,4,62.7,62.85,0,71.90599999999999,60.23,successful_between_events,9.205999999999989
Pt 31_FD31_2,Pt 31,AC1_RA5T,5,74.35,74.7,0,84.23599999999999,81.29,during_reference_event_or_boundary,
Pt 31_FD31_2,Pt 31,AC1_RA5T,6,75.3,75.5,0,84.23599999999999,81.29,during_reference_event_or_boundary,
Pt 31_FD31_2,Pt 31,AC1_RA5T,7,78.05,78.2,0,84.23599999999999,81.29,during_reference_event_or_boundary,
Pt 31_FD31_2,Pt 31,AC1_RA5T,8,78.45,78.6,0,84.23599999999999,81.29,during_reference_event_or_boundary,
Pt 31_FD31_2,Pt 31,AC1_RA5T,9,80.55,80.8,0,84.23599999999999,81.29,during_reference_event_or_boundary,
Pt 31_FD31_2,Pt 31,AC1_RA5T,10,80.95,81.1,0,84.23599999999999,81.29,during_reference_event_or_boundary,
Pt 31_FD31_2,Pt 31,AC1_RA5T,11,85.9,86.1,0,,89.99,during_reference_event_or_boundary,
Pt 31_FD31_2,Pt 31,AC1_RA5T,12,86.65,86.95,0,,89.99,during_reference_event_or_boundary,
Pt 31_FD31_2,Pt 31,AC1_RA5T,13,87.95,88.1,0,,89.99,during_reference_event_or_boundary,
Pt 31_FD31_2,Pt 31,AC1_RA5T,14,89.6,89.85,1,,89.99,during_reference_event_or_boundary,
Pt 31_FD31_2,Pt 31,Recovery_A3T,1,60.6,60.9,0,71.90599999999999,60.23,successful_between_events,11.30599999999999
Pt 31_FD31_2,Pt 31,Recovery_A3T,2,61.45,62.5,0,71.90599999999999,60.23,successful_between_events,10.455999999999989
Pt 31_FD31_2,Pt 31,Recovery_A3T,3,63.0,63.15,0,71.90599999999999,60.23,successful_between_events,8.905999999999992
Pt 31_FD31_2,Pt 31,Recovery_A3T,4,72.35,72.55,0,84.23599999999999,81.29,during_reference_event_or_boundary,
Pt 31_FD31_2,Pt 31,Recovery_A3T,5,73.25,73.45,0,84.23599999999999,81.29,during_reference_event_or_boundary,
Pt 31_FD31_2,Pt 31,Recovery_A3T,6,73.95,74.8,0,84.23599999999999,81.29,during_reference_event_or_boundary,
Pt 31_FD31_2,Pt 31,Recovery_A3T,7,75.35,75.55,0,84.23599999999999,81.29,during_reference_event_or_boundary,
Pt 31_FD31_2,Pt 31,Recovery_A3T,8,76.2,76.35,0,84.23599999999999,81.29,during_reference_event_or_boundary,
Pt 31_FD31_2,Pt 31,Recovery_A3T,9,76.85,77.4,0,84.23599999999999,81.29,during_reference_event_or_boundary,
Pt 31_FD31_2,Pt 31,Recovery_A3T,10,79.45,80.05,0,84.23599999999999,81.29,during_reference_event_or_boundary,
Pt 31_FD31_2,Pt 31,Recovery_A3T,11,80.25,80.8,0,84.23599999999999,81.29,during_reference_event_or_boundary,
Pt 31_FD31_2,Pt 31,Recovery_A3T,12,81.55,81.7,0,84.23599999999999,81.29,successful_between_events,2.685999999999993
Pt 31_FD31_2,Pt 31,Recovery_A3T,13,82.5,83.15,0,84.23599999999999,81.29,successful_between_events,1.73599999999999
Pt 31_FD31_2,Pt 31,Recovery_A3T,14,83.35,83.55,0,84.23599999999999,81.29,successful_between_events,0.8859999999999957
Pt 31_FD31_2,Pt 31,Recovery_A3T,15,84.6,84.8,0,,89.99,during_reference_event_or_boundary,
Pt 31_FD31_2,Pt 31,Recovery_A3T,16,85.5,85.75,0,,89.99,during_reference_event_or_boundary,
Pt 31_FD31_2,Pt 31,Recovery_A3T,17,86.95,87.5,0,,89.99,during_reference_event_or_boundary,
Pt 31_FD31_2,Pt 31,Recovery_A3T,18,88.5,88.7,0,,89.99,during_reference_event_or_boundary,
Pt 31_FD31_2,Pt 31,Recovery_A3T,19,89.0,89.8,0,,89.99,during_reference_event_or_boundary,
Pt 31_FD31_2,Pt 31,Recovery_A7T,1,59.95,60.1,0,71.90599999999999,60.23,during_reference_event_or_boundary,
Pt 31_FD31_2,Pt 31,Recovery_A7T,2,61.35,63.45,0,71.90599999999999,60.23,successful_between_events,10.55599999999999
Pt 31_FD31_2,Pt 31,Recovery_A7T,3,63.85,64.0,0,71.90599999999999,60.23,successful_between_events,8.05599999999999
Pt 31_FD31_2,Pt 31,Recovery_A7T,4,73.8,74.5,0,84.23599999999999,81.29,during_reference_event_or_boundary,
Pt 31_FD31_2,Pt 31,Recovery_A7T,5,74.85,75.05,0,84.23599999999999,81.29,during_reference_event_or_boundary,
Pt 31_FD31_2,Pt 31,Recovery_A7T,6,75.7,75.9,0,84.23599999999999,81.29,during_reference_event_or_boundary,
Pt 31_FD31_2,Pt 31,Recovery_A7T,7,76.65,77.2,0,84.23599999999999,81.29,during_reference_event_or_boundary,
Pt 31_FD31_2,Pt 31,Recovery_A7T,8,77.85,78.05,0,84.23599999999999,81.29,during_reference_event_or_boundary,
Pt 31_FD31_2,Pt 31,Recovery_A7T,9,79.75,79.95,0,84.23599999999999,81.29,during_reference_event_or_boundary,
Pt 31_FD31_2,Pt 31,Recovery_A7T,10,80.15,80.4,0,84.23599999999999,81.29,during_reference_event_or_boundary,
Pt 31_FD31_2,Pt 31,Recovery_A7T,11,82.35,83.25,0,84.23599999999999,81.29,successful_between_events,1.8859999999999957
Pt 31_FD31_2,Pt 31,Recovery_A7T,12,83.6,85.5,0,84.23599999999999,81.29,successful_between_events,0.6359999999999957
Pt 31_FD31_2,Pt 31,Recovery_A7T,13,86.55,86.7,0,,89.99,during_reference_event_or_boundary,
Pt 31_FD31_2,Pt 31,Recovery_A7T,14,87.05,87.25,0,,89.99,during_reference_event_or_boundary,
Pt 31_FD31_2,Pt 31,Recovery_A7T,15,87.9,88.25,0,,89.99,during_reference_event_or_boundary,
Pt 31_FD31_2,Pt 31,Recovery_A7T,16,89.25,89.4,0,,89.99,during_reference_event_or_boundary,
Pt 31_FD31_2,Pt 31,Recovery_RA5T,1,59.6,60.05,0,71.90599999999999,60.23,during_reference_event_or_boundary,
Pt 31_FD31_2,Pt 31,Recovery_RA5T,2,60.5,60.8,0,71.90599999999999,60.23,successful_between_events,11.405999999999992
Pt 31_FD31_2,Pt 31,Recovery_RA5T,3,61.45,62.75,0,71.90599999999999,60.23,successful_between_events,10.455999999999989
Pt 31_FD31_2,Pt 31,Recovery_RA5T,4,73.15,73.9,0,84.23599999999999,81.29,during_reference_event_or_boundary,
Pt 31_FD31_2,Pt 31,Recovery_RA5T,5,74.35,74.6,0,84.23599999999999,81.29,during_reference_event_or_boundary,
Pt 31_FD31_2,Pt 31,Recovery_RA5T,6,75.85,76.15,0,84.23599999999999,81.29,during_reference_event_or_boundary,
Pt 31_FD31_2,Pt 31,Recovery_RA5T,7,77.9,78.05,0,84.23599999999999,81.29,during_reference_event_or_boundary,
Pt 31_FD31_2,Pt 31,Recovery_RA5T,8,80.9,81.5,0,84.23599999999999,81.29,during_reference_event_or_boundary,
Pt 31_FD31_2,Pt 31,Recovery_RA5T,9,82.2,82.45,0,84.23599999999999,81.29,successful_between_events,2.035999999999987
Pt 31_FD31_2,Pt 31,Recovery_RA5T,10,82.9,83.3,0,84.23599999999999,81.29,successful_between_events,1.3359999999999843
Pt 31_FD31_2,Pt 31,Recovery_RA5T,11,83.6,83.85,0,84.23599999999999,81.29,successful_between_events,0.6359999999999957
Pt 31_FD31_2,Pt 31,Recovery_RA5T,12,84.1,84.25,0,84.23599999999999,81.29,successful_between_events,0.13599999999999568
Pt 31_FD31_2,Pt 31,Recovery_RA5T,13,85.55,86.2,0,,89.99,during_reference_event_or_boundary,
Pt 31_FD31_2,Pt 31,Recovery_RA5T,14,86.65,86.85,0,,89.99,during_reference_event_or_boundary,
Pt 31_FD31_2,Pt 31,Recovery_RA5T,15,89.3,89.85,1,,89.99,during_reference_event_or_boundary,
Pt 31_FD31_2,Pt 31,Reddening_A3T,1,59.6,59.85,0,71.90599999999999,60.23,during_reference_event_or_boundary,
Pt 31_FD31_2,Pt 31,Reddening_A3T,2,60.2,61.4,0,71.90599999999999,60.23,during_reference_event_or_boundary,
Pt 31_FD31_2,Pt 31,Reddening_A3T,3,72.5,72.75,0,84.23599999999999,81.29,during_reference_event_or_boundary,
Pt 31_FD31_2,Pt 31,Reddening_A3T,4,73.3,73.75,0,84.23599999999999,81.29,during_reference_event_or_boundary,
Pt 31_FD31_2,Pt 31,Reddening_A3T,5,74.25,75.0,0,84.23599999999999,81.29,during_reference_event_or_boundary,
Pt 31_FD31_2,Pt 31,Reddening_A3T,6,76.2,76.5,0,84.23599999999999,81.29,during_reference_event_or_boundary,
Pt 31_FD31_2,Pt 31,Reddening_A3T,7,77.0,77.7,0,84.23599999999999,81.29,during_reference_event_or_boundary,
Pt 31_FD31_2,Pt 31,Reddening_A3T,8,79.25,82.45,0,84.23599999999999,81.29,during_reference_event_or_boundary,
Pt 31_FD31_2,Pt 31,Reddening_A3T,9,85.5,86.55,0,,89.99,during_reference_event_or_boundary,
Pt 31_FD31_2,Pt 31,Reddening_A3T,10,87.4,87.55,0,,89.99,during_reference_event_or_boundary,
Pt 31_FD31_2,Pt 31,Reddening_A3T,11,89.4,89.85,1,,89.99,during_reference_event_or_boundary,
Pt 31_FD31_2,Pt 31,Reddening_A7T,1,59.6,62.05,0,71.90599999999999,60.23,during_reference_event_or_boundary,
Pt 31_FD31_2,Pt 31,Reddening_A7T,2,74.45,75.65,0,84.23599999999999,81.29,during_reference_event_or_boundary,
Pt 31_FD31_2,Pt 31,Reddening_A7T,3,80.45,83.0,0,84.23599999999999,81.29,during_reference_event_or_boundary,
Pt 31_FD31_2,Pt 31,Reddening_A7T,4,87.2,87.6,0,,89.99,during_reference_event_or_boundary,
Pt 31_FD31_2,Pt 31,Reddening_RA5T,1,59.6,60.5,0,71.90599999999999,60.23,during_reference_event_or_boundary,
Pt 31_FD31_2,Pt 31,Reddening_RA5T,2,62.25,63.25,0,71.90599999999999,60.23,successful_between_events,9.655999999999992
Pt 31_FD31_2,Pt 31,Reddening_RA5T,3,73.85,75.4,0,84.23599999999999,81.29,during_reference_event_or_boundary,
Pt 31_FD31_2,Pt 31,Reddening_RA5T,4,77.7,78.4,0,84.23599999999999,81.29,during_reference_event_or_boundary,
Pt 31_FD31_2,Pt 31,Reddening_RA5T,5,79.8,81.65,0,84.23599999999999,81.29,during_reference_event_or_boundary,
Pt 31_FD31_2,Pt 31,Reddening_RA5T,6,82.9,84.4,0,84.23599999999999,81.29,successful_between_events,1.3359999999999843
Pt 31_FD31_2,Pt 31,Variance_A3T,1,61.1,64.7,0,71.90599999999999,60.23,successful_between_events,10.80599999999999
Pt 31_FD31_2,Pt 31,Variance_A3T,2,65.6,71.7,0,71.90599999999999,60.23,successful_between_events,6.305999999999997
Pt 31_FD31_2,Pt 31,Variance_A3T,3,82.5,83.95,0,84.23599999999999,81.29,successful_between_events,1.73599999999999
Pt 31_FD31_2,Pt 31,Variance_A7T,1,61.05,74.75,0,71.90599999999999,60.23,successful_between_events,10.855999999999995
Pt 31_FD31_2,Pt 31,Variance_A7T,2,82.15,87.0,0,84.23599999999999,81.29,successful_between_events,2.0859999999999843
Pt 31_FD31_2,Pt 31,Variance_RA5T,1,60.25,63.35,0,71.90599999999999,60.23,successful_between_events,11.655999999999992
Pt 31_FD31_2,Pt 31,Variance_RA5T,2,71.1,72.55,0,71.90599999999999,60.23,successful_between_events,0.8059999999999974
Pt 31_FD31_2,Pt 31,Variance_RA5T,3,73.3,74.25,0,84.23599999999999,81.29,during_reference_event_or_boundary,
Pt 31_FD31_2,Pt 31,Variance_RA5T,4,80.6,81.7,0,84.23599999999999,81.29,during_reference_event_or_boundary,
Pt 31_FD31_2,Pt 31,Variance_RA5T,5,82.7,87.15,0,84.23599999999999,81.29,successful_between_events,1.5359999999999872
Pt 32_FD32_1,Pt 32,Persistence,1,59.6,60.15,0,68.866,67.51,during_reference_event_or_boundary,
Pt 32_FD32_1,Pt 32,Persistence,2,60.55,61.5,0,68.866,67.51,during_reference_event_or_boundary,
Pt 32_FD32_1,Pt 32,Persistence,3,62.95,63.65,0,68.866,67.51,during_reference_event_or_boundary,
Pt 32_FD32_1,Pt 32,Persistence,4,66.3,66.5,0,68.866,67.51,during_reference_event_or_boundary,
Pt 32_FD32_1,Pt 32,Persistence,5,78.5,78.85,0,86.17599999999999,84.82,during_reference_event_or_boundary,
Pt 32_FD32_1,Pt 32,Persistence,6,79.15,81.4,0,86.17599999999999,84.82,during_reference_event_or_boundary,
Pt 32_FD32_1,Pt 32,Persistence,7,82.35,83.15,0,86.17599999999999,84.82,during_reference_event_or_boundary,
Pt 32_FD32_1,Pt 32,Persistence,8,86.55,87.1,0,,89.99,during_reference_event_or_boundary,
Pt 32_FD32_1,Pt 32,Persistence,9,89.6,89.85,1,,89.99,during_reference_event_or_boundary,
Pt 32_FD32_1,Pt 32,AC1,1,66.75,67.45,0,68.866,67.51,during_reference_event_or_boundary,
Pt 32_FD32_1,Pt 32,AC1,2,70.65,72.0,0,76.48599999999999,75.13,during_reference_event_or_boundary,
Pt 32_FD32_1,Pt 32,AC1,3,77.15,77.95,0,86.17599999999999,84.82,during_reference_event_or_boundary,
Pt 32_FD32_1,Pt 32,AC1,4,78.75,81.3,0,86.17599999999999,84.82,during_reference_event_or_boundary,
Pt 32_FD32_1,Pt 32,AC1,5,82.1,82.3,0,86.17599999999999,84.82,during_reference_event_or_boundary,
Pt 32_FD32_1,Pt 32,AC1,6,88.35,88.55,0,,89.99,during_reference_event_or_boundary,
Pt 32_FD32_1,Pt 32,AC1,7,89.2,89.85,1,,89.99,during_reference_event_or_boundary,
Pt 32_FD32_1,Pt 32,Recovery,1,63.85,64.0,0,68.866,67.51,during_reference_event_or_boundary,
Pt 32_FD32_1,Pt 32,Recovery,2,64.2,64.35,0,68.866,67.51,during_reference_event_or_boundary,
Pt 32_FD32_1,Pt 32,Recovery,3,66.55,67.55,0,68.866,67.51,during_reference_event_or_boundary,
Pt 32_FD32_1,Pt 32,Recovery,4,68.95,69.45,0,76.48599999999999,75.13,during_reference_event_or_boundary,
Pt 32_FD32_1,Pt 32,Recovery,5,70.0,71.55,0,76.48599999999999,75.13,during_reference_event_or_boundary,
Pt 32_FD32_1,Pt 32,Recovery,6,77.15,77.35,0,86.17599999999999,84.82,during_reference_event_or_boundary,
Pt 32_FD32_1,Pt 32,Recovery,7,77.9,78.15,0,86.17599999999999,84.82,during_reference_event_or_boundary,
Pt 32_FD32_1,Pt 32,Recovery,8,78.8,80.4,0,86.17599999999999,84.82,during_reference_event_or_boundary,
Pt 32_FD32_1,Pt 32,Recovery,9,82.05,82.3,0,86.17599999999999,84.82,during_reference_event_or_boundary,
Pt 32_FD32_1,Pt 32,Recovery,10,86.55,86.85,0,,89.99,during_reference_event_or_boundary,
Pt 32_FD32_1,Pt 32,Recovery,11,88.3,88.65,0,,89.99,during_reference_event_or_boundary,
Pt 32_FD32_1,Pt 32,Recovery,12,88.9,89.85,1,,89.99,during_reference_event_or_boundary,
Pt 32_FD32_1,Pt 32,Reddening,1,59.9,61.4,0,68.866,67.51,during_reference_event_or_boundary,
Pt 32_FD32_1,Pt 32,Reddening,2,65.25,67.45,0,68.866,67.51,during_reference_event_or_boundary,
Pt 32_FD32_1,Pt 32,Reddening,3,68.15,70.1,0,68.866,67.51,successful_between_events,0.715999999999994
Pt 32_FD32_1,Pt 32,Reddening,4,73.45,75.45,0,76.48599999999999,75.13,during_reference_event_or_boundary,
Pt 32_FD32_1,Pt 32,Reddening,5,75.65,78.0,0,76.48599999999999,75.13,successful_between_events,0.8359999999999843
Pt 32_FD32_1,Pt 32,Reddening,6,79.05,83.55,0,86.17599999999999,84.82,during_reference_event_or_boundary,
Pt 32_FD32_1,Pt 32,Reddening,7,85.2,87.2,0,86.17599999999999,84.82,successful_between_events,0.9759999999999849
Pt 32_FD32_1,Pt 32,Reddening,8,88.0,89.85,1,,89.99,during_reference_event_or_boundary,
Pt 32_FD32_1,Pt 32,State-history,1,59.65,61.85,0,68.866,67.51,during_reference_event_or_boundary,
Pt 32_FD32_1,Pt 32,State-history,2,62.7,63.6,0,68.866,67.51,during_reference_event_or_boundary,
Pt 32_FD32_1,Pt 32,State-history,3,71.05,71.4,0,76.48599999999999,75.13,during_reference_event_or_boundary,
Pt 32_FD32_1,Pt 32,State-history,4,78.5,81.45,0,86.17599999999999,84.82,during_reference_event_or_boundary,
Pt 32_FD32_1,Pt 32,State-history,5,82.35,83.15,0,86.17599999999999,84.82,during_reference_event_or_boundary,
Pt 32_FD32_1,Pt 32,State-history,6,86.05,86.3,0,86.17599999999999,84.82,successful_between_events,0.12599999999999056
Pt 32_FD32_1,Pt 32,State-history,7,86.5,87.15,0,,89.99,during_reference_event_or_boundary,
Pt 32_FD32_1,Pt 32,State-history,8,89.15,89.85,1,,89.99,during_reference_event_or_boundary,
Pt 32_FD32_1,Pt 32,AC1_A3T,1,60.15,60.7,0,68.866,67.51,during_reference_event_or_boundary,
Pt 32_FD32_1,Pt 32,AC1_A3T,2,61.35,61.6,0,68.866,67.51,during_reference_event_or_boundary,
Pt 32_FD32_1,Pt 32,AC1_A3T,3,64.45,64.8,0,68.866,67.51,during_reference_event_or_boundary,
Pt 32_FD32_1,Pt 32,AC1_A3T,4,66.5,67.45,0,68.866,67.51,during_reference_event_or_boundary,
Pt 32_FD32_1,Pt 32,AC1_A3T,5,69.4,70.65,0,76.48599999999999,75.13,during_reference_event_or_boundary,
Pt 32_FD32_1,Pt 32,AC1_A3T,6,75.65,75.85,0,76.48599999999999,75.13,successful_between_events,0.8359999999999843
Pt 32_FD32_1,Pt 32,AC1_A3T,7,77.05,77.35,0,86.17599999999999,84.82,during_reference_event_or_boundary,
Pt 32_FD32_1,Pt 32,AC1_A3T,8,77.6,78.05,0,86.17599999999999,84.82,during_reference_event_or_boundary,
Pt 32_FD32_1,Pt 32,AC1_A3T,9,78.4,79.25,0,86.17599999999999,84.82,during_reference_event_or_boundary,
Pt 32_FD32_1,Pt 32,AC1_A3T,10,82.05,82.25,0,86.17599999999999,84.82,during_reference_event_or_boundary,
Pt 32_FD32_1,Pt 32,AC1_A3T,11,83.45,83.95,0,86.17599999999999,84.82,during_reference_event_or_boundary,
Pt 32_FD32_1,Pt 32,AC1_A3T,12,84.65,85.0,0,86.17599999999999,84.82,during_reference_event_or_boundary,
Pt 32_FD32_1,Pt 32,AC1_A3T,13,85.65,86.3,0,86.17599999999999,84.82,successful_between_events,0.525999999999982
Pt 32_FD32_1,Pt 32,AC1_A3T,14,88.95,89.85,1,,89.99,during_reference_event_or_boundary,
Pt 32_FD32_1,Pt 32,AC1_A7T,1,59.6,61.1,0,68.866,67.51,during_reference_event_or_boundary,
Pt 32_FD32_1,Pt 32,AC1_A7T,2,62.95,63.1,0,68.866,67.51,during_reference_event_or_boundary,
Pt 32_FD32_1,Pt 32,AC1_A7T,3,65.7,66.55,0,68.866,67.51,during_reference_event_or_boundary,
Pt 32_FD32_1,Pt 32,AC1_A7T,4,67.25,67.45,0,68.866,67.51,during_reference_event_or_boundary,
Pt 32_FD32_1,Pt 32,AC1_A7T,5,69.6,69.75,0,76.48599999999999,75.13,during_reference_event_or_boundary,
Pt 32_FD32_1,Pt 32,AC1_A7T,6,70.8,74.1,0,76.48599999999999,75.13,during_reference_event_or_boundary,
Pt 32_FD32_1,Pt 32,AC1_A7T,7,77.2,77.55,0,86.17599999999999,84.82,during_reference_event_or_boundary,
Pt 32_FD32_1,Pt 32,AC1_A7T,8,77.8,78.15,0,86.17599999999999,84.82,during_reference_event_or_boundary,
Pt 32_FD32_1,Pt 32,AC1_A7T,9,78.65,83.65,0,86.17599999999999,84.82,during_reference_event_or_boundary,
Pt 32_FD32_1,Pt 32,AC1_A7T,10,84.2,84.5,0,86.17599999999999,84.82,during_reference_event_or_boundary,
Pt 32_FD32_1,Pt 32,AC1_A7T,11,88.4,88.6,0,,89.99,during_reference_event_or_boundary,
Pt 32_FD32_1,Pt 32,AC1_A7T,12,89.1,89.5,0,,89.99,during_reference_event_or_boundary,
Pt 32_FD32_1,Pt 32,AC1_RA5T,1,60.7,60.95,0,68.866,67.51,during_reference_event_or_boundary,
Pt 32_FD32_1,Pt 32,AC1_RA5T,2,65.55,65.8,0,68.866,67.51,during_reference_event_or_boundary,
Pt 32_FD32_1,Pt 32,AC1_RA5T,3,66.7,67.55,0,68.866,67.51,during_reference_event_or_boundary,
Pt 32_FD32_1,Pt 32,AC1_RA5T,4,67.85,69.05,0,68.866,67.51,successful_between_events,1.0160000000000053
Pt 32_FD32_1,Pt 32,AC1_RA5T,5,69.25,70.05,0,76.48599999999999,75.13,during_reference_event_or_boundary,
Pt 32_FD32_1,Pt 32,AC1_RA5T,6,70.6,72.1,0,76.48599999999999,75.13,during_reference_event_or_boundary,
Pt 32_FD32_1,Pt 32,AC1_RA5T,7,73.45,73.9,0,76.48599999999999,75.13,during_reference_event_or_boundary,
Pt 32_FD32_1,Pt 32,AC1_RA5T,8,74.65,75.05,0,76.48599999999999,75.13,during_reference_event_or_boundary,
Pt 32_FD32_1,Pt 32,AC1_RA5T,9,77.25,78.05,0,86.17599999999999,84.82,during_reference_event_or_boundary,
Pt 32_FD32_1,Pt 32,AC1_RA5T,10,78.85,81.4,0,86.17599999999999,84.82,during_reference_event_or_boundary,
Pt 32_FD32_1,Pt 32,AC1_RA5T,11,81.95,83.0,0,86.17599999999999,84.82,during_reference_event_or_boundary,
Pt 32_FD32_1,Pt 32,AC1_RA5T,12,84.95,85.3,0,86.17599999999999,84.82,successful_between_events,1.2259999999999849
Pt 32_FD32_1,Pt 32,AC1_RA5T,13,85.6,86.3,0,86.17599999999999,84.82,successful_between_events,0.5759999999999934
Pt 32_FD32_1,Pt 32,AC1_RA5T,14,87.05,87.3,0,,89.99,during_reference_event_or_boundary,
Pt 32_FD32_1,Pt 32,AC1_RA5T,15,88.15,88.6,0,,89.99,during_reference_event_or_boundary,
Pt 32_FD32_1,Pt 32,AC1_RA5T,16,89.0,89.85,1,,89.99,during_reference_event_or_boundary,
Pt 32_FD32_1,Pt 32,Recovery_A3T,1,61.95,62.1,0,68.866,67.51,during_reference_event_or_boundary,
Pt 32_FD32_1,Pt 32,Recovery_A3T,2,66.6,66.8,0,68.866,67.51,during_reference_event_or_boundary,
Pt 32_FD32_1,Pt 32,Recovery_A3T,3,69.3,70.15,0,76.48599999999999,75.13,during_reference_event_or_boundary,
Pt 32_FD32_1,Pt 32,Recovery_A3T,4,75.9,76.1,0,76.48599999999999,75.13,successful_between_events,0.5859999999999843
Pt 32_FD32_1,Pt 32,Recovery_A3T,5,77.5,77.95,0,86.17599999999999,84.82,during_reference_event_or_boundary,
Pt 32_FD32_1,Pt 32,Recovery_A3T,6,78.6,79.0,0,86.17599999999999,84.82,during_reference_event_or_boundary,
Pt 32_FD32_1,Pt 32,Recovery_A3T,7,81.65,81.8,0,86.17599999999999,84.82,during_reference_event_or_boundary,
Pt 32_FD32_1,Pt 32,Recovery_A3T,8,84.6,84.9,0,86.17599999999999,84.82,during_reference_event_or_boundary,
Pt 32_FD32_1,Pt 32,Recovery_A3T,9,89.05,89.85,1,,89.99,during_reference_event_or_boundary,
Pt 32_FD32_1,Pt 32,Recovery_A7T,1,65.65,65.85,0,68.866,67.51,during_reference_event_or_boundary,
Pt 32_FD32_1,Pt 32,Recovery_A7T,2,66.1,66.55,0,68.866,67.51,during_reference_event_or_boundary,
Pt 32_FD32_1,Pt 32,Recovery_A7T,3,69.05,69.35,0,76.48599999999999,75.13,during_reference_event_or_boundary,
Pt 32_FD32_1,Pt 32,Recovery_A7T,4,70.1,72.45,0,76.48599999999999,75.13,during_reference_event_or_boundary,
Pt 32_FD32_1,Pt 32,Recovery_A7T,5,77.2,77.4,0,86.17599999999999,84.82,during_reference_event_or_boundary,
Pt 32_FD32_1,Pt 32,Recovery_A7T,6,78.0,78.25,0,86.17599999999999,84.82,during_reference_event_or_boundary,
Pt 32_FD32_1,Pt 32,Recovery_A7T,7,78.65,82.5,0,86.17599999999999,84.82,during_reference_event_or_boundary,
Pt 32_FD32_1,Pt 32,Recovery_A7T,8,83.15,83.5,0,86.17599999999999,84.82,during_reference_event_or_boundary,
Pt 32_FD32_1,Pt 32,Recovery_A7T,9,84.2,84.55,0,86.17599999999999,84.82,during_reference_event_or_boundary,
Pt 32_FD32_1,Pt 32,Recovery_A7T,10,88.6,89.85,1,,89.99,during_reference_event_or_boundary,
Pt 32_FD32_1,Pt 32,Recovery_RA5T,1,64.25,64.45,0,68.866,67.51,during_reference_event_or_boundary,
Pt 32_FD32_1,Pt 32,Recovery_RA5T,2,65.0,65.15,0,68.866,67.51,during_reference_event_or_boundary,
Pt 32_FD32_1,Pt 32,Recovery_RA5T,3,65.5,65.65,0,68.866,67.51,during_reference_event_or_boundary,
Pt 32_FD32_1,Pt 32,Recovery_RA5T,4,66.75,67.6,0,68.866,67.51,during_reference_event_or_boundary,
Pt 32_FD32_1,Pt 32,Recovery_RA5T,5,68.3,70.15,0,68.866,67.51,successful_between_events,0.5660000000000025
Pt 32_FD32_1,Pt 32,Recovery_RA5T,6,70.6,71.85,0,76.48599999999999,75.13,during_reference_event_or_boundary,
Pt 32_FD32_1,Pt 32,Recovery_RA5T,7,73.25,73.7,0,76.48599999999999,75.13,during_reference_event_or_boundary,
Pt 32_FD32_1,Pt 32,Recovery_RA5T,8,76.75,77.55,0,86.17599999999999,84.82,during_reference_event_or_boundary,
Pt 32_FD32_1,Pt 32,Recovery_RA5T,9,78.8,80.2,0,86.17599999999999,84.82,during_reference_event_or_boundary,
Pt 32_FD32_1,Pt 32,Recovery_RA5T,10,80.95,81.25,0,86.17599999999999,84.82,during_reference_event_or_boundary,
Pt 32_FD32_1,Pt 32,Recovery_RA5T,11,82.1,82.8,0,86.17599999999999,84.82,during_reference_event_or_boundary,
Pt 32_FD32_1,Pt 32,Recovery_RA5T,12,84.0,84.35,0,86.17599999999999,84.82,during_reference_event_or_boundary,
Pt 32_FD32_1,Pt 32,Recovery_RA5T,13,85.3,85.6,0,86.17599999999999,84.82,successful_between_events,0.8759999999999906
Pt 32_FD32_1,Pt 32,Recovery_RA5T,14,86.4,87.2,0,,89.99,during_reference_event_or_boundary,
Pt 32_FD32_1,Pt 32,Recovery_RA5T,15,87.4,87.8,0,,89.99,during_reference_event_or_boundary,
Pt 32_FD32_1,Pt 32,Recovery_RA5T,16,88.1,88.7,0,,89.99,during_reference_event_or_boundary,
Pt 32_FD32_1,Pt 32,Recovery_RA5T,17,88.85,89.35,0,,89.99,during_reference_event_or_boundary,
Pt 32_FD32_1,Pt 32,Recovery_RA5T,18,89.55,89.85,1,,89.99,during_reference_event_or_boundary,
Pt 32_FD32_1,Pt 32,Reddening_A3T,1,65.35,65.65,0,68.866,67.51,during_reference_event_or_boundary,
Pt 32_FD32_1,Pt 32,Reddening_A3T,2,67.65,69.15,0,68.866,67.51,successful_between_events,1.215999999999994
Pt 32_FD32_1,Pt 32,Reddening_A3T,3,72.65,73.3,0,76.48599999999999,75.13,during_reference_event_or_boundary,
Pt 32_FD32_1,Pt 32,Reddening_A3T,4,74.15,76.05,0,76.48599999999999,75.13,during_reference_event_or_boundary,
Pt 32_FD32_1,Pt 32,Reddening_A3T,5,76.7,77.3,0,86.17599999999999,84.82,during_reference_event_or_boundary,
Pt 32_FD32_1,Pt 32,Reddening_A3T,6,78.5,81.1,0,86.17599999999999,84.82,during_reference_event_or_boundary,
Pt 32_FD32_1,Pt 32,Reddening_A3T,7,84.3,85.45,0,86.17599999999999,84.82,during_reference_event_or_boundary,
Pt 32_FD32_1,Pt 32,Reddening_A3T,8,87.8,89.85,1,,89.99,during_reference_event_or_boundary,
Pt 32_FD32_1,Pt 32,Reddening_A7T,1,61.8,63.55,0,68.866,67.51,during_reference_event_or_boundary,
Pt 32_FD32_1,Pt 32,Reddening_A7T,2,65.5,67.6,0,68.866,67.51,during_reference_event_or_boundary,
Pt 32_FD32_1,Pt 32,Reddening_A7T,3,68.35,70.6,0,68.866,67.51,successful_between_events,0.5160000000000053
Pt 32_FD32_1,Pt 32,Reddening_A7T,4,75.35,78.5,0,76.48599999999999,75.13,successful_between_events,1.1359999999999957
Pt 32_FD32_1,Pt 32,Reddening_A7T,5,79.6,85.65,0,86.17599999999999,84.82,during_reference_event_or_boundary,
Pt 32_FD32_1,Pt 32,Reddening_RA5T,1,59.6,61.25,0,68.866,67.51,during_reference_event_or_boundary,
Pt 32_FD32_1,Pt 32,Reddening_RA5T,2,66.6,71.8,0,68.866,67.51,during_reference_event_or_boundary,
Pt 32_FD32_1,Pt 32,Reddening_RA5T,3,73.6,77.1,0,76.48599999999999,75.13,during_reference_event_or_boundary,
Pt 32_FD32_1,Pt 32,Reddening_RA5T,4,79.25,83.6,0,86.17599999999999,84.82,during_reference_event_or_boundary,
Pt 32_FD32_1,Pt 32,Reddening_RA5T,5,85.55,87.3,0,86.17599999999999,84.82,successful_between_events,0.6259999999999906
Pt 32_FD32_1,Pt 32,Variance_RA5T,1,70.4,72.4,0,76.48599999999999,75.13,during_reference_event_or_boundary,
Pt 32_FD32_1,Pt 32,Variance_RA5T,2,78.4,81.75,0,86.17599999999999,84.82,during_reference_event_or_boundary,
Pt 32_FD32_1,Pt 32,Variance_RA5T,3,82.1,82.7,0,86.17599999999999,84.82,during_reference_event_or_boundary,
Pt 33_FD33_1,Pt 33,Persistence,1,66.1,66.65,0,71.806,34.46,successful_between_events,5.706000000000003
Pt 33_FD33_1,Pt 33,Persistence,2,68.65,69.5,0,71.806,34.46,successful_between_events,3.1559999999999917
Pt 33_FD33_1,Pt 33,Persistence,3,71.4,72.4,0,71.806,34.46,successful_between_events,0.4059999999999917
Pt 33_FD33_1,Pt 33,Persistence,4,77.45,77.7,0,85.116,72.26,successful_between_events,7.665999999999997
Pt 33_FD33_1,Pt 33,Persistence,5,78.1,79.5,0,85.116,72.26,successful_between_events,7.016000000000005
Pt 33_FD33_1,Pt 33,Persistence,6,84.85,88.6,0,85.116,72.26,successful_between_events,0.26600000000000534
Pt 33_FD33_1,Pt 33,Persistence,7,89.9,94.85,0,91.15599999999999,87.86,successful_between_events,1.255999999999986
Pt 33_FD33_1,Pt 33,AC1,1,68.15,68.4,0,71.806,34.46,successful_between_events,3.6559999999999917
Pt 33_FD33_1,Pt 33,AC1,2,69.4,69.95,0,71.806,34.46,successful_between_events,2.4059999999999917
Pt 33_FD33_1,Pt 33,AC1,3,70.4,71.95,0,71.806,34.46,successful_between_events,1.4059999999999917
Pt 33_FD33_1,Pt 33,AC1,4,72.5,72.7,0,85.116,72.26,successful_between_events,12.616
Pt 33_FD33_1,Pt 33,AC1,5,73.45,74.1,0,85.116,72.26,successful_between_events,11.665999999999997
Pt 33_FD33_1,Pt 33,AC1,6,82.0,83.0,0,85.116,72.26,successful_between_events,3.1159999999999997
Pt 33_FD33_1,Pt 33,AC1,7,87.95,88.2,0,91.15599999999999,87.86,successful_between_events,3.205999999999989
Pt 33_FD33_1,Pt 33,AC1,8,91.7,92.1,0,,95.66,during_reference_event_or_boundary,
Pt 33_FD33_1,Pt 33,AC1,9,94.6,94.75,0,,95.66,during_reference_event_or_boundary,
Pt 33_FD33_1,Pt 33,AC1,10,96.25,96.4,0,,95.66,no_later_onset_observed,
Pt 33_FD33_1,Pt 33,Variance,1,72.95,74.55,0,85.116,72.26,successful_between_events,12.165999999999997
Pt 33_FD33_1,Pt 33,Variance,2,75.55,76.3,0,85.116,72.26,successful_between_events,9.566000000000003
Pt 33_FD33_1,Pt 33,Variance,3,79.85,83.45,0,85.116,72.26,successful_between_events,5.266000000000005
Pt 33_FD33_1,Pt 33,Variance,4,84.85,86.0,0,85.116,72.26,successful_between_events,0.26600000000000534
Pt 33_FD33_1,Pt 33,Recovery,1,66.1,66.25,0,71.806,34.46,successful_between_events,5.706000000000003
Pt 33_FD33_1,Pt 33,Recovery,2,66.75,67.1,0,71.806,34.46,successful_between_events,5.055999999999997
Pt 33_FD33_1,Pt 33,Recovery,3,67.9,68.2,0,71.806,34.46,successful_between_events,3.9059999999999917
Pt 33_FD33_1,Pt 33,Recovery,4,68.95,69.45,0,71.806,34.46,successful_between_events,2.8559999999999945
Pt 33_FD33_1,Pt 33,Recovery,5,73.05,73.65,0,85.116,72.26,successful_between_events,12.066000000000003
Pt 33_FD33_1,Pt 33,Recovery,6,75.7,75.85,0,85.116,72.26,successful_between_events,9.415999999999997
Pt 33_FD33_1,Pt 33,Recovery,7,80.35,80.55,0,85.116,72.26,successful_between_events,4.766000000000005
Pt 33_FD33_1,Pt 33,Recovery,8,81.4,82.1,0,85.116,72.26,successful_between_events,3.715999999999994
Pt 33_FD33_1,Pt 33,Recovery,9,87.95,88.15,0,91.15599999999999,87.86,successful_between_events,3.205999999999989
Pt 33_FD33_1,Pt 33,Recovery,10,91.05,91.2,0,91.15599999999999,87.86,successful_between_events,0.10599999999999454
Pt 33_FD33_1,Pt 33,Recovery,11,92.95,93.1,0,,95.66,during_reference_event_or_boundary,
Pt 33_FD33_1,Pt 33,Reddening,1,70.35,70.9,0,71.806,34.46,successful_between_events,1.456000000000003
Pt 33_FD33_1,Pt 33,Reddening,2,72.25,74.1,0,85.116,72.26,during_reference_event_or_boundary,
Pt 33_FD33_1,Pt 33,Reddening,3,80.55,81.2,0,85.116,72.26,successful_between_events,4.5660000000000025
Pt 33_FD33_1,Pt 33,Reddening,4,82.05,83.25,0,85.116,72.26,successful_between_events,3.0660000000000025
Pt 33_FD33_1,Pt 33,Reddening,5,87.85,88.4,0,91.15599999999999,87.86,during_reference_event_or_boundary,
Pt 33_FD33_1,Pt 33,Reddening,6,95.65,96.9,0,,95.66,during_reference_event_or_boundary,
Pt 33_FD33_1,Pt 33,State-history,1,66.1,66.4,0,71.806,34.46,successful_between_events,5.706000000000003
Pt 33_FD33_1,Pt 33,State-history,2,68.5,69.5,0,71.806,34.46,successful_between_events,3.3059999999999974
Pt 33_FD33_1,Pt 33,State-history,3,70.85,72.4,0,71.806,34.46,successful_between_events,0.9560000000000031
Pt 33_FD33_1,Pt 33,State-history,4,75.65,75.85,0,85.116,72.26,successful_between_events,9.465999999999994
Pt 33_FD33_1,Pt 33,State-history,5,77.2,77.8,0,85.116,72.26,successful_between_events,7.915999999999997
Pt 33_FD33_1,Pt 33,State-history,6,78.1,79.5,0,85.116,72.26,successful_between_events,7.016000000000005
Pt 33_FD33_1,Pt 33,State-history,7,83.65,83.8,0,85.116,72.26,successful_between_events,1.465999999999994
Pt 33_FD33_1,Pt 33,State-history,8,84.75,88.6,0,85.116,72.26,successful_between_events,0.36599999999999966
Pt 33_FD33_1,Pt 33,State-history,9,89.9,93.5,0,91.15599999999999,87.86,successful_between_events,1.255999999999986
Pt 33_FD33_1,Pt 33,State-history,10,93.65,94.85,0,,95.66,during_reference_event_or_boundary,
Pt 33_FD33_1,Pt 33,State-history,11,98.7,98.9,0,,95.66,no_later_onset_observed,
Pt 33_FD33_1,Pt 33,AC1_A3T,1,69.05,69.5,0,71.806,34.46,successful_between_events,2.7560000000000002
Pt 33_FD33_1,Pt 33,AC1_A3T,2,69.9,70.6,0,71.806,34.46,successful_between_events,1.9059999999999917
Pt 33_FD33_1,Pt 33,AC1_A3T,3,71.0,71.5,0,71.806,34.46,successful_between_events,0.8059999999999974
Pt 33_FD33_1,Pt 33,AC1_A3T,4,73.05,73.5,0,85.116,72.26,successful_between_events,12.066000000000003
Pt 33_FD33_1,Pt 33,AC1_A3T,5,74.15,74.55,0,85.116,72.26,successful_between_events,10.965999999999994
Pt 33_FD33_1,Pt 33,AC1_A3T,6,76.55,77.35,0,85.116,72.26,successful_between_events,8.566000000000003
Pt 33_FD33_1,Pt 33,AC1_A3T,7,77.6,78.1,0,85.116,72.26,successful_between_events,7.516000000000005
Pt 33_FD33_1,Pt 33,AC1_A3T,8,80.1,80.45,0,85.116,72.26,successful_between_events,5.016000000000005
Pt 33_FD33_1,Pt 33,AC1_A3T,9,81.3,81.75,0,85.116,72.26,successful_between_events,3.8160000000000025
Pt 33_FD33_1,Pt 33,AC1_A3T,10,82.55,83.05,0,85.116,72.26,successful_between_events,2.5660000000000025
Pt 33_FD33_1,Pt 33,AC1_A3T,11,83.8,84.25,0,85.116,72.26,successful_between_events,1.3160000000000025
Pt 33_FD33_1,Pt 33,AC1_A3T,12,84.55,86.1,0,85.116,72.26,successful_between_events,0.5660000000000025
Pt 33_FD33_1,Pt 33,AC1_A3T,13,86.35,86.85,0,91.15599999999999,87.86,during_reference_event_or_boundary,
Pt 33_FD33_1,Pt 33,AC1_A3T,14,87.6,88.6,0,91.15599999999999,87.86,during_reference_event_or_boundary,
Pt 33_FD33_1,Pt 33,AC1_A3T,15,91.0,91.2,0,91.15599999999999,87.86,successful_between_events,0.1559999999999917
Pt 33_FD33_1,Pt 33,AC1_A3T,16,91.8,92.05,0,,95.66,during_reference_event_or_boundary,
Pt 33_FD33_1,Pt 33,AC1_A3T,17,93.4,93.8,0,,95.66,during_reference_event_or_boundary,
Pt 33_FD33_1,Pt 33,AC1_A3T,18,94.25,94.8,0,,95.66,during_reference_event_or_boundary,
Pt 33_FD33_1,Pt 33,AC1_A3T,19,95.45,95.65,0,,95.66,during_reference_event_or_boundary,
Pt 33_FD33_1,Pt 33,AC1_A7T,1,66.55,66.7,0,71.806,34.46,successful_between_events,5.256
Pt 33_FD33_1,Pt 33,AC1_A7T,2,68.25,69.7,0,71.806,34.46,successful_between_events,3.5559999999999974
Pt 33_FD33_1,Pt 33,AC1_A7T,3,70.8,71.5,0,71.806,34.46,successful_between_events,1.0060000000000002
Pt 33_FD33_1,Pt 33,AC1_A7T,4,72.0,72.65,0,85.116,72.26,during_reference_event_or_boundary,
Pt 33_FD33_1,Pt 33,AC1_A7T,5,74.15,75.4,0,85.116,72.26,successful_between_events,10.965999999999994
Pt 33_FD33_1,Pt 33,AC1_A7T,6,76.0,77.0,0,85.116,72.26,successful_between_events,9.116
Pt 33_FD33_1,Pt 33,AC1_A7T,7,80.65,82.15,0,85.116,72.26,successful_between_events,4.465999999999994
Pt 33_FD33_1,Pt 33,AC1_A7T,8,83.95,84.15,0,85.116,72.26,successful_between_events,1.1659999999999968
Pt 33_FD33_1,Pt 33,AC1_A7T,9,86.1,86.7,0,91.15599999999999,87.86,during_reference_event_or_boundary,
Pt 33_FD33_1,Pt 33,AC1_A7T,10,89.1,89.75,0,91.15599999999999,87.86,successful_between_events,2.0559999999999974
Pt 33_FD33_1,Pt 33,AC1_A7T,11,91.45,92.8,0,,95.66,during_reference_event_or_boundary,
Pt 33_FD33_1,Pt 33,AC1_A7T,12,93.7,94.75,0,,95.66,during_reference_event_or_boundary,
Pt 33_FD33_1,Pt 33,AC1_A7T,13,96.25,96.4,0,,95.66,no_later_onset_observed,
Pt 33_FD33_1,Pt 33,AC1_A7T,14,96.65,96.95,0,,95.66,no_later_onset_observed,
Pt 33_FD33_1,Pt 33,AC1_RA5T,1,68.05,68.5,0,71.806,34.46,successful_between_events,3.7560000000000002
Pt 33_FD33_1,Pt 33,AC1_RA5T,2,69.3,72.05,0,71.806,34.46,successful_between_events,2.5060000000000002
Pt 33_FD33_1,Pt 33,AC1_RA5T,3,72.3,72.65,0,85.116,72.26,successful_between_events,12.816000000000003
Pt 33_FD33_1,Pt 33,AC1_RA5T,4,73.3,74.45,0,85.116,72.26,successful_between_events,11.816000000000003
Pt 33_FD33_1,Pt 33,AC1_RA5T,5,80.4,80.75,0,85.116,72.26,successful_between_events,4.715999999999994
Pt 33_FD33_1,Pt 33,AC1_RA5T,6,81.95,83.0,0,85.116,72.26,successful_between_events,3.165999999999997
Pt 33_FD33_1,Pt 33,AC1_RA5T,7,83.9,84.15,0,85.116,72.26,successful_between_events,1.215999999999994
Pt 33_FD33_1,Pt 33,AC1_RA5T,8,87.35,87.5,0,91.15599999999999,87.86,during_reference_event_or_boundary,
Pt 33_FD33_1,Pt 33,AC1_RA5T,9,88.0,88.25,0,91.15599999999999,87.86,successful_between_events,3.1559999999999917
Pt 33_FD33_1,Pt 33,AC1_RA5T,10,91.7,92.15,0,,95.66,during_reference_event_or_boundary,
Pt 33_FD33_1,Pt 33,AC1_RA5T,11,94.5,94.85,0,,95.66,during_reference_event_or_boundary,
Pt 33_FD33_1,Pt 33,AC1_RA5T,12,96.05,97.25,0,,95.66,no_later_onset_observed,
Pt 33_FD33_1,Pt 33,Recovery_A3T,1,66.55,66.7,0,71.806,34.46,successful_between_events,5.256
Pt 33_FD33_1,Pt 33,Recovery_A3T,2,66.95,67.1,0,71.806,34.46,successful_between_events,4.8559999999999945
Pt 33_FD33_1,Pt 33,Recovery_A3T,3,68.65,69.3,0,71.806,34.46,successful_between_events,3.1559999999999917
Pt 33_FD33_1,Pt 33,Recovery_A3T,4,70.15,70.35,0,71.806,34.46,successful_between_events,1.6559999999999917
Pt 33_FD33_1,Pt 33,Recovery_A3T,5,71.0,71.6,0,71.806,34.46,successful_between_events,0.8059999999999974
Pt 33_FD33_1,Pt 33,Recovery_A3T,6,73.0,73.15,0,85.116,72.26,successful_between_events,12.116
Pt 33_FD33_1,Pt 33,Recovery_A3T,7,74.0,74.2,0,85.116,72.26,successful_between_events,11.116
Pt 33_FD33_1,Pt 33,Recovery_A3T,8,75.5,75.7,0,85.116,72.26,successful_between_events,9.616
Pt 33_FD33_1,Pt 33,Recovery_A3T,9,76.6,76.9,0,85.116,72.26,successful_between_events,8.516000000000005
Pt 33_FD33_1,Pt 33,Recovery_A3T,10,80.95,81.1,0,85.116,72.26,successful_between_events,4.165999999999997
Pt 33_FD33_1,Pt 33,Recovery_A3T,11,81.4,81.65,0,85.116,72.26,successful_between_events,3.715999999999994
Pt 33_FD33_1,Pt 33,Recovery_A3T,12,82.5,82.75,0,85.116,72.26,successful_between_events,2.6159999999999997
Pt 33_FD33_1,Pt 33,Recovery_A3T,13,84.55,84.7,0,85.116,72.26,successful_between_events,0.5660000000000025
Pt 33_FD33_1,Pt 33,Recovery_A3T,14,86.35,86.7,0,91.15599999999999,87.86,during_reference_event_or_boundary,
Pt 33_FD33_1,Pt 33,Recovery_A3T,15,87.7,88.05,0,91.15599999999999,87.86,during_reference_event_or_boundary,
Pt 33_FD33_1,Pt 33,Recovery_A3T,16,94.4,94.65,0,,95.66,during_reference_event_or_boundary,
Pt 33_FD33_1,Pt 33,Recovery_A3T,17,95.55,95.7,0,,95.66,during_reference_event_or_boundary,
Pt 33_FD33_1,Pt 33,Recovery_A7T,1,67.5,67.75,0,71.806,34.46,successful_between_events,4.305999999999997
Pt 33_FD33_1,Pt 33,Recovery_A7T,2,68.0,68.3,0,71.806,34.46,successful_between_events,3.8059999999999974
Pt 33_FD33_1,Pt 33,Recovery_A7T,3,73.2,73.4,0,85.116,72.26,successful_between_events,11.915999999999997
Pt 33_FD33_1,Pt 33,Recovery_A7T,4,75.55,75.7,0,85.116,72.26,successful_between_events,9.566000000000003
Pt 33_FD33_1,Pt 33,Recovery_A7T,5,77.4,77.55,0,85.116,72.26,successful_between_events,7.715999999999994
Pt 33_FD33_1,Pt 33,Recovery_A7T,6,80.35,80.7,0,85.116,72.26,successful_between_events,4.766000000000005
Pt 33_FD33_1,Pt 33,Recovery_A7T,7,83.45,83.7,0,85.116,72.26,successful_between_events,1.6659999999999968
Pt 33_FD33_1,Pt 33,Recovery_A7T,8,91.0,91.2,0,91.15599999999999,87.86,successful_between_events,0.1559999999999917
Pt 33_FD33_1,Pt 33,Recovery_A7T,9,93.3,93.75,0,,95.66,during_reference_event_or_boundary,
Pt 33_FD33_1,Pt 33,Recovery_A7T,10,94.75,94.9,0,,95.66,during_reference_event_or_boundary,
Pt 33_FD33_1,Pt 33,Recovery_A7T,11,96.35,96.7,0,,95.66,no_later_onset_observed,
Pt 33_FD33_1,Pt 33,Recovery_RA5T,1,66.7,66.85,0,71.806,34.46,successful_between_events,5.1059999999999945
Pt 33_FD33_1,Pt 33,Recovery_RA5T,2,67.25,67.45,0,71.806,34.46,successful_between_events,4.555999999999997
Pt 33_FD33_1,Pt 33,Recovery_RA5T,3,68.05,68.3,0,71.806,34.46,successful_between_events,3.7560000000000002
Pt 33_FD33_1,Pt 33,Recovery_RA5T,4,69.3,69.5,0,71.806,34.46,successful_between_events,2.5060000000000002
Pt 33_FD33_1,Pt 33,Recovery_RA5T,5,71.45,71.7,0,71.806,34.46,successful_between_events,0.35599999999999454
Pt 33_FD33_1,Pt 33,Recovery_RA5T,6,73.0,73.75,0,85.116,72.26,successful_between_events,12.116
Pt 33_FD33_1,Pt 33,Recovery_RA5T,7,75.05,75.4,0,85.116,72.26,successful_between_events,10.066000000000003
Pt 33_FD33_1,Pt 33,Recovery_RA5T,8,75.7,75.95,0,85.116,72.26,successful_between_events,9.415999999999997
Pt 33_FD33_1,Pt 33,Recovery_RA5T,9,80.35,80.6,0,85.116,72.26,successful_between_events,4.766000000000005
Pt 33_FD33_1,Pt 33,Recovery_RA5T,10,81.4,81.55,0,85.116,72.26,successful_between_events,3.715999999999994
Pt 33_FD33_1,Pt 33,Recovery_RA5T,11,81.7,82.15,0,85.116,72.26,successful_between_events,3.415999999999997
Pt 33_FD33_1,Pt 33,Recovery_RA5T,12,87.85,88.2,0,91.15599999999999,87.86,during_reference_event_or_boundary,
Pt 33_FD33_1,Pt 33,Recovery_RA5T,13,90.0,90.4,0,91.15599999999999,87.86,successful_between_events,1.1559999999999917
Pt 33_FD33_1,Pt 33,Recovery_RA5T,14,91.0,91.2,0,91.15599999999999,87.86,successful_between_events,0.1559999999999917
Pt 33_FD33_1,Pt 33,Recovery_RA5T,15,92.65,92.8,0,,95.66,during_reference_event_or_boundary,
Pt 33_FD33_1,Pt 33,Recovery_RA5T,16,94.45,94.65,0,,95.66,during_reference_event_or_boundary,
Pt 33_FD33_1,Pt 33,Recovery_RA5T,17,94.8,95.05,0,,95.66,during_reference_event_or_boundary,
Pt 33_FD33_1,Pt 33,Recovery_RA5T,18,96.15,96.65,0,,95.66,no_later_onset_observed,
Pt 33_FD33_1,Pt 33,Recovery_RA5T,19,97.4,97.55,0,,95.66,no_later_onset_observed,
Pt 33_FD33_1,Pt 33,Recovery_RA5T,20,98.05,98.35,0,,95.66,no_later_onset_observed,
Pt 33_FD33_1,Pt 33,Reddening_A3T,1,66.7,67.05,0,71.806,34.46,successful_between_events,5.1059999999999945
Pt 33_FD33_1,Pt 33,Reddening_A3T,2,69.0,69.6,0,71.806,34.46,successful_between_events,2.8059999999999974
Pt 33_FD33_1,Pt 33,Reddening_A3T,3,69.8,70.45,0,71.806,34.46,successful_between_events,2.0060000000000002
Pt 33_FD33_1,Pt 33,Reddening_A3T,4,71.2,72.15,0,71.806,34.46,successful_between_events,0.6059999999999945
Pt 33_FD33_1,Pt 33,Reddening_A3T,5,72.55,73.4,0,85.116,72.26,successful_between_events,12.566000000000003
Pt 33_FD33_1,Pt 33,Reddening_A3T,6,74.45,74.65,0,85.116,72.26,successful_between_events,10.665999999999997
Pt 33_FD33_1,Pt 33,Reddening_A3T,7,75.75,76.15,0,85.116,72.26,successful_between_events,9.366
Pt 33_FD33_1,Pt 33,Reddening_A3T,8,77.55,78.05,0,85.116,72.26,successful_between_events,7.5660000000000025
Pt 33_FD33_1,Pt 33,Reddening_A3T,9,79.8,80.5,0,85.116,72.26,successful_between_events,5.3160000000000025
Pt 33_FD33_1,Pt 33,Reddening_A3T,10,81.3,82.05,0,85.116,72.26,successful_between_events,3.8160000000000025
Pt 33_FD33_1,Pt 33,Reddening_A3T,11,82.45,82.9,0,85.116,72.26,successful_between_events,2.665999999999997
Pt 33_FD33_1,Pt 33,Reddening_A3T,12,83.75,84.3,0,85.116,72.26,successful_between_events,1.3659999999999997
Pt 33_FD33_1,Pt 33,Reddening_A3T,13,86.45,87.2,0,91.15599999999999,87.86,during_reference_event_or_boundary,
Pt 33_FD33_1,Pt 33,Reddening_A3T,14,93.4,93.9,0,,95.66,during_reference_event_or_boundary,
Pt 33_FD33_1,Pt 33,Reddening_A3T,15,95.2,96.3,0,,95.66,during_reference_event_or_boundary,
Pt 33_FD33_1,Pt 33,Reddening_A7T,1,95.85,97.25,0,,95.66,no_later_onset_observed,
Pt 33_FD33_1,Pt 33,Reddening_RA5T,1,70.15,70.65,0,71.806,34.46,successful_between_events,1.6559999999999917
Pt 33_FD33_1,Pt 33,Reddening_RA5T,2,72.25,74.15,0,85.116,72.26,during_reference_event_or_boundary,
Pt 33_FD33_1,Pt 33,Reddening_RA5T,3,80.4,81.1,0,85.116,72.26,successful_between_events,4.715999999999994
Pt 33_FD33_1,Pt 33,Reddening_RA5T,4,82.1,83.2,0,85.116,72.26,successful_between_events,3.0160000000000053
Pt 33_FD33_1,Pt 33,Reddening_RA5T,5,87.85,88.35,0,91.15599999999999,87.86,during_reference_event_or_boundary,
Pt 33_FD33_1,Pt 33,Reddening_RA5T,6,91.4,91.55,0,,95.66,during_reference_event_or_boundary,
Pt 33_FD33_1,Pt 33,Reddening_RA5T,7,93.85,94.35,0,,95.66,during_reference_event_or_boundary,
Pt 33_FD33_1,Pt 33,Reddening_RA5T,8,96.05,97.05,0,,95.66,no_later_onset_observed,
Pt 33_FD33_1,Pt 33,Variance_A3T,1,66.9,67.2,0,71.806,34.46,successful_between_events,4.905999999999992
Pt 33_FD33_1,Pt 33,Variance_A3T,2,68.9,70.75,0,71.806,34.46,successful_between_events,2.9059999999999917
Pt 33_FD33_1,Pt 33,Variance_A3T,3,72.75,74.8,0,85.116,72.26,successful_between_events,12.366
Pt 33_FD33_1,Pt 33,Variance_A3T,4,76.7,77.1,0,85.116,72.26,successful_between_events,8.415999999999997
Pt 33_FD33_1,Pt 33,Variance_A3T,5,77.4,78.35,0,85.116,72.26,successful_between_events,7.715999999999994
Pt 33_FD33_1,Pt 33,Variance_A3T,6,79.85,82.1,0,85.116,72.26,successful_between_events,5.266000000000005
Pt 33_FD33_1,Pt 33,Variance_A3T,7,82.35,87.0,0,85.116,72.26,successful_between_events,2.7660000000000053
Pt 33_FD33_1,Pt 33,Variance_A3T,8,95.95,96.15,0,,95.66,no_later_onset_observed,
Pt 33_FD33_1,Pt 33,Variance_A3T,9,97.15,97.95,0,,95.66,no_later_onset_observed,
Pt 33_FD33_1,Pt 33,Variance_A7T,1,72.9,78.05,0,85.116,72.26,successful_between_events,12.215999999999994
Pt 33_FD33_1,Pt 33,Variance_A7T,2,79.95,87.3,0,85.116,72.26,successful_between_events,5.165999999999997
Pt 33_FD33_1,Pt 33,Variance_A7T,3,99.65,99.85,1,,95.66,no_later_onset_observed,
Pt 33_FD33_1,Pt 33,Variance_RA5T,1,67.95,68.5,0,71.806,34.46,successful_between_events,3.8559999999999945
Pt 33_FD33_1,Pt 33,Variance_RA5T,2,69.05,72.15,0,71.806,34.46,successful_between_events,2.7560000000000002
Pt 33_FD33_1,Pt 33,Variance_RA5T,3,72.75,76.5,0,85.116,72.26,successful_between_events,12.366
Pt 33_FD33_1,Pt 33,Variance_RA5T,4,79.85,83.8,0,85.116,72.26,successful_between_events,5.266000000000005
Pt 33_FD33_1,Pt 33,Variance_RA5T,5,84.25,86.0,0,85.116,72.26,successful_between_events,0.8659999999999997
Pt 33_FD33_1,Pt 33,Variance_RA5T,6,98.0,98.8,0,,95.66,no_later_onset_observed,
Pt 33_FD33_2,Pt 33,Persistence,1,66.85,67.45,0,75.946,67.49,during_reference_event_or_boundary,
Pt 33_FD33_2,Pt 33,Persistence,2,76.4,77.9,0,80.636,77.84,during_reference_event_or_boundary,
Pt 33_FD33_2,Pt 33,Persistence,3,80.85,81.1,0,86.56599999999999,81.06,during_reference_event_or_boundary,
Pt 33_FD33_2,Pt 33,Persistence,4,86.55,88.1,0,86.56599999999999,81.06,successful_between_events,0.015999999999991132
Pt 33_FD33_2,Pt 33,Persistence,5,91.75,95.55,0,,99.99,during_reference_event_or_boundary,
Pt 33_FD33_2,Pt 33,Persistence,6,96.75,96.9,0,,99.99,during_reference_event_or_boundary,
Pt 33_FD33_2,Pt 33,Persistence,7,98.0,99.85,1,,99.99,during_reference_event_or_boundary,
Pt 33_FD33_2,Pt 33,AC1,1,66.95,70.3,0,75.946,67.49,during_reference_event_or_boundary,
Pt 33_FD33_2,Pt 33,AC1,2,71.05,71.55,0,75.946,67.49,successful_between_events,4.896000000000001
Pt 33_FD33_2,Pt 33,AC1,3,76.6,78.2,0,80.636,77.84,during_reference_event_or_boundary,
Pt 33_FD33_2,Pt 33,AC1,4,81.2,82.0,0,86.56599999999999,81.06,successful_between_events,5.3659999999999854
Pt 33_FD33_2,Pt 33,AC1,5,83.6,83.95,0,86.56599999999999,81.06,successful_between_events,2.965999999999994
Pt 33_FD33_2,Pt 33,AC1,6,87.0,88.25,0,90.76599999999999,89.41,during_reference_event_or_boundary,
Pt 33_FD33_2,Pt 33,AC1,7,89.1,89.45,0,90.76599999999999,89.41,during_reference_event_or_boundary,
Pt 33_FD33_2,Pt 33,AC1,8,91.5,93.75,0,,99.99,during_reference_event_or_boundary,
Pt 33_FD33_2,Pt 33,AC1,9,94.5,94.8,0,,99.99,during_reference_event_or_boundary,
Pt 33_FD33_2,Pt 33,AC1,10,96.8,97.35,0,,99.99,during_reference_event_or_boundary,
Pt 33_FD33_2,Pt 33,AC1,11,97.5,97.85,0,,99.99,during_reference_event_or_boundary,
Pt 33_FD33_2,Pt 33,AC1,12,98.3,99.85,1,,99.99,during_reference_event_or_boundary,
Pt 33_FD33_2,Pt 33,Variance,1,66.1,72.9,0,66.42599999999999,64.24,successful_between_events,0.3259999999999934
Pt 33_FD33_2,Pt 33,Variance,2,74.05,95.2,0,75.946,67.49,successful_between_events,1.8960000000000008
Pt 33_FD33_2,Pt 33,Recovery,1,66.1,66.6,0,66.42599999999999,64.24,successful_between_events,0.3259999999999934
Pt 33_FD33_2,Pt 33,Recovery,2,67.3,70.2,0,75.946,67.49,during_reference_event_or_boundary,
Pt 33_FD33_2,Pt 33,Recovery,3,71.0,71.95,0,75.946,67.49,successful_between_events,4.945999999999998
Pt 33_FD33_2,Pt 33,Recovery,4,74.2,75.05,0,75.946,67.49,successful_between_events,1.7459999999999951
Pt 33_FD33_2,Pt 33,Recovery,5,75.6,76.55,0,75.946,67.49,successful_between_events,0.34600000000000364
Pt 33_FD33_2,Pt 33,Recovery,6,76.75,78.25,0,80.636,77.84,during_reference_event_or_boundary,
Pt 33_FD33_2,Pt 33,Recovery,7,78.55,78.8,0,80.636,77.84,successful_between_events,2.0859999999999985
Pt 33_FD33_2,Pt 33,Recovery,8,79.55,79.75,0,80.636,77.84,successful_between_events,1.0859999999999985
Pt 33_FD33_2,Pt 33,Recovery,9,80.45,82.85,0,80.636,77.84,successful_between_events,0.18599999999999284
Pt 33_FD33_2,Pt 33,Recovery,10,84.35,84.7,0,86.56599999999999,81.06,successful_between_events,2.215999999999994
Pt 33_FD33_2,Pt 33,Recovery,11,86.6,88.15,0,90.76599999999999,89.41,during_reference_event_or_boundary,
Pt 33_FD33_2,Pt 33,Recovery,12,89.05,89.9,0,90.76599999999999,89.41,during_reference_event_or_boundary,
Pt 33_FD33_2,Pt 33,Recovery,13,90.25,90.45,0,90.76599999999999,89.41,successful_between_events,0.5159999999999911
Pt 33_FD33_2,Pt 33,Recovery,14,91.05,93.7,0,,99.99,during_reference_event_or_boundary,
Pt 33_FD33_2,Pt 33,Recovery,15,94.35,94.8,0,,99.99,during_reference_event_or_boundary,
Pt 33_FD33_2,Pt 33,Recovery,16,96.65,97.75,0,,99.99,during_reference_event_or_boundary,
Pt 33_FD33_2,Pt 33,Recovery,17,97.95,99.65,0,,99.99,during_reference_event_or_boundary,
Pt 33_FD33_2,Pt 33,Reddening,1,66.1,72.15,0,66.42599999999999,64.24,successful_between_events,0.3259999999999934
Pt 33_FD33_2,Pt 33,Reddening,2,76.05,80.7,0,80.636,77.84,during_reference_event_or_boundary,
Pt 33_FD33_2,Pt 33,Reddening,3,81.05,84.25,0,86.56599999999999,81.06,during_reference_event_or_boundary,
Pt 33_FD33_2,Pt 33,Reddening,4,89.15,90.5,0,90.76599999999999,89.41,during_reference_event_or_boundary,
Pt 33_FD33_2,Pt 33,Reddening,5,92.45,93.45,0,,99.99,during_reference_event_or_boundary,
Pt 33_FD33_2,Pt 33,Reddening,6,93.85,95.65,0,,99.99,during_reference_event_or_boundary,
Pt 33_FD33_2,Pt 33,State-history,1,66.6,67.5,0,75.946,67.49,during_reference_event_or_boundary,
Pt 33_FD33_2,Pt 33,State-history,2,75.65,76.0,0,75.946,67.49,successful_between_events,0.29599999999999227
Pt 33_FD33_2,Pt 33,State-history,3,76.15,77.85,0,80.636,77.84,during_reference_event_or_boundary,
Pt 33_FD33_2,Pt 33,State-history,4,80.35,81.2,0,80.636,77.84,successful_between_events,0.28600000000000136
Pt 33_FD33_2,Pt 33,State-history,5,86.3,88.05,0,86.56599999999999,81.06,successful_between_events,0.26599999999999113
Pt 33_FD33_2,Pt 33,State-history,6,88.95,89.25,0,90.76599999999999,89.41,during_reference_event_or_boundary,
Pt 33_FD33_2,Pt 33,State-history,7,91.0,91.4,0,,99.99,during_reference_event_or_boundary,
Pt 33_FD33_2,Pt 33,State-history,8,91.6,95.55,0,,99.99,during_reference_event_or_boundary,
Pt 33_FD33_2,Pt 33,State-history,9,96.5,96.95,0,,99.99,during_reference_event_or_boundary,
Pt 33_FD33_2,Pt 33,State-history,10,97.9,99.85,1,,99.99,during_reference_event_or_boundary,
Pt 33_FD33_2,Pt 33,AC1_A3T,1,66.25,67.05,0,66.42599999999999,64.24,successful_between_events,0.17599999999998772
Pt 33_FD33_2,Pt 33,AC1_A3T,2,67.3,67.6,0,75.946,67.49,during_reference_event_or_boundary,
Pt 33_FD33_2,Pt 33,AC1_A3T,3,68.0,70.3,0,75.946,67.49,successful_between_events,7.945999999999998
Pt 33_FD33_2,Pt 33,AC1_A3T,4,73.9,74.05,0,75.946,67.49,successful_between_events,2.0459999999999923
Pt 33_FD33_2,Pt 33,AC1_A3T,5,74.75,75.55,0,75.946,67.49,successful_between_events,1.195999999999998
Pt 33_FD33_2,Pt 33,AC1_A3T,6,75.8,76.75,0,75.946,67.49,successful_between_events,0.1460000000000008
Pt 33_FD33_2,Pt 33,AC1_A3T,7,77.0,78.25,0,80.636,77.84,during_reference_event_or_boundary,
Pt 33_FD33_2,Pt 33,AC1_A3T,8,78.5,78.75,0,80.636,77.84,successful_between_events,2.1359999999999957
Pt 33_FD33_2,Pt 33,AC1_A3T,9,80.55,81.5,0,80.636,77.84,successful_between_events,0.08599999999999852
Pt 33_FD33_2,Pt 33,AC1_A3T,10,81.7,82.3,0,86.56599999999999,81.06,successful_between_events,4.8659999999999854
Pt 33_FD33_2,Pt 33,AC1_A3T,11,82.45,82.9,0,86.56599999999999,81.06,successful_between_events,4.1159999999999854
Pt 33_FD33_2,Pt 33,AC1_A3T,12,83.2,84.25,0,86.56599999999999,81.06,successful_between_events,3.3659999999999854
Pt 33_FD33_2,Pt 33,AC1_A3T,13,84.4,85.55,0,86.56599999999999,81.06,successful_between_events,2.1659999999999826
Pt 33_FD33_2,Pt 33,AC1_A3T,14,85.75,86.2,0,86.56599999999999,81.06,successful_between_events,0.8159999999999883
Pt 33_FD33_2,Pt 33,AC1_A3T,15,86.55,87.0,0,86.56599999999999,81.06,successful_between_events,0.015999999999991132
Pt 33_FD33_2,Pt 33,AC1_A3T,16,87.15,88.9,0,90.76599999999999,89.41,during_reference_event_or_boundary,
Pt 33_FD33_2,Pt 33,AC1_A3T,17,89.2,89.55,0,90.76599999999999,89.41,during_reference_event_or_boundary,
Pt 33_FD33_2,Pt 33,AC1_A3T,18,89.75,89.9,0,90.76599999999999,89.41,successful_between_events,1.0159999999999911
Pt 33_FD33_2,Pt 33,AC1_A3T,19,90.15,92.3,0,90.76599999999999,89.41,successful_between_events,0.6159999999999854
Pt 33_FD33_2,Pt 33,AC1_A3T,20,92.45,92.6,0,,99.99,during_reference_event_or_boundary,
Pt 33_FD33_2,Pt 33,AC1_A3T,21,92.8,93.15,0,,99.99,during_reference_event_or_boundary,
Pt 33_FD33_2,Pt 33,AC1_A3T,22,93.35,93.55,0,,99.99,during_reference_event_or_boundary,
Pt 33_FD33_2,Pt 33,AC1_A3T,23,93.95,94.35,0,,99.99,during_reference_event_or_boundary,
Pt 33_FD33_2,Pt 33,AC1_A3T,24,94.75,95.2,0,,99.99,during_reference_event_or_boundary,
Pt 33_FD33_2,Pt 33,AC1_A3T,25,96.1,99.85,1,,99.99,during_reference_event_or_boundary,
Pt 33_FD33_2,Pt 33,AC1_A7T,1,66.1,73.95,0,66.42599999999999,64.24,successful_between_events,0.3259999999999934
Pt 33_FD33_2,Pt 33,AC1_A7T,2,74.65,82.05,0,75.946,67.49,successful_between_events,1.2959999999999923
Pt 33_FD33_2,Pt 33,AC1_A7T,3,82.3,84.3,0,86.56599999999999,81.06,successful_between_events,4.265999999999991
Pt 33_FD33_2,Pt 33,AC1_A7T,4,84.45,86.15,0,86.56599999999999,81.06,successful_between_events,2.1159999999999854
Pt 33_FD33_2,Pt 33,AC1_A7T,5,86.75,96.8,0,90.76599999999999,89.41,during_reference_event_or_boundary,
Pt 33_FD33_2,Pt 33,AC1_A7T,6,97.75,98.05,0,,99.99,during_reference_event_or_boundary,
Pt 33_FD33_2,Pt 33,AC1_A7T,7,98.45,99.85,1,,99.99,during_reference_event_or_boundary,
Pt 33_FD33_2,Pt 33,AC1_RA5T,1,66.1,66.55,0,66.42599999999999,64.24,successful_between_events,0.3259999999999934
Pt 33_FD33_2,Pt 33,AC1_RA5T,2,67.0,68.4,0,75.946,67.49,during_reference_event_or_boundary,
Pt 33_FD33_2,Pt 33,AC1_RA5T,3,69.0,70.5,0,75.946,67.49,successful_between_events,6.945999999999998
Pt 33_FD33_2,Pt 33,AC1_RA5T,4,71.0,71.8,0,75.946,67.49,successful_between_events,4.945999999999998
Pt 33_FD33_2,Pt 33,AC1_RA5T,5,75.1,75.5,0,75.946,67.49,successful_between_events,0.8460000000000036
Pt 33_FD33_2,Pt 33,AC1_RA5T,6,76.35,78.25,0,80.636,77.84,during_reference_event_or_boundary,
Pt 33_FD33_2,Pt 33,AC1_RA5T,7,79.15,79.3,0,80.636,77.84,successful_between_events,1.48599999999999
Pt 33_FD33_2,Pt 33,AC1_RA5T,8,79.55,79.75,0,80.636,77.84,successful_between_events,1.0859999999999985
Pt 33_FD33_2,Pt 33,AC1_RA5T,9,81.15,83.35,0,86.56599999999999,81.06,successful_between_events,5.415999999999983
Pt 33_FD33_2,Pt 33,AC1_RA5T,10,83.5,84.15,0,86.56599999999999,81.06,successful_between_events,3.0659999999999883
Pt 33_FD33_2,Pt 33,AC1_RA5T,11,85.15,85.8,0,86.56599999999999,81.06,successful_between_events,1.4159999999999826
Pt 33_FD33_2,Pt 33,AC1_RA5T,12,86.85,88.3,0,90.76599999999999,89.41,during_reference_event_or_boundary,
Pt 33_FD33_2,Pt 33,AC1_RA5T,13,89.0,89.45,0,90.76599999999999,89.41,during_reference_event_or_boundary,
Pt 33_FD33_2,Pt 33,AC1_RA5T,14,91.55,93.8,0,,99.99,during_reference_event_or_boundary,
Pt 33_FD33_2,Pt 33,AC1_RA5T,15,94.35,94.9,0,,99.99,during_reference_event_or_boundary,
Pt 33_FD33_2,Pt 33,AC1_RA5T,16,96.9,97.95,0,,99.99,during_reference_event_or_boundary,
Pt 33_FD33_2,Pt 33,AC1_RA5T,17,98.35,99.85,1,,99.99,during_reference_event_or_boundary,
Pt 33_FD33_2,Pt 33,Recovery_A3T,1,66.45,66.9,0,75.946,67.49,during_reference_event_or_boundary,
Pt 33_FD33_2,Pt 33,Recovery_A3T,2,68.25,68.65,0,75.946,67.49,successful_between_events,7.695999999999998
Pt 33_FD33_2,Pt 33,Recovery_A3T,3,69.45,70.15,0,75.946,67.49,successful_between_events,6.495999999999995
Pt 33_FD33_2,Pt 33,Recovery_A3T,4,73.9,74.05,0,75.946,67.49,successful_between_events,2.0459999999999923
Pt 33_FD33_2,Pt 33,Recovery_A3T,5,74.2,74.4,0,75.946,67.49,successful_between_events,1.7459999999999951
Pt 33_FD33_2,Pt 33,Recovery_A3T,6,75.25,75.55,0,75.946,67.49,successful_between_events,0.695999999999998
Pt 33_FD33_2,Pt 33,Recovery_A3T,7,76.0,76.45,0,80.636,77.84,during_reference_event_or_boundary,
Pt 33_FD33_2,Pt 33,Recovery_A3T,8,77.25,78.05,0,80.636,77.84,during_reference_event_or_boundary,
Pt 33_FD33_2,Pt 33,Recovery_A3T,9,78.55,78.75,0,80.636,77.84,successful_between_events,2.0859999999999985
Pt 33_FD33_2,Pt 33,Recovery_A3T,10,80.5,81.1,0,80.636,77.84,successful_between_events,0.13599999999999568
Pt 33_FD33_2,Pt 33,Recovery_A3T,11,82.0,82.75,0,86.56599999999999,81.06,successful_between_events,4.565999999999988
Pt 33_FD33_2,Pt 33,Recovery_A3T,12,83.2,83.9,0,86.56599999999999,81.06,successful_between_events,3.3659999999999854
Pt 33_FD33_2,Pt 33,Recovery_A3T,13,84.15,84.3,0,86.56599999999999,81.06,successful_between_events,2.4159999999999826
Pt 33_FD33_2,Pt 33,Recovery_A3T,14,84.45,85.2,0,86.56599999999999,81.06,successful_between_events,2.1159999999999854
Pt 33_FD33_2,Pt 33,Recovery_A3T,15,86.55,86.7,0,86.56599999999999,81.06,successful_between_events,0.015999999999991132
Pt 33_FD33_2,Pt 33,Recovery_A3T,16,87.85,88.65,0,90.76599999999999,89.41,during_reference_event_or_boundary,
Pt 33_FD33_2,Pt 33,Recovery_A3T,17,89.35,89.55,0,90.76599999999999,89.41,during_reference_event_or_boundary,
Pt 33_FD33_2,Pt 33,Recovery_A3T,18,90.25,90.95,0,90.76599999999999,89.41,successful_between_events,0.5159999999999911
Pt 33_FD33_2,Pt 33,Recovery_A3T,19,91.3,92.0,0,,99.99,during_reference_event_or_boundary,
Pt 33_FD33_2,Pt 33,Recovery_A3T,20,92.8,93.05,0,,99.99,during_reference_event_or_boundary,
Pt 33_FD33_2,Pt 33,Recovery_A3T,21,93.95,94.25,0,,99.99,during_reference_event_or_boundary,
Pt 33_FD33_2,Pt 33,Recovery_A3T,22,94.75,95.05,0,,99.99,during_reference_event_or_boundary,
Pt 33_FD33_2,Pt 33,Recovery_A3T,23,96.15,96.6,0,,99.99,during_reference_event_or_boundary,
Pt 33_FD33_2,Pt 33,Recovery_A3T,24,96.85,98.3,0,,99.99,during_reference_event_or_boundary,
Pt 33_FD33_2,Pt 33,Recovery_A3T,25,98.6,98.9,0,,99.99,during_reference_event_or_boundary,
Pt 33_FD33_2,Pt 33,Recovery_A3T,26,99.2,99.6,0,,99.99,during_reference_event_or_boundary,
Pt 33_FD33_2,Pt 33,Recovery_A7T,1,66.1,66.25,0,66.42599999999999,64.24,successful_between_events,0.3259999999999934
Pt 33_FD33_2,Pt 33,Recovery_A7T,2,66.75,70.3,0,75.946,67.49,during_reference_event_or_boundary,
Pt 33_FD33_2,Pt 33,Recovery_A7T,3,71.05,71.25,0,75.946,67.49,successful_between_events,4.896000000000001
Pt 33_FD33_2,Pt 33,Recovery_A7T,4,72.75,73.35,0,75.946,67.49,successful_between_events,3.195999999999998
Pt 33_FD33_2,Pt 33,Recovery_A7T,5,74.65,75.2,0,75.946,67.49,successful_between_events,1.2959999999999923
Pt 33_FD33_2,Pt 33,Recovery_A7T,6,75.7,75.85,0,75.946,67.49,successful_between_events,0.2459999999999951
Pt 33_FD33_2,Pt 33,Recovery_A7T,7,76.15,79.35,0,80.636,77.84,during_reference_event_or_boundary,
Pt 33_FD33_2,Pt 33,Recovery_A7T,8,79.6,81.1,0,80.636,77.84,successful_between_events,1.0360000000000014
Pt 33_FD33_2,Pt 33,Recovery_A7T,9,84.3,84.8,0,86.56599999999999,81.06,successful_between_events,2.265999999999991
Pt 33_FD33_2,Pt 33,Recovery_A7T,10,86.35,88.05,0,86.56599999999999,81.06,successful_between_events,0.21599999999999397
Pt 33_FD33_2,Pt 33,Recovery_A7T,11,88.95,91.25,0,90.76599999999999,89.41,during_reference_event_or_boundary,
Pt 33_FD33_2,Pt 33,Recovery_A7T,12,91.8,92.05,0,,99.99,during_reference_event_or_boundary,
Pt 33_FD33_2,Pt 33,Recovery_A7T,13,92.95,94.2,0,,99.99,during_reference_event_or_boundary,
Pt 33_FD33_2,Pt 33,Recovery_A7T,14,94.85,95.3,0,,99.99,during_reference_event_or_boundary,
Pt 33_FD33_2,Pt 33,Recovery_A7T,15,96.25,96.65,0,,99.99,during_reference_event_or_boundary,
Pt 33_FD33_2,Pt 33,Recovery_RA5T,1,66.1,66.6,0,66.42599999999999,64.24,successful_between_events,0.3259999999999934
Pt 33_FD33_2,Pt 33,Recovery_RA5T,2,67.5,70.35,0,75.946,67.49,successful_between_events,8.445999999999998
Pt 33_FD33_2,Pt 33,Recovery_RA5T,3,70.85,72.0,0,75.946,67.49,successful_between_events,5.096000000000004
Pt 33_FD33_2,Pt 33,Recovery_RA5T,4,73.9,74.05,0,75.946,67.49,successful_between_events,2.0459999999999923
Pt 33_FD33_2,Pt 33,Recovery_RA5T,5,74.45,75.15,0,75.946,67.49,successful_between_events,1.4959999999999951
Pt 33_FD33_2,Pt 33,Recovery_RA5T,6,75.9,76.2,0,75.946,67.49,successful_between_events,0.04599999999999227
Pt 33_FD33_2,Pt 33,Recovery_RA5T,7,76.85,78.15,0,80.636,77.84,during_reference_event_or_boundary,
Pt 33_FD33_2,Pt 33,Recovery_RA5T,8,78.6,78.75,0,80.636,77.84,successful_between_events,2.0360000000000014
Pt 33_FD33_2,Pt 33,Recovery_RA5T,9,79.55,79.8,0,80.636,77.84,successful_between_events,1.0859999999999985
Pt 33_FD33_2,Pt 33,Recovery_RA5T,10,80.4,80.95,0,80.636,77.84,successful_between_events,0.23599999999999
Pt 33_FD33_2,Pt 33,Recovery_RA5T,11,81.2,82.85,0,86.56599999999999,81.06,successful_between_events,5.3659999999999854
Pt 33_FD33_2,Pt 33,Recovery_RA5T,12,83.55,84.1,0,86.56599999999999,81.06,successful_between_events,3.015999999999991
Pt 33_FD33_2,Pt 33,Recovery_RA5T,13,84.4,84.55,0,86.56599999999999,81.06,successful_between_events,2.1659999999999826
Pt 33_FD33_2,Pt 33,Recovery_RA5T,14,86.65,88.15,0,90.76599999999999,89.41,during_reference_event_or_boundary,
Pt 33_FD33_2,Pt 33,Recovery_RA5T,15,88.95,89.45,0,90.76599999999999,89.41,during_reference_event_or_boundary,
Pt 33_FD33_2,Pt 33,Recovery_RA5T,16,90.15,90.4,0,90.76599999999999,89.41,successful_between_events,0.6159999999999854
Pt 33_FD33_2,Pt 33,Recovery_RA5T,17,92.15,93.65,0,,99.99,during_reference_event_or_boundary,
Pt 33_FD33_2,Pt 33,Recovery_RA5T,18,94.3,94.9,0,,99.99,during_reference_event_or_boundary,
Pt 33_FD33_2,Pt 33,Recovery_RA5T,19,96.1,96.25,0,,99.99,during_reference_event_or_boundary,
Pt 33_FD33_2,Pt 33,Recovery_RA5T,20,96.8,97.65,0,,99.99,during_reference_event_or_boundary,
Pt 33_FD33_2,Pt 33,Recovery_RA5T,21,97.9,99.5,0,,99.99,during_reference_event_or_boundary,
Pt 33_FD33_2,Pt 33,Reddening_A3T,1,66.1,71.35,0,66.42599999999999,64.24,successful_between_events,0.3259999999999934
Pt 33_FD33_2,Pt 33,Reddening_A3T,2,73.65,77.0,0,75.946,67.49,successful_between_events,2.2959999999999923
Pt 33_FD33_2,Pt 33,Reddening_A3T,3,77.25,80.1,0,80.636,77.84,during_reference_event_or_boundary,
Pt 33_FD33_2,Pt 33,Reddening_A3T,4,80.3,85.65,0,80.636,77.84,successful_between_events,0.3359999999999985
Pt 33_FD33_2,Pt 33,Reddening_A3T,5,86.05,89.55,0,86.56599999999999,81.06,successful_between_events,0.5159999999999911
Pt 33_FD33_2,Pt 33,Reddening_A3T,6,89.95,94.4,0,90.76599999999999,89.41,successful_between_events,0.8159999999999883
Pt 33_FD33_2,Pt 33,Reddening_A3T,7,95.8,97.4,0,,99.99,during_reference_event_or_boundary,
Pt 33_FD33_2,Pt 33,Reddening_A3T,8,99.25,99.85,1,,99.99,during_reference_event_or_boundary,
Pt 33_FD33_2,Pt 33,Reddening_A7T,1,68.3,71.35,0,75.946,67.49,successful_between_events,7.646000000000001
Pt 33_FD33_2,Pt 33,Reddening_A7T,2,77.45,81.45,0,80.636,77.84,during_reference_event_or_boundary,
Pt 33_FD33_2,Pt 33,Reddening_A7T,3,90.9,91.25,0,,99.99,during_reference_event_or_boundary,
Pt 33_FD33_2,Pt 33,Reddening_A7T,4,95.95,97.35,0,,99.99,during_reference_event_or_boundary,
Pt 33_FD33_2,Pt 33,Reddening_RA5T,1,66.1,72.5,0,66.42599999999999,64.24,successful_between_events,0.3259999999999934
Pt 33_FD33_2,Pt 33,Reddening_RA5T,2,76.35,80.5,0,80.636,77.84,during_reference_event_or_boundary,
Pt 33_FD33_2,Pt 33,Reddening_RA5T,3,80.95,84.1,0,86.56599999999999,81.06,during_reference_event_or_boundary,
Pt 33_FD33_2,Pt 33,Reddening_RA5T,4,86.95,87.85,0,90.76599999999999,89.41,during_reference_event_or_boundary,
Pt 33_FD33_2,Pt 33,Reddening_RA5T,5,89.25,90.5,0,90.76599999999999,89.41,during_reference_event_or_boundary,
Pt 33_FD33_2,Pt 33,Reddening_RA5T,6,92.2,95.6,0,,99.99,during_reference_event_or_boundary,
Pt 33_FD33_2,Pt 33,Variance_A3T,1,66.1,70.7,0,66.42599999999999,64.24,successful_between_events,0.3259999999999934
Pt 33_FD33_2,Pt 33,Variance_A3T,2,70.9,89.35,0,75.946,67.49,successful_between_events,5.045999999999992
Pt 33_FD33_2,Pt 33,Variance_A3T,3,89.5,93.75,0,90.76599999999999,89.41,successful_between_events,1.2659999999999911
Pt 33_FD33_2,Pt 33,Variance_A7T,1,66.1,97.6,0,66.42599999999999,64.24,successful_between_events,0.3259999999999934
Pt 33_FD33_2,Pt 33,Variance_RA5T,1,66.1,95.8,0,66.42599999999999,64.24,successful_between_events,0.3259999999999934
Pt 33_FD33_2,Pt 33,Variance_RA5T,2,96.0,96.35,0,,99.99,during_reference_event_or_boundary,
Pt 33_FD33_2,Pt 33,Variance_RA5T,3,97.4,99.85,1,,99.99,during_reference_event_or_boundary,
Pt 33_FD33_4,Pt 33,Persistence,1,87.6,99.85,1,90.70599999999999,10.0,successful_between_events,3.1059999999999945
Pt 33_FD33_4,Pt 33,AC1,1,90.65,92.6,0,90.70599999999999,10.0,successful_between_events,0.055999999999983174
Pt 33_FD33_4,Pt 33,AC1,2,93.0,94.05,0,,99.99,during_reference_event_or_boundary,
Pt 33_FD33_4,Pt 33,AC1,3,95.45,99.1,0,,99.99,during_reference_event_or_boundary,
Pt 33_FD33_4,Pt 33,Variance,1,66.1,69.75,0,90.70599999999999,10.0,successful_between_events,24.605999999999995
Pt 33_FD33_4,Pt 33,Variance,2,87.75,94.45,0,90.70599999999999,10.0,successful_between_events,2.955999999999989
Pt 33_FD33_4,Pt 33,Recovery,1,66.1,66.3,0,90.70599999999999,10.0,successful_between_events,24.605999999999995
Pt 33_FD33_4,Pt 33,Recovery,2,87.85,88.15,0,90.70599999999999,10.0,successful_between_events,2.8559999999999945
Pt 33_FD33_4,Pt 33,Recovery,3,88.35,88.6,0,90.70599999999999,10.0,successful_between_events,2.3559999999999945
Pt 33_FD33_4,Pt 33,Recovery,4,88.75,89.05,0,90.70599999999999,10.0,successful_between_events,1.9559999999999889
Pt 33_FD33_4,Pt 33,Recovery,5,89.3,93.05,0,90.70599999999999,10.0,successful_between_events,1.4059999999999917
Pt 33_FD33_4,Pt 33,Recovery,6,93.2,94.2,0,,99.99,during_reference_event_or_boundary,
Pt 33_FD33_4,Pt 33,Recovery,7,95.4,99.1,0,,99.99,during_reference_event_or_boundary,
Pt 33_FD33_4,Pt 33,Recovery,8,99.6,99.85,1,,99.99,during_reference_event_or_boundary,
Pt 33_FD33_4,Pt 33,Reddening,1,66.1,66.45,0,90.70599999999999,10.0,successful_between_events,24.605999999999995
Pt 33_FD33_4,Pt 33,Reddening,2,69.2,69.7,0,90.70599999999999,10.0,successful_between_events,21.505999999999986
Pt 33_FD33_4,Pt 33,Reddening,3,87.95,90.1,0,90.70599999999999,10.0,successful_between_events,2.755999999999986
Pt 33_FD33_4,Pt 33,Reddening,4,90.3,95.25,0,90.70599999999999,10.0,successful_between_events,0.4059999999999917
Pt 33_FD33_4,Pt 33,Reddening,5,96.6,99.25,0,,99.99,during_reference_event_or_boundary,
Pt 33_FD33_4,Pt 33,State-history,1,71.15,71.35,0,90.70599999999999,10.0,successful_between_events,19.555999999999983
Pt 33_FD33_4,Pt 33,State-history,2,85.75,86.1,0,90.70599999999999,10.0,successful_between_events,4.955999999999989
Pt 33_FD33_4,Pt 33,State-history,3,86.25,86.55,0,90.70599999999999,10.0,successful_between_events,4.455999999999989
Pt 33_FD33_4,Pt 33,State-history,4,86.7,99.85,1,90.70599999999999,10.0,successful_between_events,4.005999999999986
Pt 33_FD33_4,Pt 33,AC1_A3T,1,66.1,68.05,0,90.70599999999999,10.0,successful_between_events,24.605999999999995
Pt 33_FD33_4,Pt 33,AC1_A3T,2,71.55,73.9,0,90.70599999999999,10.0,successful_between_events,19.15599999999999
Pt 33_FD33_4,Pt 33,AC1_A3T,3,85.9,86.2,0,90.70599999999999,10.0,successful_between_events,4.805999999999983
Pt 33_FD33_4,Pt 33,AC1_A3T,4,86.4,87.45,0,90.70599999999999,10.0,successful_between_events,4.305999999999983
Pt 33_FD33_4,Pt 33,AC1_A3T,5,87.6,93.25,0,90.70599999999999,10.0,successful_between_events,3.1059999999999945
Pt 33_FD33_4,Pt 33,AC1_A3T,6,93.45,99.85,1,,99.99,during_reference_event_or_boundary,
Pt 33_FD33_4,Pt 33,AC1_A7T,1,66.1,71.85,0,90.70599999999999,10.0,successful_between_events,24.605999999999995
Pt 33_FD33_4,Pt 33,AC1_A7T,2,87.75,96.6,0,90.70599999999999,10.0,successful_between_events,2.955999999999989
Pt 33_FD33_4,Pt 33,AC1_A7T,3,96.9,99.85,1,,99.99,during_reference_event_or_boundary,
Pt 33_FD33_4,Pt 33,AC1_RA5T,1,66.1,66.3,0,90.70599999999999,10.0,successful_between_events,24.605999999999995
Pt 33_FD33_4,Pt 33,AC1_RA5T,2,90.65,92.6,0,90.70599999999999,10.0,successful_between_events,0.055999999999983174
Pt 33_FD33_4,Pt 33,AC1_RA5T,3,93.0,94.05,0,,99.99,during_reference_event_or_boundary,
Pt 33_FD33_4,Pt 33,AC1_RA5T,4,95.4,99.15,0,,99.99,during_reference_event_or_boundary,
Pt 33_FD33_4,Pt 33,AC1_RA5T,5,99.6,99.8,0,,99.99,during_reference_event_or_boundary,
Pt 33_FD33_4,Pt 33,Recovery_A3T,1,66.1,66.8,0,90.70599999999999,10.0,successful_between_events,24.605999999999995
Pt 33_FD33_4,Pt 33,Recovery_A3T,2,87.85,88.15,0,90.70599999999999,10.0,successful_between_events,2.8559999999999945
Pt 33_FD33_4,Pt 33,Recovery_A3T,3,88.5,89.65,0,90.70599999999999,10.0,successful_between_events,2.205999999999989
Pt 33_FD33_4,Pt 33,Recovery_A3T,4,90.0,90.85,0,90.70599999999999,10.0,successful_between_events,0.7059999999999889
Pt 33_FD33_4,Pt 33,Recovery_A3T,5,91.15,92.3,0,,99.99,during_reference_event_or_boundary,
Pt 33_FD33_4,Pt 33,Recovery_A3T,6,93.7,94.05,0,,99.99,during_reference_event_or_boundary,
Pt 33_FD33_4,Pt 33,Recovery_A3T,7,94.35,96.3,0,,99.99,during_reference_event_or_boundary,
Pt 33_FD33_4,Pt 33,Recovery_A3T,8,96.5,97.2,0,,99.99,during_reference_event_or_boundary,
Pt 33_FD33_4,Pt 33,Recovery_A3T,9,97.7,97.95,0,,99.99,during_reference_event_or_boundary,
Pt 33_FD33_4,Pt 33,Recovery_A3T,10,98.1,99.15,0,,99.99,during_reference_event_or_boundary,
Pt 33_FD33_4,Pt 33,Recovery_A3T,11,99.5,99.85,1,,99.99,during_reference_event_or_boundary,
Pt 33_FD33_4,Pt 33,Recovery_A7T,1,66.55,66.7,0,90.70599999999999,10.0,successful_between_events,24.15599999999999
Pt 33_FD33_4,Pt 33,Recovery_A7T,2,90.2,91.0,0,90.70599999999999,10.0,successful_between_events,0.505999999999986
Pt 33_FD33_4,Pt 33,Recovery_A7T,3,92.45,95.9,0,,99.99,during_reference_event_or_boundary,
Pt 33_FD33_4,Pt 33,Recovery_A7T,4,97.4,99.85,1,,99.99,during_reference_event_or_boundary,
Pt 33_FD33_4,Pt 33,Recovery_RA5T,1,87.85,88.1,0,90.70599999999999,10.0,successful_between_events,2.8559999999999945
Pt 33_FD33_4,Pt 33,Recovery_RA5T,2,90.05,91.05,0,90.70599999999999,10.0,successful_between_events,0.6559999999999917
Pt 33_FD33_4,Pt 33,Recovery_RA5T,3,91.4,93.05,0,,99.99,during_reference_event_or_boundary,
Pt 33_FD33_4,Pt 33,Recovery_RA5T,4,93.2,94.25,0,,99.99,during_reference_event_or_boundary,
Pt 33_FD33_4,Pt 33,Recovery_RA5T,5,95.2,99.1,0,,99.99,during_reference_event_or_boundary,
Pt 33_FD33_4,Pt 33,Recovery_RA5T,6,99.65,99.85,1,,99.99,during_reference_event_or_boundary,
Pt 33_FD33_4,Pt 33,Reddening_A3T,1,66.1,67.0,0,90.70599999999999,10.0,successful_between_events,24.605999999999995
Pt 33_FD33_4,Pt 33,Reddening_A3T,2,67.25,68.0,0,90.70599999999999,10.0,successful_between_events,23.45599999999999
Pt 33_FD33_4,Pt 33,Reddening_A3T,3,71.3,71.55,0,90.70599999999999,10.0,successful_between_events,19.40599999999999
Pt 33_FD33_4,Pt 33,Reddening_A3T,4,86.95,93.55,0,90.70599999999999,10.0,successful_between_events,3.755999999999986
Pt 33_FD33_4,Pt 33,Reddening_A3T,5,94.4,94.8,0,,99.99,during_reference_event_or_boundary,
Pt 33_FD33_4,Pt 33,Reddening_A3T,6,95.25,98.0,0,,99.99,during_reference_event_or_boundary,
Pt 33_FD33_4,Pt 33,Reddening_A7T,1,66.1,66.85,0,90.70599999999999,10.0,successful_between_events,24.605999999999995
Pt 33_FD33_4,Pt 33,Reddening_A7T,2,88.65,89.85,0,90.70599999999999,10.0,successful_between_events,2.055999999999983
Pt 33_FD33_4,Pt 33,Reddening_A7T,3,91.6,96.8,0,,99.99,during_reference_event_or_boundary,
Pt 33_FD33_4,Pt 33,Reddening_A7T,4,99.05,99.85,1,,99.99,during_reference_event_or_boundary,
Pt 33_FD33_4,Pt 33,Reddening_RA5T,1,68.8,69.7,0,90.70599999999999,10.0,successful_between_events,21.90599999999999
Pt 33_FD33_4,Pt 33,Reddening_RA5T,2,88.05,89.55,0,90.70599999999999,10.0,successful_between_events,2.6559999999999917
Pt 33_FD33_4,Pt 33,Reddening_RA5T,3,90.55,94.9,0,90.70599999999999,10.0,successful_between_events,0.1559999999999917
Pt 33_FD33_4,Pt 33,Reddening_RA5T,4,96.25,99.15,0,,99.99,during_reference_event_or_boundary,
Pt 33_FD33_4,Pt 33,Variance_A3T,1,66.1,68.2,0,90.70599999999999,10.0,successful_between_events,24.605999999999995
Pt 33_FD33_4,Pt 33,Variance_A3T,2,71.2,74.3,0,90.70599999999999,10.0,successful_between_events,19.505999999999986
Pt 33_FD33_4,Pt 33,Variance_A3T,3,85.4,86.25,0,90.70599999999999,10.0,successful_between_events,5.305999999999983
Pt 33_FD33_4,Pt 33,Variance_A3T,4,87.45,92.8,0,90.70599999999999,10.0,successful_between_events,3.255999999999986
Pt 33_FD33_4,Pt 33,Variance_A7T,1,66.1,79.15,0,90.70599999999999,10.0,successful_between_events,24.605999999999995
Pt 33_FD33_4,Pt 33,Variance_A7T,2,80.2,96.75,0,90.70599999999999,10.0,successful_between_events,10.505999999999986
Pt 33_FD33_4,Pt 33,Variance_RA5T,1,66.1,70.1,0,90.70599999999999,10.0,successful_between_events,24.605999999999995
Pt 33_FD33_4,Pt 33,Variance_RA5T,2,71.6,76.1,0,90.70599999999999,10.0,successful_between_events,19.105999999999995
Pt 33_FD33_4,Pt 33,Variance_RA5T,3,87.6,99.35,0,90.70599999999999,10.0,successful_between_events,3.1059999999999945
Pt 33_FD33_5,Pt 33,Persistence,1,73.1,75.55,0,74.62599999999999,6.63,successful_between_events,1.5259999999999962
Pt 33_FD33_5,Pt 33,Persistence,2,77.95,79.25,0,81.95599999999999,75.46,successful_between_events,4.005999999999986
Pt 33_FD33_5,Pt 33,Persistence,3,81.9,82.85,0,81.95599999999999,75.46,successful_between_events,0.055999999999983174
Pt 33_FD33_5,Pt 33,Persistence,4,86.45,90.45,0,86.466,82.76,successful_between_events,0.015999999999991132
Pt 33_FD33_5,Pt 33,Persistence,5,90.85,99.85,1,91.916,90.56,successful_between_events,1.0660000000000025
Pt 33_FD33_5,Pt 33,AC1,1,66.95,67.8,0,74.62599999999999,6.63,successful_between_events,7.675999999999988
Pt 33_FD33_5,Pt 33,AC1,2,77.75,79.05,0,81.95599999999999,75.46,successful_between_events,4.205999999999989
Pt 33_FD33_5,Pt 33,AC1,3,82.4,82.85,0,86.466,82.76,during_reference_event_or_boundary,
Pt 33_FD33_5,Pt 33,AC1,4,83.55,84.55,0,86.466,82.76,successful_between_events,2.915999999999997
Pt 33_FD33_5,Pt 33,AC1,5,86.9,87.8,0,91.916,90.56,during_reference_event_or_boundary,
Pt 33_FD33_5,Pt 33,AC1,6,88.75,89.35,0,91.916,90.56,during_reference_event_or_boundary,
Pt 33_FD33_5,Pt 33,AC1,7,91.45,91.75,0,91.916,90.56,successful_between_events,0.465999999999994
Pt 33_FD33_5,Pt 33,AC1,8,92.05,92.2,0,,99.99,during_reference_event_or_boundary,
Pt 33_FD33_5,Pt 33,AC1,9,92.6,93.45,0,,99.99,during_reference_event_or_boundary,
Pt 33_FD33_5,Pt 33,AC1,10,95.0,95.45,0,,99.99,during_reference_event_or_boundary,
Pt 33_FD33_5,Pt 33,AC1,11,96.3,96.5,0,,99.99,during_reference_event_or_boundary,
Pt 33_FD33_5,Pt 33,AC1,12,97.2,98.0,0,,99.99,during_reference_event_or_boundary,
Pt 33_FD33_5,Pt 33,AC1,13,98.55,98.75,0,,99.99,during_reference_event_or_boundary,
Pt 33_FD33_5,Pt 33,AC1,14,99.15,99.3,0,,99.99,during_reference_event_or_boundary,
Pt 33_FD33_5,Pt 33,Variance,1,76.1,81.1,0,81.95599999999999,75.46,successful_between_events,5.8559999999999945
Pt 33_FD33_5,Pt 33,Variance,2,81.75,85.45,0,81.95599999999999,75.46,successful_between_events,0.20599999999998886
Pt 33_FD33_5,Pt 33,Variance,3,86.35,88.4,0,86.466,82.76,successful_between_events,0.11599999999999966
Pt 33_FD33_5,Pt 33,Recovery,1,66.2,68.05,0,74.62599999999999,6.63,successful_between_events,8.425999999999988
Pt 33_FD33_5,Pt 33,Recovery,2,70.6,70.8,0,74.62599999999999,6.63,successful_between_events,4.025999999999996
Pt 33_FD33_5,Pt 33,Recovery,3,76.35,76.75,0,81.95599999999999,75.46,successful_between_events,5.6059999999999945
Pt 33_FD33_5,Pt 33,Recovery,4,77.8,78.85,0,81.95599999999999,75.46,successful_between_events,4.155999999999992
Pt 33_FD33_5,Pt 33,Recovery,5,80.15,80.45,0,81.95599999999999,75.46,successful_between_events,1.8059999999999832
Pt 33_FD33_5,Pt 33,Recovery,6,82.45,82.75,0,86.466,82.76,during_reference_event_or_boundary,
Pt 33_FD33_5,Pt 33,Recovery,7,83.5,84.95,0,86.466,82.76,successful_between_events,2.965999999999994
Pt 33_FD33_5,Pt 33,Recovery,8,86.65,87.75,0,91.916,90.56,during_reference_event_or_boundary,
Pt 33_FD33_5,Pt 33,Recovery,9,88.55,89.4,0,91.916,90.56,during_reference_event_or_boundary,
Pt 33_FD33_5,Pt 33,Recovery,10,91.1,91.35,0,91.916,90.56,successful_between_events,0.8160000000000025
Pt 33_FD33_5,Pt 33,Recovery,11,92.65,92.95,0,,99.99,during_reference_event_or_boundary,
Pt 33_FD33_5,Pt 33,Recovery,12,94.3,94.45,0,,99.99,during_reference_event_or_boundary,
Pt 33_FD33_5,Pt 33,Recovery,13,95.05,95.4,0,,99.99,during_reference_event_or_boundary,
Pt 33_FD33_5,Pt 33,Recovery,14,97.2,97.6,0,,99.99,during_reference_event_or_boundary,
Pt 33_FD33_5,Pt 33,Recovery,15,98.05,98.6,0,,99.99,during_reference_event_or_boundary,
Pt 33_FD33_5,Pt 33,Recovery,16,99.0,99.15,0,,99.99,during_reference_event_or_boundary,
Pt 33_FD33_5,Pt 33,Recovery,17,99.4,99.55,0,,99.99,during_reference_event_or_boundary,
Pt 33_FD33_5,Pt 33,Recovery,18,99.75,99.85,1,,99.99,during_reference_event_or_boundary,
Pt 33_FD33_5,Pt 33,Reddening,1,66.1,68.85,0,74.62599999999999,6.63,successful_between_events,8.525999999999996
Pt 33_FD33_5,Pt 33,Reddening,2,71.25,71.45,0,74.62599999999999,6.63,successful_between_events,3.3759999999999906
Pt 33_FD33_5,Pt 33,Reddening,3,74.0,74.85,0,74.62599999999999,6.63,successful_between_events,0.6259999999999906
Pt 33_FD33_5,Pt 33,Reddening,4,76.35,76.9,0,81.95599999999999,75.46,successful_between_events,5.6059999999999945
Pt 33_FD33_5,Pt 33,Reddening,5,77.8,79.15,0,81.95599999999999,75.46,successful_between_events,4.155999999999992
Pt 33_FD33_5,Pt 33,Reddening,6,79.9,80.55,0,81.95599999999999,75.46,successful_between_events,2.055999999999983
Pt 33_FD33_5,Pt 33,Reddening,7,82.0,84.55,0,86.466,82.76,during_reference_event_or_boundary,
Pt 33_FD33_5,Pt 33,Reddening,8,86.75,88.05,0,91.916,90.56,during_reference_event_or_boundary,
Pt 33_FD33_5,Pt 33,Reddening,9,88.8,90.1,0,91.916,90.56,during_reference_event_or_boundary,
Pt 33_FD33_5,Pt 33,Reddening,10,94.7,96.3,0,,99.99,during_reference_event_or_boundary,
Pt 33_FD33_5,Pt 33,State-history,1,70.55,71.0,0,74.62599999999999,6.63,successful_between_events,4.075999999999993
Pt 33_FD33_5,Pt 33,State-history,2,72.6,72.8,0,74.62599999999999,6.63,successful_between_events,2.0259999999999962
Pt 33_FD33_5,Pt 33,State-history,3,73.05,75.5,0,74.62599999999999,6.63,successful_between_events,1.5759999999999934
Pt 33_FD33_5,Pt 33,State-history,4,77.5,79.25,0,81.95599999999999,75.46,successful_between_events,4.455999999999989
Pt 33_FD33_5,Pt 33,State-history,5,81.75,82.85,0,81.95599999999999,75.46,successful_between_events,0.20599999999998886
Pt 33_FD33_5,Pt 33,State-history,6,83.85,84.1,0,86.466,82.76,successful_between_events,2.6159999999999997
Pt 33_FD33_5,Pt 33,State-history,7,86.25,90.35,0,86.466,82.76,successful_between_events,0.21599999999999397
Pt 33_FD33_5,Pt 33,State-history,8,90.9,98.8,0,91.916,90.56,successful_between_events,1.0159999999999911
Pt 33_FD33_5,Pt 33,State-history,9,99.05,99.85,1,,99.99,during_reference_event_or_boundary,
Pt 33_FD33_5,Pt 33,AC1_A3T,1,66.4,67.05,0,74.62599999999999,6.63,successful_between_events,8.225999999999985
Pt 33_FD33_5,Pt 33,AC1_A3T,2,70.95,71.4,0,74.62599999999999,6.63,successful_between_events,3.6759999999999877
Pt 33_FD33_5,Pt 33,AC1_A3T,3,71.65,72.55,0,74.62599999999999,6.63,successful_between_events,2.975999999999985
Pt 33_FD33_5,Pt 33,AC1_A3T,4,72.9,73.2,0,74.62599999999999,6.63,successful_between_events,1.7259999999999849
Pt 33_FD33_5,Pt 33,AC1_A3T,5,76.15,76.8,0,81.95599999999999,75.46,successful_between_events,5.805999999999983
Pt 33_FD33_5,Pt 33,AC1_A3T,6,77.35,77.8,0,81.95599999999999,75.46,successful_between_events,4.6059999999999945
Pt 33_FD33_5,Pt 33,AC1_A3T,7,78.65,78.95,0,81.95599999999999,75.46,successful_between_events,3.305999999999983
Pt 33_FD33_5,Pt 33,AC1_A3T,8,79.8,81.35,0,81.95599999999999,75.46,successful_between_events,2.1559999999999917
Pt 33_FD33_5,Pt 33,AC1_A3T,9,82.15,82.7,0,86.466,82.76,during_reference_event_or_boundary,
Pt 33_FD33_5,Pt 33,AC1_A3T,10,83.15,83.8,0,86.466,82.76,successful_between_events,3.3159999999999883
Pt 33_FD33_5,Pt 33,AC1_A3T,11,84.05,85.75,0,86.466,82.76,successful_between_events,2.415999999999997
Pt 33_FD33_5,Pt 33,AC1_A3T,12,86.95,87.1,0,91.916,90.56,during_reference_event_or_boundary,
Pt 33_FD33_5,Pt 33,AC1_A3T,13,87.6,88.15,0,91.916,90.56,during_reference_event_or_boundary,
Pt 33_FD33_5,Pt 33,AC1_A3T,14,88.95,90.2,0,91.916,90.56,during_reference_event_or_boundary,
Pt 33_FD33_5,Pt 33,AC1_A3T,15,90.75,90.9,0,91.916,90.56,successful_between_events,1.1659999999999968
Pt 33_FD33_5,Pt 33,AC1_A3T,16,91.25,92.45,0,91.916,90.56,successful_between_events,0.6659999999999968
Pt 33_FD33_5,Pt 33,AC1_A3T,17,92.75,92.95,0,,99.99,during_reference_event_or_boundary,
Pt 33_FD33_5,Pt 33,AC1_A3T,18,93.75,93.95,0,,99.99,during_reference_event_or_boundary,
Pt 33_FD33_5,Pt 33,AC1_A3T,19,94.6,94.85,0,,99.99,during_reference_event_or_boundary,
Pt 33_FD33_5,Pt 33,AC1_A3T,20,95.55,96.05,0,,99.99,during_reference_event_or_boundary,
Pt 33_FD33_5,Pt 33,AC1_A3T,21,96.9,97.3,0,,99.99,during_reference_event_or_boundary,
Pt 33_FD33_5,Pt 33,AC1_A3T,22,97.55,98.55,0,,99.99,during_reference_event_or_boundary,
Pt 33_FD33_5,Pt 33,AC1_A3T,23,99.05,99.4,0,,99.99,during_reference_event_or_boundary,
Pt 33_FD33_5,Pt 33,AC1_A3T,24,99.55,99.85,1,,99.99,during_reference_event_or_boundary,
Pt 33_FD33_5,Pt 33,AC1_A7T,1,67.05,67.75,0,74.62599999999999,6.63,successful_between_events,7.575999999999993
Pt 33_FD33_5,Pt 33,AC1_A7T,2,76.55,81.85,0,81.95599999999999,75.46,successful_between_events,5.405999999999992
Pt 33_FD33_5,Pt 33,AC1_A7T,3,82.6,84.45,0,86.466,82.76,during_reference_event_or_boundary,
Pt 33_FD33_5,Pt 33,AC1_A7T,4,85.15,86.15,0,86.466,82.76,successful_between_events,1.3159999999999883
Pt 33_FD33_5,Pt 33,AC1_A7T,5,87.15,88.1,0,91.916,90.56,during_reference_event_or_boundary,
Pt 33_FD33_5,Pt 33,AC1_A7T,6,88.4,89.4,0,91.916,90.56,during_reference_event_or_boundary,
Pt 33_FD33_5,Pt 33,AC1_A7T,7,90.1,90.9,0,91.916,90.56,during_reference_event_or_boundary,
Pt 33_FD33_5,Pt 33,AC1_A7T,8,93.05,93.25,0,,99.99,during_reference_event_or_boundary,
Pt 33_FD33_5,Pt 33,AC1_A7T,9,93.65,95.65,0,,99.99,during_reference_event_or_boundary,
Pt 33_FD33_5,Pt 33,AC1_A7T,10,95.8,96.0,0,,99.99,during_reference_event_or_boundary,
Pt 33_FD33_5,Pt 33,AC1_A7T,11,97.75,98.0,0,,99.99,during_reference_event_or_boundary,
Pt 33_FD33_5,Pt 33,AC1_A7T,12,98.55,98.7,0,,99.99,during_reference_event_or_boundary,
Pt 33_FD33_5,Pt 33,AC1_RA5T,1,67.5,68.05,0,74.62599999999999,6.63,successful_between_events,7.125999999999991
Pt 33_FD33_5,Pt 33,AC1_RA5T,2,72.7,73.25,0,74.62599999999999,6.63,successful_between_events,1.9259999999999877
Pt 33_FD33_5,Pt 33,AC1_RA5T,3,73.4,73.85,0,74.62599999999999,6.63,successful_between_events,1.2259999999999849
Pt 33_FD33_5,Pt 33,AC1_RA5T,4,76.5,77.2,0,81.95599999999999,75.46,successful_between_events,5.455999999999989
Pt 33_FD33_5,Pt 33,AC1_RA5T,5,77.75,79.05,0,81.95599999999999,75.46,successful_between_events,4.205999999999989
Pt 33_FD33_5,Pt 33,AC1_RA5T,6,80.05,80.6,0,81.95599999999999,75.46,successful_between_events,1.9059999999999917
Pt 33_FD33_5,Pt 33,AC1_RA5T,7,82.35,82.9,0,86.466,82.76,during_reference_event_or_boundary,
Pt 33_FD33_5,Pt 33,AC1_RA5T,8,83.55,84.55,0,86.466,82.76,successful_between_events,2.915999999999997
Pt 33_FD33_5,Pt 33,AC1_RA5T,9,86.85,87.9,0,91.916,90.56,during_reference_event_or_boundary,
Pt 33_FD33_5,Pt 33,AC1_RA5T,10,88.65,89.45,0,91.916,90.56,during_reference_event_or_boundary,
Pt 33_FD33_5,Pt 33,AC1_RA5T,11,91.5,91.95,0,91.916,90.56,successful_between_events,0.4159999999999968
Pt 33_FD33_5,Pt 33,AC1_RA5T,12,92.4,93.45,0,,99.99,during_reference_event_or_boundary,
Pt 33_FD33_5,Pt 33,AC1_RA5T,13,95.0,95.45,0,,99.99,during_reference_event_or_boundary,
Pt 33_FD33_5,Pt 33,AC1_RA5T,14,96.3,96.5,0,,99.99,during_reference_event_or_boundary,
Pt 33_FD33_5,Pt 33,AC1_RA5T,15,97.1,98.0,0,,99.99,during_reference_event_or_boundary,
Pt 33_FD33_5,Pt 33,AC1_RA5T,16,98.5,98.75,0,,99.99,during_reference_event_or_boundary,
Pt 33_FD33_5,Pt 33,AC1_RA5T,17,99.1,99.35,0,,99.99,during_reference_event_or_boundary,
Pt 33_FD33_5,Pt 33,Recovery_A3T,1,66.65,66.8,0,74.62599999999999,6.63,successful_between_events,7.975999999999985
Pt 33_FD33_5,Pt 33,Recovery_A3T,2,70.85,71.05,0,74.62599999999999,6.63,successful_between_events,3.7759999999999962
Pt 33_FD33_5,Pt 33,Recovery_A3T,3,71.45,72.1,0,74.62599999999999,6.63,successful_between_events,3.1759999999999877
Pt 33_FD33_5,Pt 33,Recovery_A3T,4,72.9,73.15,0,74.62599999999999,6.63,successful_between_events,1.7259999999999849
Pt 33_FD33_5,Pt 33,Recovery_A3T,5,74.05,74.2,0,74.62599999999999,6.63,successful_between_events,0.5759999999999934
Pt 33_FD33_5,Pt 33,Recovery_A3T,6,76.2,76.35,0,81.95599999999999,75.46,successful_between_events,5.755999999999986
Pt 33_FD33_5,Pt 33,Recovery_A3T,7,76.85,77.15,0,81.95599999999999,75.46,successful_between_events,5.1059999999999945
Pt 33_FD33_5,Pt 33,Recovery_A3T,8,77.5,77.65,0,81.95599999999999,75.46,successful_between_events,4.455999999999989
Pt 33_FD33_5,Pt 33,Recovery_A3T,9,78.55,78.85,0,81.95599999999999,75.46,successful_between_events,3.4059999999999917
Pt 33_FD33_5,Pt 33,Recovery_A3T,10,79.8,79.95,0,81.95599999999999,75.46,successful_between_events,2.1559999999999917
Pt 33_FD33_5,Pt 33,Recovery_A3T,11,80.85,81.35,0,81.95599999999999,75.46,successful_between_events,1.1059999999999945
Pt 33_FD33_5,Pt 33,Recovery_A3T,12,83.35,83.55,0,86.466,82.76,successful_between_events,3.1159999999999997
Pt 33_FD33_5,Pt 33,Recovery_A3T,13,84.3,84.5,0,86.466,82.76,successful_between_events,2.165999999999997
Pt 33_FD33_5,Pt 33,Recovery_A3T,14,87.55,88.05,0,91.916,90.56,during_reference_event_or_boundary,
Pt 33_FD33_5,Pt 33,Recovery_A3T,15,89.4,89.65,0,91.916,90.56,during_reference_event_or_boundary,
Pt 33_FD33_5,Pt 33,Recovery_A3T,16,91.3,91.9,0,91.916,90.56,successful_between_events,0.6159999999999997
Pt 33_FD33_5,Pt 33,Recovery_A3T,17,93.9,94.05,0,,99.99,during_reference_event_or_boundary,
Pt 33_FD33_5,Pt 33,Recovery_A3T,18,97.0,97.15,0,,99.99,during_reference_event_or_boundary,
Pt 33_FD33_5,Pt 33,Recovery_A3T,19,97.4,98.4,0,,99.99,during_reference_event_or_boundary,
Pt 33_FD33_5,Pt 33,Recovery_A3T,20,99.65,99.85,1,,99.99,during_reference_event_or_boundary,
Pt 33_FD33_5,Pt 33,Recovery_A7T,1,66.85,67.35,0,74.62599999999999,6.63,successful_between_events,7.775999999999996
Pt 33_FD33_5,Pt 33,Recovery_A7T,2,70.6,70.75,0,74.62599999999999,6.63,successful_between_events,4.025999999999996
Pt 33_FD33_5,Pt 33,Recovery_A7T,3,75.65,75.85,0,81.95599999999999,75.46,successful_between_events,6.305999999999983
Pt 33_FD33_5,Pt 33,Recovery_A7T,4,76.75,77.1,0,81.95599999999999,75.46,successful_between_events,5.205999999999989
Pt 33_FD33_5,Pt 33,Recovery_A7T,5,77.9,81.55,0,81.95599999999999,75.46,successful_between_events,4.055999999999983
Pt 33_FD33_5,Pt 33,Recovery_A7T,6,81.95,84.0,0,81.95599999999999,75.46,successful_between_events,0.0059999999999860165
Pt 33_FD33_5,Pt 33,Recovery_A7T,7,84.85,85.9,0,86.466,82.76,successful_between_events,1.6159999999999997
Pt 33_FD33_5,Pt 33,Recovery_A7T,8,86.5,87.8,0,91.916,90.56,during_reference_event_or_boundary,
Pt 33_FD33_5,Pt 33,Recovery_A7T,9,88.85,89.3,0,91.916,90.56,during_reference_event_or_boundary,
Pt 33_FD33_5,Pt 33,Recovery_A7T,10,90.1,90.8,0,91.916,90.56,during_reference_event_or_boundary,
Pt 33_FD33_5,Pt 33,Recovery_A7T,11,98.1,98.55,0,,99.99,during_reference_event_or_boundary,
Pt 33_FD33_5,Pt 33,Recovery_RA5T,1,66.1,66.75,0,74.62599999999999,6.63,successful_between_events,8.525999999999996
Pt 33_FD33_5,Pt 33,Recovery_RA5T,2,67.5,68.05,0,74.62599999999999,6.63,successful_between_events,7.125999999999991
Pt 33_FD33_5,Pt 33,Recovery_RA5T,3,70.6,70.8,0,74.62599999999999,6.63,successful_between_events,4.025999999999996
Pt 33_FD33_5,Pt 33,Recovery_RA5T,4,76.3,76.75,0,81.95599999999999,75.46,successful_between_events,5.655999999999992
Pt 33_FD33_5,Pt 33,Recovery_RA5T,5,78.25,78.85,0,81.95599999999999,75.46,successful_between_events,3.705999999999989
Pt 33_FD33_5,Pt 33,Recovery_RA5T,6,80.2,80.5,0,81.95599999999999,75.46,successful_between_events,1.755999999999986
Pt 33_FD33_5,Pt 33,Recovery_RA5T,7,82.4,82.75,0,86.466,82.76,during_reference_event_or_boundary,
Pt 33_FD33_5,Pt 33,Recovery_RA5T,8,83.5,85.05,0,86.466,82.76,successful_between_events,2.965999999999994
Pt 33_FD33_5,Pt 33,Recovery_RA5T,9,87.05,87.75,0,91.916,90.56,during_reference_event_or_boundary,
Pt 33_FD33_5,Pt 33,Recovery_RA5T,10,88.55,88.8,0,91.916,90.56,during_reference_event_or_boundary,
Pt 33_FD33_5,Pt 33,Recovery_RA5T,11,89.05,89.45,0,91.916,90.56,during_reference_event_or_boundary,
Pt 33_FD33_5,Pt 33,Recovery_RA5T,12,91.3,93.1,0,91.916,90.56,successful_between_events,0.6159999999999997
Pt 33_FD33_5,Pt 33,Recovery_RA5T,13,94.25,94.55,0,,99.99,during_reference_event_or_boundary,
Pt 33_FD33_5,Pt 33,Recovery_RA5T,14,95.0,95.4,0,,99.99,during_reference_event_or_boundary,
Pt 33_FD33_5,Pt 33,Recovery_RA5T,15,97.0,97.6,0,,99.99,during_reference_event_or_boundary,
Pt 33_FD33_5,Pt 33,Recovery_RA5T,16,98.05,98.6,0,,99.99,during_reference_event_or_boundary,
Pt 33_FD33_5,Pt 33,Recovery_RA5T,17,98.8,99.1,0,,99.99,during_reference_event_or_boundary,
Pt 33_FD33_5,Pt 33,Recovery_RA5T,18,99.7,99.85,1,,99.99,during_reference_event_or_boundary,
Pt 33_FD33_5,Pt 33,Reddening_A3T,1,66.6,67.0,0,74.62599999999999,6.63,successful_between_events,8.025999999999996
Pt 33_FD33_5,Pt 33,Reddening_A3T,2,67.65,68.55,0,74.62599999999999,6.63,successful_between_events,6.975999999999985
Pt 33_FD33_5,Pt 33,Reddening_A3T,3,70.2,71.15,0,74.62599999999999,6.63,successful_between_events,4.425999999999988
Pt 33_FD33_5,Pt 33,Reddening_A3T,4,72.8,73.5,0,74.62599999999999,6.63,successful_between_events,1.8259999999999934
Pt 33_FD33_5,Pt 33,Reddening_A3T,5,75.75,76.4,0,81.95599999999999,75.46,successful_between_events,6.205999999999989
Pt 33_FD33_5,Pt 33,Reddening_A3T,6,77.3,78.0,0,81.95599999999999,75.46,successful_between_events,4.655999999999992
Pt 33_FD33_5,Pt 33,Reddening_A3T,7,78.95,79.9,0,81.95599999999999,75.46,successful_between_events,3.005999999999986
Pt 33_FD33_5,Pt 33,Reddening_A3T,8,81.05,82.35,0,81.95599999999999,75.46,successful_between_events,0.9059999999999917
Pt 33_FD33_5,Pt 33,Reddening_A3T,9,83.1,83.7,0,86.466,82.76,successful_between_events,3.3659999999999997
Pt 33_FD33_5,Pt 33,Reddening_A3T,10,86.15,86.9,0,86.466,82.76,successful_between_events,0.3159999999999883
Pt 33_FD33_5,Pt 33,Reddening_A3T,11,87.85,88.85,0,91.916,90.56,during_reference_event_or_boundary,
Pt 33_FD33_5,Pt 33,Reddening_A3T,12,90.45,90.95,0,91.916,90.56,during_reference_event_or_boundary,
Pt 33_FD33_5,Pt 33,Reddening_A3T,13,93.75,94.3,0,,99.99,during_reference_event_or_boundary,
Pt 33_FD33_5,Pt 33,Reddening_A3T,14,95.2,95.8,0,,99.99,during_reference_event_or_boundary,
Pt 33_FD33_5,Pt 33,Reddening_A7T,1,66.1,66.45,0,74.62599999999999,6.63,successful_between_events,8.525999999999996
Pt 33_FD33_5,Pt 33,Reddening_A7T,2,67.15,68.65,0,74.62599999999999,6.63,successful_between_events,7.475999999999985
Pt 33_FD33_5,Pt 33,Reddening_A7T,3,76.0,77.45,0,81.95599999999999,75.46,successful_between_events,5.955999999999989
Pt 33_FD33_5,Pt 33,Reddening_A7T,4,78.25,80.8,0,81.95599999999999,75.46,successful_between_events,3.705999999999989
Pt 33_FD33_5,Pt 33,Reddening_A7T,5,82.85,85.05,0,86.466,82.76,successful_between_events,3.6159999999999997
Pt 33_FD33_5,Pt 33,Reddening_A7T,6,87.75,89.4,0,91.916,90.56,during_reference_event_or_boundary,
Pt 33_FD33_5,Pt 33,Reddening_A7T,7,89.85,91.55,0,91.916,90.56,during_reference_event_or_boundary,
Pt 33_FD33_5,Pt 33,Reddening_A7T,8,95.85,96.5,0,,99.99,during_reference_event_or_boundary,
Pt 33_FD33_5,Pt 33,Reddening_RA5T,1,67.1,68.9,0,74.62599999999999,6.63,successful_between_events,7.525999999999996
Pt 33_FD33_5,Pt 33,Reddening_RA5T,2,71.2,71.5,0,74.62599999999999,6.63,successful_between_events,3.4259999999999877
Pt 33_FD33_5,Pt 33,Reddening_RA5T,3,74.2,74.6,0,74.62599999999999,6.63,successful_between_events,0.4259999999999877
Pt 33_FD33_5,Pt 33,Reddening_RA5T,4,77.9,79.2,0,81.95599999999999,75.46,successful_between_events,4.055999999999983
Pt 33_FD33_5,Pt 33,Reddening_RA5T,5,79.75,80.65,0,81.95599999999999,75.46,successful_between_events,2.205999999999989
Pt 33_FD33_5,Pt 33,Reddening_RA5T,6,82.1,83.1,0,86.466,82.76,during_reference_event_or_boundary,
Pt 33_FD33_5,Pt 33,Reddening_RA5T,7,84.0,84.7,0,86.466,82.76,successful_between_events,2.465999999999994
Pt 33_FD33_5,Pt 33,Reddening_RA5T,8,86.65,88.05,0,91.916,90.56,during_reference_event_or_boundary,
Pt 33_FD33_5,Pt 33,Reddening_RA5T,9,88.75,90.3,0,91.916,90.56,during_reference_event_or_boundary,
Pt 33_FD33_5,Pt 33,Reddening_RA5T,10,94.6,96.1,0,,99.99,during_reference_event_or_boundary,
Pt 33_FD33_5,Pt 33,Variance_A3T,1,72.0,72.25,0,74.62599999999999,6.63,successful_between_events,2.6259999999999906
Pt 33_FD33_5,Pt 33,Variance_A3T,2,76.0,78.2,0,81.95599999999999,75.46,successful_between_events,5.955999999999989
Pt 33_FD33_5,Pt 33,Variance_A3T,3,79.65,80.35,0,81.95599999999999,75.46,successful_between_events,2.305999999999983
Pt 33_FD33_5,Pt 33,Variance_A3T,4,81.1,81.5,0,81.95599999999999,75.46,successful_between_events,0.8559999999999945
Pt 33_FD33_5,Pt 33,Variance_A3T,5,82.05,82.3,0,86.466,82.76,during_reference_event_or_boundary,
Pt 33_FD33_5,Pt 33,Variance_A3T,6,82.95,85.75,0,86.466,82.76,successful_between_events,3.515999999999991
Pt 33_FD33_5,Pt 33,Variance_A3T,7,86.15,87.1,0,86.466,82.76,successful_between_events,0.3159999999999883
Pt 33_FD33_5,Pt 33,Variance_A3T,8,87.8,88.3,0,91.916,90.56,during_reference_event_or_boundary,
Pt 33_FD33_5,Pt 33,Variance_A7T,1,76.1,91.15,0,81.95599999999999,75.46,successful_between_events,5.8559999999999945
Pt 33_FD33_5,Pt 33,Variance_RA5T,1,75.9,85.7,0,81.95599999999999,75.46,successful_between_events,6.055999999999983
Pt 33_FD33_5,Pt 33,Variance_RA5T,2,86.15,89.85,0,86.466,82.76,successful_between_events,0.3159999999999883
Pt 33_FD33_6,Pt 33,Persistence,1,75.7,75.85,0,83.62599999999999,63.44,successful_between_events,7.925999999999988
Pt 33_FD33_6,Pt 33,Persistence,2,78.35,79.35,0,83.62599999999999,63.44,successful_between_events,5.275999999999996
Pt 33_FD33_6,Pt 33,Persistence,3,79.9,80.05,0,83.62599999999999,63.44,successful_between_events,3.725999999999985
Pt 33_FD33_6,Pt 33,Persistence,4,83.35,83.6,0,83.62599999999999,63.44,successful_between_events,0.27599999999999625
Pt 33_FD33_6,Pt 33,Persistence,5,90.55,99.85,1,90.836,84.11,successful_between_events,0.28600000000000136
Pt 33_FD33_6,Pt 33,AC1,1,66.1,66.75,0,83.62599999999999,63.44,successful_between_events,17.525999999999996
Pt 33_FD33_6,Pt 33,AC1,2,67.6,67.95,0,83.62599999999999,63.44,successful_between_events,16.025999999999996
Pt 33_FD33_6,Pt 33,AC1,3,75.95,76.35,0,83.62599999999999,63.44,successful_between_events,7.675999999999988
Pt 33_FD33_6,Pt 33,AC1,4,77.45,78.2,0,83.62599999999999,63.44,successful_between_events,6.175999999999988
Pt 33_FD33_6,Pt 33,AC1,5,78.8,80.5,0,83.62599999999999,63.44,successful_between_events,4.825999999999993
Pt 33_FD33_6,Pt 33,AC1,6,81.4,82.2,0,83.62599999999999,63.44,successful_between_events,2.225999999999985
Pt 33_FD33_6,Pt 33,AC1,7,83.65,83.8,0,90.836,84.11,during_reference_event_or_boundary,
Pt 33_FD33_6,Pt 33,AC1,8,84.9,85.2,0,90.836,84.11,successful_between_events,5.935999999999993
Pt 33_FD33_6,Pt 33,AC1,9,85.6,86.25,0,90.836,84.11,successful_between_events,5.236000000000004
Pt 33_FD33_6,Pt 33,AC1,10,87.75,87.95,0,90.836,84.11,successful_between_events,3.0859999999999985
Pt 33_FD33_6,Pt 33,AC1,11,90.05,90.35,0,90.836,84.11,successful_between_events,0.7860000000000014
Pt 33_FD33_6,Pt 33,AC1,12,94.3,94.85,0,,99.99,during_reference_event_or_boundary,
Pt 33_FD33_6,Pt 33,AC1,13,96.4,96.55,0,,99.99,during_reference_event_or_boundary,
Pt 33_FD33_6,Pt 33,AC1,14,97.05,97.25,0,,99.99,during_reference_event_or_boundary,
Pt 33_FD33_6,Pt 33,AC1,15,98.55,99.1,0,,99.99,during_reference_event_or_boundary,
Pt 33_FD33_6,Pt 33,AC1,16,99.4,99.6,0,,99.99,during_reference_event_or_boundary,
Pt 33_FD33_6,Pt 33,Variance,1,66.1,68.35,0,83.62599999999999,63.44,successful_between_events,17.525999999999996
Pt 33_FD33_6,Pt 33,Variance,2,77.55,86.85,0,83.62599999999999,63.44,successful_between_events,6.075999999999993
Pt 33_FD33_6,Pt 33,Recovery,1,66.1,66.5,0,83.62599999999999,63.44,successful_between_events,17.525999999999996
Pt 33_FD33_6,Pt 33,Recovery,2,67.55,68.1,0,83.62599999999999,63.44,successful_between_events,16.075999999999993
Pt 33_FD33_6,Pt 33,Recovery,3,75.2,75.5,0,83.62599999999999,63.44,successful_between_events,8.425999999999988
Pt 33_FD33_6,Pt 33,Recovery,4,75.8,76.0,0,83.62599999999999,63.44,successful_between_events,7.825999999999993
Pt 33_FD33_6,Pt 33,Recovery,5,76.65,76.95,0,83.62599999999999,63.44,successful_between_events,6.975999999999985
Pt 33_FD33_6,Pt 33,Recovery,6,77.55,78.3,0,83.62599999999999,63.44,successful_between_events,6.075999999999993
Pt 33_FD33_6,Pt 33,Recovery,7,78.6,80.4,0,83.62599999999999,63.44,successful_between_events,5.025999999999996
Pt 33_FD33_6,Pt 33,Recovery,8,81.3,82.05,0,83.62599999999999,63.44,successful_between_events,2.3259999999999934
Pt 33_FD33_6,Pt 33,Recovery,9,83.05,83.7,0,83.62599999999999,63.44,successful_between_events,0.5759999999999934
Pt 33_FD33_6,Pt 33,Recovery,10,84.2,85.1,0,90.836,84.11,successful_between_events,6.635999999999996
Pt 33_FD33_6,Pt 33,Recovery,11,85.6,86.05,0,90.836,84.11,successful_between_events,5.236000000000004
Pt 33_FD33_6,Pt 33,Recovery,12,87.7,88.1,0,90.836,84.11,successful_between_events,3.1359999999999957
Pt 33_FD33_6,Pt 33,Recovery,13,89.85,90.15,0,90.836,84.11,successful_between_events,0.9860000000000042
Pt 33_FD33_6,Pt 33,Recovery,14,90.55,90.85,0,90.836,84.11,successful_between_events,0.28600000000000136
Pt 33_FD33_6,Pt 33,Recovery,15,92.9,93.55,0,,99.99,during_reference_event_or_boundary,
Pt 33_FD33_6,Pt 33,Recovery,16,93.95,94.1,0,,99.99,during_reference_event_or_boundary,
Pt 33_FD33_6,Pt 33,Recovery,17,94.25,94.85,0,,99.99,during_reference_event_or_boundary,
Pt 33_FD33_6,Pt 33,Recovery,18,96.7,97.1,0,,99.99,during_reference_event_or_boundary,
Pt 33_FD33_6,Pt 33,Recovery,19,97.4,97.6,0,,99.99,during_reference_event_or_boundary,
Pt 33_FD33_6,Pt 33,Recovery,20,98.05,98.75,0,,99.99,during_reference_event_or_boundary,
Pt 33_FD33_6,Pt 33,Recovery,21,99.4,99.65,0,,99.99,during_reference_event_or_boundary,
Pt 33_FD33_6,Pt 33,Reddening,1,66.1,66.25,0,83.62599999999999,63.44,successful_between_events,17.525999999999996
Pt 33_FD33_6,Pt 33,Reddening,2,68.05,68.3,0,83.62599999999999,63.44,successful_between_events,15.575999999999993
Pt 33_FD33_6,Pt 33,Reddening,3,75.1,77.0,0,83.62599999999999,63.44,successful_between_events,8.525999999999996
Pt 33_FD33_6,Pt 33,Reddening,4,77.2,80.6,0,83.62599999999999,63.44,successful_between_events,6.425999999999988
Pt 33_FD33_6,Pt 33,Reddening,5,83.4,86.25,0,83.62599999999999,63.44,successful_between_events,0.22599999999998488
Pt 33_FD33_6,Pt 33,Reddening,6,87.25,88.3,0,90.836,84.11,successful_between_events,3.5859999999999985
Pt 33_FD33_6,Pt 33,Reddening,7,89.9,90.8,0,90.836,84.11,successful_between_events,0.9359999999999928
Pt 33_FD33_6,Pt 33,Reddening,8,93.9,95.9,0,,99.99,during_reference_event_or_boundary,
Pt 33_FD33_6,Pt 33,State-history,1,75.7,75.85,0,83.62599999999999,63.44,successful_between_events,7.925999999999988
Pt 33_FD33_6,Pt 33,State-history,2,77.85,79.35,0,83.62599999999999,63.44,successful_between_events,5.775999999999996
Pt 33_FD33_6,Pt 33,State-history,3,79.8,80.5,0,83.62599999999999,63.44,successful_between_events,3.8259999999999934
Pt 33_FD33_6,Pt 33,State-history,4,82.9,83.05,0,83.62599999999999,63.44,successful_between_events,0.7259999999999849
Pt 33_FD33_6,Pt 33,State-history,5,83.35,83.6,0,83.62599999999999,63.44,successful_between_events,0.27599999999999625
Pt 33_FD33_6,Pt 33,State-history,6,89.25,90.0,0,90.836,84.11,successful_between_events,1.5859999999999985
Pt 33_FD33_6,Pt 33,State-history,7,90.55,99.85,1,90.836,84.11,successful_between_events,0.28600000000000136
Pt 33_FD33_6,Pt 33,AC1_A3T,1,66.1,66.65,0,83.62599999999999,63.44,successful_between_events,17.525999999999996
Pt 33_FD33_6,Pt 33,AC1_A3T,2,76.45,76.65,0,83.62599999999999,63.44,successful_between_events,7.175999999999988
Pt 33_FD33_6,Pt 33,AC1_A3T,3,76.85,77.85,0,83.62599999999999,63.44,successful_between_events,6.775999999999996
Pt 33_FD33_6,Pt 33,AC1_A3T,4,78.5,79.35,0,83.62599999999999,63.44,successful_between_events,5.125999999999991
Pt 33_FD33_6,Pt 33,AC1_A3T,5,79.6,80.75,0,83.62599999999999,63.44,successful_between_events,4.025999999999996
Pt 33_FD33_6,Pt 33,AC1_A3T,6,81.35,82.0,0,83.62599999999999,63.44,successful_between_events,2.2759999999999962
Pt 33_FD33_6,Pt 33,AC1_A3T,7,82.2,82.5,0,83.62599999999999,63.44,successful_between_events,1.4259999999999877
Pt 33_FD33_6,Pt 33,AC1_A3T,8,82.75,83.4,0,83.62599999999999,63.44,successful_between_events,0.8759999999999906
Pt 33_FD33_6,Pt 33,AC1_A3T,9,84.4,85.2,0,90.836,84.11,successful_between_events,6.435999999999993
Pt 33_FD33_6,Pt 33,AC1_A3T,10,85.5,86.35,0,90.836,84.11,successful_between_events,5.3359999999999985
Pt 33_FD33_6,Pt 33,AC1_A3T,11,89.7,91.75,0,90.836,84.11,successful_between_events,1.1359999999999957
Pt 33_FD33_6,Pt 33,AC1_A3T,12,92.0,93.1,0,,99.99,during_reference_event_or_boundary,
Pt 33_FD33_6,Pt 33,AC1_A3T,13,93.5,93.8,0,,99.99,during_reference_event_or_boundary,
Pt 33_FD33_6,Pt 33,AC1_A3T,14,95.0,97.35,0,,99.99,during_reference_event_or_boundary,
Pt 33_FD33_6,Pt 33,AC1_A3T,15,97.5,99.85,1,,99.99,during_reference_event_or_boundary,
Pt 33_FD33_6,Pt 33,AC1_A7T,1,66.1,70.0,0,83.62599999999999,63.44,successful_between_events,17.525999999999996
Pt 33_FD33_6,Pt 33,AC1_A7T,2,75.95,76.7,0,83.62599999999999,63.44,successful_between_events,7.675999999999988
Pt 33_FD33_6,Pt 33,AC1_A7T,3,77.2,78.25,0,83.62599999999999,63.44,successful_between_events,6.425999999999988
Pt 33_FD33_6,Pt 33,AC1_A7T,4,78.6,80.9,0,83.62599999999999,63.44,successful_between_events,5.025999999999996
Pt 33_FD33_6,Pt 33,AC1_A7T,5,81.1,84.3,0,83.62599999999999,63.44,successful_between_events,2.5259999999999962
Pt 33_FD33_6,Pt 33,AC1_A7T,6,84.9,88.3,0,90.836,84.11,successful_between_events,5.935999999999993
Pt 33_FD33_6,Pt 33,AC1_A7T,7,88.75,88.95,0,90.836,84.11,successful_between_events,2.0859999999999985
Pt 33_FD33_6,Pt 33,AC1_A7T,8,89.8,90.0,0,90.836,84.11,successful_between_events,1.0360000000000014
Pt 33_FD33_6,Pt 33,AC1_A7T,9,90.95,92.8,0,,99.99,during_reference_event_or_boundary,
Pt 33_FD33_6,Pt 33,AC1_A7T,10,93.0,93.2,0,,99.99,during_reference_event_or_boundary,
Pt 33_FD33_6,Pt 33,AC1_A7T,11,93.6,95.45,0,,99.99,during_reference_event_or_boundary,
Pt 33_FD33_6,Pt 33,AC1_A7T,12,95.85,96.75,0,,99.99,during_reference_event_or_boundary,
Pt 33_FD33_6,Pt 33,AC1_A7T,13,98.35,99.5,0,,99.99,during_reference_event_or_boundary,
Pt 33_FD33_6,Pt 33,AC1_A7T,14,99.8,99.85,1,,99.99,during_reference_event_or_boundary,
Pt 33_FD33_6,Pt 33,AC1_RA5T,1,66.1,66.9,0,83.62599999999999,63.44,successful_between_events,17.525999999999996
Pt 33_FD33_6,Pt 33,AC1_RA5T,2,67.5,68.15,0,83.62599999999999,63.44,successful_between_events,16.12599999999999
Pt 33_FD33_6,Pt 33,AC1_RA5T,3,75.95,76.6,0,83.62599999999999,63.44,successful_between_events,7.675999999999988
Pt 33_FD33_6,Pt 33,AC1_RA5T,4,77.25,78.25,0,83.62599999999999,63.44,successful_between_events,6.375999999999991
Pt 33_FD33_6,Pt 33,AC1_RA5T,5,78.6,80.85,0,83.62599999999999,63.44,successful_between_events,5.025999999999996
Pt 33_FD33_6,Pt 33,AC1_RA5T,6,81.3,82.35,0,83.62599999999999,63.44,successful_between_events,2.3259999999999934
Pt 33_FD33_6,Pt 33,AC1_RA5T,7,83.05,83.3,0,83.62599999999999,63.44,successful_between_events,0.5759999999999934
Pt 33_FD33_6,Pt 33,AC1_RA5T,8,83.55,86.55,0,83.62599999999999,63.44,successful_between_events,0.0759999999999934
Pt 33_FD33_6,Pt 33,AC1_RA5T,9,87.35,88.1,0,90.836,84.11,successful_between_events,3.486000000000004
Pt 33_FD33_6,Pt 33,AC1_RA5T,10,91.1,91.35,0,,99.99,during_reference_event_or_boundary,
Pt 33_FD33_6,Pt 33,AC1_RA5T,11,94.3,94.95,0,,99.99,during_reference_event_or_boundary,
Pt 33_FD33_6,Pt 33,AC1_RA5T,12,95.4,95.7,0,,99.99,during_reference_event_or_boundary,
Pt 33_FD33_6,Pt 33,AC1_RA5T,13,95.95,96.75,0,,99.99,during_reference_event_or_boundary,
Pt 33_FD33_6,Pt 33,AC1_RA5T,14,96.95,98.0,0,,99.99,during_reference_event_or_boundary,
Pt 33_FD33_6,Pt 33,AC1_RA5T,15,98.4,99.65,0,,99.99,during_reference_event_or_boundary,
Pt 33_FD33_6,Pt 33,Recovery_A3T,1,66.1,66.35,0,83.62599999999999,63.44,successful_between_events,17.525999999999996
Pt 33_FD33_6,Pt 33,Recovery_A3T,2,74.45,74.6,0,83.62599999999999,63.44,successful_between_events,9.175999999999988
Pt 33_FD33_6,Pt 33,Recovery_A3T,3,75.15,75.3,0,83.62599999999999,63.44,successful_between_events,8.475999999999985
Pt 33_FD33_6,Pt 33,Recovery_A3T,4,75.65,75.9,0,83.62599999999999,63.44,successful_between_events,7.975999999999985
Pt 33_FD33_6,Pt 33,Recovery_A3T,5,76.3,76.65,0,83.62599999999999,63.44,successful_between_events,7.325999999999993
Pt 33_FD33_6,Pt 33,Recovery_A3T,6,77.0,77.6,0,83.62599999999999,63.44,successful_between_events,6.625999999999991
Pt 33_FD33_6,Pt 33,Recovery_A3T,7,78.6,79.15,0,83.62599999999999,63.44,successful_between_events,5.025999999999996
Pt 33_FD33_6,Pt 33,Recovery_A3T,8,79.55,80.5,0,83.62599999999999,63.44,successful_between_events,4.075999999999993
Pt 33_FD33_6,Pt 33,Recovery_A3T,9,82.1,82.3,0,83.62599999999999,63.44,successful_between_events,1.5259999999999962
Pt 33_FD33_6,Pt 33,Recovery_A3T,10,82.8,83.15,0,83.62599999999999,63.44,successful_between_events,0.8259999999999934
Pt 33_FD33_6,Pt 33,Recovery_A3T,11,83.8,84.2,0,90.836,84.11,during_reference_event_or_boundary,
Pt 33_FD33_6,Pt 33,Recovery_A3T,12,84.45,84.7,0,90.836,84.11,successful_between_events,6.385999999999996
Pt 33_FD33_6,Pt 33,Recovery_A3T,13,85.6,85.75,0,90.836,84.11,successful_between_events,5.236000000000004
Pt 33_FD33_6,Pt 33,Recovery_A3T,14,86.0,86.25,0,90.836,84.11,successful_between_events,4.8359999999999985
Pt 33_FD33_6,Pt 33,Recovery_A3T,15,89.3,89.45,0,90.836,84.11,successful_between_events,1.5360000000000014
Pt 33_FD33_6,Pt 33,Recovery_A3T,16,89.6,89.95,0,90.836,84.11,successful_between_events,1.2360000000000042
Pt 33_FD33_6,Pt 33,Recovery_A3T,17,92.6,93.05,0,,99.99,during_reference_event_or_boundary,
Pt 33_FD33_6,Pt 33,Recovery_A3T,18,93.5,93.75,0,,99.99,during_reference_event_or_boundary,
Pt 33_FD33_6,Pt 33,Recovery_A3T,19,95.0,95.6,0,,99.99,during_reference_event_or_boundary,
Pt 33_FD33_6,Pt 33,Recovery_A3T,20,96.05,97.15,0,,99.99,during_reference_event_or_boundary,
Pt 33_FD33_6,Pt 33,Recovery_A3T,21,97.55,99.7,0,,99.99,during_reference_event_or_boundary,
Pt 33_FD33_6,Pt 33,Recovery_A7T,1,66.35,67.85,0,83.62599999999999,63.44,successful_between_events,17.275999999999996
Pt 33_FD33_6,Pt 33,Recovery_A7T,2,75.2,75.5,0,83.62599999999999,63.44,successful_between_events,8.425999999999988
Pt 33_FD33_6,Pt 33,Recovery_A7T,3,76.8,78.3,0,83.62599999999999,63.44,successful_between_events,6.825999999999993
Pt 33_FD33_6,Pt 33,Recovery_A7T,4,78.6,83.65,0,83.62599999999999,63.44,successful_between_events,5.025999999999996
Pt 33_FD33_6,Pt 33,Recovery_A7T,5,89.15,89.5,0,90.836,84.11,successful_between_events,1.6859999999999928
Pt 33_FD33_6,Pt 33,Recovery_A7T,6,89.8,90.05,0,90.836,84.11,successful_between_events,1.0360000000000014
Pt 33_FD33_6,Pt 33,Recovery_A7T,7,90.95,91.75,0,,99.99,during_reference_event_or_boundary,
Pt 33_FD33_6,Pt 33,Recovery_A7T,8,93.5,95.3,0,,99.99,during_reference_event_or_boundary,
Pt 33_FD33_6,Pt 33,Recovery_A7T,9,96.15,96.6,0,,99.99,during_reference_event_or_boundary,
Pt 33_FD33_6,Pt 33,Recovery_A7T,10,98.25,98.55,0,,99.99,during_reference_event_or_boundary,
Pt 33_FD33_6,Pt 33,Recovery_RA5T,1,66.1,66.4,0,83.62599999999999,63.44,successful_between_events,17.525999999999996
Pt 33_FD33_6,Pt 33,Recovery_RA5T,2,67.5,68.1,0,83.62599999999999,63.44,successful_between_events,16.12599999999999
Pt 33_FD33_6,Pt 33,Recovery_RA5T,3,75.2,75.5,0,83.62599999999999,63.44,successful_between_events,8.425999999999988
Pt 33_FD33_6,Pt 33,Recovery_RA5T,4,75.8,75.95,0,83.62599999999999,63.44,successful_between_events,7.825999999999993
Pt 33_FD33_6,Pt 33,Recovery_RA5T,5,77.7,78.3,0,83.62599999999999,63.44,successful_between_events,5.925999999999988
Pt 33_FD33_6,Pt 33,Recovery_RA5T,6,78.65,80.35,0,83.62599999999999,63.44,successful_between_events,4.975999999999985
Pt 33_FD33_6,Pt 33,Recovery_RA5T,7,81.35,82.05,0,83.62599999999999,63.44,successful_between_events,2.2759999999999962
Pt 33_FD33_6,Pt 33,Recovery_RA5T,8,83.05,83.4,0,83.62599999999999,63.44,successful_between_events,0.5759999999999934
Pt 33_FD33_6,Pt 33,Recovery_RA5T,9,83.55,83.75,0,83.62599999999999,63.44,successful_between_events,0.0759999999999934
Pt 33_FD33_6,Pt 33,Recovery_RA5T,10,84.25,84.6,0,90.836,84.11,successful_between_events,6.5859999999999985
Pt 33_FD33_6,Pt 33,Recovery_RA5T,11,85.65,86.1,0,90.836,84.11,successful_between_events,5.185999999999993
Pt 33_FD33_6,Pt 33,Recovery_RA5T,12,87.35,88.1,0,90.836,84.11,successful_between_events,3.486000000000004
Pt 33_FD33_6,Pt 33,Recovery_RA5T,13,89.6,89.8,0,90.836,84.11,successful_between_events,1.2360000000000042
Pt 33_FD33_6,Pt 33,Recovery_RA5T,14,92.95,93.55,0,,99.99,during_reference_event_or_boundary,
Pt 33_FD33_6,Pt 33,Recovery_RA5T,15,93.9,94.25,0,,99.99,during_reference_event_or_boundary,
Pt 33_FD33_6,Pt 33,Recovery_RA5T,16,94.45,94.8,0,,99.99,during_reference_event_or_boundary,
Pt 33_FD33_6,Pt 33,Recovery_RA5T,17,96.35,97.25,0,,99.99,during_reference_event_or_boundary,
Pt 33_FD33_6,Pt 33,Recovery_RA5T,18,98.1,98.25,0,,99.99,during_reference_event_or_boundary,
Pt 33_FD33_6,Pt 33,Recovery_RA5T,19,99.45,99.65,0,,99.99,during_reference_event_or_boundary,
Pt 33_FD33_6,Pt 33,Reddening_A3T,1,66.1,66.8,0,83.62599999999999,63.44,successful_between_events,17.525999999999996
Pt 33_FD33_6,Pt 33,Reddening_A3T,2,74.1,76.25,0,83.62599999999999,63.44,successful_between_events,9.525999999999996
Pt 33_FD33_6,Pt 33,Reddening_A3T,3,76.75,79.45,0,83.62599999999999,63.44,successful_between_events,6.875999999999991
Pt 33_FD33_6,Pt 33,Reddening_A3T,4,79.7,80.75,0,83.62599999999999,63.44,successful_between_events,3.9259999999999877
Pt 33_FD33_6,Pt 33,Reddening_A3T,5,82.55,83.6,0,83.62599999999999,63.44,successful_between_events,1.0759999999999934
Pt 33_FD33_6,Pt 33,Reddening_A3T,6,84.2,85.15,0,90.836,84.11,successful_between_events,6.635999999999996
Pt 33_FD33_6,Pt 33,Reddening_A3T,7,85.75,86.9,0,90.836,84.11,successful_between_events,5.0859999999999985
Pt 33_FD33_6,Pt 33,Reddening_A3T,8,89.45,90.35,0,90.836,84.11,successful_between_events,1.3859999999999957
Pt 33_FD33_6,Pt 33,Reddening_A3T,9,92.6,94.35,0,,99.99,during_reference_event_or_boundary,
Pt 33_FD33_6,Pt 33,Reddening_A3T,10,95.1,95.4,0,,99.99,during_reference_event_or_boundary,
Pt 33_FD33_6,Pt 33,Reddening_A3T,11,96.65,97.3,0,,99.99,during_reference_event_or_boundary,
Pt 33_FD33_6,Pt 33,Reddening_A7T,1,66.1,66.7,0,83.62599999999999,63.44,successful_between_events,17.525999999999996
Pt 33_FD33_6,Pt 33,Reddening_A7T,2,75.9,78.4,0,83.62599999999999,63.44,successful_between_events,7.725999999999985
Pt 33_FD33_6,Pt 33,Reddening_A7T,3,78.8,81.55,0,83.62599999999999,63.44,successful_between_events,4.825999999999993
Pt 33_FD33_6,Pt 33,Reddening_A7T,4,85.0,85.6,0,90.836,84.11,successful_between_events,5.8359999999999985
Pt 33_FD33_6,Pt 33,Reddening_A7T,5,89.1,89.65,0,90.836,84.11,successful_between_events,1.7360000000000042
Pt 33_FD33_6,Pt 33,Reddening_A7T,6,90.7,91.25,0,90.836,84.11,successful_between_events,0.13599999999999568
Pt 33_FD33_6,Pt 33,Reddening_A7T,7,95.1,97.3,0,,99.99,during_reference_event_or_boundary,
Pt 33_FD33_6,Pt 33,Reddening_RA5T,1,67.85,68.6,0,83.62599999999999,63.44,successful_between_events,15.775999999999996
Pt 33_FD33_6,Pt 33,Reddening_RA5T,2,75.05,80.65,0,83.62599999999999,63.44,successful_between_events,8.575999999999993
Pt 33_FD33_6,Pt 33,Reddening_RA5T,3,81.1,81.55,0,83.62599999999999,63.44,successful_between_events,2.5259999999999962
Pt 33_FD33_6,Pt 33,Reddening_RA5T,4,83.3,86.7,0,83.62599999999999,63.44,successful_between_events,0.3259999999999934
Pt 33_FD33_6,Pt 33,Reddening_RA5T,5,87.0,88.55,0,90.836,84.11,successful_between_events,3.8359999999999985
Pt 33_FD33_6,Pt 33,Reddening_RA5T,6,93.85,95.75,0,,99.99,during_reference_event_or_boundary,
Pt 33_FD33_6,Pt 33,Variance_A3T,1,66.1,66.85,0,83.62599999999999,63.44,successful_between_events,17.525999999999996
Pt 33_FD33_6,Pt 33,Variance_A3T,2,76.7,77.95,0,83.62599999999999,63.44,successful_between_events,6.925999999999988
Pt 33_FD33_6,Pt 33,Variance_A3T,3,78.2,86.5,0,83.62599999999999,63.44,successful_between_events,5.425999999999988
Pt 33_FD33_6,Pt 33,Variance_A7T,1,66.1,70.35,0,83.62599999999999,63.44,successful_between_events,17.525999999999996
Pt 33_FD33_6,Pt 33,Variance_A7T,2,77.45,92.2,0,83.62599999999999,63.44,successful_between_events,6.175999999999988
Pt 33_FD33_6,Pt 33,Variance_A7T,3,94.55,95.45,0,,99.99,during_reference_event_or_boundary,
Pt 33_FD33_6,Pt 33,Variance_RA5T,1,66.1,68.65,0,83.62599999999999,63.44,successful_between_events,17.525999999999996
Pt 33_FD33_6,Pt 33,Variance_RA5T,2,77.15,88.45,0,83.62599999999999,63.44,successful_between_events,6.475999999999985
