tag,participant,method,reference_onset,previous_reference_end,scored_test_start,left_truncated,covered,n_successful_warnings,first_warning,lead_sec
Pt 10_FD10_1,Pt 10,Persistence,60.746,48.54,59.5,1,1,2,59.65,1.0960000000000036
Pt 10_FD10_1,Pt 10,Persistence,64.54599999999999,61.34,59.5,0,0,0,,
Pt 10_FD10_1,Pt 10,Persistence,68.59599999999999,65.06,59.5,0,1,1,68.15,0.44599999999998374
Pt 10_FD10_1,Pt 10,Persistence,71.716,69.43,59.5,0,0,0,,
Pt 10_FD10_1,Pt 10,Persistence,73.996,72.64,59.5,0,1,1,73.75,0.2459999999999951
Pt 10_FD10_1,Pt 10,Persistence,75.836,74.48,59.5,0,0,0,,
Pt 10_FD10_1,Pt 10,Persistence,79.696,76.74,59.5,0,1,1,78.4,1.2959999999999923
Pt 10_FD10_1,Pt 10,Persistence,83.68599999999999,81.29,59.5,0,1,1,83.65,0.03599999999998715
Pt 10_FD10_1,Pt 10,Persistence,86.87599999999999,84.69,59.5,0,0,0,,
Pt 10_FD10_1,Pt 10,Persistence,89.056,87.7,59.5,0,1,1,88.75,0.3059999999999974
Pt 10_FD10_1,Pt 10,AC1,60.746,48.54,59.5,1,0,0,,
Pt 10_FD10_1,Pt 10,AC1,64.54599999999999,61.34,59.5,0,1,3,62.3,2.245999999999995
Pt 10_FD10_1,Pt 10,AC1,68.59599999999999,65.06,59.5,0,1,2,65.95,2.6459999999999866
Pt 10_FD10_1,Pt 10,AC1,71.716,69.43,59.5,0,0,0,,
Pt 10_FD10_1,Pt 10,AC1,73.996,72.64,59.5,0,0,0,,
Pt 10_FD10_1,Pt 10,AC1,75.836,74.48,59.5,0,1,1,75.45,0.3859999999999957
Pt 10_FD10_1,Pt 10,AC1,79.696,76.74,59.5,0,0,0,,
Pt 10_FD10_1,Pt 10,AC1,83.68599999999999,81.29,59.5,0,1,2,82.1,1.5859999999999985
Pt 10_FD10_1,Pt 10,AC1,86.87599999999999,84.69,59.5,0,0,0,,
Pt 10_FD10_1,Pt 10,AC1,89.056,87.7,59.5,0,0,0,,
Pt 10_FD10_1,Pt 10,Variance,60.746,48.54,59.5,1,0,0,,
Pt 10_FD10_1,Pt 10,Variance,64.54599999999999,61.34,59.5,0,0,0,,
Pt 10_FD10_1,Pt 10,Variance,68.59599999999999,65.06,59.5,0,1,1,65.25,3.3459999999999894
Pt 10_FD10_1,Pt 10,Variance,71.716,69.43,59.5,0,0,0,,
Pt 10_FD10_1,Pt 10,Variance,73.996,72.64,59.5,0,1,1,72.9,1.0959999999999894
Pt 10_FD10_1,Pt 10,Variance,75.836,74.48,59.5,0,1,1,75.15,0.6859999999999928
Pt 10_FD10_1,Pt 10,Variance,79.696,76.74,59.5,0,0,0,,
Pt 10_FD10_1,Pt 10,Variance,83.68599999999999,81.29,59.5,0,0,0,,
Pt 10_FD10_1,Pt 10,Variance,86.87599999999999,84.69,59.5,0,1,1,85.35,1.5259999999999962
Pt 10_FD10_1,Pt 10,Variance,89.056,87.7,59.5,0,0,0,,
Pt 10_FD10_1,Pt 10,Recovery,60.746,48.54,59.5,1,0,0,,
Pt 10_FD10_1,Pt 10,Recovery,64.54599999999999,61.34,59.5,0,1,5,61.45,3.0959999999999894
Pt 10_FD10_1,Pt 10,Recovery,68.59599999999999,65.06,59.5,0,1,1,67.8,0.7959999999999923
Pt 10_FD10_1,Pt 10,Recovery,71.716,69.43,59.5,0,1,1,69.75,1.965999999999994
Pt 10_FD10_1,Pt 10,Recovery,73.996,72.64,59.5,0,1,1,72.75,1.2459999999999951
Pt 10_FD10_1,Pt 10,Recovery,75.836,74.48,59.5,0,1,1,75.1,0.7360000000000042
Pt 10_FD10_1,Pt 10,Recovery,79.696,76.74,59.5,0,0,0,,
Pt 10_FD10_1,Pt 10,Recovery,83.68599999999999,81.29,59.5,0,1,2,82.9,0.7859999999999872
Pt 10_FD10_1,Pt 10,Recovery,86.87599999999999,84.69,59.5,0,1,1,85.8,1.0759999999999934
Pt 10_FD10_1,Pt 10,Recovery,89.056,87.7,59.5,0,0,0,,
Pt 10_FD10_1,Pt 10,Reddening,60.746,48.54,59.5,1,0,0,,
Pt 10_FD10_1,Pt 10,Reddening,64.54599999999999,61.34,59.5,0,1,1,62.15,2.3959999999999937
Pt 10_FD10_1,Pt 10,Reddening,68.59599999999999,65.06,59.5,0,1,2,65.3,3.2959999999999923
Pt 10_FD10_1,Pt 10,Reddening,71.716,69.43,59.5,0,1,1,69.6,2.1159999999999997
Pt 10_FD10_1,Pt 10,Reddening,73.996,72.64,59.5,0,0,0,,
Pt 10_FD10_1,Pt 10,Reddening,75.836,74.48,59.5,0,1,1,74.9,0.9359999999999928
Pt 10_FD10_1,Pt 10,Reddening,79.696,76.74,59.5,0,0,0,,
Pt 10_FD10_1,Pt 10,Reddening,83.68599999999999,81.29,59.5,0,0,0,,
Pt 10_FD10_1,Pt 10,Reddening,86.87599999999999,84.69,59.5,0,1,1,85.1,1.7759999999999962
Pt 10_FD10_1,Pt 10,Reddening,89.056,87.7,59.5,0,0,0,,
Pt 10_FD10_1,Pt 10,State-history,60.746,48.54,59.5,1,1,1,59.6,1.1460000000000008
Pt 10_FD10_1,Pt 10,State-history,64.54599999999999,61.34,59.5,0,1,1,64.3,0.2459999999999951
Pt 10_FD10_1,Pt 10,State-history,68.59599999999999,65.06,59.5,0,1,1,67.5,1.0959999999999894
Pt 10_FD10_1,Pt 10,State-history,71.716,69.43,59.5,0,0,0,,
Pt 10_FD10_1,Pt 10,State-history,73.996,72.64,59.5,0,0,0,,
Pt 10_FD10_1,Pt 10,State-history,75.836,74.48,59.5,0,0,0,,
Pt 10_FD10_1,Pt 10,State-history,79.696,76.74,59.5,0,1,2,78.05,1.6460000000000008
Pt 10_FD10_1,Pt 10,State-history,83.68599999999999,81.29,59.5,0,1,2,82.55,1.1359999999999957
Pt 10_FD10_1,Pt 10,State-history,86.87599999999999,84.69,59.5,0,0,0,,
Pt 10_FD10_1,Pt 10,State-history,89.056,87.7,59.5,0,1,1,88.5,0.5559999999999974
Pt 10_FD10_1,Pt 10,AC1_A3T,60.746,48.54,59.5,1,1,1,59.8,0.9460000000000051
Pt 10_FD10_1,Pt 10,AC1_A3T,64.54599999999999,61.34,59.5,0,1,2,62.1,2.445999999999991
Pt 10_FD10_1,Pt 10,AC1_A3T,68.59599999999999,65.06,59.5,0,1,3,65.65,2.9459999999999837
Pt 10_FD10_1,Pt 10,AC1_A3T,71.716,69.43,59.5,0,0,0,,
Pt 10_FD10_1,Pt 10,AC1_A3T,73.996,72.64,59.5,0,1,1,73.7,0.29599999999999227
Pt 10_FD10_1,Pt 10,AC1_A3T,75.836,74.48,59.5,0,0,0,,
Pt 10_FD10_1,Pt 10,AC1_A3T,79.696,76.74,59.5,0,1,3,77.05,2.646000000000001
Pt 10_FD10_1,Pt 10,AC1_A3T,83.68599999999999,81.29,59.5,0,1,2,81.8,1.8859999999999957
Pt 10_FD10_1,Pt 10,AC1_A3T,86.87599999999999,84.69,59.5,0,1,2,85.7,1.1759999999999877
Pt 10_FD10_1,Pt 10,AC1_A3T,89.056,87.7,59.5,0,1,1,88.65,0.4059999999999917
Pt 10_FD10_1,Pt 10,AC1_A7T,60.746,48.54,59.5,1,0,0,,
Pt 10_FD10_1,Pt 10,AC1_A7T,64.54599999999999,61.34,59.5,0,1,1,62.45,2.0959999999999894
Pt 10_FD10_1,Pt 10,AC1_A7T,68.59599999999999,65.06,59.5,0,1,2,65.95,2.6459999999999866
Pt 10_FD10_1,Pt 10,AC1_A7T,71.716,69.43,59.5,0,1,2,70.7,1.0159999999999911
Pt 10_FD10_1,Pt 10,AC1_A7T,73.996,72.64,59.5,0,1,1,73.05,0.945999999999998
Pt 10_FD10_1,Pt 10,AC1_A7T,75.836,74.48,59.5,0,1,1,75.45,0.3859999999999957
Pt 10_FD10_1,Pt 10,AC1_A7T,79.696,76.74,59.5,0,1,2,76.95,2.745999999999995
Pt 10_FD10_1,Pt 10,AC1_A7T,83.68599999999999,81.29,59.5,0,1,2,81.9,1.7859999999999872
Pt 10_FD10_1,Pt 10,AC1_A7T,86.87599999999999,84.69,59.5,0,1,1,85.95,0.9259999999999877
Pt 10_FD10_1,Pt 10,AC1_A7T,89.056,87.7,59.5,0,0,0,,
Pt 10_FD10_1,Pt 10,AC1_RA5T,60.746,48.54,59.5,1,1,1,60.0,0.7460000000000022
Pt 10_FD10_1,Pt 10,AC1_RA5T,64.54599999999999,61.34,59.5,0,1,3,62.25,2.2959999999999923
Pt 10_FD10_1,Pt 10,AC1_RA5T,68.59599999999999,65.06,59.5,0,1,2,65.75,2.8459999999999894
Pt 10_FD10_1,Pt 10,AC1_RA5T,71.716,69.43,59.5,0,1,1,70.2,1.5159999999999911
Pt 10_FD10_1,Pt 10,AC1_RA5T,73.996,72.64,59.5,0,1,1,73.6,0.3960000000000008
Pt 10_FD10_1,Pt 10,AC1_RA5T,75.836,74.48,59.5,0,1,1,75.1,0.7360000000000042
Pt 10_FD10_1,Pt 10,AC1_RA5T,79.696,76.74,59.5,0,1,1,76.85,2.8460000000000036
Pt 10_FD10_1,Pt 10,AC1_RA5T,83.68599999999999,81.29,59.5,0,1,2,82.1,1.5859999999999985
Pt 10_FD10_1,Pt 10,AC1_RA5T,86.87599999999999,84.69,59.5,0,1,2,85.8,1.0759999999999934
Pt 10_FD10_1,Pt 10,AC1_RA5T,89.056,87.7,59.5,0,0,0,,
Pt 10_FD10_1,Pt 10,Recovery_A3T,60.746,48.54,59.5,1,1,1,59.6,1.1460000000000008
Pt 10_FD10_1,Pt 10,Recovery_A3T,64.54599999999999,61.34,59.5,0,1,2,61.35,3.195999999999991
Pt 10_FD10_1,Pt 10,Recovery_A3T,68.59599999999999,65.06,59.5,0,1,3,65.65,2.9459999999999837
Pt 10_FD10_1,Pt 10,Recovery_A3T,71.716,69.43,59.5,0,1,1,71.45,0.26599999999999113
Pt 10_FD10_1,Pt 10,Recovery_A3T,73.996,72.64,59.5,0,1,1,73.75,0.2459999999999951
Pt 10_FD10_1,Pt 10,Recovery_A3T,75.836,74.48,59.5,0,1,1,74.75,1.0859999999999985
Pt 10_FD10_1,Pt 10,Recovery_A3T,79.696,76.74,59.5,0,1,2,78.15,1.5459999999999923
Pt 10_FD10_1,Pt 10,Recovery_A3T,83.68599999999999,81.29,59.5,0,1,2,81.6,2.0859999999999985
Pt 10_FD10_1,Pt 10,Recovery_A3T,86.87599999999999,84.69,59.5,0,1,3,85.4,1.4759999999999849
Pt 10_FD10_1,Pt 10,Recovery_A3T,89.056,87.7,59.5,0,0,0,,
Pt 10_FD10_1,Pt 10,Recovery_A7T,60.746,48.54,59.5,1,0,0,,
Pt 10_FD10_1,Pt 10,Recovery_A7T,64.54599999999999,61.34,59.5,0,1,3,61.55,2.995999999999995
Pt 10_FD10_1,Pt 10,Recovery_A7T,68.59599999999999,65.06,59.5,0,1,3,66.0,2.5959999999999894
Pt 10_FD10_1,Pt 10,Recovery_A7T,71.716,69.43,59.5,0,1,1,70.65,1.0659999999999883
Pt 10_FD10_1,Pt 10,Recovery_A7T,73.996,72.64,59.5,0,1,1,73.05,0.945999999999998
Pt 10_FD10_1,Pt 10,Recovery_A7T,75.836,74.48,59.5,0,0,0,,
Pt 10_FD10_1,Pt 10,Recovery_A7T,79.696,76.74,59.5,0,1,1,77.95,1.7459999999999951
Pt 10_FD10_1,Pt 10,Recovery_A7T,83.68599999999999,81.29,59.5,0,1,1,81.75,1.9359999999999928
Pt 10_FD10_1,Pt 10,Recovery_A7T,86.87599999999999,84.69,59.5,0,0,0,,
Pt 10_FD10_1,Pt 10,Recovery_A7T,89.056,87.7,59.5,0,1,1,87.85,1.206000000000003
Pt 10_FD10_1,Pt 10,Recovery_RA5T,60.746,48.54,59.5,1,0,0,,
Pt 10_FD10_1,Pt 10,Recovery_RA5T,64.54599999999999,61.34,59.5,0,1,4,61.4,3.1459999999999937
Pt 10_FD10_1,Pt 10,Recovery_RA5T,68.59599999999999,65.06,59.5,0,1,2,65.75,2.8459999999999894
Pt 10_FD10_1,Pt 10,Recovery_RA5T,71.716,69.43,59.5,0,1,1,70.25,1.465999999999994
Pt 10_FD10_1,Pt 10,Recovery_RA5T,73.996,72.64,59.5,0,1,1,72.75,1.2459999999999951
Pt 10_FD10_1,Pt 10,Recovery_RA5T,75.836,74.48,59.5,0,1,1,75.15,0.6859999999999928
Pt 10_FD10_1,Pt 10,Recovery_RA5T,79.696,76.74,59.5,0,0,0,,
Pt 10_FD10_1,Pt 10,Recovery_RA5T,83.68599999999999,81.29,59.5,0,1,2,82.9,0.7859999999999872
Pt 10_FD10_1,Pt 10,Recovery_RA5T,86.87599999999999,84.69,59.5,0,1,1,85.55,1.3259999999999934
Pt 10_FD10_1,Pt 10,Recovery_RA5T,89.056,87.7,59.5,0,0,0,,
Pt 10_FD10_1,Pt 10,Reddening_A3T,60.746,48.54,59.5,1,1,1,59.65,1.0960000000000036
Pt 10_FD10_1,Pt 10,Reddening_A3T,64.54599999999999,61.34,59.5,0,1,2,61.7,2.8459999999999894
Pt 10_FD10_1,Pt 10,Reddening_A3T,68.59599999999999,65.06,59.5,0,1,2,65.1,3.495999999999995
Pt 10_FD10_1,Pt 10,Reddening_A3T,71.716,69.43,59.5,0,0,0,,
Pt 10_FD10_1,Pt 10,Reddening_A3T,73.996,72.64,59.5,0,1,1,73.85,0.1460000000000008
Pt 10_FD10_1,Pt 10,Reddening_A3T,75.836,74.48,59.5,0,1,1,74.8,1.0360000000000014
Pt 10_FD10_1,Pt 10,Reddening_A3T,79.696,76.74,59.5,0,1,3,77.4,2.2959999999999923
Pt 10_FD10_1,Pt 10,Reddening_A3T,83.68599999999999,81.29,59.5,0,1,2,81.45,2.23599999999999
Pt 10_FD10_1,Pt 10,Reddening_A3T,86.87599999999999,84.69,59.5,0,1,1,84.8,2.0759999999999934
Pt 10_FD10_1,Pt 10,Reddening_A3T,89.056,87.7,59.5,0,0,0,,
Pt 10_FD10_1,Pt 10,Reddening_A7T,60.746,48.54,59.5,1,0,0,,
Pt 10_FD10_1,Pt 10,Reddening_A7T,64.54599999999999,61.34,59.5,0,1,1,62.85,1.6959999999999908
Pt 10_FD10_1,Pt 10,Reddening_A7T,68.59599999999999,65.06,59.5,0,0,0,,
Pt 10_FD10_1,Pt 10,Reddening_A7T,71.716,69.43,59.5,0,1,1,70.5,1.215999999999994
Pt 10_FD10_1,Pt 10,Reddening_A7T,73.996,72.64,59.5,0,0,0,,
Pt 10_FD10_1,Pt 10,Reddening_A7T,75.836,74.48,59.5,0,0,0,,
Pt 10_FD10_1,Pt 10,Reddening_A7T,79.696,76.74,59.5,0,0,0,,
Pt 10_FD10_1,Pt 10,Reddening_A7T,83.68599999999999,81.29,59.5,0,0,0,,
Pt 10_FD10_1,Pt 10,Reddening_A7T,86.87599999999999,84.69,59.5,0,1,1,85.4,1.4759999999999849
Pt 10_FD10_1,Pt 10,Reddening_A7T,89.056,87.7,59.5,0,0,0,,
Pt 10_FD10_1,Pt 10,Reddening_RA5T,60.746,48.54,59.5,1,1,1,60.45,0.2959999999999994
Pt 10_FD10_1,Pt 10,Reddening_RA5T,64.54599999999999,61.34,59.5,0,1,1,62.2,2.3459999999999894
Pt 10_FD10_1,Pt 10,Reddening_RA5T,68.59599999999999,65.06,59.5,0,1,2,65.95,2.6459999999999866
Pt 10_FD10_1,Pt 10,Reddening_RA5T,71.716,69.43,59.5,0,1,1,69.55,2.165999999999997
Pt 10_FD10_1,Pt 10,Reddening_RA5T,73.996,72.64,59.5,0,0,0,,
Pt 10_FD10_1,Pt 10,Reddening_RA5T,75.836,74.48,59.5,0,1,1,74.55,1.2860000000000014
Pt 10_FD10_1,Pt 10,Reddening_RA5T,79.696,76.74,59.5,0,1,1,76.75,2.945999999999998
Pt 10_FD10_1,Pt 10,Reddening_RA5T,83.68599999999999,81.29,59.5,0,0,0,,
Pt 10_FD10_1,Pt 10,Reddening_RA5T,86.87599999999999,84.69,59.5,0,1,1,85.15,1.7259999999999849
Pt 10_FD10_1,Pt 10,Reddening_RA5T,89.056,87.7,59.5,0,0,0,,
Pt 10_FD10_1,Pt 10,Variance_A3T,60.746,48.54,59.5,1,0,0,,
Pt 10_FD10_1,Pt 10,Variance_A3T,64.54599999999999,61.34,59.5,0,0,0,,
Pt 10_FD10_1,Pt 10,Variance_A3T,68.59599999999999,65.06,59.5,0,1,1,65.15,3.4459999999999837
Pt 10_FD10_1,Pt 10,Variance_A3T,71.716,69.43,59.5,0,0,0,,
Pt 10_FD10_1,Pt 10,Variance_A3T,73.996,72.64,59.5,0,0,0,,
Pt 10_FD10_1,Pt 10,Variance_A3T,75.836,74.48,59.5,0,0,0,,
Pt 10_FD10_1,Pt 10,Variance_A3T,79.696,76.74,59.5,0,0,0,,
Pt 10_FD10_1,Pt 10,Variance_A3T,83.68599999999999,81.29,59.5,0,0,0,,
Pt 10_FD10_1,Pt 10,Variance_A3T,86.87599999999999,84.69,59.5,0,1,1,85.2,1.6759999999999877
Pt 10_FD10_1,Pt 10,Variance_A3T,89.056,87.7,59.5,0,0,0,,
Pt 10_FD10_1,Pt 10,Variance_A7T,60.746,48.54,59.5,1,1,1,59.6,1.1460000000000008
Pt 10_FD10_1,Pt 10,Variance_A7T,64.54599999999999,61.34,59.5,0,0,0,,
Pt 10_FD10_1,Pt 10,Variance_A7T,68.59599999999999,65.06,59.5,0,1,1,65.25,3.3459999999999894
Pt 10_FD10_1,Pt 10,Variance_A7T,71.716,69.43,59.5,0,0,0,,
Pt 10_FD10_1,Pt 10,Variance_A7T,73.996,72.64,59.5,0,0,0,,
Pt 10_FD10_1,Pt 10,Variance_A7T,75.836,74.48,59.5,0,0,0,,
Pt 10_FD10_1,Pt 10,Variance_A7T,79.696,76.74,59.5,0,1,1,78.4,1.2959999999999923
Pt 10_FD10_1,Pt 10,Variance_A7T,83.68599999999999,81.29,59.5,0,0,0,,
Pt 10_FD10_1,Pt 10,Variance_A7T,86.87599999999999,84.69,59.5,0,1,1,85.35,1.5259999999999962
Pt 10_FD10_1,Pt 10,Variance_A7T,89.056,87.7,59.5,0,0,0,,
Pt 10_FD10_1,Pt 10,Variance_RA5T,60.746,48.54,59.5,1,0,0,,
Pt 10_FD10_1,Pt 10,Variance_RA5T,64.54599999999999,61.34,59.5,0,1,2,61.85,2.695999999999991
Pt 10_FD10_1,Pt 10,Variance_RA5T,68.59599999999999,65.06,59.5,0,0,0,,
Pt 10_FD10_1,Pt 10,Variance_RA5T,71.716,69.43,59.5,0,1,1,69.6,2.1159999999999997
Pt 10_FD10_1,Pt 10,Variance_RA5T,73.996,72.64,59.5,0,0,0,,
Pt 10_FD10_1,Pt 10,Variance_RA5T,75.836,74.48,59.5,0,0,0,,
Pt 10_FD10_1,Pt 10,Variance_RA5T,79.696,76.74,59.5,0,0,0,,
Pt 10_FD10_1,Pt 10,Variance_RA5T,83.68599999999999,81.29,59.5,0,1,2,81.45,2.23599999999999
Pt 10_FD10_1,Pt 10,Variance_RA5T,86.87599999999999,84.69,59.5,0,0,0,,
Pt 10_FD10_1,Pt 10,Variance_RA5T,89.056,87.7,59.5,0,0,0,,
Pt 10_FD10_2,Pt 10,Persistence,81.416,55.09,59.5,1,1,2,73.4,8.015999999999991
Pt 10_FD10_2,Pt 10,Persistence,85.836,84.48,59.5,0,0,0,,
Pt 10_FD10_2,Pt 10,AC1,81.416,55.09,59.5,1,1,6,60.45,20.965999999999994
Pt 10_FD10_2,Pt 10,AC1,85.836,84.48,59.5,0,0,0,,
Pt 10_FD10_2,Pt 10,Variance,81.416,55.09,59.5,1,1,1,62.0,19.415999999999997
Pt 10_FD10_2,Pt 10,Variance,85.836,84.48,59.5,0,0,0,,
Pt 10_FD10_2,Pt 10,Recovery,81.416,55.09,59.5,1,1,8,59.85,21.565999999999995
Pt 10_FD10_2,Pt 10,Recovery,85.836,84.48,59.5,0,0,0,,
Pt 10_FD10_2,Pt 10,Reddening,81.416,55.09,59.5,1,1,4,62.15,19.266
Pt 10_FD10_2,Pt 10,Reddening,85.836,84.48,59.5,0,0,0,,
Pt 10_FD10_2,Pt 10,State-history,81.416,55.09,59.5,1,1,3,71.45,9.965999999999994
Pt 10_FD10_2,Pt 10,State-history,85.836,84.48,59.5,0,0,0,,
Pt 10_FD10_2,Pt 10,AC1_A3T,81.416,55.09,59.5,1,1,8,60.2,21.215999999999994
Pt 10_FD10_2,Pt 10,AC1_A3T,85.836,84.48,59.5,0,1,1,84.5,1.3359999999999985
Pt 10_FD10_2,Pt 10,AC1_A7T,81.416,55.09,59.5,1,1,5,61.3,20.116
Pt 10_FD10_2,Pt 10,AC1_A7T,85.836,84.48,59.5,0,1,1,84.75,1.0859999999999985
Pt 10_FD10_2,Pt 10,AC1_RA5T,81.416,55.09,59.5,1,1,4,62.6,18.815999999999995
Pt 10_FD10_2,Pt 10,AC1_RA5T,85.836,84.48,59.5,0,1,1,85.8,0.036000000000001364
Pt 10_FD10_2,Pt 10,Recovery_A3T,81.416,55.09,59.5,1,1,10,59.8,21.616
Pt 10_FD10_2,Pt 10,Recovery_A3T,85.836,84.48,59.5,0,1,1,85.1,0.7360000000000042
Pt 10_FD10_2,Pt 10,Recovery_A7T,81.416,55.09,59.5,1,1,5,59.8,21.616
Pt 10_FD10_2,Pt 10,Recovery_A7T,85.836,84.48,59.5,0,1,1,85.2,0.6359999999999957
Pt 10_FD10_2,Pt 10,Recovery_RA5T,81.416,55.09,59.5,1,1,6,62.2,19.215999999999994
Pt 10_FD10_2,Pt 10,Recovery_RA5T,85.836,84.48,59.5,0,1,1,85.3,0.5360000000000014
Pt 10_FD10_2,Pt 10,Reddening_A3T,81.416,55.09,59.5,1,1,10,59.85,21.565999999999995
Pt 10_FD10_2,Pt 10,Reddening_A3T,85.836,84.48,59.5,0,1,1,85.75,0.08599999999999852
Pt 10_FD10_2,Pt 10,Reddening_A7T,81.416,55.09,59.5,1,1,2,62.95,18.465999999999994
Pt 10_FD10_2,Pt 10,Reddening_A7T,85.836,84.48,59.5,0,1,1,85.65,0.18599999999999284
Pt 10_FD10_2,Pt 10,Reddening_RA5T,81.416,55.09,59.5,1,1,3,62.25,19.165999999999997
Pt 10_FD10_2,Pt 10,Reddening_RA5T,85.836,84.48,59.5,0,0,0,,
Pt 10_FD10_2,Pt 10,Variance_A3T,81.416,55.09,59.5,1,1,2,59.75,21.665999999999997
Pt 10_FD10_2,Pt 10,Variance_A3T,85.836,84.48,59.5,0,0,0,,
Pt 10_FD10_2,Pt 10,Variance_A7T,81.416,55.09,59.5,1,1,1,61.75,19.665999999999997
Pt 10_FD10_2,Pt 10,Variance_A7T,85.836,84.48,59.5,0,0,0,,
Pt 10_FD10_2,Pt 10,Variance_RA5T,81.416,55.09,59.5,1,1,3,62.1,19.315999999999995
Pt 10_FD10_2,Pt 10,Variance_RA5T,85.836,84.48,59.5,0,0,0,,
Pt 10_FD10_4,Pt 10,Persistence,68.856,59.31,59.5,1,1,2,64.7,4.155999999999992
Pt 10_FD10_4,Pt 10,Persistence,73.67599999999999,72.32,59.5,0,1,1,73.4,0.27599999999998204
Pt 10_FD10_4,Pt 10,Persistence,75.746,74.39,59.5,0,1,1,75.4,0.3459999999999894
Pt 10_FD10_4,Pt 10,Persistence,80.966,79.61,59.5,0,1,1,80.0,0.965999999999994
Pt 10_FD10_4,Pt 10,Persistence,82.726,81.37,59.5,0,1,1,82.0,0.7259999999999991
Pt 10_FD10_4,Pt 10,AC1,68.856,59.31,59.5,1,1,4,60.8,8.055999999999997
Pt 10_FD10_4,Pt 10,AC1,73.67599999999999,72.32,59.5,0,1,1,72.7,0.9759999999999849
Pt 10_FD10_4,Pt 10,AC1,75.746,74.39,59.5,0,1,1,74.75,0.9959999999999951
Pt 10_FD10_4,Pt 10,AC1,80.966,79.61,59.5,0,1,1,80.9,0.06599999999998829
Pt 10_FD10_4,Pt 10,AC1,82.726,81.37,59.5,0,1,2,81.75,0.9759999999999991
Pt 10_FD10_4,Pt 10,Variance,68.856,59.31,59.5,1,1,1,63.45,5.405999999999992
Pt 10_FD10_4,Pt 10,Variance,73.67599999999999,72.32,59.5,0,0,0,,
Pt 10_FD10_4,Pt 10,Variance,75.746,74.39,59.5,0,0,0,,
Pt 10_FD10_4,Pt 10,Variance,80.966,79.61,59.5,0,0,0,,
Pt 10_FD10_4,Pt 10,Variance,82.726,81.37,59.5,0,0,0,,
Pt 10_FD10_4,Pt 10,Recovery,68.856,59.31,59.5,1,1,6,59.7,9.155999999999992
Pt 10_FD10_4,Pt 10,Recovery,73.67599999999999,72.32,59.5,0,1,1,73.4,0.27599999999998204
Pt 10_FD10_4,Pt 10,Recovery,75.746,74.39,59.5,0,1,1,75.7,0.04599999999999227
Pt 10_FD10_4,Pt 10,Recovery,80.966,79.61,59.5,0,1,1,80.55,0.4159999999999968
Pt 10_FD10_4,Pt 10,Recovery,82.726,81.37,59.5,0,1,1,81.7,1.0259999999999962
Pt 10_FD10_4,Pt 10,Reddening,68.856,59.31,59.5,1,1,3,60.05,8.805999999999997
Pt 10_FD10_4,Pt 10,Reddening,73.67599999999999,72.32,59.5,0,0,0,,
Pt 10_FD10_4,Pt 10,Reddening,75.746,74.39,59.5,0,0,0,,
Pt 10_FD10_4,Pt 10,Reddening,80.966,79.61,59.5,0,0,0,,
Pt 10_FD10_4,Pt 10,Reddening,82.726,81.37,59.5,0,0,0,,
Pt 10_FD10_4,Pt 10,State-history,68.856,59.31,59.5,1,1,2,64.4,4.455999999999989
Pt 10_FD10_4,Pt 10,State-history,73.67599999999999,72.32,59.5,0,1,1,73.4,0.27599999999998204
Pt 10_FD10_4,Pt 10,State-history,75.746,74.39,59.5,0,1,2,74.85,0.8960000000000008
Pt 10_FD10_4,Pt 10,State-history,80.966,79.61,59.5,0,1,1,80.0,0.965999999999994
Pt 10_FD10_4,Pt 10,State-history,82.726,81.37,59.5,0,1,1,81.9,0.8259999999999934
Pt 10_FD10_4,Pt 10,AC1_A3T,68.856,59.31,59.5,1,1,5,59.65,9.205999999999996
Pt 10_FD10_4,Pt 10,AC1_A3T,73.67599999999999,72.32,59.5,0,1,1,73.35,0.3259999999999934
Pt 10_FD10_4,Pt 10,AC1_A3T,75.746,74.39,59.5,0,1,1,74.75,0.9959999999999951
Pt 10_FD10_4,Pt 10,AC1_A3T,80.966,79.61,59.5,0,1,1,80.8,0.16599999999999682
Pt 10_FD10_4,Pt 10,AC1_A3T,82.726,81.37,59.5,0,1,1,81.7,1.0259999999999962
Pt 10_FD10_4,Pt 10,AC1_A7T,68.856,59.31,59.5,1,1,3,60.8,8.055999999999997
Pt 10_FD10_4,Pt 10,AC1_A7T,73.67599999999999,72.32,59.5,0,1,1,72.8,0.8759999999999906
Pt 10_FD10_4,Pt 10,AC1_A7T,75.746,74.39,59.5,0,1,1,74.7,1.0459999999999923
Pt 10_FD10_4,Pt 10,AC1_A7T,80.966,79.61,59.5,0,0,0,,
Pt 10_FD10_4,Pt 10,AC1_A7T,82.726,81.37,59.5,0,1,1,82.35,0.3760000000000048
Pt 10_FD10_4,Pt 10,AC1_RA5T,68.856,59.31,59.5,1,1,5,60.7,8.155999999999992
Pt 10_FD10_4,Pt 10,AC1_RA5T,73.67599999999999,72.32,59.5,0,1,1,72.7,0.9759999999999849
Pt 10_FD10_4,Pt 10,AC1_RA5T,75.746,74.39,59.5,0,1,1,74.75,0.9959999999999951
Pt 10_FD10_4,Pt 10,AC1_RA5T,80.966,79.61,59.5,0,1,1,80.9,0.06599999999998829
Pt 10_FD10_4,Pt 10,AC1_RA5T,82.726,81.37,59.5,0,1,2,81.75,0.9759999999999991
Pt 10_FD10_4,Pt 10,Recovery_A3T,68.856,59.31,59.5,1,1,5,59.7,9.155999999999992
Pt 10_FD10_4,Pt 10,Recovery_A3T,73.67599999999999,72.32,59.5,0,0,0,,
Pt 10_FD10_4,Pt 10,Recovery_A3T,75.746,74.39,59.5,0,1,2,74.9,0.8459999999999894
Pt 10_FD10_4,Pt 10,Recovery_A3T,80.966,79.61,59.5,0,1,2,79.8,1.1659999999999968
Pt 10_FD10_4,Pt 10,Recovery_A3T,82.726,81.37,59.5,0,1,1,81.7,1.0259999999999962
Pt 10_FD10_4,Pt 10,Recovery_A7T,68.856,59.31,59.5,1,1,7,59.6,9.255999999999993
Pt 10_FD10_4,Pt 10,Recovery_A7T,73.67599999999999,72.32,59.5,0,0,0,,
Pt 10_FD10_4,Pt 10,Recovery_A7T,75.746,74.39,59.5,0,1,1,75.55,0.19599999999999795
Pt 10_FD10_4,Pt 10,Recovery_A7T,80.966,79.61,59.5,0,1,1,80.65,0.3159999999999883
Pt 10_FD10_4,Pt 10,Recovery_A7T,82.726,81.37,59.5,0,1,2,81.55,1.176000000000002
Pt 10_FD10_4,Pt 10,Recovery_RA5T,68.856,59.31,59.5,1,1,5,59.6,9.255999999999993
Pt 10_FD10_4,Pt 10,Recovery_RA5T,73.67599999999999,72.32,59.5,0,1,1,73.4,0.27599999999998204
Pt 10_FD10_4,Pt 10,Recovery_RA5T,75.746,74.39,59.5,0,1,1,75.7,0.04599999999999227
Pt 10_FD10_4,Pt 10,Recovery_RA5T,80.966,79.61,59.5,0,1,1,80.3,0.6659999999999968
Pt 10_FD10_4,Pt 10,Recovery_RA5T,82.726,81.37,59.5,0,1,1,81.4,1.3259999999999934
Pt 10_FD10_4,Pt 10,Reddening_A3T,68.856,59.31,59.5,1,1,4,59.6,9.255999999999993
Pt 10_FD10_4,Pt 10,Reddening_A3T,73.67599999999999,72.32,59.5,0,0,0,,
Pt 10_FD10_4,Pt 10,Reddening_A3T,75.746,74.39,59.5,0,0,0,,
Pt 10_FD10_4,Pt 10,Reddening_A3T,80.966,79.61,59.5,0,1,1,79.85,1.1159999999999997
Pt 10_FD10_4,Pt 10,Reddening_A3T,82.726,81.37,59.5,0,1,1,81.55,1.176000000000002
Pt 10_FD10_4,Pt 10,Reddening_A7T,68.856,59.31,59.5,1,1,2,60.25,8.605999999999995
Pt 10_FD10_4,Pt 10,Reddening_A7T,73.67599999999999,72.32,59.5,0,0,0,,
Pt 10_FD10_4,Pt 10,Reddening_A7T,75.746,74.39,59.5,0,0,0,,
Pt 10_FD10_4,Pt 10,Reddening_A7T,80.966,79.61,59.5,0,0,0,,
Pt 10_FD10_4,Pt 10,Reddening_A7T,82.726,81.37,59.5,0,0,0,,
Pt 10_FD10_4,Pt 10,Reddening_RA5T,68.856,59.31,59.5,1,1,3,60.4,8.455999999999996
Pt 10_FD10_4,Pt 10,Reddening_RA5T,73.67599999999999,72.32,59.5,0,0,0,,
Pt 10_FD10_4,Pt 10,Reddening_RA5T,75.746,74.39,59.5,0,0,0,,
Pt 10_FD10_4,Pt 10,Reddening_RA5T,80.966,79.61,59.5,0,0,0,,
Pt 10_FD10_4,Pt 10,Reddening_RA5T,82.726,81.37,59.5,0,0,0,,
Pt 10_FD10_4,Pt 10,Variance_A3T,68.856,59.31,59.5,1,0,0,,
Pt 10_FD10_4,Pt 10,Variance_A3T,73.67599999999999,72.32,59.5,0,0,0,,
Pt 10_FD10_4,Pt 10,Variance_A3T,75.746,74.39,59.5,0,0,0,,
Pt 10_FD10_4,Pt 10,Variance_A3T,80.966,79.61,59.5,0,0,0,,
Pt 10_FD10_4,Pt 10,Variance_A3T,82.726,81.37,59.5,0,0,0,,
Pt 10_FD10_4,Pt 10,Variance_A7T,68.856,59.31,59.5,1,1,2,61.5,7.3559999999999945
Pt 10_FD10_4,Pt 10,Variance_A7T,73.67599999999999,72.32,59.5,0,0,0,,
Pt 10_FD10_4,Pt 10,Variance_A7T,75.746,74.39,59.5,0,0,0,,
Pt 10_FD10_4,Pt 10,Variance_A7T,80.966,79.61,59.5,0,0,0,,
Pt 10_FD10_4,Pt 10,Variance_A7T,82.726,81.37,59.5,0,0,0,,
Pt 10_FD10_4,Pt 10,Variance_RA5T,68.856,59.31,59.5,1,1,1,62.85,6.005999999999993
Pt 10_FD10_4,Pt 10,Variance_RA5T,73.67599999999999,72.32,59.5,0,0,0,,
Pt 10_FD10_4,Pt 10,Variance_RA5T,75.746,74.39,59.5,0,0,0,,
Pt 10_FD10_4,Pt 10,Variance_RA5T,80.966,79.61,59.5,0,0,0,,
Pt 10_FD10_4,Pt 10,Variance_RA5T,82.726,81.37,59.5,0,0,0,,
Pt 18_FD18_2,Pt 18,Persistence,62.826,60.82,59.5,0,0,0,,
Pt 18_FD18_2,Pt 18,Persistence,65.256,63.9,59.5,0,0,0,,
Pt 18_FD18_2,Pt 18,Persistence,69.306,66.53,59.5,0,1,1,68.85,0.45600000000000307
Pt 18_FD18_2,Pt 18,Persistence,77.31599999999999,73.39,59.5,0,1,1,77.15,0.1659999999999826
Pt 18_FD18_2,Pt 18,AC1,62.826,60.82,59.5,0,1,1,61.8,1.0260000000000034
Pt 18_FD18_2,Pt 18,AC1,65.256,63.9,59.5,0,1,1,64.95,0.3059999999999974
Pt 18_FD18_2,Pt 18,AC1,69.306,66.53,59.5,0,1,1,67.3,2.0060000000000002
Pt 18_FD18_2,Pt 18,AC1,77.31599999999999,73.39,59.5,0,1,2,74.1,3.215999999999994
Pt 18_FD18_2,Pt 18,Variance,62.826,60.82,59.5,0,0,0,,
Pt 18_FD18_2,Pt 18,Variance,65.256,63.9,59.5,0,0,0,,
Pt 18_FD18_2,Pt 18,Variance,69.306,66.53,59.5,0,1,1,68.45,0.8559999999999945
Pt 18_FD18_2,Pt 18,Variance,77.31599999999999,73.39,59.5,0,1,1,76.5,0.8159999999999883
Pt 18_FD18_2,Pt 18,Recovery,62.826,60.82,59.5,0,1,2,61.2,1.6259999999999977
Pt 18_FD18_2,Pt 18,Recovery,65.256,63.9,59.5,0,1,1,64.45,0.8059999999999974
Pt 18_FD18_2,Pt 18,Recovery,69.306,66.53,59.5,0,1,2,67.45,1.8559999999999945
Pt 18_FD18_2,Pt 18,Recovery,77.31599999999999,73.39,59.5,0,1,3,74.2,3.1159999999999854
Pt 18_FD18_2,Pt 18,Reddening,62.826,60.82,59.5,0,0,0,,
Pt 18_FD18_2,Pt 18,Reddening,65.256,63.9,59.5,0,1,1,64.35,0.9060000000000059
Pt 18_FD18_2,Pt 18,Reddening,69.306,66.53,59.5,0,0,0,,
Pt 18_FD18_2,Pt 18,Reddening,77.31599999999999,73.39,59.5,0,1,1,76.0,1.3159999999999883
Pt 18_FD18_2,Pt 18,State-history,62.826,60.82,59.5,0,0,0,,
Pt 18_FD18_2,Pt 18,State-history,65.256,63.9,59.5,0,0,0,,
Pt 18_FD18_2,Pt 18,State-history,69.306,66.53,59.5,0,1,1,68.45,0.8559999999999945
Pt 18_FD18_2,Pt 18,State-history,77.31599999999999,73.39,59.5,0,1,1,76.25,1.0659999999999883
Pt 18_FD18_2,Pt 18,AC1_A3T,62.826,60.82,59.5,0,1,2,61.15,1.676000000000002
Pt 18_FD18_2,Pt 18,AC1_A3T,65.256,63.9,59.5,0,1,1,64.8,0.45600000000000307
Pt 18_FD18_2,Pt 18,AC1_A3T,69.306,66.53,59.5,0,1,4,66.8,2.5060000000000002
Pt 18_FD18_2,Pt 18,AC1_A3T,77.31599999999999,73.39,59.5,0,1,4,73.7,3.6159999999999854
Pt 18_FD18_2,Pt 18,AC1_A7T,62.826,60.82,59.5,0,1,2,61.1,1.725999999999999
Pt 18_FD18_2,Pt 18,AC1_A7T,65.256,63.9,59.5,0,0,0,,
Pt 18_FD18_2,Pt 18,AC1_A7T,69.306,66.53,59.5,0,1,1,67.25,2.0559999999999974
Pt 18_FD18_2,Pt 18,AC1_A7T,77.31599999999999,73.39,59.5,0,1,2,74.05,3.265999999999991
Pt 18_FD18_2,Pt 18,AC1_RA5T,62.826,60.82,59.5,0,1,3,61.2,1.6259999999999977
Pt 18_FD18_2,Pt 18,AC1_RA5T,65.256,63.9,59.5,0,1,1,64.55,0.7060000000000031
Pt 18_FD18_2,Pt 18,AC1_RA5T,69.306,66.53,59.5,0,1,1,66.85,2.456000000000003
Pt 18_FD18_2,Pt 18,AC1_RA5T,77.31599999999999,73.39,59.5,0,1,3,73.8,3.515999999999991
Pt 18_FD18_2,Pt 18,Recovery_A3T,62.826,60.82,59.5,0,1,2,61.15,1.676000000000002
Pt 18_FD18_2,Pt 18,Recovery_A3T,65.256,63.9,59.5,0,0,0,,
Pt 18_FD18_2,Pt 18,Recovery_A3T,69.306,66.53,59.5,0,1,2,66.85,2.456000000000003
Pt 18_FD18_2,Pt 18,Recovery_A3T,77.31599999999999,73.39,59.5,0,1,3,73.75,3.5659999999999883
Pt 18_FD18_2,Pt 18,Recovery_A7T,62.826,60.82,59.5,0,1,1,61.8,1.0260000000000034
Pt 18_FD18_2,Pt 18,Recovery_A7T,65.256,63.9,59.5,0,1,1,65.2,0.055999999999997385
Pt 18_FD18_2,Pt 18,Recovery_A7T,69.306,66.53,59.5,0,1,2,67.5,1.8059999999999974
Pt 18_FD18_2,Pt 18,Recovery_A7T,77.31599999999999,73.39,59.5,0,1,5,74.3,3.015999999999991
Pt 18_FD18_2,Pt 18,Recovery_RA5T,62.826,60.82,59.5,0,1,3,61.15,1.676000000000002
Pt 18_FD18_2,Pt 18,Recovery_RA5T,65.256,63.9,59.5,0,1,1,65.15,0.10599999999999454
Pt 18_FD18_2,Pt 18,Recovery_RA5T,69.306,66.53,59.5,0,1,2,67.35,1.956000000000003
Pt 18_FD18_2,Pt 18,Recovery_RA5T,77.31599999999999,73.39,59.5,0,1,3,74.1,3.215999999999994
Pt 18_FD18_2,Pt 18,Reddening_A3T,62.826,60.82,59.5,0,1,1,61.05,1.7760000000000034
Pt 18_FD18_2,Pt 18,Reddening_A3T,65.256,63.9,59.5,0,0,0,,
Pt 18_FD18_2,Pt 18,Reddening_A3T,69.306,66.53,59.5,0,1,1,69.25,0.055999999999997385
Pt 18_FD18_2,Pt 18,Reddening_A3T,77.31599999999999,73.39,59.5,0,1,2,75.5,1.8159999999999883
Pt 18_FD18_2,Pt 18,Reddening_A7T,62.826,60.82,59.5,0,0,0,,
Pt 18_FD18_2,Pt 18,Reddening_A7T,65.256,63.9,59.5,0,0,0,,
Pt 18_FD18_2,Pt 18,Reddening_A7T,69.306,66.53,59.5,0,0,0,,
Pt 18_FD18_2,Pt 18,Reddening_A7T,77.31599999999999,73.39,59.5,0,1,1,76.2,1.1159999999999854
Pt 18_FD18_2,Pt 18,Reddening_RA5T,62.826,60.82,59.5,0,1,1,61.7,1.1259999999999977
Pt 18_FD18_2,Pt 18,Reddening_RA5T,65.256,63.9,59.5,0,0,0,,
Pt 18_FD18_2,Pt 18,Reddening_RA5T,69.306,66.53,59.5,0,0,0,,
Pt 18_FD18_2,Pt 18,Reddening_RA5T,77.31599999999999,73.39,59.5,0,1,1,75.95,1.3659999999999854
Pt 18_FD18_2,Pt 18,Variance_A3T,62.826,60.82,59.5,0,0,0,,
Pt 18_FD18_2,Pt 18,Variance_A3T,65.256,63.9,59.5,0,0,0,,
Pt 18_FD18_2,Pt 18,Variance_A3T,69.306,66.53,59.5,0,1,1,67.7,1.6059999999999945
Pt 18_FD18_2,Pt 18,Variance_A3T,77.31599999999999,73.39,59.5,0,0,0,,
Pt 18_FD18_2,Pt 18,Variance_A7T,62.826,60.82,59.5,0,0,0,,
Pt 18_FD18_2,Pt 18,Variance_A7T,65.256,63.9,59.5,0,0,0,,
Pt 18_FD18_2,Pt 18,Variance_A7T,69.306,66.53,59.5,0,1,1,68.5,0.8059999999999974
Pt 18_FD18_2,Pt 18,Variance_A7T,77.31599999999999,73.39,59.5,0,1,1,76.45,0.8659999999999854
Pt 18_FD18_2,Pt 18,Variance_RA5T,62.826,60.82,59.5,0,0,0,,
Pt 18_FD18_2,Pt 18,Variance_RA5T,65.256,63.9,59.5,0,1,1,65.0,0.2560000000000002
Pt 18_FD18_2,Pt 18,Variance_RA5T,69.306,66.53,59.5,0,1,1,67.1,2.206000000000003
Pt 18_FD18_2,Pt 18,Variance_RA5T,77.31599999999999,73.39,59.5,0,1,2,74.05,3.265999999999991
Pt 18_FD18_3,Pt 18,Persistence,62.196000000000005,60.84,59.5,0,0,0,,
Pt 18_FD18_3,Pt 18,Persistence,69.62599999999999,68.27,59.5,0,0,0,,
Pt 18_FD18_3,Pt 18,Persistence,74.136,71.03,59.5,0,1,1,71.55,2.5859999999999985
Pt 18_FD18_3,Pt 18,Persistence,75.90599999999999,74.55,59.5,0,1,1,74.9,1.005999999999986
Pt 18_FD18_3,Pt 18,Persistence,83.84599999999999,82.49,59.5,0,0,0,,
Pt 18_FD18_3,Pt 18,Persistence,87.526,86.17,59.5,0,0,0,,
Pt 18_FD18_3,Pt 18,AC1,62.196000000000005,60.84,59.5,0,0,0,,
Pt 18_FD18_3,Pt 18,AC1,69.62599999999999,68.27,59.5,0,1,1,69.35,0.27599999999999625
Pt 18_FD18_3,Pt 18,AC1,74.136,71.03,59.5,0,1,2,73.05,1.0859999999999985
Pt 18_FD18_3,Pt 18,AC1,75.90599999999999,74.55,59.5,0,0,0,,
Pt 18_FD18_3,Pt 18,AC1,83.84599999999999,82.49,59.5,0,0,0,,
Pt 18_FD18_3,Pt 18,AC1,87.526,86.17,59.5,0,0,0,,
Pt 18_FD18_3,Pt 18,Variance,62.196000000000005,60.84,59.5,0,0,0,,
Pt 18_FD18_3,Pt 18,Variance,69.62599999999999,68.27,59.5,0,0,0,,
Pt 18_FD18_3,Pt 18,Variance,74.136,71.03,59.5,0,0,0,,
Pt 18_FD18_3,Pt 18,Variance,75.90599999999999,74.55,59.5,0,0,0,,
Pt 18_FD18_3,Pt 18,Variance,83.84599999999999,82.49,59.5,0,0,0,,
Pt 18_FD18_3,Pt 18,Variance,87.526,86.17,59.5,0,0,0,,
Pt 18_FD18_3,Pt 18,Recovery,62.196000000000005,60.84,59.5,0,0,0,,
Pt 18_FD18_3,Pt 18,Recovery,69.62599999999999,68.27,59.5,0,1,2,68.4,1.2259999999999849
Pt 18_FD18_3,Pt 18,Recovery,74.136,71.03,59.5,0,1,2,72.3,1.8359999999999985
Pt 18_FD18_3,Pt 18,Recovery,75.90599999999999,74.55,59.5,0,0,0,,
Pt 18_FD18_3,Pt 18,Recovery,83.84599999999999,82.49,59.5,0,0,0,,
Pt 18_FD18_3,Pt 18,Recovery,87.526,86.17,59.5,0,1,1,87.25,0.27599999999999625
Pt 18_FD18_3,Pt 18,Reddening,62.196000000000005,60.84,59.5,0,0,0,,
Pt 18_FD18_3,Pt 18,Reddening,69.62599999999999,68.27,59.5,0,1,1,68.95,0.6759999999999877
Pt 18_FD18_3,Pt 18,Reddening,74.136,71.03,59.5,0,1,1,73.1,1.0360000000000014
Pt 18_FD18_3,Pt 18,Reddening,75.90599999999999,74.55,59.5,0,0,0,,
Pt 18_FD18_3,Pt 18,Reddening,83.84599999999999,82.49,59.5,0,0,0,,
Pt 18_FD18_3,Pt 18,Reddening,87.526,86.17,59.5,0,0,0,,
Pt 18_FD18_3,Pt 18,State-history,62.196000000000005,60.84,59.5,0,1,2,61.7,0.4960000000000022
Pt 18_FD18_3,Pt 18,State-history,69.62599999999999,68.27,59.5,0,1,1,69.55,0.0759999999999934
Pt 18_FD18_3,Pt 18,State-history,74.136,71.03,59.5,0,1,1,71.25,2.8859999999999957
Pt 18_FD18_3,Pt 18,State-history,75.90599999999999,74.55,59.5,0,1,1,74.85,1.0559999999999974
Pt 18_FD18_3,Pt 18,State-history,83.84599999999999,82.49,59.5,0,0,0,,
Pt 18_FD18_3,Pt 18,State-history,87.526,86.17,59.5,0,1,1,86.85,0.6760000000000019
Pt 18_FD18_3,Pt 18,AC1_A3T,62.196000000000005,60.84,59.5,0,1,1,61.35,0.8460000000000036
Pt 18_FD18_3,Pt 18,AC1_A3T,69.62599999999999,68.27,59.5,0,1,1,69.3,0.3259999999999934
Pt 18_FD18_3,Pt 18,AC1_A3T,74.136,71.03,59.5,0,1,3,72.0,2.1359999999999957
Pt 18_FD18_3,Pt 18,AC1_A3T,75.90599999999999,74.55,59.5,0,1,1,75.2,0.7059999999999889
Pt 18_FD18_3,Pt 18,AC1_A3T,83.84599999999999,82.49,59.5,0,1,1,83.5,0.3459999999999894
Pt 18_FD18_3,Pt 18,AC1_A3T,87.526,86.17,59.5,0,1,2,86.25,1.2759999999999962
Pt 18_FD18_3,Pt 18,AC1_A7T,62.196000000000005,60.84,59.5,0,0,0,,
Pt 18_FD18_3,Pt 18,AC1_A7T,69.62599999999999,68.27,59.5,0,1,1,69.35,0.27599999999999625
Pt 18_FD18_3,Pt 18,AC1_A7T,74.136,71.03,59.5,0,1,1,73.05,1.0859999999999985
Pt 18_FD18_3,Pt 18,AC1_A7T,75.90599999999999,74.55,59.5,0,0,0,,
Pt 18_FD18_3,Pt 18,AC1_A7T,83.84599999999999,82.49,59.5,0,1,2,82.75,1.0959999999999894
Pt 18_FD18_3,Pt 18,AC1_A7T,87.526,86.17,59.5,0,0,0,,
Pt 18_FD18_3,Pt 18,AC1_RA5T,62.196000000000005,60.84,59.5,0,0,0,,
Pt 18_FD18_3,Pt 18,AC1_RA5T,69.62599999999999,68.27,59.5,0,1,1,69.35,0.27599999999999625
Pt 18_FD18_3,Pt 18,AC1_RA5T,74.136,71.03,59.5,0,1,3,71.7,2.435999999999993
Pt 18_FD18_3,Pt 18,AC1_RA5T,75.90599999999999,74.55,59.5,0,1,1,75.05,0.8559999999999945
Pt 18_FD18_3,Pt 18,AC1_RA5T,83.84599999999999,82.49,59.5,0,0,0,,
Pt 18_FD18_3,Pt 18,AC1_RA5T,87.526,86.17,59.5,0,0,0,,
Pt 18_FD18_3,Pt 18,Recovery_A3T,62.196000000000005,60.84,59.5,0,0,0,,
Pt 18_FD18_3,Pt 18,Recovery_A3T,69.62599999999999,68.27,59.5,0,1,1,68.55,1.0759999999999934
Pt 18_FD18_3,Pt 18,Recovery_A3T,74.136,71.03,59.5,0,1,2,72.1,2.0360000000000014
Pt 18_FD18_3,Pt 18,Recovery_A3T,75.90599999999999,74.55,59.5,0,0,0,,
Pt 18_FD18_3,Pt 18,Recovery_A3T,83.84599999999999,82.49,59.5,0,0,0,,
Pt 18_FD18_3,Pt 18,Recovery_A3T,87.526,86.17,59.5,0,1,2,86.35,1.176000000000002
Pt 18_FD18_3,Pt 18,Recovery_A7T,62.196000000000005,60.84,59.5,0,0,0,,
Pt 18_FD18_3,Pt 18,Recovery_A7T,69.62599999999999,68.27,59.5,0,0,0,,
Pt 18_FD18_3,Pt 18,Recovery_A7T,74.136,71.03,59.5,0,1,2,71.1,3.0360000000000014
Pt 18_FD18_3,Pt 18,Recovery_A7T,75.90599999999999,74.55,59.5,0,1,2,74.65,1.255999999999986
Pt 18_FD18_3,Pt 18,Recovery_A7T,83.84599999999999,82.49,59.5,0,0,0,,
Pt 18_FD18_3,Pt 18,Recovery_A7T,87.526,86.17,59.5,0,0,0,,
Pt 18_FD18_3,Pt 18,Recovery_RA5T,62.196000000000005,60.84,59.5,0,0,0,,
Pt 18_FD18_3,Pt 18,Recovery_RA5T,69.62599999999999,68.27,59.5,0,1,1,69.6,0.02599999999999625
Pt 18_FD18_3,Pt 18,Recovery_RA5T,74.136,71.03,59.5,0,1,4,71.2,2.935999999999993
Pt 18_FD18_3,Pt 18,Recovery_RA5T,75.90599999999999,74.55,59.5,0,0,0,,
Pt 18_FD18_3,Pt 18,Recovery_RA5T,83.84599999999999,82.49,59.5,0,1,1,82.5,1.3459999999999894
Pt 18_FD18_3,Pt 18,Recovery_RA5T,87.526,86.17,59.5,0,1,1,87.0,0.5259999999999962
Pt 18_FD18_3,Pt 18,Reddening_A3T,62.196000000000005,60.84,59.5,0,1,1,61.5,0.6960000000000051
Pt 18_FD18_3,Pt 18,Reddening_A3T,69.62599999999999,68.27,59.5,0,1,1,68.4,1.2259999999999849
Pt 18_FD18_3,Pt 18,Reddening_A3T,74.136,71.03,59.5,0,1,1,71.3,2.8359999999999985
Pt 18_FD18_3,Pt 18,Reddening_A3T,75.90599999999999,74.55,59.5,0,1,1,75.7,0.20599999999998886
Pt 18_FD18_3,Pt 18,Reddening_A3T,83.84599999999999,82.49,59.5,0,1,1,83.25,0.5959999999999894
Pt 18_FD18_3,Pt 18,Reddening_A3T,87.526,86.17,59.5,0,1,1,86.5,1.0259999999999962
Pt 18_FD18_3,Pt 18,Reddening_A7T,62.196000000000005,60.84,59.5,0,0,0,,
Pt 18_FD18_3,Pt 18,Reddening_A7T,69.62599999999999,68.27,59.5,0,1,1,69.3,0.3259999999999934
Pt 18_FD18_3,Pt 18,Reddening_A7T,74.136,71.03,59.5,0,0,0,,
Pt 18_FD18_3,Pt 18,Reddening_A7T,75.90599999999999,74.55,59.5,0,0,0,,
Pt 18_FD18_3,Pt 18,Reddening_A7T,83.84599999999999,82.49,59.5,0,0,0,,
Pt 18_FD18_3,Pt 18,Reddening_A7T,87.526,86.17,59.5,0,0,0,,
Pt 18_FD18_3,Pt 18,Reddening_RA5T,62.196000000000005,60.84,59.5,0,0,0,,
Pt 18_FD18_3,Pt 18,Reddening_RA5T,69.62599999999999,68.27,59.5,0,1,1,69.2,0.4259999999999877
Pt 18_FD18_3,Pt 18,Reddening_RA5T,74.136,71.03,59.5,0,0,0,,
Pt 18_FD18_3,Pt 18,Reddening_RA5T,75.90599999999999,74.55,59.5,0,0,0,,
Pt 18_FD18_3,Pt 18,Reddening_RA5T,83.84599999999999,82.49,59.5,0,0,0,,
Pt 18_FD18_3,Pt 18,Reddening_RA5T,87.526,86.17,59.5,0,0,0,,
Pt 18_FD18_3,Pt 18,Variance_A3T,62.196000000000005,60.84,59.5,0,0,0,,
Pt 18_FD18_3,Pt 18,Variance_A3T,69.62599999999999,68.27,59.5,0,0,0,,
Pt 18_FD18_3,Pt 18,Variance_A3T,74.136,71.03,59.5,0,1,1,72.9,1.23599999999999
Pt 18_FD18_3,Pt 18,Variance_A3T,75.90599999999999,74.55,59.5,0,0,0,,
Pt 18_FD18_3,Pt 18,Variance_A3T,83.84599999999999,82.49,59.5,0,0,0,,
Pt 18_FD18_3,Pt 18,Variance_A3T,87.526,86.17,59.5,0,0,0,,
Pt 18_FD18_3,Pt 18,Variance_A7T,62.196000000000005,60.84,59.5,0,0,0,,
Pt 18_FD18_3,Pt 18,Variance_A7T,69.62599999999999,68.27,59.5,0,0,0,,
Pt 18_FD18_3,Pt 18,Variance_A7T,74.136,71.03,59.5,0,0,0,,
Pt 18_FD18_3,Pt 18,Variance_A7T,75.90599999999999,74.55,59.5,0,1,1,75.65,0.255999999999986
Pt 18_FD18_3,Pt 18,Variance_A7T,83.84599999999999,82.49,59.5,0,0,0,,
Pt 18_FD18_3,Pt 18,Variance_A7T,87.526,86.17,59.5,0,0,0,,
Pt 18_FD18_3,Pt 18,Variance_RA5T,62.196000000000005,60.84,59.5,0,0,0,,
Pt 18_FD18_3,Pt 18,Variance_RA5T,69.62599999999999,68.27,59.5,0,0,0,,
Pt 18_FD18_3,Pt 18,Variance_RA5T,74.136,71.03,59.5,0,1,2,71.75,2.3859999999999957
Pt 18_FD18_3,Pt 18,Variance_RA5T,75.90599999999999,74.55,59.5,0,0,0,,
Pt 18_FD18_3,Pt 18,Variance_RA5T,83.84599999999999,82.49,59.5,0,0,0,,
Pt 18_FD18_3,Pt 18,Variance_RA5T,87.526,86.17,59.5,0,0,0,,
Pt 18_FD18_4,Pt 18,Persistence,61.836,53.99,59.5,1,1,2,60.5,1.3359999999999985
Pt 18_FD18_4,Pt 18,Persistence,64.196,62.22,59.5,0,0,0,,
Pt 18_FD18_4,Pt 18,Persistence,67.866,65.11,59.5,0,1,1,66.3,1.5660000000000025
Pt 18_FD18_4,Pt 18,Persistence,74.246,70.94,59.5,0,0,0,,
Pt 18_FD18_4,Pt 18,Persistence,76.20599999999999,74.85,59.5,0,1,1,76.0,0.20599999999998886
Pt 18_FD18_4,Pt 18,Persistence,80.136,77.04,59.5,0,0,0,,
Pt 18_FD18_4,Pt 18,AC1,61.836,53.99,59.5,1,1,1,59.6,2.235999999999997
Pt 18_FD18_4,Pt 18,AC1,64.196,62.22,59.5,0,1,1,63.15,1.0459999999999994
Pt 18_FD18_4,Pt 18,AC1,67.866,65.11,59.5,0,0,0,,
Pt 18_FD18_4,Pt 18,AC1,74.246,70.94,59.5,0,1,1,71.95,2.2959999999999923
Pt 18_FD18_4,Pt 18,AC1,76.20599999999999,74.85,59.5,0,1,1,75.4,0.8059999999999832
Pt 18_FD18_4,Pt 18,AC1,80.136,77.04,59.5,0,1,1,78.0,2.1359999999999957
Pt 18_FD18_4,Pt 18,Variance,61.836,53.99,59.5,1,1,1,59.6,2.235999999999997
Pt 18_FD18_4,Pt 18,Variance,64.196,62.22,59.5,0,1,1,62.8,1.3960000000000008
Pt 18_FD18_4,Pt 18,Variance,67.866,65.11,59.5,0,0,0,,
Pt 18_FD18_4,Pt 18,Variance,74.246,70.94,59.5,0,1,1,73.5,0.7459999999999951
Pt 18_FD18_4,Pt 18,Variance,76.20599999999999,74.85,59.5,0,0,0,,
Pt 18_FD18_4,Pt 18,Variance,80.136,77.04,59.5,0,0,0,,
Pt 18_FD18_4,Pt 18,Recovery,61.836,53.99,59.5,1,1,1,59.6,2.235999999999997
Pt 18_FD18_4,Pt 18,Recovery,64.196,62.22,59.5,0,1,2,62.55,1.6460000000000008
Pt 18_FD18_4,Pt 18,Recovery,67.866,65.11,59.5,0,1,1,67.5,0.36599999999999966
Pt 18_FD18_4,Pt 18,Recovery,74.246,70.94,59.5,0,1,2,70.95,3.2959999999999923
Pt 18_FD18_4,Pt 18,Recovery,76.20599999999999,74.85,59.5,0,1,1,75.4,0.8059999999999832
Pt 18_FD18_4,Pt 18,Recovery,80.136,77.04,59.5,0,1,1,78.05,2.0859999999999985
Pt 18_FD18_4,Pt 18,Reddening,61.836,53.99,59.5,1,0,0,,
Pt 18_FD18_4,Pt 18,Reddening,64.196,62.22,59.5,0,1,1,62.75,1.445999999999998
Pt 18_FD18_4,Pt 18,Reddening,67.866,65.11,59.5,0,0,0,,
Pt 18_FD18_4,Pt 18,Reddening,74.246,70.94,59.5,0,1,1,71.05,3.195999999999998
Pt 18_FD18_4,Pt 18,Reddening,76.20599999999999,74.85,59.5,0,0,0,,
Pt 18_FD18_4,Pt 18,Reddening,80.136,77.04,59.5,0,1,1,77.6,2.5360000000000014
Pt 18_FD18_4,Pt 18,State-history,61.836,53.99,59.5,1,1,1,60.25,1.5859999999999985
Pt 18_FD18_4,Pt 18,State-history,64.196,62.22,59.5,0,1,1,63.95,0.2459999999999951
Pt 18_FD18_4,Pt 18,State-history,67.866,65.11,59.5,0,1,2,66.2,1.6659999999999968
Pt 18_FD18_4,Pt 18,State-history,74.246,70.94,59.5,0,1,3,72.6,1.6460000000000008
Pt 18_FD18_4,Pt 18,State-history,76.20599999999999,74.85,59.5,0,1,1,75.45,0.755999999999986
Pt 18_FD18_4,Pt 18,State-history,80.136,77.04,59.5,0,1,1,79.4,0.73599999999999
Pt 18_FD18_4,Pt 18,AC1_A3T,61.836,53.99,59.5,1,1,2,59.6,2.235999999999997
Pt 18_FD18_4,Pt 18,AC1_A3T,64.196,62.22,59.5,0,1,3,62.45,1.7459999999999951
Pt 18_FD18_4,Pt 18,AC1_A3T,67.866,65.11,59.5,0,1,2,65.4,2.465999999999994
Pt 18_FD18_4,Pt 18,AC1_A3T,74.246,70.94,59.5,0,1,2,71.3,2.945999999999998
Pt 18_FD18_4,Pt 18,AC1_A3T,76.20599999999999,74.85,59.5,0,1,1,75.25,0.9559999999999889
Pt 18_FD18_4,Pt 18,AC1_A3T,80.136,77.04,59.5,0,1,2,77.4,2.73599999999999
Pt 18_FD18_4,Pt 18,AC1_A7T,61.836,53.99,59.5,1,1,1,59.6,2.235999999999997
Pt 18_FD18_4,Pt 18,AC1_A7T,64.196,62.22,59.5,0,1,1,63.15,1.0459999999999994
Pt 18_FD18_4,Pt 18,AC1_A7T,67.866,65.11,59.5,0,0,0,,
Pt 18_FD18_4,Pt 18,AC1_A7T,74.246,70.94,59.5,0,1,1,72.1,2.146000000000001
Pt 18_FD18_4,Pt 18,AC1_A7T,76.20599999999999,74.85,59.5,0,0,0,,
Pt 18_FD18_4,Pt 18,AC1_A7T,80.136,77.04,59.5,0,1,2,77.4,2.73599999999999
Pt 18_FD18_4,Pt 18,AC1_RA5T,61.836,53.99,59.5,1,1,1,59.6,2.235999999999997
Pt 18_FD18_4,Pt 18,AC1_RA5T,64.196,62.22,59.5,0,1,1,63.05,1.1460000000000008
Pt 18_FD18_4,Pt 18,AC1_RA5T,67.866,65.11,59.5,0,1,1,66.55,1.3160000000000025
Pt 18_FD18_4,Pt 18,AC1_RA5T,74.246,70.94,59.5,0,1,1,71.85,2.396000000000001
Pt 18_FD18_4,Pt 18,AC1_RA5T,76.20599999999999,74.85,59.5,0,1,1,75.4,0.8059999999999832
Pt 18_FD18_4,Pt 18,AC1_RA5T,80.136,77.04,59.5,0,1,1,77.65,2.48599999999999
Pt 18_FD18_4,Pt 18,Recovery_A3T,61.836,53.99,59.5,1,1,3,60.15,1.686
Pt 18_FD18_4,Pt 18,Recovery_A3T,64.196,62.22,59.5,0,1,2,62.6,1.5959999999999965
Pt 18_FD18_4,Pt 18,Recovery_A3T,67.866,65.11,59.5,0,1,3,65.4,2.465999999999994
Pt 18_FD18_4,Pt 18,Recovery_A3T,74.246,70.94,59.5,0,1,4,71.35,2.896000000000001
Pt 18_FD18_4,Pt 18,Recovery_A3T,76.20599999999999,74.85,59.5,0,1,1,75.25,0.9559999999999889
Pt 18_FD18_4,Pt 18,Recovery_A3T,80.136,77.04,59.5,0,1,2,77.95,2.185999999999993
Pt 18_FD18_4,Pt 18,Recovery_A7T,61.836,53.99,59.5,1,1,1,59.6,2.235999999999997
Pt 18_FD18_4,Pt 18,Recovery_A7T,64.196,62.22,59.5,0,1,1,63.15,1.0459999999999994
Pt 18_FD18_4,Pt 18,Recovery_A7T,67.866,65.11,59.5,0,0,0,,
Pt 18_FD18_4,Pt 18,Recovery_A7T,74.246,70.94,59.5,0,1,3,71.1,3.146000000000001
Pt 18_FD18_4,Pt 18,Recovery_A7T,76.20599999999999,74.85,59.5,0,0,0,,
Pt 18_FD18_4,Pt 18,Recovery_A7T,80.136,77.04,59.5,0,1,3,77.15,2.98599999999999
Pt 18_FD18_4,Pt 18,Recovery_RA5T,61.836,53.99,59.5,1,1,1,59.6,2.235999999999997
Pt 18_FD18_4,Pt 18,Recovery_RA5T,64.196,62.22,59.5,0,1,3,62.6,1.5959999999999965
Pt 18_FD18_4,Pt 18,Recovery_RA5T,67.866,65.11,59.5,0,1,1,66.65,1.215999999999994
Pt 18_FD18_4,Pt 18,Recovery_RA5T,74.246,70.94,59.5,0,1,2,71.9,2.3459999999999894
Pt 18_FD18_4,Pt 18,Recovery_RA5T,76.20599999999999,74.85,59.5,0,1,1,75.4,0.8059999999999832
Pt 18_FD18_4,Pt 18,Recovery_RA5T,80.136,77.04,59.5,0,1,1,78.0,2.1359999999999957
Pt 18_FD18_4,Pt 18,Reddening_A3T,61.836,53.99,59.5,1,1,1,60.45,1.3859999999999957
Pt 18_FD18_4,Pt 18,Reddening_A3T,64.196,62.22,59.5,0,0,0,,
Pt 18_FD18_4,Pt 18,Reddening_A3T,67.866,65.11,59.5,0,1,1,65.45,2.415999999999997
Pt 18_FD18_4,Pt 18,Reddening_A3T,74.246,70.94,59.5,0,1,1,71.1,3.146000000000001
Pt 18_FD18_4,Pt 18,Reddening_A3T,76.20599999999999,74.85,59.5,0,1,1,75.3,0.9059999999999917
Pt 18_FD18_4,Pt 18,Reddening_A3T,80.136,77.04,59.5,0,0,0,,
Pt 18_FD18_4,Pt 18,Reddening_A7T,61.836,53.99,59.5,1,0,0,,
Pt 18_FD18_4,Pt 18,Reddening_A7T,64.196,62.22,59.5,0,1,1,63.4,0.7959999999999994
Pt 18_FD18_4,Pt 18,Reddening_A7T,67.866,65.11,59.5,0,0,0,,
Pt 18_FD18_4,Pt 18,Reddening_A7T,74.246,70.94,59.5,0,1,1,71.7,2.5459999999999923
Pt 18_FD18_4,Pt 18,Reddening_A7T,76.20599999999999,74.85,59.5,0,0,0,,
Pt 18_FD18_4,Pt 18,Reddening_A7T,80.136,77.04,59.5,0,1,1,78.3,1.8359999999999985
Pt 18_FD18_4,Pt 18,Reddening_RA5T,61.836,53.99,59.5,1,0,0,,
Pt 18_FD18_4,Pt 18,Reddening_RA5T,64.196,62.22,59.5,0,1,1,62.7,1.4959999999999951
Pt 18_FD18_4,Pt 18,Reddening_RA5T,67.866,65.11,59.5,0,0,0,,
Pt 18_FD18_4,Pt 18,Reddening_RA5T,74.246,70.94,59.5,0,1,1,71.25,2.995999999999995
Pt 18_FD18_4,Pt 18,Reddening_RA5T,76.20599999999999,74.85,59.5,0,1,1,75.8,0.4059999999999917
Pt 18_FD18_4,Pt 18,Reddening_RA5T,80.136,77.04,59.5,0,1,1,77.6,2.5360000000000014
Pt 18_FD18_4,Pt 18,Variance_A3T,61.836,53.99,59.5,1,1,1,59.6,2.235999999999997
Pt 18_FD18_4,Pt 18,Variance_A3T,64.196,62.22,59.5,0,1,1,62.5,1.695999999999998
Pt 18_FD18_4,Pt 18,Variance_A3T,67.866,65.11,59.5,0,0,0,,
Pt 18_FD18_4,Pt 18,Variance_A3T,74.246,70.94,59.5,0,1,2,71.85,2.396000000000001
Pt 18_FD18_4,Pt 18,Variance_A3T,76.20599999999999,74.85,59.5,0,0,0,,
Pt 18_FD18_4,Pt 18,Variance_A3T,80.136,77.04,59.5,0,1,2,77.7,2.435999999999993
Pt 18_FD18_4,Pt 18,Variance_A7T,61.836,53.99,59.5,1,1,1,59.6,2.235999999999997
Pt 18_FD18_4,Pt 18,Variance_A7T,64.196,62.22,59.5,0,0,0,,
Pt 18_FD18_4,Pt 18,Variance_A7T,67.866,65.11,59.5,0,0,0,,
Pt 18_FD18_4,Pt 18,Variance_A7T,74.246,70.94,59.5,0,0,0,,
Pt 18_FD18_4,Pt 18,Variance_A7T,76.20599999999999,74.85,59.5,0,0,0,,
Pt 18_FD18_4,Pt 18,Variance_A7T,80.136,77.04,59.5,0,0,0,,
Pt 18_FD18_4,Pt 18,Variance_RA5T,61.836,53.99,59.5,1,1,2,59.6,2.235999999999997
Pt 18_FD18_4,Pt 18,Variance_RA5T,64.196,62.22,59.5,0,0,0,,
Pt 18_FD18_4,Pt 18,Variance_RA5T,67.866,65.11,59.5,0,0,0,,
Pt 18_FD18_4,Pt 18,Variance_RA5T,74.246,70.94,59.5,0,1,1,71.4,2.8459999999999894
Pt 18_FD18_4,Pt 18,Variance_RA5T,76.20599999999999,74.85,59.5,0,0,0,,
Pt 18_FD18_4,Pt 18,Variance_RA5T,80.136,77.04,59.5,0,1,1,77.35,2.7860000000000014
Pt 18_FD18_5,Pt 18,Persistence,59.876000000000005,53.81,59.5,1,1,1,59.7,0.17600000000000193
Pt 18_FD18_5,Pt 18,Persistence,62.996,60.54,59.5,0,0,0,,
Pt 18_FD18_5,Pt 18,Persistence,66.636,65.28,59.5,0,1,1,66.6,0.036000000000001364
Pt 18_FD18_5,Pt 18,Persistence,75.95599999999999,67.9,59.5,0,1,1,74.75,1.2059999999999889
Pt 18_FD18_5,Pt 18,Persistence,85.67599999999999,83.78,59.5,0,0,0,,
Pt 18_FD18_5,Pt 18,AC1,59.876000000000005,53.81,59.5,1,1,1,59.6,0.27600000000000335
Pt 18_FD18_5,Pt 18,AC1,62.996,60.54,59.5,0,0,0,,
Pt 18_FD18_5,Pt 18,AC1,66.636,65.28,59.5,0,0,0,,
Pt 18_FD18_5,Pt 18,AC1,75.95599999999999,67.9,59.5,0,1,2,68.75,7.205999999999989
Pt 18_FD18_5,Pt 18,AC1,85.67599999999999,83.78,59.5,0,1,1,84.65,1.025999999999982
Pt 18_FD18_5,Pt 18,Variance,59.876000000000005,53.81,59.5,1,1,1,59.6,0.27600000000000335
Pt 18_FD18_5,Pt 18,Variance,62.996,60.54,59.5,0,0,0,,
Pt 18_FD18_5,Pt 18,Variance,66.636,65.28,59.5,0,0,0,,
Pt 18_FD18_5,Pt 18,Variance,75.95599999999999,67.9,59.5,0,1,1,68.7,7.255999999999986
Pt 18_FD18_5,Pt 18,Variance,85.67599999999999,83.78,59.5,0,1,1,84.55,1.1259999999999906
Pt 18_FD18_5,Pt 18,Recovery,59.876000000000005,53.81,59.5,1,1,1,59.6,0.27600000000000335
Pt 18_FD18_5,Pt 18,Recovery,62.996,60.54,59.5,0,1,1,62.7,0.2959999999999994
Pt 18_FD18_5,Pt 18,Recovery,66.636,65.28,59.5,0,0,0,,
Pt 18_FD18_5,Pt 18,Recovery,75.95599999999999,67.9,59.5,0,1,3,68.85,7.1059999999999945
Pt 18_FD18_5,Pt 18,Recovery,85.67599999999999,83.78,59.5,0,1,1,84.75,0.9259999999999877
Pt 18_FD18_5,Pt 18,Reddening,59.876000000000005,53.81,59.5,1,1,1,59.6,0.27600000000000335
Pt 18_FD18_5,Pt 18,Reddening,62.996,60.54,59.5,0,1,1,61.7,1.2959999999999994
Pt 18_FD18_5,Pt 18,Reddening,66.636,65.28,59.5,0,0,0,,
Pt 18_FD18_5,Pt 18,Reddening,75.95599999999999,67.9,59.5,0,0,0,,
Pt 18_FD18_5,Pt 18,Reddening,85.67599999999999,83.78,59.5,0,1,1,83.9,1.775999999999982
Pt 18_FD18_5,Pt 18,State-history,59.876000000000005,53.81,59.5,1,1,1,59.6,0.27600000000000335
Pt 18_FD18_5,Pt 18,State-history,62.996,60.54,59.5,0,1,2,60.95,2.0459999999999994
Pt 18_FD18_5,Pt 18,State-history,66.636,65.28,59.5,0,1,1,66.5,0.13599999999999568
Pt 18_FD18_5,Pt 18,State-history,75.95599999999999,67.9,59.5,0,1,3,70.0,5.955999999999989
Pt 18_FD18_5,Pt 18,State-history,85.67599999999999,83.78,59.5,0,1,1,85.5,0.17599999999998772
Pt 18_FD18_5,Pt 18,AC1_A3T,59.876000000000005,53.81,59.5,1,1,1,59.6,0.27600000000000335
Pt 18_FD18_5,Pt 18,AC1_A3T,62.996,60.54,59.5,0,1,2,61.0,1.9960000000000022
Pt 18_FD18_5,Pt 18,AC1_A3T,66.636,65.28,59.5,0,1,2,65.65,0.98599999999999
Pt 18_FD18_5,Pt 18,AC1_A3T,75.95599999999999,67.9,59.5,0,1,7,68.2,7.755999999999986
Pt 18_FD18_5,Pt 18,AC1_A3T,85.67599999999999,83.78,59.5,0,1,1,84.5,1.1759999999999877
Pt 18_FD18_5,Pt 18,AC1_A7T,59.876000000000005,53.81,59.5,1,1,1,59.6,0.27600000000000335
Pt 18_FD18_5,Pt 18,AC1_A7T,62.996,60.54,59.5,0,0,0,,
Pt 18_FD18_5,Pt 18,AC1_A7T,66.636,65.28,59.5,0,0,0,,
Pt 18_FD18_5,Pt 18,AC1_A7T,75.95599999999999,67.9,59.5,0,1,2,68.75,7.205999999999989
Pt 18_FD18_5,Pt 18,AC1_A7T,85.67599999999999,83.78,59.5,0,1,1,84.65,1.025999999999982
Pt 18_FD18_5,Pt 18,AC1_RA5T,59.876000000000005,53.81,59.5,1,1,1,59.6,0.27600000000000335
Pt 18_FD18_5,Pt 18,AC1_RA5T,62.996,60.54,59.5,0,1,1,62.6,0.3960000000000008
Pt 18_FD18_5,Pt 18,AC1_RA5T,66.636,65.28,59.5,0,0,0,,
Pt 18_FD18_5,Pt 18,AC1_RA5T,75.95599999999999,67.9,59.5,0,1,4,68.2,7.755999999999986
Pt 18_FD18_5,Pt 18,AC1_RA5T,85.67599999999999,83.78,59.5,0,1,1,84.55,1.1259999999999906
Pt 18_FD18_5,Pt 18,Recovery_A3T,59.876000000000005,53.81,59.5,1,1,1,59.6,0.27600000000000335
Pt 18_FD18_5,Pt 18,Recovery_A3T,62.996,60.54,59.5,0,1,1,61.1,1.8960000000000008
Pt 18_FD18_5,Pt 18,Recovery_A3T,66.636,65.28,59.5,0,1,2,65.6,1.0360000000000014
Pt 18_FD18_5,Pt 18,Recovery_A3T,75.95599999999999,67.9,59.5,0,1,7,68.65,7.305999999999983
Pt 18_FD18_5,Pt 18,Recovery_A3T,85.67599999999999,83.78,59.5,0,1,1,84.55,1.1259999999999906
Pt 18_FD18_5,Pt 18,Recovery_A7T,59.876000000000005,53.81,59.5,1,1,1,59.7,0.17600000000000193
Pt 18_FD18_5,Pt 18,Recovery_A7T,62.996,60.54,59.5,0,1,2,60.75,2.246000000000002
Pt 18_FD18_5,Pt 18,Recovery_A7T,66.636,65.28,59.5,0,1,1,65.75,0.8859999999999957
Pt 18_FD18_5,Pt 18,Recovery_A7T,75.95599999999999,67.9,59.5,0,1,2,68.9,7.055999999999983
Pt 18_FD18_5,Pt 18,Recovery_A7T,85.67599999999999,83.78,59.5,0,1,1,84.75,0.9259999999999877
Pt 18_FD18_5,Pt 18,Recovery_RA5T,59.876000000000005,53.81,59.5,1,1,1,59.65,0.2260000000000062
Pt 18_FD18_5,Pt 18,Recovery_RA5T,62.996,60.54,59.5,0,1,1,62.7,0.2959999999999994
Pt 18_FD18_5,Pt 18,Recovery_RA5T,66.636,65.28,59.5,0,1,1,65.75,0.8859999999999957
Pt 18_FD18_5,Pt 18,Recovery_RA5T,75.95599999999999,67.9,59.5,0,1,5,68.85,7.1059999999999945
Pt 18_FD18_5,Pt 18,Recovery_RA5T,85.67599999999999,83.78,59.5,0,1,1,84.65,1.025999999999982
Pt 18_FD18_5,Pt 18,Reddening_A3T,59.876000000000005,53.81,59.5,1,0,0,,
Pt 18_FD18_5,Pt 18,Reddening_A3T,62.996,60.54,59.5,0,1,2,61.0,1.9960000000000022
Pt 18_FD18_5,Pt 18,Reddening_A3T,66.636,65.28,59.5,0,1,1,65.55,1.0859999999999985
Pt 18_FD18_5,Pt 18,Reddening_A3T,75.95599999999999,67.9,59.5,0,1,2,70.5,5.455999999999989
Pt 18_FD18_5,Pt 18,Reddening_A3T,85.67599999999999,83.78,59.5,0,1,1,83.85,1.8259999999999934
Pt 18_FD18_5,Pt 18,Reddening_A7T,59.876000000000005,53.81,59.5,1,1,1,59.7,0.17600000000000193
Pt 18_FD18_5,Pt 18,Reddening_A7T,62.996,60.54,59.5,0,0,0,,
Pt 18_FD18_5,Pt 18,Reddening_A7T,66.636,65.28,59.5,0,0,0,,
Pt 18_FD18_5,Pt 18,Reddening_A7T,75.95599999999999,67.9,59.5,0,0,0,,
Pt 18_FD18_5,Pt 18,Reddening_A7T,85.67599999999999,83.78,59.5,0,1,1,83.95,1.7259999999999849
Pt 18_FD18_5,Pt 18,Reddening_RA5T,59.876000000000005,53.81,59.5,1,0,0,,
Pt 18_FD18_5,Pt 18,Reddening_RA5T,62.996,60.54,59.5,0,1,1,61.8,1.196000000000005
Pt 18_FD18_5,Pt 18,Reddening_RA5T,66.636,65.28,59.5,0,0,0,,
Pt 18_FD18_5,Pt 18,Reddening_RA5T,75.95599999999999,67.9,59.5,0,0,0,,
Pt 18_FD18_5,Pt 18,Reddening_RA5T,85.67599999999999,83.78,59.5,0,1,1,83.95,1.7259999999999849
Pt 18_FD18_5,Pt 18,Variance_A3T,59.876000000000005,53.81,59.5,1,1,1,59.6,0.27600000000000335
Pt 18_FD18_5,Pt 18,Variance_A3T,62.996,60.54,59.5,0,1,1,62.95,0.045999999999999375
Pt 18_FD18_5,Pt 18,Variance_A3T,66.636,65.28,59.5,0,0,0,,
Pt 18_FD18_5,Pt 18,Variance_A3T,75.95599999999999,67.9,59.5,0,1,3,68.45,7.505999999999986
Pt 18_FD18_5,Pt 18,Variance_A3T,85.67599999999999,83.78,59.5,0,1,1,84.35,1.3259999999999934
Pt 18_FD18_5,Pt 18,Variance_A7T,59.876000000000005,53.81,59.5,1,1,1,59.6,0.27600000000000335
Pt 18_FD18_5,Pt 18,Variance_A7T,62.996,60.54,59.5,0,0,0,,
Pt 18_FD18_5,Pt 18,Variance_A7T,66.636,65.28,59.5,0,0,0,,
Pt 18_FD18_5,Pt 18,Variance_A7T,75.95599999999999,67.9,59.5,0,1,1,68.7,7.255999999999986
Pt 18_FD18_5,Pt 18,Variance_A7T,85.67599999999999,83.78,59.5,0,1,1,84.55,1.1259999999999906
Pt 18_FD18_5,Pt 18,Variance_RA5T,59.876000000000005,53.81,59.5,1,1,1,59.6,0.27600000000000335
Pt 18_FD18_5,Pt 18,Variance_RA5T,62.996,60.54,59.5,0,0,0,,
Pt 18_FD18_5,Pt 18,Variance_RA5T,66.636,65.28,59.5,0,0,0,,
Pt 18_FD18_5,Pt 18,Variance_RA5T,75.95599999999999,67.9,59.5,0,1,1,68.25,7.705999999999989
Pt 18_FD18_5,Pt 18,Variance_RA5T,85.67599999999999,83.78,59.5,0,1,1,84.15,1.525999999999982
Pt 20_FD20_2,Pt 20,Persistence,63.386,53.0,59.5,1,0,0,,
Pt 20_FD20_2,Pt 20,Persistence,66.776,63.89,59.5,0,0,0,,
Pt 20_FD20_2,Pt 20,Persistence,75.556,68.22,59.5,0,1,1,75.4,0.1559999999999917
Pt 20_FD20_2,Pt 20,Persistence,78.446,76.37,59.5,0,0,0,,
Pt 20_FD20_2,Pt 20,Persistence,81.226,78.81,59.5,0,0,0,,
Pt 20_FD20_2,Pt 20,Persistence,83.076,81.72,59.5,0,1,1,83.0,0.0759999999999934
Pt 20_FD20_2,Pt 20,AC1,63.386,53.0,59.5,1,0,0,,
Pt 20_FD20_2,Pt 20,AC1,66.776,63.89,59.5,0,1,2,64.9,1.8759999999999906
Pt 20_FD20_2,Pt 20,AC1,75.556,68.22,59.5,0,1,3,69.2,6.3559999999999945
Pt 20_FD20_2,Pt 20,AC1,78.446,76.37,59.5,0,1,1,77.4,1.0459999999999923
Pt 20_FD20_2,Pt 20,AC1,81.226,78.81,59.5,0,1,2,79.15,2.0759999999999934
Pt 20_FD20_2,Pt 20,AC1,83.076,81.72,59.5,0,1,1,82.75,0.3259999999999934
Pt 20_FD20_2,Pt 20,Variance,63.386,53.0,59.5,1,0,0,,
Pt 20_FD20_2,Pt 20,Variance,66.776,63.89,59.5,0,1,1,64.6,2.176000000000002
Pt 20_FD20_2,Pt 20,Variance,75.556,68.22,59.5,0,1,2,68.5,7.055999999999997
Pt 20_FD20_2,Pt 20,Variance,78.446,76.37,59.5,0,0,0,,
Pt 20_FD20_2,Pt 20,Variance,81.226,78.81,59.5,0,0,0,,
Pt 20_FD20_2,Pt 20,Variance,83.076,81.72,59.5,0,0,0,,
Pt 20_FD20_2,Pt 20,Recovery,63.386,53.0,59.5,1,0,0,,
Pt 20_FD20_2,Pt 20,Recovery,66.776,63.89,59.5,0,1,2,64.9,1.8759999999999906
Pt 20_FD20_2,Pt 20,Recovery,75.556,68.22,59.5,0,1,4,69.25,6.305999999999997
Pt 20_FD20_2,Pt 20,Recovery,78.446,76.37,59.5,0,1,1,77.4,1.0459999999999923
Pt 20_FD20_2,Pt 20,Recovery,81.226,78.81,59.5,0,1,3,79.0,2.225999999999999
Pt 20_FD20_2,Pt 20,Recovery,83.076,81.72,59.5,0,0,0,,
Pt 20_FD20_2,Pt 20,Reddening,63.386,53.0,59.5,1,0,0,,
Pt 20_FD20_2,Pt 20,Reddening,66.776,63.89,59.5,0,1,1,65.1,1.676000000000002
Pt 20_FD20_2,Pt 20,Reddening,75.556,68.22,59.5,0,1,1,68.75,6.805999999999997
Pt 20_FD20_2,Pt 20,Reddening,78.446,76.37,59.5,0,0,0,,
Pt 20_FD20_2,Pt 20,Reddening,81.226,78.81,59.5,0,0,0,,
Pt 20_FD20_2,Pt 20,Reddening,83.076,81.72,59.5,0,0,0,,
Pt 20_FD20_2,Pt 20,State-history,63.386,53.0,59.5,1,1,1,63.25,0.13600000000000279
Pt 20_FD20_2,Pt 20,State-history,66.776,63.89,59.5,0,1,1,66.55,0.2259999999999991
Pt 20_FD20_2,Pt 20,State-history,75.556,68.22,59.5,0,1,2,72.7,2.8559999999999945
Pt 20_FD20_2,Pt 20,State-history,78.446,76.37,59.5,0,1,2,76.4,2.0459999999999923
Pt 20_FD20_2,Pt 20,State-history,81.226,78.81,59.5,0,1,1,80.6,0.6260000000000048
Pt 20_FD20_2,Pt 20,State-history,83.076,81.72,59.5,0,1,1,82.55,0.5259999999999962
Pt 20_FD20_2,Pt 20,AC1_A3T,63.386,53.0,59.5,1,1,1,61.9,1.4860000000000042
Pt 20_FD20_2,Pt 20,AC1_A3T,66.776,63.89,59.5,0,1,4,64.1,2.676000000000002
Pt 20_FD20_2,Pt 20,AC1_A3T,75.556,68.22,59.5,0,1,3,69.1,6.456000000000003
Pt 20_FD20_2,Pt 20,AC1_A3T,78.446,76.37,59.5,0,1,1,77.7,0.7459999999999951
Pt 20_FD20_2,Pt 20,AC1_A3T,81.226,78.81,59.5,0,1,2,79.1,2.1260000000000048
Pt 20_FD20_2,Pt 20,AC1_A3T,83.076,81.72,59.5,0,1,1,82.1,0.9759999999999991
Pt 20_FD20_2,Pt 20,AC1_A7T,63.386,53.0,59.5,1,0,0,,
Pt 20_FD20_2,Pt 20,AC1_A7T,66.776,63.89,59.5,0,1,2,64.9,1.8759999999999906
Pt 20_FD20_2,Pt 20,AC1_A7T,75.556,68.22,59.5,0,1,2,69.15,6.405999999999992
Pt 20_FD20_2,Pt 20,AC1_A7T,78.446,76.37,59.5,0,0,0,,
Pt 20_FD20_2,Pt 20,AC1_A7T,81.226,78.81,59.5,0,1,5,79.15,2.0759999999999934
Pt 20_FD20_2,Pt 20,AC1_A7T,83.076,81.72,59.5,0,0,0,,
Pt 20_FD20_2,Pt 20,AC1_RA5T,63.386,53.0,59.5,1,0,0,,
Pt 20_FD20_2,Pt 20,AC1_RA5T,66.776,63.89,59.5,0,1,1,64.9,1.8759999999999906
Pt 20_FD20_2,Pt 20,AC1_RA5T,75.556,68.22,59.5,0,1,5,69.2,6.3559999999999945
Pt 20_FD20_2,Pt 20,AC1_RA5T,78.446,76.37,59.5,0,1,1,77.4,1.0459999999999923
Pt 20_FD20_2,Pt 20,AC1_RA5T,81.226,78.81,59.5,0,1,2,79.1,2.1260000000000048
Pt 20_FD20_2,Pt 20,AC1_RA5T,83.076,81.72,59.5,0,1,1,82.65,0.4259999999999877
Pt 20_FD20_2,Pt 20,Recovery_A3T,63.386,53.0,59.5,1,0,0,,
Pt 20_FD20_2,Pt 20,Recovery_A3T,66.776,63.89,59.5,0,1,2,64.8,1.975999999999999
Pt 20_FD20_2,Pt 20,Recovery_A3T,75.556,68.22,59.5,0,1,4,69.9,5.655999999999992
Pt 20_FD20_2,Pt 20,Recovery_A3T,78.446,76.37,59.5,0,1,3,77.1,1.3460000000000036
Pt 20_FD20_2,Pt 20,Recovery_A3T,81.226,78.81,59.5,0,1,1,80.25,0.9759999999999991
Pt 20_FD20_2,Pt 20,Recovery_A3T,83.076,81.72,59.5,0,1,2,81.95,1.1259999999999906
Pt 20_FD20_2,Pt 20,Recovery_A7T,63.386,53.0,59.5,1,1,1,63.35,0.036000000000001364
Pt 20_FD20_2,Pt 20,Recovery_A7T,66.776,63.89,59.5,0,1,1,65.35,1.426000000000002
Pt 20_FD20_2,Pt 20,Recovery_A7T,75.556,68.22,59.5,0,1,4,69.2,6.3559999999999945
Pt 20_FD20_2,Pt 20,Recovery_A7T,78.446,76.37,59.5,0,1,1,77.05,1.3960000000000008
Pt 20_FD20_2,Pt 20,Recovery_A7T,81.226,78.81,59.5,0,1,1,80.85,0.3760000000000048
Pt 20_FD20_2,Pt 20,Recovery_A7T,83.076,81.72,59.5,0,1,1,82.75,0.3259999999999934
Pt 20_FD20_2,Pt 20,Recovery_RA5T,63.386,53.0,59.5,1,0,0,,
Pt 20_FD20_2,Pt 20,Recovery_RA5T,66.776,63.89,59.5,0,1,3,64.9,1.8759999999999906
Pt 20_FD20_2,Pt 20,Recovery_RA5T,75.556,68.22,59.5,0,1,5,69.25,6.305999999999997
Pt 20_FD20_2,Pt 20,Recovery_RA5T,78.446,76.37,59.5,0,1,2,77.4,1.0459999999999923
Pt 20_FD20_2,Pt 20,Recovery_RA5T,81.226,78.81,59.5,0,1,3,78.95,2.2759999999999962
Pt 20_FD20_2,Pt 20,Recovery_RA5T,83.076,81.72,59.5,0,0,0,,
Pt 20_FD20_2,Pt 20,Reddening_A3T,63.386,53.0,59.5,1,0,0,,
Pt 20_FD20_2,Pt 20,Reddening_A3T,66.776,63.89,59.5,0,1,3,64.6,2.176000000000002
Pt 20_FD20_2,Pt 20,Reddening_A3T,75.556,68.22,59.5,0,1,2,73.7,1.8559999999999945
Pt 20_FD20_2,Pt 20,Reddening_A3T,78.446,76.37,59.5,0,0,0,,
Pt 20_FD20_2,Pt 20,Reddening_A3T,81.226,78.81,59.5,0,1,1,79.1,2.1260000000000048
Pt 20_FD20_2,Pt 20,Reddening_A3T,83.076,81.72,59.5,0,1,1,82.05,1.0259999999999962
Pt 20_FD20_2,Pt 20,Reddening_A7T,63.386,53.0,59.5,1,0,0,,
Pt 20_FD20_2,Pt 20,Reddening_A7T,66.776,63.89,59.5,0,1,1,66.0,0.7759999999999962
Pt 20_FD20_2,Pt 20,Reddening_A7T,75.556,68.22,59.5,0,1,1,68.4,7.155999999999992
Pt 20_FD20_2,Pt 20,Reddening_A7T,78.446,76.37,59.5,0,0,0,,
Pt 20_FD20_2,Pt 20,Reddening_A7T,81.226,78.81,59.5,0,0,0,,
Pt 20_FD20_2,Pt 20,Reddening_A7T,83.076,81.72,59.5,0,0,0,,
Pt 20_FD20_2,Pt 20,Reddening_RA5T,63.386,53.0,59.5,1,0,0,,
Pt 20_FD20_2,Pt 20,Reddening_RA5T,66.776,63.89,59.5,0,1,1,65.15,1.6259999999999906
Pt 20_FD20_2,Pt 20,Reddening_RA5T,75.556,68.22,59.5,0,1,1,68.75,6.805999999999997
Pt 20_FD20_2,Pt 20,Reddening_RA5T,78.446,76.37,59.5,0,0,0,,
Pt 20_FD20_2,Pt 20,Reddening_RA5T,81.226,78.81,59.5,0,1,1,81.15,0.0759999999999934
Pt 20_FD20_2,Pt 20,Reddening_RA5T,83.076,81.72,59.5,0,0,0,,
Pt 20_FD20_2,Pt 20,Variance_A3T,63.386,53.0,59.5,1,0,0,,
Pt 20_FD20_2,Pt 20,Variance_A3T,66.776,63.89,59.5,0,1,2,64.4,2.3759999999999906
Pt 20_FD20_2,Pt 20,Variance_A3T,75.556,68.22,59.5,0,1,2,68.25,7.305999999999997
Pt 20_FD20_2,Pt 20,Variance_A3T,78.446,76.37,59.5,0,1,1,77.7,0.7459999999999951
Pt 20_FD20_2,Pt 20,Variance_A3T,81.226,78.81,59.5,0,0,0,,
Pt 20_FD20_2,Pt 20,Variance_A3T,83.076,81.72,59.5,0,1,1,81.85,1.225999999999999
Pt 20_FD20_2,Pt 20,Variance_A7T,63.386,53.0,59.5,1,0,0,,
Pt 20_FD20_2,Pt 20,Variance_A7T,66.776,63.89,59.5,0,1,1,64.6,2.176000000000002
Pt 20_FD20_2,Pt 20,Variance_A7T,75.556,68.22,59.5,0,0,0,,
Pt 20_FD20_2,Pt 20,Variance_A7T,78.446,76.37,59.5,0,0,0,,
Pt 20_FD20_2,Pt 20,Variance_A7T,81.226,78.81,59.5,0,0,0,,
Pt 20_FD20_2,Pt 20,Variance_A7T,83.076,81.72,59.5,0,0,0,,
Pt 20_FD20_2,Pt 20,Variance_RA5T,63.386,53.0,59.5,1,0,0,,
Pt 20_FD20_2,Pt 20,Variance_RA5T,66.776,63.89,59.5,0,1,1,64.65,2.1259999999999906
Pt 20_FD20_2,Pt 20,Variance_RA5T,75.556,68.22,59.5,0,1,2,68.5,7.055999999999997
Pt 20_FD20_2,Pt 20,Variance_RA5T,78.446,76.37,59.5,0,0,0,,
Pt 20_FD20_2,Pt 20,Variance_RA5T,81.226,78.81,59.5,0,0,0,,
Pt 20_FD20_2,Pt 20,Variance_RA5T,83.076,81.72,59.5,0,0,0,,
Pt 20_FD20_3,Pt 20,Persistence,61.196000000000005,57.28,59.5,1,1,1,60.9,0.2960000000000065
Pt 20_FD20_3,Pt 20,Persistence,65.226,62.08,59.5,0,0,0,,
Pt 20_FD20_3,Pt 20,Persistence,68.34599999999999,66.11,59.5,0,0,0,,
Pt 20_FD20_3,Pt 20,Persistence,71.15599999999999,69.09,59.5,0,0,0,,
Pt 20_FD20_3,Pt 20,Persistence,76.336,71.72,59.5,0,1,1,76.15,0.18599999999999284
Pt 20_FD20_3,Pt 20,AC1,61.196000000000005,57.28,59.5,1,0,0,,
Pt 20_FD20_3,Pt 20,AC1,65.226,62.08,59.5,0,1,5,62.35,2.8759999999999977
Pt 20_FD20_3,Pt 20,AC1,68.34599999999999,66.11,59.5,0,0,0,,
Pt 20_FD20_3,Pt 20,AC1,71.15599999999999,69.09,59.5,0,1,3,69.25,1.9059999999999917
Pt 20_FD20_3,Pt 20,AC1,76.336,71.72,59.5,0,1,2,72.15,4.185999999999993
Pt 20_FD20_3,Pt 20,Variance,61.196000000000005,57.28,59.5,1,1,1,59.6,1.5960000000000036
Pt 20_FD20_3,Pt 20,Variance,65.226,62.08,59.5,0,0,0,,
Pt 20_FD20_3,Pt 20,Variance,68.34599999999999,66.11,59.5,0,0,0,,
Pt 20_FD20_3,Pt 20,Variance,71.15599999999999,69.09,59.5,0,0,0,,
Pt 20_FD20_3,Pt 20,Variance,76.336,71.72,59.5,0,1,1,73.25,3.0859999999999985
Pt 20_FD20_3,Pt 20,Recovery,61.196000000000005,57.28,59.5,1,1,1,60.2,0.9960000000000022
Pt 20_FD20_3,Pt 20,Recovery,65.226,62.08,59.5,0,1,2,63.25,1.975999999999999
Pt 20_FD20_3,Pt 20,Recovery,68.34599999999999,66.11,59.5,0,0,0,,
Pt 20_FD20_3,Pt 20,Recovery,71.15599999999999,69.09,59.5,0,1,1,69.75,1.4059999999999917
Pt 20_FD20_3,Pt 20,Recovery,76.336,71.72,59.5,0,1,5,71.75,4.5859999999999985
Pt 20_FD20_3,Pt 20,Reddening,61.196000000000005,57.28,59.5,1,0,0,,
Pt 20_FD20_3,Pt 20,Reddening,65.226,62.08,59.5,0,1,1,62.85,2.3759999999999977
Pt 20_FD20_3,Pt 20,Reddening,68.34599999999999,66.11,59.5,0,0,0,,
Pt 20_FD20_3,Pt 20,Reddening,71.15599999999999,69.09,59.5,0,0,0,,
Pt 20_FD20_3,Pt 20,Reddening,76.336,71.72,59.5,0,1,1,73.4,2.935999999999993
Pt 20_FD20_3,Pt 20,State-history,61.196000000000005,57.28,59.5,1,1,1,60.7,0.4960000000000022
Pt 20_FD20_3,Pt 20,State-history,65.226,62.08,59.5,0,1,1,63.45,1.7759999999999962
Pt 20_FD20_3,Pt 20,State-history,68.34599999999999,66.11,59.5,0,1,1,67.3,1.0459999999999923
Pt 20_FD20_3,Pt 20,State-history,71.15599999999999,69.09,59.5,0,1,1,70.3,0.8559999999999945
Pt 20_FD20_3,Pt 20,State-history,76.336,71.72,59.5,0,1,2,73.6,2.736000000000004
Pt 20_FD20_3,Pt 20,AC1_A3T,61.196000000000005,57.28,59.5,1,1,2,59.6,1.5960000000000036
Pt 20_FD20_3,Pt 20,AC1_A3T,65.226,62.08,59.5,0,1,2,63.3,1.926000000000002
Pt 20_FD20_3,Pt 20,AC1_A3T,68.34599999999999,66.11,59.5,0,1,1,67.1,1.2459999999999951
Pt 20_FD20_3,Pt 20,AC1_A3T,71.15599999999999,69.09,59.5,0,1,2,69.25,1.9059999999999917
Pt 20_FD20_3,Pt 20,AC1_A3T,76.336,71.72,59.5,0,1,2,73.3,3.0360000000000014
Pt 20_FD20_3,Pt 20,AC1_A7T,61.196000000000005,57.28,59.5,1,1,1,59.6,1.5960000000000036
Pt 20_FD20_3,Pt 20,AC1_A7T,65.226,62.08,59.5,0,1,2,63.45,1.7759999999999962
Pt 20_FD20_3,Pt 20,AC1_A7T,68.34599999999999,66.11,59.5,0,1,3,66.15,2.1959999999999837
Pt 20_FD20_3,Pt 20,AC1_A7T,71.15599999999999,69.09,59.5,0,1,2,69.5,1.6559999999999917
Pt 20_FD20_3,Pt 20,AC1_A7T,76.336,71.72,59.5,0,1,3,72.45,3.8859999999999957
Pt 20_FD20_3,Pt 20,AC1_RA5T,61.196000000000005,57.28,59.5,1,0,0,,
Pt 20_FD20_3,Pt 20,AC1_RA5T,65.226,62.08,59.5,0,1,1,63.3,1.926000000000002
Pt 20_FD20_3,Pt 20,AC1_RA5T,68.34599999999999,66.11,59.5,0,1,1,67.6,0.7459999999999951
Pt 20_FD20_3,Pt 20,AC1_RA5T,71.15599999999999,69.09,59.5,0,1,3,69.15,2.005999999999986
Pt 20_FD20_3,Pt 20,AC1_RA5T,76.336,71.72,59.5,0,1,3,72.05,4.286000000000001
Pt 20_FD20_3,Pt 20,Recovery_A3T,61.196000000000005,57.28,59.5,1,0,0,,
Pt 20_FD20_3,Pt 20,Recovery_A3T,65.226,62.08,59.5,0,1,2,62.15,3.0760000000000005
Pt 20_FD20_3,Pt 20,Recovery_A3T,68.34599999999999,66.11,59.5,0,1,2,67.15,1.1959999999999837
Pt 20_FD20_3,Pt 20,Recovery_A3T,71.15599999999999,69.09,59.5,0,1,2,70.15,1.005999999999986
Pt 20_FD20_3,Pt 20,Recovery_A3T,76.336,71.72,59.5,0,1,2,72.65,3.685999999999993
Pt 20_FD20_3,Pt 20,Recovery_A7T,61.196000000000005,57.28,59.5,1,1,1,60.9,0.2960000000000065
Pt 20_FD20_3,Pt 20,Recovery_A7T,65.226,62.08,59.5,0,1,2,64.05,1.176000000000002
Pt 20_FD20_3,Pt 20,Recovery_A7T,68.34599999999999,66.11,59.5,0,1,1,66.85,1.4959999999999951
Pt 20_FD20_3,Pt 20,Recovery_A7T,71.15599999999999,69.09,59.5,0,1,1,69.85,1.3059999999999974
Pt 20_FD20_3,Pt 20,Recovery_A7T,76.336,71.72,59.5,0,1,3,73.45,2.8859999999999957
Pt 20_FD20_3,Pt 20,Recovery_RA5T,61.196000000000005,57.28,59.5,1,1,1,60.2,0.9960000000000022
Pt 20_FD20_3,Pt 20,Recovery_RA5T,65.226,62.08,59.5,0,1,2,63.4,1.8260000000000005
Pt 20_FD20_3,Pt 20,Recovery_RA5T,68.34599999999999,66.11,59.5,0,1,1,67.15,1.1959999999999837
Pt 20_FD20_3,Pt 20,Recovery_RA5T,71.15599999999999,69.09,59.5,0,1,1,69.75,1.4059999999999917
Pt 20_FD20_3,Pt 20,Recovery_RA5T,76.336,71.72,59.5,0,1,5,71.75,4.5859999999999985
Pt 20_FD20_3,Pt 20,Reddening_A3T,61.196000000000005,57.28,59.5,1,1,1,60.9,0.2960000000000065
Pt 20_FD20_3,Pt 20,Reddening_A3T,65.226,62.08,59.5,0,1,1,62.5,2.725999999999999
Pt 20_FD20_3,Pt 20,Reddening_A3T,68.34599999999999,66.11,59.5,0,1,1,67.0,1.3459999999999894
Pt 20_FD20_3,Pt 20,Reddening_A3T,71.15599999999999,69.09,59.5,0,1,1,69.85,1.3059999999999974
Pt 20_FD20_3,Pt 20,Reddening_A3T,76.336,71.72,59.5,0,1,1,73.0,3.3359999999999985
Pt 20_FD20_3,Pt 20,Reddening_A7T,61.196000000000005,57.28,59.5,1,0,0,,
Pt 20_FD20_3,Pt 20,Reddening_A7T,65.226,62.08,59.5,0,1,1,63.6,1.6259999999999977
Pt 20_FD20_3,Pt 20,Reddening_A7T,68.34599999999999,66.11,59.5,0,0,0,,
Pt 20_FD20_3,Pt 20,Reddening_A7T,71.15599999999999,69.09,59.5,0,0,0,,
Pt 20_FD20_3,Pt 20,Reddening_A7T,76.336,71.72,59.5,0,0,0,,
Pt 20_FD20_3,Pt 20,Reddening_RA5T,61.196000000000005,57.28,59.5,1,0,0,,
Pt 20_FD20_3,Pt 20,Reddening_RA5T,65.226,62.08,59.5,0,0,0,,
Pt 20_FD20_3,Pt 20,Reddening_RA5T,68.34599999999999,66.11,59.5,0,0,0,,
Pt 20_FD20_3,Pt 20,Reddening_RA5T,71.15599999999999,69.09,59.5,0,0,0,,
Pt 20_FD20_3,Pt 20,Reddening_RA5T,76.336,71.72,59.5,0,1,1,73.55,2.7860000000000014
Pt 20_FD20_3,Pt 20,Variance_A3T,61.196000000000005,57.28,59.5,1,1,1,59.6,1.5960000000000036
Pt 20_FD20_3,Pt 20,Variance_A3T,65.226,62.08,59.5,0,0,0,,
Pt 20_FD20_3,Pt 20,Variance_A3T,68.34599999999999,66.11,59.5,0,1,2,67.15,1.1959999999999837
Pt 20_FD20_3,Pt 20,Variance_A3T,71.15599999999999,69.09,59.5,0,1,1,70.0,1.1559999999999917
Pt 20_FD20_3,Pt 20,Variance_A3T,76.336,71.72,59.5,0,1,1,73.1,3.236000000000004
Pt 20_FD20_3,Pt 20,Variance_A7T,61.196000000000005,57.28,59.5,1,1,1,59.6,1.5960000000000036
Pt 20_FD20_3,Pt 20,Variance_A7T,65.226,62.08,59.5,0,0,0,,
Pt 20_FD20_3,Pt 20,Variance_A7T,68.34599999999999,66.11,59.5,0,0,0,,
Pt 20_FD20_3,Pt 20,Variance_A7T,71.15599999999999,69.09,59.5,0,0,0,,
Pt 20_FD20_3,Pt 20,Variance_A7T,76.336,71.72,59.5,0,1,1,73.3,3.0360000000000014
Pt 20_FD20_3,Pt 20,Variance_RA5T,61.196000000000005,57.28,59.5,1,1,1,59.6,1.5960000000000036
Pt 20_FD20_3,Pt 20,Variance_RA5T,65.226,62.08,59.5,0,1,1,62.95,2.2759999999999962
Pt 20_FD20_3,Pt 20,Variance_RA5T,68.34599999999999,66.11,59.5,0,1,1,67.1,1.2459999999999951
Pt 20_FD20_3,Pt 20,Variance_RA5T,71.15599999999999,69.09,59.5,0,0,0,,
Pt 20_FD20_3,Pt 20,Variance_RA5T,76.336,71.72,59.5,0,0,0,,
Pt 20_FD20_4,Pt 20,Persistence,62.916,60.73,59.5,0,0,0,,
Pt 20_FD20_4,Pt 20,Persistence,67.466,64.15,59.5,0,1,1,67.3,0.16599999999999682
Pt 20_FD20_4,Pt 20,Persistence,73.576,70.93,59.5,0,0,0,,
Pt 20_FD20_4,Pt 20,Persistence,76.20599999999999,74.85,59.5,0,0,0,,
Pt 20_FD20_4,Pt 20,Persistence,83.54599999999999,77.62,59.5,0,0,0,,
Pt 20_FD20_4,Pt 20,AC1,62.916,60.73,59.5,0,1,3,60.9,2.0159999999999982
Pt 20_FD20_4,Pt 20,AC1,67.466,64.15,59.5,0,1,2,65.15,2.3159999999999883
Pt 20_FD20_4,Pt 20,AC1,73.576,70.93,59.5,0,1,3,71.0,2.5759999999999934
Pt 20_FD20_4,Pt 20,AC1,76.20599999999999,74.85,59.5,0,1,1,75.95,0.255999999999986
Pt 20_FD20_4,Pt 20,AC1,83.54599999999999,77.62,59.5,0,1,4,77.95,5.595999999999989
Pt 20_FD20_4,Pt 20,Variance,62.916,60.73,59.5,0,1,1,62.7,0.21599999999999397
Pt 20_FD20_4,Pt 20,Variance,67.466,64.15,59.5,0,0,0,,
Pt 20_FD20_4,Pt 20,Variance,73.576,70.93,59.5,0,1,1,72.85,0.7259999999999991
Pt 20_FD20_4,Pt 20,Variance,76.20599999999999,74.85,59.5,0,1,1,75.55,0.6559999999999917
Pt 20_FD20_4,Pt 20,Variance,83.54599999999999,77.62,59.5,0,1,1,78.1,5.445999999999998
Pt 20_FD20_4,Pt 20,Recovery,62.916,60.73,59.5,0,1,2,61.2,1.715999999999994
Pt 20_FD20_4,Pt 20,Recovery,67.466,64.15,59.5,0,1,2,65.15,2.3159999999999883
Pt 20_FD20_4,Pt 20,Recovery,73.576,70.93,59.5,0,1,1,72.95,0.6259999999999906
Pt 20_FD20_4,Pt 20,Recovery,76.20599999999999,74.85,59.5,0,1,1,75.4,0.8059999999999832
Pt 20_FD20_4,Pt 20,Recovery,83.54599999999999,77.62,59.5,0,1,3,77.95,5.595999999999989
Pt 20_FD20_4,Pt 20,Reddening,62.916,60.73,59.5,0,0,0,,
Pt 20_FD20_4,Pt 20,Reddening,67.466,64.15,59.5,0,0,0,,
Pt 20_FD20_4,Pt 20,Reddening,73.576,70.93,59.5,0,0,0,,
Pt 20_FD20_4,Pt 20,Reddening,76.20599999999999,74.85,59.5,0,0,0,,
Pt 20_FD20_4,Pt 20,Reddening,83.54599999999999,77.62,59.5,0,1,1,78.3,5.245999999999995
Pt 20_FD20_4,Pt 20,State-history,62.916,60.73,59.5,0,1,1,62.9,0.015999999999998238
Pt 20_FD20_4,Pt 20,State-history,67.466,64.15,59.5,0,1,1,67.0,0.465999999999994
Pt 20_FD20_4,Pt 20,State-history,73.576,70.93,59.5,0,1,1,73.55,0.02599999999999625
Pt 20_FD20_4,Pt 20,State-history,76.20599999999999,74.85,59.5,0,0,0,,
Pt 20_FD20_4,Pt 20,State-history,83.54599999999999,77.62,59.5,0,1,2,78.95,4.595999999999989
Pt 20_FD20_4,Pt 20,AC1_A3T,62.916,60.73,59.5,0,1,1,61.75,1.1659999999999968
Pt 20_FD20_4,Pt 20,AC1_A3T,67.466,64.15,59.5,0,1,1,65.1,2.3659999999999997
Pt 20_FD20_4,Pt 20,AC1_A3T,73.576,70.93,59.5,0,1,2,71.9,1.6759999999999877
Pt 20_FD20_4,Pt 20,AC1_A3T,76.20599999999999,74.85,59.5,0,1,1,75.0,1.2059999999999889
Pt 20_FD20_4,Pt 20,AC1_A3T,83.54599999999999,77.62,59.5,0,1,5,77.85,5.695999999999998
Pt 20_FD20_4,Pt 20,AC1_A7T,62.916,60.73,59.5,0,1,2,61.0,1.9159999999999968
Pt 20_FD20_4,Pt 20,AC1_A7T,67.466,64.15,59.5,0,1,2,65.15,2.3159999999999883
Pt 20_FD20_4,Pt 20,AC1_A7T,73.576,70.93,59.5,0,1,2,72.5,1.0759999999999934
Pt 20_FD20_4,Pt 20,AC1_A7T,76.20599999999999,74.85,59.5,0,0,0,,
Pt 20_FD20_4,Pt 20,AC1_A7T,83.54599999999999,77.62,59.5,0,1,3,78.6,4.945999999999998
Pt 20_FD20_4,Pt 20,AC1_RA5T,62.916,60.73,59.5,0,1,2,60.9,2.0159999999999982
Pt 20_FD20_4,Pt 20,AC1_RA5T,67.466,64.15,59.5,0,1,2,65.1,2.3659999999999997
Pt 20_FD20_4,Pt 20,AC1_RA5T,73.576,70.93,59.5,0,1,4,71.0,2.5759999999999934
Pt 20_FD20_4,Pt 20,AC1_RA5T,76.20599999999999,74.85,59.5,0,1,2,75.25,0.9559999999999889
Pt 20_FD20_4,Pt 20,AC1_RA5T,83.54599999999999,77.62,59.5,0,1,1,81.2,2.3459999999999894
Pt 20_FD20_4,Pt 20,Recovery_A3T,62.916,60.73,59.5,0,1,3,60.9,2.0159999999999982
Pt 20_FD20_4,Pt 20,Recovery_A3T,67.466,64.15,59.5,0,1,3,64.35,3.1159999999999997
Pt 20_FD20_4,Pt 20,Recovery_A3T,73.576,70.93,59.5,0,1,2,72.1,1.475999999999999
Pt 20_FD20_4,Pt 20,Recovery_A3T,76.20599999999999,74.85,59.5,0,1,1,75.05,1.1559999999999917
Pt 20_FD20_4,Pt 20,Recovery_A3T,83.54599999999999,77.62,59.5,0,1,2,79.25,4.295999999999992
Pt 20_FD20_4,Pt 20,Recovery_A7T,62.916,60.73,59.5,0,1,2,61.0,1.9159999999999968
Pt 20_FD20_4,Pt 20,Recovery_A7T,67.466,64.15,59.5,0,1,2,65.15,2.3159999999999883
Pt 20_FD20_4,Pt 20,Recovery_A7T,73.576,70.93,59.5,0,1,1,72.75,0.8259999999999934
Pt 20_FD20_4,Pt 20,Recovery_A7T,76.20599999999999,74.85,59.5,0,1,1,75.5,0.7059999999999889
Pt 20_FD20_4,Pt 20,Recovery_A7T,83.54599999999999,77.62,59.5,0,1,2,78.9,4.645999999999987
Pt 20_FD20_4,Pt 20,Recovery_RA5T,62.916,60.73,59.5,0,1,2,61.2,1.715999999999994
Pt 20_FD20_4,Pt 20,Recovery_RA5T,67.466,64.15,59.5,0,1,2,64.75,2.715999999999994
Pt 20_FD20_4,Pt 20,Recovery_RA5T,73.576,70.93,59.5,0,1,3,71.05,2.5259999999999962
Pt 20_FD20_4,Pt 20,Recovery_RA5T,76.20599999999999,74.85,59.5,0,1,2,75.3,0.9059999999999917
Pt 20_FD20_4,Pt 20,Recovery_RA5T,83.54599999999999,77.62,59.5,0,1,2,78.5,5.045999999999992
Pt 20_FD20_4,Pt 20,Reddening_A3T,62.916,60.73,59.5,0,0,0,,
Pt 20_FD20_4,Pt 20,Reddening_A3T,67.466,64.15,59.5,0,1,2,66.5,0.965999999999994
Pt 20_FD20_4,Pt 20,Reddening_A3T,73.576,70.93,59.5,0,1,1,71.7,1.8759999999999906
Pt 20_FD20_4,Pt 20,Reddening_A3T,76.20599999999999,74.85,59.5,0,0,0,,
Pt 20_FD20_4,Pt 20,Reddening_A3T,83.54599999999999,77.62,59.5,0,1,3,80.2,3.3459999999999894
Pt 20_FD20_4,Pt 20,Reddening_A7T,62.916,60.73,59.5,0,0,0,,
Pt 20_FD20_4,Pt 20,Reddening_A7T,67.466,64.15,59.5,0,0,0,,
Pt 20_FD20_4,Pt 20,Reddening_A7T,73.576,70.93,59.5,0,0,0,,
Pt 20_FD20_4,Pt 20,Reddening_A7T,76.20599999999999,74.85,59.5,0,0,0,,
Pt 20_FD20_4,Pt 20,Reddening_A7T,83.54599999999999,77.62,59.5,0,0,0,,
Pt 20_FD20_4,Pt 20,Reddening_RA5T,62.916,60.73,59.5,0,1,1,60.8,2.1159999999999997
Pt 20_FD20_4,Pt 20,Reddening_RA5T,67.466,64.15,59.5,0,0,0,,
Pt 20_FD20_4,Pt 20,Reddening_RA5T,73.576,70.93,59.5,0,0,0,,
Pt 20_FD20_4,Pt 20,Reddening_RA5T,76.20599999999999,74.85,59.5,0,0,0,,
Pt 20_FD20_4,Pt 20,Reddening_RA5T,83.54599999999999,77.62,59.5,0,1,1,78.35,5.195999999999998
Pt 20_FD20_4,Pt 20,Variance_A3T,62.916,60.73,59.5,0,1,1,61.5,1.4159999999999968
Pt 20_FD20_4,Pt 20,Variance_A3T,67.466,64.15,59.5,0,0,0,,
Pt 20_FD20_4,Pt 20,Variance_A3T,73.576,70.93,59.5,0,1,1,71.7,1.8759999999999906
Pt 20_FD20_4,Pt 20,Variance_A3T,76.20599999999999,74.85,59.5,0,1,1,76.2,0.0059999999999860165
Pt 20_FD20_4,Pt 20,Variance_A3T,83.54599999999999,77.62,59.5,0,0,0,,
Pt 20_FD20_4,Pt 20,Variance_A7T,62.916,60.73,59.5,0,1,1,61.8,1.1159999999999997
Pt 20_FD20_4,Pt 20,Variance_A7T,67.466,64.15,59.5,0,0,0,,
Pt 20_FD20_4,Pt 20,Variance_A7T,73.576,70.93,59.5,0,0,0,,
Pt 20_FD20_4,Pt 20,Variance_A7T,76.20599999999999,74.85,59.5,0,0,0,,
Pt 20_FD20_4,Pt 20,Variance_A7T,83.54599999999999,77.62,59.5,0,0,0,,
Pt 20_FD20_4,Pt 20,Variance_RA5T,62.916,60.73,59.5,0,1,1,60.8,2.1159999999999997
Pt 20_FD20_4,Pt 20,Variance_RA5T,67.466,64.15,59.5,0,0,0,,
Pt 20_FD20_4,Pt 20,Variance_RA5T,73.576,70.93,59.5,0,1,1,71.75,1.8259999999999934
Pt 20_FD20_4,Pt 20,Variance_RA5T,76.20599999999999,74.85,59.5,0,0,0,,
Pt 20_FD20_4,Pt 20,Variance_RA5T,83.54599999999999,77.62,59.5,0,0,0,,
Pt 20_FD20_5,Pt 20,Persistence,66.896,59.53,59.5,0,0,0,,
Pt 20_FD20_5,Pt 20,Persistence,70.976,68.32,59.5,0,0,0,,
Pt 20_FD20_5,Pt 20,Persistence,78.276,75.98,59.5,0,0,0,,
Pt 20_FD20_5,Pt 20,Persistence,88.776,84.76,59.5,0,0,0,,
Pt 20_FD20_5,Pt 20,AC1,66.896,59.53,59.5,0,1,3,59.6,7.295999999999999
Pt 20_FD20_5,Pt 20,AC1,70.976,68.32,59.5,0,1,2,69.7,1.2759999999999962
Pt 20_FD20_5,Pt 20,AC1,78.276,75.98,59.5,0,0,0,,
Pt 20_FD20_5,Pt 20,AC1,88.776,84.76,59.5,0,1,1,86.4,2.3759999999999906
Pt 20_FD20_5,Pt 20,Variance,66.896,59.53,59.5,0,1,1,61.45,5.445999999999998
Pt 20_FD20_5,Pt 20,Variance,70.976,68.32,59.5,0,0,0,,
Pt 20_FD20_5,Pt 20,Variance,78.276,75.98,59.5,0,0,0,,
Pt 20_FD20_5,Pt 20,Variance,88.776,84.76,59.5,0,1,1,87.05,1.725999999999999
Pt 20_FD20_5,Pt 20,Recovery,66.896,59.53,59.5,0,1,4,59.6,7.295999999999999
Pt 20_FD20_5,Pt 20,Recovery,70.976,68.32,59.5,0,1,2,69.4,1.5759999999999934
Pt 20_FD20_5,Pt 20,Recovery,78.276,75.98,59.5,0,1,2,77.45,0.8259999999999934
Pt 20_FD20_5,Pt 20,Recovery,88.776,84.76,59.5,0,0,0,,
Pt 20_FD20_5,Pt 20,Reddening,66.896,59.53,59.5,0,1,2,59.6,7.295999999999999
Pt 20_FD20_5,Pt 20,Reddening,70.976,68.32,59.5,0,0,0,,
Pt 20_FD20_5,Pt 20,Reddening,78.276,75.98,59.5,0,1,2,76.05,2.225999999999999
Pt 20_FD20_5,Pt 20,Reddening,88.776,84.76,59.5,0,0,0,,
Pt 20_FD20_5,Pt 20,State-history,66.896,59.53,59.5,0,1,1,66.7,0.19599999999999795
Pt 20_FD20_5,Pt 20,State-history,70.976,68.32,59.5,0,1,1,70.8,0.17600000000000193
Pt 20_FD20_5,Pt 20,State-history,78.276,75.98,59.5,0,1,1,78.25,0.02599999999999625
Pt 20_FD20_5,Pt 20,State-history,88.776,84.76,59.5,0,0,0,,
Pt 20_FD20_5,Pt 20,AC1_A3T,66.896,59.53,59.5,0,1,6,59.95,6.945999999999998
Pt 20_FD20_5,Pt 20,AC1_A3T,70.976,68.32,59.5,0,1,3,68.9,2.0759999999999934
Pt 20_FD20_5,Pt 20,AC1_A3T,78.276,75.98,59.5,0,1,2,77.1,1.176000000000002
Pt 20_FD20_5,Pt 20,AC1_A3T,88.776,84.76,59.5,0,1,3,85.05,3.725999999999999
Pt 20_FD20_5,Pt 20,AC1_A7T,66.896,59.53,59.5,0,1,5,59.6,7.295999999999999
Pt 20_FD20_5,Pt 20,AC1_A7T,70.976,68.32,59.5,0,1,2,69.85,1.1260000000000048
Pt 20_FD20_5,Pt 20,AC1_A7T,78.276,75.98,59.5,0,1,1,77.25,1.0259999999999962
Pt 20_FD20_5,Pt 20,AC1_A7T,88.776,84.76,59.5,0,1,2,85.8,2.975999999999999
Pt 20_FD20_5,Pt 20,AC1_RA5T,66.896,59.53,59.5,0,1,3,59.6,7.295999999999999
Pt 20_FD20_5,Pt 20,AC1_RA5T,70.976,68.32,59.5,0,1,2,69.7,1.2759999999999962
Pt 20_FD20_5,Pt 20,AC1_RA5T,78.276,75.98,59.5,0,0,0,,
Pt 20_FD20_5,Pt 20,AC1_RA5T,88.776,84.76,59.5,0,0,0,,
Pt 20_FD20_5,Pt 20,Recovery_A3T,66.896,59.53,59.5,0,1,5,60.4,6.496000000000002
Pt 20_FD20_5,Pt 20,Recovery_A3T,70.976,68.32,59.5,0,1,1,70.25,0.7259999999999991
Pt 20_FD20_5,Pt 20,Recovery_A3T,78.276,75.98,59.5,0,1,1,77.65,0.6259999999999906
Pt 20_FD20_5,Pt 20,Recovery_A3T,88.776,84.76,59.5,0,0,0,,
Pt 20_FD20_5,Pt 20,Recovery_A7T,66.896,59.53,59.5,0,1,3,59.6,7.295999999999999
Pt 20_FD20_5,Pt 20,Recovery_A7T,70.976,68.32,59.5,0,1,1,69.45,1.5259999999999962
Pt 20_FD20_5,Pt 20,Recovery_A7T,78.276,75.98,59.5,0,1,2,76.25,2.0259999999999962
Pt 20_FD20_5,Pt 20,Recovery_A7T,88.776,84.76,59.5,0,1,2,86.1,2.676000000000002
Pt 20_FD20_5,Pt 20,Recovery_RA5T,66.896,59.53,59.5,0,1,2,59.6,7.295999999999999
Pt 20_FD20_5,Pt 20,Recovery_RA5T,70.976,68.32,59.5,0,1,2,69.45,1.5259999999999962
Pt 20_FD20_5,Pt 20,Recovery_RA5T,78.276,75.98,59.5,0,0,0,,
Pt 20_FD20_5,Pt 20,Recovery_RA5T,88.776,84.76,59.5,0,1,1,85.05,3.725999999999999
Pt 20_FD20_5,Pt 20,Reddening_A3T,66.896,59.53,59.5,0,1,3,59.6,7.295999999999999
Pt 20_FD20_5,Pt 20,Reddening_A3T,70.976,68.32,59.5,0,1,1,69.25,1.725999999999999
Pt 20_FD20_5,Pt 20,Reddening_A3T,78.276,75.98,59.5,0,1,1,76.8,1.475999999999999
Pt 20_FD20_5,Pt 20,Reddening_A3T,88.776,84.76,59.5,0,0,0,,
Pt 20_FD20_5,Pt 20,Reddening_A7T,66.896,59.53,59.5,0,1,1,59.6,7.295999999999999
Pt 20_FD20_5,Pt 20,Reddening_A7T,70.976,68.32,59.5,0,0,0,,
Pt 20_FD20_5,Pt 20,Reddening_A7T,78.276,75.98,59.5,0,1,1,77.05,1.225999999999999
Pt 20_FD20_5,Pt 20,Reddening_A7T,88.776,84.76,59.5,0,0,0,,
Pt 20_FD20_5,Pt 20,Reddening_RA5T,66.896,59.53,59.5,0,1,2,59.6,7.295999999999999
Pt 20_FD20_5,Pt 20,Reddening_RA5T,70.976,68.32,59.5,0,0,0,,
Pt 20_FD20_5,Pt 20,Reddening_RA5T,78.276,75.98,59.5,0,0,0,,
Pt 20_FD20_5,Pt 20,Reddening_RA5T,88.776,84.76,59.5,0,0,0,,
Pt 20_FD20_5,Pt 20,Variance_A3T,66.896,59.53,59.5,0,1,1,60.1,6.795999999999999
Pt 20_FD20_5,Pt 20,Variance_A3T,70.976,68.32,59.5,0,1,1,70.4,0.5759999999999934
Pt 20_FD20_5,Pt 20,Variance_A3T,78.276,75.98,59.5,0,1,1,77.65,0.6259999999999906
Pt 20_FD20_5,Pt 20,Variance_A3T,88.776,84.76,59.5,0,1,1,85.9,2.8759999999999906
Pt 20_FD20_5,Pt 20,Variance_A7T,66.896,59.53,59.5,0,1,1,60.1,6.795999999999999
Pt 20_FD20_5,Pt 20,Variance_A7T,70.976,68.32,59.5,0,0,0,,
Pt 20_FD20_5,Pt 20,Variance_A7T,78.276,75.98,59.5,0,0,0,,
Pt 20_FD20_5,Pt 20,Variance_A7T,88.776,84.76,59.5,0,1,1,85.7,3.0759999999999934
Pt 20_FD20_5,Pt 20,Variance_RA5T,66.896,59.53,59.5,0,1,2,59.6,7.295999999999999
Pt 20_FD20_5,Pt 20,Variance_RA5T,70.976,68.32,59.5,0,1,1,69.3,1.676000000000002
Pt 20_FD20_5,Pt 20,Variance_RA5T,78.276,75.98,59.5,0,0,0,,
Pt 20_FD20_5,Pt 20,Variance_RA5T,88.776,84.76,59.5,0,0,0,,
Pt 20_FD20_6,Pt 20,Persistence,60.296,57.32,59.5,1,0,0,,
Pt 20_FD20_6,Pt 20,Persistence,72.526,61.75,59.5,0,1,2,65.7,6.825999999999993
Pt 20_FD20_6,Pt 20,Persistence,74.98599999999999,73.63,59.5,0,0,0,,
Pt 20_FD20_6,Pt 20,Persistence,78.06599999999999,76.71,59.5,0,0,0,,
Pt 20_FD20_6,Pt 20,Persistence,81.646,79.05,59.5,0,0,0,,
Pt 20_FD20_6,Pt 20,Persistence,84.216,82.86,59.5,0,0,0,,
Pt 20_FD20_6,Pt 20,Persistence,87.836,86.48,59.5,0,0,0,,
Pt 20_FD20_6,Pt 20,AC1,60.296,57.32,59.5,1,1,1,59.75,0.5459999999999994
Pt 20_FD20_6,Pt 20,AC1,72.526,61.75,59.5,0,1,10,63.0,9.525999999999996
Pt 20_FD20_6,Pt 20,AC1,74.98599999999999,73.63,59.5,0,1,1,73.95,1.0359999999999872
Pt 20_FD20_6,Pt 20,AC1,78.06599999999999,76.71,59.5,0,0,0,,
Pt 20_FD20_6,Pt 20,AC1,81.646,79.05,59.5,0,0,0,,
Pt 20_FD20_6,Pt 20,AC1,84.216,82.86,59.5,0,1,1,83.4,0.8159999999999883
Pt 20_FD20_6,Pt 20,AC1,87.836,86.48,59.5,0,1,1,86.55,1.2860000000000014
Pt 20_FD20_6,Pt 20,Variance,60.296,57.32,59.5,1,0,0,,
Pt 20_FD20_6,Pt 20,Variance,72.526,61.75,59.5,0,0,0,,
Pt 20_FD20_6,Pt 20,Variance,74.98599999999999,73.63,59.5,0,0,0,,
Pt 20_FD20_6,Pt 20,Variance,78.06599999999999,76.71,59.5,0,0,0,,
Pt 20_FD20_6,Pt 20,Variance,81.646,79.05,59.5,0,0,0,,
Pt 20_FD20_6,Pt 20,Variance,84.216,82.86,59.5,0,0,0,,
Pt 20_FD20_6,Pt 20,Variance,87.836,86.48,59.5,0,0,0,,
Pt 20_FD20_6,Pt 20,Recovery,60.296,57.32,59.5,1,1,1,59.6,0.695999999999998
Pt 20_FD20_6,Pt 20,Recovery,72.526,61.75,59.5,0,1,9,62.5,10.025999999999996
Pt 20_FD20_6,Pt 20,Recovery,74.98599999999999,73.63,59.5,0,1,1,74.25,0.73599999999999
Pt 20_FD20_6,Pt 20,Recovery,78.06599999999999,76.71,59.5,0,0,0,,
Pt 20_FD20_6,Pt 20,Recovery,81.646,79.05,59.5,0,0,0,,
Pt 20_FD20_6,Pt 20,Recovery,84.216,82.86,59.5,0,1,1,83.6,0.6159999999999997
Pt 20_FD20_6,Pt 20,Recovery,87.836,86.48,59.5,0,1,1,86.6,1.2360000000000042
Pt 20_FD20_6,Pt 20,Reddening,60.296,57.32,59.5,1,0,0,,
Pt 20_FD20_6,Pt 20,Reddening,72.526,61.75,59.5,0,1,3,61.8,10.725999999999999
Pt 20_FD20_6,Pt 20,Reddening,74.98599999999999,73.63,59.5,0,1,1,74.55,0.43599999999999284
Pt 20_FD20_6,Pt 20,Reddening,78.06599999999999,76.71,59.5,0,0,0,,
Pt 20_FD20_6,Pt 20,Reddening,81.646,79.05,59.5,0,0,0,,
Pt 20_FD20_6,Pt 20,Reddening,84.216,82.86,59.5,0,1,1,84.0,0.21599999999999397
Pt 20_FD20_6,Pt 20,Reddening,87.836,86.48,59.5,0,1,1,86.7,1.1359999999999957
Pt 20_FD20_6,Pt 20,State-history,60.296,57.32,59.5,1,1,1,60.2,0.09599999999999653
Pt 20_FD20_6,Pt 20,State-history,72.526,61.75,59.5,0,1,4,63.0,9.525999999999996
Pt 20_FD20_6,Pt 20,State-history,74.98599999999999,73.63,59.5,0,1,2,74.05,0.9359999999999928
Pt 20_FD20_6,Pt 20,State-history,78.06599999999999,76.71,59.5,0,0,0,,
Pt 20_FD20_6,Pt 20,State-history,81.646,79.05,59.5,0,1,1,81.45,0.19599999999999795
Pt 20_FD20_6,Pt 20,State-history,84.216,82.86,59.5,0,0,0,,
Pt 20_FD20_6,Pt 20,State-history,87.836,86.48,59.5,0,0,0,,
Pt 20_FD20_6,Pt 20,AC1_A3T,60.296,57.32,59.5,1,1,1,59.6,0.695999999999998
Pt 20_FD20_6,Pt 20,AC1_A3T,72.526,61.75,59.5,0,1,10,62.0,10.525999999999996
Pt 20_FD20_6,Pt 20,AC1_A3T,74.98599999999999,73.63,59.5,0,1,1,74.2,0.7859999999999872
Pt 20_FD20_6,Pt 20,AC1_A3T,78.06599999999999,76.71,59.5,0,1,1,77.85,0.21599999999999397
Pt 20_FD20_6,Pt 20,AC1_A3T,81.646,79.05,59.5,0,1,3,80.15,1.4959999999999951
Pt 20_FD20_6,Pt 20,AC1_A3T,84.216,82.86,59.5,0,1,1,84.15,0.06599999999998829
Pt 20_FD20_6,Pt 20,AC1_A3T,87.836,86.48,59.5,0,1,1,87.1,0.7360000000000042
Pt 20_FD20_6,Pt 20,AC1_A7T,60.296,57.32,59.5,1,1,1,59.65,0.6460000000000008
Pt 20_FD20_6,Pt 20,AC1_A7T,72.526,61.75,59.5,0,1,7,64.75,7.775999999999996
Pt 20_FD20_6,Pt 20,AC1_A7T,74.98599999999999,73.63,59.5,0,0,0,,
Pt 20_FD20_6,Pt 20,AC1_A7T,78.06599999999999,76.71,59.5,0,1,1,77.95,0.11599999999998545
Pt 20_FD20_6,Pt 20,AC1_A7T,81.646,79.05,59.5,0,0,0,,
Pt 20_FD20_6,Pt 20,AC1_A7T,84.216,82.86,59.5,0,0,0,,
Pt 20_FD20_6,Pt 20,AC1_A7T,87.836,86.48,59.5,0,1,2,87.0,0.8359999999999985
Pt 20_FD20_6,Pt 20,AC1_RA5T,60.296,57.32,59.5,1,0,0,,
Pt 20_FD20_6,Pt 20,AC1_RA5T,72.526,61.75,59.5,0,1,6,62.8,9.725999999999999
Pt 20_FD20_6,Pt 20,AC1_RA5T,74.98599999999999,73.63,59.5,0,1,1,73.95,1.0359999999999872
Pt 20_FD20_6,Pt 20,AC1_RA5T,78.06599999999999,76.71,59.5,0,0,0,,
Pt 20_FD20_6,Pt 20,AC1_RA5T,81.646,79.05,59.5,0,1,1,80.4,1.2459999999999951
Pt 20_FD20_6,Pt 20,AC1_RA5T,84.216,82.86,59.5,0,1,1,83.45,0.7659999999999911
Pt 20_FD20_6,Pt 20,AC1_RA5T,87.836,86.48,59.5,0,0,0,,
Pt 20_FD20_6,Pt 20,Recovery_A3T,60.296,57.32,59.5,1,1,1,59.6,0.695999999999998
Pt 20_FD20_6,Pt 20,Recovery_A3T,72.526,61.75,59.5,0,1,8,62.1,10.425999999999995
Pt 20_FD20_6,Pt 20,Recovery_A3T,74.98599999999999,73.63,59.5,0,1,1,74.3,0.6859999999999928
Pt 20_FD20_6,Pt 20,Recovery_A3T,78.06599999999999,76.71,59.5,0,1,1,77.9,0.1659999999999826
Pt 20_FD20_6,Pt 20,Recovery_A3T,81.646,79.05,59.5,0,1,1,81.0,0.6460000000000008
Pt 20_FD20_6,Pt 20,Recovery_A3T,84.216,82.86,59.5,0,1,1,83.55,0.6659999999999968
Pt 20_FD20_6,Pt 20,Recovery_A3T,87.836,86.48,59.5,0,1,2,86.55,1.2860000000000014
Pt 20_FD20_6,Pt 20,Recovery_A7T,60.296,57.32,59.5,1,1,1,59.95,0.34599999999999653
Pt 20_FD20_6,Pt 20,Recovery_A7T,72.526,61.75,59.5,0,1,7,64.2,8.325999999999993
Pt 20_FD20_6,Pt 20,Recovery_A7T,74.98599999999999,73.63,59.5,0,0,0,,
Pt 20_FD20_6,Pt 20,Recovery_A7T,78.06599999999999,76.71,59.5,0,1,2,77.0,1.0659999999999883
Pt 20_FD20_6,Pt 20,Recovery_A7T,81.646,79.05,59.5,0,0,0,,
Pt 20_FD20_6,Pt 20,Recovery_A7T,84.216,82.86,59.5,0,1,1,83.7,0.5159999999999911
Pt 20_FD20_6,Pt 20,Recovery_A7T,87.836,86.48,59.5,0,1,1,87.8,0.036000000000001364
Pt 20_FD20_6,Pt 20,Recovery_RA5T,60.296,57.32,59.5,1,1,1,59.65,0.6460000000000008
Pt 20_FD20_6,Pt 20,Recovery_RA5T,72.526,61.75,59.5,0,1,8,62.75,9.775999999999996
Pt 20_FD20_6,Pt 20,Recovery_RA5T,74.98599999999999,73.63,59.5,0,1,1,74.35,0.6359999999999957
Pt 20_FD20_6,Pt 20,Recovery_RA5T,78.06599999999999,76.71,59.5,0,1,1,77.8,0.26599999999999113
Pt 20_FD20_6,Pt 20,Recovery_RA5T,81.646,79.05,59.5,0,1,1,80.05,1.5960000000000036
Pt 20_FD20_6,Pt 20,Recovery_RA5T,84.216,82.86,59.5,0,1,1,83.65,0.5659999999999883
Pt 20_FD20_6,Pt 20,Recovery_RA5T,87.836,86.48,59.5,0,1,1,86.5,1.3359999999999985
Pt 20_FD20_6,Pt 20,Reddening_A3T,60.296,57.32,59.5,1,0,0,,
Pt 20_FD20_6,Pt 20,Reddening_A3T,72.526,61.75,59.5,0,1,4,63.2,9.325999999999993
Pt 20_FD20_6,Pt 20,Reddening_A3T,74.98599999999999,73.63,59.5,0,1,1,73.75,1.23599999999999
Pt 20_FD20_6,Pt 20,Reddening_A3T,78.06599999999999,76.71,59.5,0,1,1,77.35,0.715999999999994
Pt 20_FD20_6,Pt 20,Reddening_A3T,81.646,79.05,59.5,0,1,1,80.1,1.5460000000000065
Pt 20_FD20_6,Pt 20,Reddening_A3T,84.216,82.86,59.5,0,1,1,83.95,0.26599999999999113
Pt 20_FD20_6,Pt 20,Reddening_A3T,87.836,86.48,59.5,0,0,0,,
Pt 20_FD20_6,Pt 20,Reddening_A7T,60.296,57.32,59.5,1,0,0,,
Pt 20_FD20_6,Pt 20,Reddening_A7T,72.526,61.75,59.5,0,1,2,63.0,9.525999999999996
Pt 20_FD20_6,Pt 20,Reddening_A7T,74.98599999999999,73.63,59.5,0,0,0,,
Pt 20_FD20_6,Pt 20,Reddening_A7T,78.06599999999999,76.71,59.5,0,0,0,,
Pt 20_FD20_6,Pt 20,Reddening_A7T,81.646,79.05,59.5,0,0,0,,
Pt 20_FD20_6,Pt 20,Reddening_A7T,84.216,82.86,59.5,0,0,0,,
Pt 20_FD20_6,Pt 20,Reddening_A7T,87.836,86.48,59.5,0,0,0,,
Pt 20_FD20_6,Pt 20,Reddening_RA5T,60.296,57.32,59.5,1,0,0,,
Pt 20_FD20_6,Pt 20,Reddening_RA5T,72.526,61.75,59.5,0,1,2,67.3,5.225999999999999
Pt 20_FD20_6,Pt 20,Reddening_RA5T,74.98599999999999,73.63,59.5,0,1,1,74.1,0.8859999999999957
Pt 20_FD20_6,Pt 20,Reddening_RA5T,78.06599999999999,76.71,59.5,0,0,0,,
Pt 20_FD20_6,Pt 20,Reddening_RA5T,81.646,79.05,59.5,0,0,0,,
Pt 20_FD20_6,Pt 20,Reddening_RA5T,84.216,82.86,59.5,0,1,1,84.05,0.16599999999999682
Pt 20_FD20_6,Pt 20,Reddening_RA5T,87.836,86.48,59.5,0,0,0,,
Pt 20_FD20_6,Pt 20,Variance_A3T,60.296,57.32,59.5,1,1,1,59.9,0.3960000000000008
Pt 20_FD20_6,Pt 20,Variance_A3T,72.526,61.75,59.5,0,0,0,,
Pt 20_FD20_6,Pt 20,Variance_A3T,74.98599999999999,73.63,59.5,0,0,0,,
Pt 20_FD20_6,Pt 20,Variance_A3T,78.06599999999999,76.71,59.5,0,0,0,,
Pt 20_FD20_6,Pt 20,Variance_A3T,81.646,79.05,59.5,0,0,0,,
Pt 20_FD20_6,Pt 20,Variance_A3T,84.216,82.86,59.5,0,0,0,,
Pt 20_FD20_6,Pt 20,Variance_A3T,87.836,86.48,59.5,0,0,0,,
Pt 20_FD20_6,Pt 20,Variance_A7T,60.296,57.32,59.5,1,0,0,,
Pt 20_FD20_6,Pt 20,Variance_A7T,72.526,61.75,59.5,0,0,0,,
Pt 20_FD20_6,Pt 20,Variance_A7T,74.98599999999999,73.63,59.5,0,0,0,,
Pt 20_FD20_6,Pt 20,Variance_A7T,78.06599999999999,76.71,59.5,0,0,0,,
Pt 20_FD20_6,Pt 20,Variance_A7T,81.646,79.05,59.5,0,0,0,,
Pt 20_FD20_6,Pt 20,Variance_A7T,84.216,82.86,59.5,0,0,0,,
Pt 20_FD20_6,Pt 20,Variance_A7T,87.836,86.48,59.5,0,0,0,,
Pt 20_FD20_6,Pt 20,Variance_RA5T,60.296,57.32,59.5,1,1,1,60.25,0.045999999999999375
Pt 20_FD20_6,Pt 20,Variance_RA5T,72.526,61.75,59.5,0,1,1,72.4,0.12599999999999056
Pt 20_FD20_6,Pt 20,Variance_RA5T,74.98599999999999,73.63,59.5,0,0,0,,
Pt 20_FD20_6,Pt 20,Variance_RA5T,78.06599999999999,76.71,59.5,0,0,0,,
Pt 20_FD20_6,Pt 20,Variance_RA5T,81.646,79.05,59.5,0,0,0,,
Pt 20_FD20_6,Pt 20,Variance_RA5T,84.216,82.86,59.5,0,0,0,,
Pt 20_FD20_6,Pt 20,Variance_RA5T,87.836,86.48,59.5,0,0,0,,
Pt 22_FD22_3,Pt 22,Persistence,84.106,41.92,59.49,1,1,4,67.64,16.465999999999994
Pt 22_FD22_3,Pt 22,AC1,84.106,41.92,59.49,1,1,10,61.54,22.565999999999995
Pt 22_FD22_3,Pt 22,Variance,84.106,41.92,59.49,1,1,4,68.09,16.01599999999999
Pt 22_FD22_3,Pt 22,Recovery,84.106,41.92,59.49,1,1,12,60.74,23.365999999999993
Pt 22_FD22_3,Pt 22,Reddening,84.106,41.92,59.49,1,1,7,60.74,23.365999999999993
Pt 22_FD22_3,Pt 22,State-history,84.106,41.92,59.49,1,1,6,60.54,23.565999999999995
Pt 22_FD22_3,Pt 22,AC1_A3T,84.106,41.92,59.49,1,1,11,61.39,22.715999999999994
Pt 22_FD22_3,Pt 22,AC1_A7T,84.106,41.92,59.49,1,1,9,61.04,23.065999999999995
Pt 22_FD22_3,Pt 22,AC1_RA5T,84.106,41.92,59.49,1,1,10,61.49,22.615999999999993
Pt 22_FD22_3,Pt 22,Recovery_A3T,84.106,41.92,59.49,1,1,12,60.69,23.415999999999997
Pt 22_FD22_3,Pt 22,Recovery_A7T,84.106,41.92,59.49,1,1,4,62.64,21.465999999999994
Pt 22_FD22_3,Pt 22,Recovery_RA5T,84.106,41.92,59.49,1,1,12,60.74,23.365999999999993
Pt 22_FD22_3,Pt 22,Reddening_A3T,84.106,41.92,59.49,1,1,9,60.64,23.465999999999994
Pt 22_FD22_3,Pt 22,Reddening_A7T,84.106,41.92,59.49,1,1,4,61.69,22.415999999999997
Pt 22_FD22_3,Pt 22,Reddening_RA5T,84.106,41.92,59.49,1,1,4,60.84,23.26599999999999
Pt 22_FD22_3,Pt 22,Variance_A3T,84.106,41.92,59.49,1,1,6,61.49,22.615999999999993
Pt 22_FD22_3,Pt 22,Variance_A7T,84.106,41.92,59.49,1,1,3,68.04,16.06599999999999
Pt 22_FD22_3,Pt 22,Variance_RA5T,84.106,41.92,59.49,1,1,1,68.84,15.265999999999991
Pt 31_FD31_1,Pt 31,Persistence,70.446,60.26,59.5,0,0,0,,
Pt 31_FD31_1,Pt 31,Persistence,83.87599999999999,75.84,59.5,0,1,1,83.7,0.17599999999998772
Pt 31_FD31_1,Pt 31,AC1,70.446,60.26,59.5,0,1,2,61.2,9.245999999999995
Pt 31_FD31_1,Pt 31,AC1,83.87599999999999,75.84,59.5,0,1,2,76.75,7.125999999999991
Pt 31_FD31_1,Pt 31,Variance,70.446,60.26,59.5,0,1,3,61.05,9.396
Pt 31_FD31_1,Pt 31,Variance,83.87599999999999,75.84,59.5,0,1,2,76.55,7.325999999999993
Pt 31_FD31_1,Pt 31,Recovery,70.446,60.26,59.5,0,1,3,61.25,9.195999999999998
Pt 31_FD31_1,Pt 31,Recovery,83.87599999999999,75.84,59.5,0,1,3,76.85,7.025999999999996
Pt 31_FD31_1,Pt 31,Reddening,70.446,60.26,59.5,0,1,1,62.75,7.695999999999998
Pt 31_FD31_1,Pt 31,Reddening,83.87599999999999,75.84,59.5,0,1,1,75.95,7.925999999999988
Pt 31_FD31_1,Pt 31,State-history,70.446,60.26,59.5,0,1,2,69.5,0.945999999999998
Pt 31_FD31_1,Pt 31,State-history,83.87599999999999,75.84,59.5,0,1,1,83.0,0.8759999999999906
Pt 31_FD31_1,Pt 31,AC1_A3T,70.446,60.26,59.5,0,1,5,60.55,9.896
Pt 31_FD31_1,Pt 31,AC1_A3T,83.87599999999999,75.84,59.5,0,1,5,76.1,7.775999999999996
Pt 31_FD31_1,Pt 31,AC1_A7T,70.446,60.26,59.5,0,1,3,60.65,9.796
Pt 31_FD31_1,Pt 31,AC1_A7T,83.87599999999999,75.84,59.5,0,1,3,76.75,7.125999999999991
Pt 31_FD31_1,Pt 31,AC1_RA5T,70.446,60.26,59.5,0,1,4,60.6,9.845999999999997
Pt 31_FD31_1,Pt 31,AC1_RA5T,83.87599999999999,75.84,59.5,0,1,1,76.2,7.675999999999988
Pt 31_FD31_1,Pt 31,Recovery_A3T,70.446,60.26,59.5,0,1,3,60.6,9.845999999999997
Pt 31_FD31_1,Pt 31,Recovery_A3T,83.87599999999999,75.84,59.5,0,1,3,76.2,7.675999999999988
Pt 31_FD31_1,Pt 31,Recovery_A7T,70.446,60.26,59.5,0,1,3,61.35,9.095999999999997
Pt 31_FD31_1,Pt 31,Recovery_A7T,83.87599999999999,75.84,59.5,0,1,3,76.9,6.975999999999985
Pt 31_FD31_1,Pt 31,Recovery_RA5T,70.446,60.26,59.5,0,1,4,60.65,9.796
Pt 31_FD31_1,Pt 31,Recovery_RA5T,83.87599999999999,75.84,59.5,0,1,1,76.75,7.125999999999991
Pt 31_FD31_1,Pt 31,Reddening_A3T,70.446,60.26,59.5,0,1,2,61.95,8.495999999999995
Pt 31_FD31_1,Pt 31,Reddening_A3T,83.87599999999999,75.84,59.5,0,1,1,81.35,2.5259999999999962
Pt 31_FD31_1,Pt 31,Reddening_A7T,70.446,60.26,59.5,0,0,0,,
Pt 31_FD31_1,Pt 31,Reddening_A7T,83.87599999999999,75.84,59.5,0,0,0,,
Pt 31_FD31_1,Pt 31,Reddening_RA5T,70.446,60.26,59.5,0,1,1,62.45,7.995999999999995
Pt 31_FD31_1,Pt 31,Reddening_RA5T,83.87599999999999,75.84,59.5,0,0,0,,
Pt 31_FD31_1,Pt 31,Variance_A3T,70.446,60.26,59.5,0,1,7,60.95,9.495999999999995
Pt 31_FD31_1,Pt 31,Variance_A3T,83.87599999999999,75.84,59.5,0,1,3,76.25,7.625999999999991
Pt 31_FD31_1,Pt 31,Variance_A7T,70.446,60.26,59.5,0,1,2,61.05,9.396
Pt 31_FD31_1,Pt 31,Variance_A7T,83.87599999999999,75.84,59.5,0,1,2,76.6,7.275999999999996
Pt 31_FD31_1,Pt 31,Variance_RA5T,70.446,60.26,59.5,0,1,3,60.85,9.595999999999997
Pt 31_FD31_1,Pt 31,Variance_RA5T,83.87599999999999,75.84,59.5,0,1,3,75.95,7.925999999999988
Pt 31_FD31_2,Pt 31,Persistence,71.90599999999999,60.23,59.5,0,0,0,,
Pt 31_FD31_2,Pt 31,Persistence,84.23599999999999,81.29,59.5,0,0,0,,
Pt 31_FD31_2,Pt 31,AC1,71.90599999999999,60.23,59.5,0,1,3,61.35,10.55599999999999
Pt 31_FD31_2,Pt 31,AC1,84.23599999999999,81.29,59.5,0,1,2,82.35,1.8859999999999957
Pt 31_FD31_2,Pt 31,Variance,71.90599999999999,60.23,59.5,0,1,4,61.1,10.80599999999999
Pt 31_FD31_2,Pt 31,Variance,84.23599999999999,81.29,59.5,0,1,2,82.2,2.035999999999987
Pt 31_FD31_2,Pt 31,Recovery,71.90599999999999,60.23,59.5,0,1,4,61.3,10.605999999999995
Pt 31_FD31_2,Pt 31,Recovery,84.23599999999999,81.29,59.5,0,1,3,81.65,2.5859999999999843
Pt 31_FD31_2,Pt 31,Reddening,71.90599999999999,60.23,59.5,0,0,0,,
Pt 31_FD31_2,Pt 31,Reddening,84.23599999999999,81.29,59.5,0,1,1,84.0,0.23599999999999
Pt 31_FD31_2,Pt 31,State-history,71.90599999999999,60.23,59.5,0,1,2,70.95,0.9559999999999889
Pt 31_FD31_2,Pt 31,State-history,84.23599999999999,81.29,59.5,0,1,1,83.9,0.3359999999999843
Pt 31_FD31_2,Pt 31,AC1_A3T,71.90599999999999,60.23,59.5,0,1,7,60.55,11.355999999999995
Pt 31_FD31_2,Pt 31,AC1_A3T,84.23599999999999,81.29,59.5,0,1,5,81.55,2.685999999999993
Pt 31_FD31_2,Pt 31,AC1_A7T,71.90599999999999,60.23,59.5,0,1,2,61.25,10.655999999999992
Pt 31_FD31_2,Pt 31,AC1_A7T,84.23599999999999,81.29,59.5,0,1,3,81.65,2.5859999999999843
Pt 31_FD31_2,Pt 31,AC1_RA5T,71.90599999999999,60.23,59.5,0,1,3,60.65,11.255999999999993
Pt 31_FD31_2,Pt 31,AC1_RA5T,84.23599999999999,81.29,59.5,0,0,0,,
Pt 31_FD31_2,Pt 31,Recovery_A3T,71.90599999999999,60.23,59.5,0,1,3,60.6,11.30599999999999
Pt 31_FD31_2,Pt 31,Recovery_A3T,84.23599999999999,81.29,59.5,0,1,3,81.55,2.685999999999993
Pt 31_FD31_2,Pt 31,Recovery_A7T,71.90599999999999,60.23,59.5,0,1,2,61.35,10.55599999999999
Pt 31_FD31_2,Pt 31,Recovery_A7T,84.23599999999999,81.29,59.5,0,1,2,82.35,1.8859999999999957
Pt 31_FD31_2,Pt 31,Recovery_RA5T,71.90599999999999,60.23,59.5,0,1,2,60.5,11.405999999999992
Pt 31_FD31_2,Pt 31,Recovery_RA5T,84.23599999999999,81.29,59.5,0,1,4,82.2,2.035999999999987
Pt 31_FD31_2,Pt 31,Reddening_A3T,71.90599999999999,60.23,59.5,0,0,0,,
Pt 31_FD31_2,Pt 31,Reddening_A3T,84.23599999999999,81.29,59.5,0,0,0,,
Pt 31_FD31_2,Pt 31,Reddening_A7T,71.90599999999999,60.23,59.5,0,0,0,,
Pt 31_FD31_2,Pt 31,Reddening_A7T,84.23599999999999,81.29,59.5,0,0,0,,
Pt 31_FD31_2,Pt 31,Reddening_RA5T,71.90599999999999,60.23,59.5,0,1,1,62.25,9.655999999999992
Pt 31_FD31_2,Pt 31,Reddening_RA5T,84.23599999999999,81.29,59.5,0,1,1,82.9,1.3359999999999843
Pt 31_FD31_2,Pt 31,Variance_A3T,71.90599999999999,60.23,59.5,0,1,2,61.1,10.80599999999999
Pt 31_FD31_2,Pt 31,Variance_A3T,84.23599999999999,81.29,59.5,0,1,1,82.5,1.73599999999999
Pt 31_FD31_2,Pt 31,Variance_A7T,71.90599999999999,60.23,59.5,0,1,1,61.05,10.855999999999995
Pt 31_FD31_2,Pt 31,Variance_A7T,84.23599999999999,81.29,59.5,0,1,1,82.15,2.0859999999999843
Pt 31_FD31_2,Pt 31,Variance_RA5T,71.90599999999999,60.23,59.5,0,1,2,60.25,11.655999999999992
Pt 31_FD31_2,Pt 31,Variance_RA5T,84.23599999999999,81.29,59.5,0,1,1,82.7,1.5359999999999872
Pt 32_FD32_1,Pt 32,Persistence,68.866,67.51,59.5,0,0,0,,
Pt 32_FD32_1,Pt 32,Persistence,76.48599999999999,75.13,59.5,0,0,0,,
Pt 32_FD32_1,Pt 32,Persistence,86.17599999999999,84.82,59.5,0,0,0,,
Pt 32_FD32_1,Pt 32,AC1,68.866,67.51,59.5,0,0,0,,
Pt 32_FD32_1,Pt 32,AC1,76.48599999999999,75.13,59.5,0,0,0,,
Pt 32_FD32_1,Pt 32,AC1,86.17599999999999,84.82,59.5,0,0,0,,
Pt 32_FD32_1,Pt 32,Variance,68.866,67.51,59.5,0,0,0,,
Pt 32_FD32_1,Pt 32,Variance,76.48599999999999,75.13,59.5,0,0,0,,
Pt 32_FD32_1,Pt 32,Variance,86.17599999999999,84.82,59.5,0,0,0,,
Pt 32_FD32_1,Pt 32,Recovery,68.866,67.51,59.5,0,0,0,,
Pt 32_FD32_1,Pt 32,Recovery,76.48599999999999,75.13,59.5,0,0,0,,
Pt 32_FD32_1,Pt 32,Recovery,86.17599999999999,84.82,59.5,0,0,0,,
Pt 32_FD32_1,Pt 32,Reddening,68.866,67.51,59.5,0,1,1,68.15,0.715999999999994
Pt 32_FD32_1,Pt 32,Reddening,76.48599999999999,75.13,59.5,0,1,1,75.65,0.8359999999999843
Pt 32_FD32_1,Pt 32,Reddening,86.17599999999999,84.82,59.5,0,1,1,85.2,0.9759999999999849
Pt 32_FD32_1,Pt 32,State-history,68.866,67.51,59.5,0,0,0,,
Pt 32_FD32_1,Pt 32,State-history,76.48599999999999,75.13,59.5,0,0,0,,
Pt 32_FD32_1,Pt 32,State-history,86.17599999999999,84.82,59.5,0,1,1,86.05,0.12599999999999056
Pt 32_FD32_1,Pt 32,AC1_A3T,68.866,67.51,59.5,0,0,0,,
Pt 32_FD32_1,Pt 32,AC1_A3T,76.48599999999999,75.13,59.5,0,1,1,75.65,0.8359999999999843
Pt 32_FD32_1,Pt 32,AC1_A3T,86.17599999999999,84.82,59.5,0,1,1,85.65,0.525999999999982
Pt 32_FD32_1,Pt 32,AC1_A7T,68.866,67.51,59.5,0,0,0,,
Pt 32_FD32_1,Pt 32,AC1_A7T,76.48599999999999,75.13,59.5,0,0,0,,
Pt 32_FD32_1,Pt 32,AC1_A7T,86.17599999999999,84.82,59.5,0,0,0,,
Pt 32_FD32_1,Pt 32,AC1_RA5T,68.866,67.51,59.5,0,1,1,67.85,1.0160000000000053
Pt 32_FD32_1,Pt 32,AC1_RA5T,76.48599999999999,75.13,59.5,0,0,0,,
Pt 32_FD32_1,Pt 32,AC1_RA5T,86.17599999999999,84.82,59.5,0,1,2,84.95,1.2259999999999849
Pt 32_FD32_1,Pt 32,Recovery_A3T,68.866,67.51,59.5,0,0,0,,
Pt 32_FD32_1,Pt 32,Recovery_A3T,76.48599999999999,75.13,59.5,0,1,1,75.9,0.5859999999999843
Pt 32_FD32_1,Pt 32,Recovery_A3T,86.17599999999999,84.82,59.5,0,0,0,,
Pt 32_FD32_1,Pt 32,Recovery_A7T,68.866,67.51,59.5,0,0,0,,
Pt 32_FD32_1,Pt 32,Recovery_A7T,76.48599999999999,75.13,59.5,0,0,0,,
Pt 32_FD32_1,Pt 32,Recovery_A7T,86.17599999999999,84.82,59.5,0,0,0,,
Pt 32_FD32_1,Pt 32,Recovery_RA5T,68.866,67.51,59.5,0,1,1,68.3,0.5660000000000025
Pt 32_FD32_1,Pt 32,Recovery_RA5T,76.48599999999999,75.13,59.5,0,0,0,,
Pt 32_FD32_1,Pt 32,Recovery_RA5T,86.17599999999999,84.82,59.5,0,1,1,85.3,0.8759999999999906
Pt 32_FD32_1,Pt 32,Reddening_A3T,68.866,67.51,59.5,0,1,1,67.65,1.215999999999994
Pt 32_FD32_1,Pt 32,Reddening_A3T,76.48599999999999,75.13,59.5,0,0,0,,
Pt 32_FD32_1,Pt 32,Reddening_A3T,86.17599999999999,84.82,59.5,0,0,0,,
Pt 32_FD32_1,Pt 32,Reddening_A7T,68.866,67.51,59.5,0,1,1,68.35,0.5160000000000053
Pt 32_FD32_1,Pt 32,Reddening_A7T,76.48599999999999,75.13,59.5,0,1,1,75.35,1.1359999999999957
Pt 32_FD32_1,Pt 32,Reddening_A7T,86.17599999999999,84.82,59.5,0,0,0,,
Pt 32_FD32_1,Pt 32,Reddening_RA5T,68.866,67.51,59.5,0,0,0,,
Pt 32_FD32_1,Pt 32,Reddening_RA5T,76.48599999999999,75.13,59.5,0,0,0,,
Pt 32_FD32_1,Pt 32,Reddening_RA5T,86.17599999999999,84.82,59.5,0,1,1,85.55,0.6259999999999906
Pt 32_FD32_1,Pt 32,Variance_A3T,68.866,67.51,59.5,0,0,0,,
Pt 32_FD32_1,Pt 32,Variance_A3T,76.48599999999999,75.13,59.5,0,0,0,,
Pt 32_FD32_1,Pt 32,Variance_A3T,86.17599999999999,84.82,59.5,0,0,0,,
Pt 32_FD32_1,Pt 32,Variance_A7T,68.866,67.51,59.5,0,0,0,,
Pt 32_FD32_1,Pt 32,Variance_A7T,76.48599999999999,75.13,59.5,0,0,0,,
Pt 32_FD32_1,Pt 32,Variance_A7T,86.17599999999999,84.82,59.5,0,0,0,,
Pt 32_FD32_1,Pt 32,Variance_RA5T,68.866,67.51,59.5,0,0,0,,
Pt 32_FD32_1,Pt 32,Variance_RA5T,76.48599999999999,75.13,59.5,0,0,0,,
Pt 32_FD32_1,Pt 32,Variance_RA5T,86.17599999999999,84.82,59.5,0,0,0,,
Pt 33_FD33_1,Pt 33,Persistence,71.806,34.46,66.0,1,1,3,66.1,5.706000000000003
Pt 33_FD33_1,Pt 33,Persistence,85.116,72.26,66.0,0,1,3,77.45,7.665999999999997
Pt 33_FD33_1,Pt 33,Persistence,91.156,87.86,66.0,0,1,1,89.9,1.2560000000000002
Pt 33_FD33_1,Pt 33,AC1,71.806,34.46,66.0,1,1,3,68.15,3.6559999999999917
Pt 33_FD33_1,Pt 33,AC1,85.116,72.26,66.0,0,1,3,72.5,12.616
Pt 33_FD33_1,Pt 33,AC1,91.156,87.86,66.0,0,1,1,87.95,3.206000000000003
Pt 33_FD33_1,Pt 33,Variance,71.806,34.46,66.0,1,0,0,,
Pt 33_FD33_1,Pt 33,Variance,85.116,72.26,66.0,0,1,4,72.95,12.165999999999997
Pt 33_FD33_1,Pt 33,Variance,91.156,87.86,66.0,0,0,0,,
Pt 33_FD33_1,Pt 33,Recovery,71.806,34.46,66.0,1,1,4,66.1,5.706000000000003
Pt 33_FD33_1,Pt 33,Recovery,85.116,72.26,66.0,0,1,4,73.05,12.066000000000003
Pt 33_FD33_1,Pt 33,Recovery,91.156,87.86,66.0,0,1,2,87.95,3.206000000000003
Pt 33_FD33_1,Pt 33,Reddening,71.806,34.46,66.0,1,1,1,70.35,1.456000000000003
Pt 33_FD33_1,Pt 33,Reddening,85.116,72.26,66.0,0,1,2,80.55,4.5660000000000025
Pt 33_FD33_1,Pt 33,Reddening,91.156,87.86,66.0,0,0,0,,
Pt 33_FD33_1,Pt 33,State-history,71.806,34.46,66.0,1,1,3,66.1,5.706000000000003
Pt 33_FD33_1,Pt 33,State-history,85.116,72.26,66.0,0,1,5,75.65,9.465999999999994
Pt 33_FD33_1,Pt 33,State-history,91.156,87.86,66.0,0,1,1,89.9,1.2560000000000002
Pt 33_FD33_1,Pt 33,AC1_A3T,71.806,34.46,66.0,1,1,3,69.05,2.7560000000000002
Pt 33_FD33_1,Pt 33,AC1_A3T,85.116,72.26,66.0,0,1,9,73.05,12.066000000000003
Pt 33_FD33_1,Pt 33,AC1_A3T,91.156,87.86,66.0,0,1,1,91.0,0.1560000000000059
Pt 33_FD33_1,Pt 33,AC1_A7T,71.806,34.46,66.0,1,1,3,66.55,5.256
Pt 33_FD33_1,Pt 33,AC1_A7T,85.116,72.26,66.0,0,1,4,74.15,10.965999999999994
Pt 33_FD33_1,Pt 33,AC1_A7T,91.156,87.86,66.0,0,1,1,89.1,2.0560000000000116
Pt 33_FD33_1,Pt 33,AC1_RA5T,71.806,34.46,66.0,1,1,2,68.05,3.7560000000000002
Pt 33_FD33_1,Pt 33,AC1_RA5T,85.116,72.26,66.0,0,1,5,72.3,12.816000000000003
Pt 33_FD33_1,Pt 33,AC1_RA5T,91.156,87.86,66.0,0,1,1,88.0,3.156000000000006
Pt 33_FD33_1,Pt 33,Recovery_A3T,71.806,34.46,66.0,1,1,5,66.55,5.256
Pt 33_FD33_1,Pt 33,Recovery_A3T,85.116,72.26,66.0,0,1,8,73.0,12.116
Pt 33_FD33_1,Pt 33,Recovery_A3T,91.156,87.86,66.0,0,0,0,,
Pt 33_FD33_1,Pt 33,Recovery_A7T,71.806,34.46,66.0,1,1,2,67.5,4.305999999999997
Pt 33_FD33_1,Pt 33,Recovery_A7T,85.116,72.26,66.0,0,1,5,73.2,11.915999999999997
Pt 33_FD33_1,Pt 33,Recovery_A7T,91.156,87.86,66.0,0,1,1,91.0,0.1560000000000059
Pt 33_FD33_1,Pt 33,Recovery_RA5T,71.806,34.46,66.0,1,1,5,66.7,5.1059999999999945
Pt 33_FD33_1,Pt 33,Recovery_RA5T,85.116,72.26,66.0,0,1,6,73.0,12.116
Pt 33_FD33_1,Pt 33,Recovery_RA5T,91.156,87.86,66.0,0,1,2,90.0,1.156000000000006
Pt 33_FD33_1,Pt 33,Reddening_A3T,71.806,34.46,66.0,1,1,4,66.7,5.1059999999999945
Pt 33_FD33_1,Pt 33,Reddening_A3T,85.116,72.26,66.0,0,1,8,72.55,12.566000000000003
Pt 33_FD33_1,Pt 33,Reddening_A3T,91.156,87.86,66.0,0,0,0,,
Pt 33_FD33_1,Pt 33,Reddening_A7T,71.806,34.46,66.0,1,0,0,,
Pt 33_FD33_1,Pt 33,Reddening_A7T,85.116,72.26,66.0,0,0,0,,
Pt 33_FD33_1,Pt 33,Reddening_A7T,91.156,87.86,66.0,0,0,0,,
Pt 33_FD33_1,Pt 33,Reddening_RA5T,71.806,34.46,66.0,1,1,1,70.15,1.6559999999999917
Pt 33_FD33_1,Pt 33,Reddening_RA5T,85.116,72.26,66.0,0,1,2,80.4,4.715999999999994
Pt 33_FD33_1,Pt 33,Reddening_RA5T,91.156,87.86,66.0,0,0,0,,
Pt 33_FD33_1,Pt 33,Variance_A3T,71.806,34.46,66.0,1,1,2,66.9,4.905999999999992
Pt 33_FD33_1,Pt 33,Variance_A3T,85.116,72.26,66.0,0,1,5,72.75,12.366
Pt 33_FD33_1,Pt 33,Variance_A3T,91.156,87.86,66.0,0,0,0,,
Pt 33_FD33_1,Pt 33,Variance_A7T,71.806,34.46,66.0,1,0,0,,
Pt 33_FD33_1,Pt 33,Variance_A7T,85.116,72.26,66.0,0,1,2,72.9,12.215999999999994
Pt 33_FD33_1,Pt 33,Variance_A7T,91.156,87.86,66.0,0,0,0,,
Pt 33_FD33_1,Pt 33,Variance_RA5T,71.806,34.46,66.0,1,1,2,67.95,3.8559999999999945
Pt 33_FD33_1,Pt 33,Variance_RA5T,85.116,72.26,66.0,0,1,3,72.75,12.366
Pt 33_FD33_1,Pt 33,Variance_RA5T,91.156,87.86,66.0,0,0,0,,
Pt 33_FD33_2,Pt 33,Persistence,66.42599999999999,64.24,66.0,1,0,0,,
Pt 33_FD33_2,Pt 33,Persistence,75.946,67.49,66.0,0,0,0,,
Pt 33_FD33_2,Pt 33,Persistence,80.636,77.84,66.0,0,0,0,,
Pt 33_FD33_2,Pt 33,Persistence,86.56599999999999,81.06,66.0,0,1,1,86.55,0.015999999999991132
Pt 33_FD33_2,Pt 33,Persistence,90.766,89.41,66.0,0,0,0,,
Pt 33_FD33_2,Pt 33,AC1,66.42599999999999,64.24,66.0,1,0,0,,
Pt 33_FD33_2,Pt 33,AC1,75.946,67.49,66.0,0,1,1,71.05,4.896000000000001
Pt 33_FD33_2,Pt 33,AC1,80.636,77.84,66.0,0,0,0,,
Pt 33_FD33_2,Pt 33,AC1,86.56599999999999,81.06,66.0,0,1,2,81.2,5.3659999999999854
Pt 33_FD33_2,Pt 33,AC1,90.766,89.41,66.0,0,0,0,,
Pt 33_FD33_2,Pt 33,Variance,66.42599999999999,64.24,66.0,1,1,1,66.1,0.3259999999999934
Pt 33_FD33_2,Pt 33,Variance,75.946,67.49,66.0,0,1,1,74.05,1.8960000000000008
Pt 33_FD33_2,Pt 33,Variance,80.636,77.84,66.0,0,0,0,,
Pt 33_FD33_2,Pt 33,Variance,86.56599999999999,81.06,66.0,0,0,0,,
Pt 33_FD33_2,Pt 33,Variance,90.766,89.41,66.0,0,0,0,,
Pt 33_FD33_2,Pt 33,Recovery,66.42599999999999,64.24,66.0,1,1,1,66.1,0.3259999999999934
Pt 33_FD33_2,Pt 33,Recovery,75.946,67.49,66.0,0,1,3,71.0,4.945999999999998
Pt 33_FD33_2,Pt 33,Recovery,80.636,77.84,66.0,0,1,3,78.55,2.0859999999999985
Pt 33_FD33_2,Pt 33,Recovery,86.56599999999999,81.06,66.0,0,1,1,84.35,2.215999999999994
Pt 33_FD33_2,Pt 33,Recovery,90.766,89.41,66.0,0,1,1,90.25,0.5160000000000053
Pt 33_FD33_2,Pt 33,Reddening,66.42599999999999,64.24,66.0,1,1,1,66.1,0.3259999999999934
Pt 33_FD33_2,Pt 33,Reddening,75.946,67.49,66.0,0,0,0,,
Pt 33_FD33_2,Pt 33,Reddening,80.636,77.84,66.0,0,0,0,,
Pt 33_FD33_2,Pt 33,Reddening,86.56599999999999,81.06,66.0,0,0,0,,
Pt 33_FD33_2,Pt 33,Reddening,90.766,89.41,66.0,0,0,0,,
Pt 33_FD33_2,Pt 33,State-history,66.42599999999999,64.24,66.0,1,0,0,,
Pt 33_FD33_2,Pt 33,State-history,75.946,67.49,66.0,0,1,1,75.65,0.29599999999999227
Pt 33_FD33_2,Pt 33,State-history,80.636,77.84,66.0,0,1,1,80.35,0.28600000000000136
Pt 33_FD33_2,Pt 33,State-history,86.56599999999999,81.06,66.0,0,1,1,86.3,0.26599999999999113
Pt 33_FD33_2,Pt 33,State-history,90.766,89.41,66.0,0,0,0,,
Pt 33_FD33_2,Pt 33,AC1_A3T,66.42599999999999,64.24,66.0,1,1,1,66.25,0.17599999999998772
Pt 33_FD33_2,Pt 33,AC1_A3T,75.946,67.49,66.0,0,1,4,68.0,7.945999999999998
Pt 33_FD33_2,Pt 33,AC1_A3T,80.636,77.84,66.0,0,1,2,78.5,2.1359999999999957
Pt 33_FD33_2,Pt 33,AC1_A3T,86.56599999999999,81.06,66.0,0,1,6,81.7,4.8659999999999854
Pt 33_FD33_2,Pt 33,AC1_A3T,90.766,89.41,66.0,0,1,2,89.75,1.0160000000000053
Pt 33_FD33_2,Pt 33,AC1_A7T,66.42599999999999,64.24,66.0,1,1,1,66.1,0.3259999999999934
Pt 33_FD33_2,Pt 33,AC1_A7T,75.946,67.49,66.0,0,1,1,74.65,1.2959999999999923
Pt 33_FD33_2,Pt 33,AC1_A7T,80.636,77.84,66.0,0,0,0,,
Pt 33_FD33_2,Pt 33,AC1_A7T,86.56599999999999,81.06,66.0,0,1,2,82.3,4.265999999999991
Pt 33_FD33_2,Pt 33,AC1_A7T,90.766,89.41,66.0,0,0,0,,
Pt 33_FD33_2,Pt 33,AC1_RA5T,66.42599999999999,64.24,66.0,1,1,1,66.1,0.3259999999999934
Pt 33_FD33_2,Pt 33,AC1_RA5T,75.946,67.49,66.0,0,1,3,69.0,6.945999999999998
Pt 33_FD33_2,Pt 33,AC1_RA5T,80.636,77.84,66.0,0,1,2,79.15,1.48599999999999
Pt 33_FD33_2,Pt 33,AC1_RA5T,86.56599999999999,81.06,66.0,0,1,3,81.15,5.415999999999983
Pt 33_FD33_2,Pt 33,AC1_RA5T,90.766,89.41,66.0,0,0,0,,
Pt 33_FD33_2,Pt 33,Recovery_A3T,66.42599999999999,64.24,66.0,1,0,0,,
Pt 33_FD33_2,Pt 33,Recovery_A3T,75.946,67.49,66.0,0,1,5,68.25,7.695999999999998
Pt 33_FD33_2,Pt 33,Recovery_A3T,80.636,77.84,66.0,0,1,2,78.55,2.0859999999999985
Pt 33_FD33_2,Pt 33,Recovery_A3T,86.56599999999999,81.06,66.0,0,1,5,82.0,4.565999999999988
Pt 33_FD33_2,Pt 33,Recovery_A3T,90.766,89.41,66.0,0,1,1,90.25,0.5160000000000053
Pt 33_FD33_2,Pt 33,Recovery_A7T,66.42599999999999,64.24,66.0,1,1,1,66.1,0.3259999999999934
Pt 33_FD33_2,Pt 33,Recovery_A7T,75.946,67.49,66.0,0,1,4,71.05,4.896000000000001
Pt 33_FD33_2,Pt 33,Recovery_A7T,80.636,77.84,66.0,0,1,1,79.6,1.0360000000000014
Pt 33_FD33_2,Pt 33,Recovery_A7T,86.56599999999999,81.06,66.0,0,1,2,84.3,2.265999999999991
Pt 33_FD33_2,Pt 33,Recovery_A7T,90.766,89.41,66.0,0,0,0,,
Pt 33_FD33_2,Pt 33,Recovery_RA5T,66.42599999999999,64.24,66.0,1,1,1,66.1,0.3259999999999934
Pt 33_FD33_2,Pt 33,Recovery_RA5T,75.946,67.49,66.0,0,1,5,67.5,8.445999999999998
Pt 33_FD33_2,Pt 33,Recovery_RA5T,80.636,77.84,66.0,0,1,3,78.6,2.0360000000000014
Pt 33_FD33_2,Pt 33,Recovery_RA5T,86.56599999999999,81.06,66.0,0,1,3,81.2,5.3659999999999854
Pt 33_FD33_2,Pt 33,Recovery_RA5T,90.766,89.41,66.0,0,1,1,90.15,0.6159999999999997
Pt 33_FD33_2,Pt 33,Reddening_A3T,66.42599999999999,64.24,66.0,1,1,1,66.1,0.3259999999999934
Pt 33_FD33_2,Pt 33,Reddening_A3T,75.946,67.49,66.0,0,1,1,73.65,2.2959999999999923
Pt 33_FD33_2,Pt 33,Reddening_A3T,80.636,77.84,66.0,0,1,1,80.3,0.3359999999999985
Pt 33_FD33_2,Pt 33,Reddening_A3T,86.56599999999999,81.06,66.0,0,1,1,86.05,0.5159999999999911
Pt 33_FD33_2,Pt 33,Reddening_A3T,90.766,89.41,66.0,0,1,1,89.95,0.8160000000000025
Pt 33_FD33_2,Pt 33,Reddening_A7T,66.42599999999999,64.24,66.0,1,0,0,,
Pt 33_FD33_2,Pt 33,Reddening_A7T,75.946,67.49,66.0,0,1,1,68.3,7.646000000000001
Pt 33_FD33_2,Pt 33,Reddening_A7T,80.636,77.84,66.0,0,0,0,,
Pt 33_FD33_2,Pt 33,Reddening_A7T,86.56599999999999,81.06,66.0,0,0,0,,
Pt 33_FD33_2,Pt 33,Reddening_A7T,90.766,89.41,66.0,0,0,0,,
Pt 33_FD33_2,Pt 33,Reddening_RA5T,66.42599999999999,64.24,66.0,1,1,1,66.1,0.3259999999999934
Pt 33_FD33_2,Pt 33,Reddening_RA5T,75.946,67.49,66.0,0,0,0,,
Pt 33_FD33_2,Pt 33,Reddening_RA5T,80.636,77.84,66.0,0,0,0,,
Pt 33_FD33_2,Pt 33,Reddening_RA5T,86.56599999999999,81.06,66.0,0,0,0,,
Pt 33_FD33_2,Pt 33,Reddening_RA5T,90.766,89.41,66.0,0,0,0,,
Pt 33_FD33_2,Pt 33,Variance_A3T,66.42599999999999,64.24,66.0,1,1,1,66.1,0.3259999999999934
Pt 33_FD33_2,Pt 33,Variance_A3T,75.946,67.49,66.0,0,1,1,70.9,5.045999999999992
Pt 33_FD33_2,Pt 33,Variance_A3T,80.636,77.84,66.0,0,0,0,,
Pt 33_FD33_2,Pt 33,Variance_A3T,86.56599999999999,81.06,66.0,0,0,0,,
Pt 33_FD33_2,Pt 33,Variance_A3T,90.766,89.41,66.0,0,1,1,89.5,1.2660000000000053
Pt 33_FD33_2,Pt 33,Variance_A7T,66.42599999999999,64.24,66.0,1,1,1,66.1,0.3259999999999934
Pt 33_FD33_2,Pt 33,Variance_A7T,75.946,67.49,66.0,0,0,0,,
Pt 33_FD33_2,Pt 33,Variance_A7T,80.636,77.84,66.0,0,0,0,,
Pt 33_FD33_2,Pt 33,Variance_A7T,86.56599999999999,81.06,66.0,0,0,0,,
Pt 33_FD33_2,Pt 33,Variance_A7T,90.766,89.41,66.0,0,0,0,,
Pt 33_FD33_2,Pt 33,Variance_RA5T,66.42599999999999,64.24,66.0,1,1,1,66.1,0.3259999999999934
Pt 33_FD33_2,Pt 33,Variance_RA5T,75.946,67.49,66.0,0,0,0,,
Pt 33_FD33_2,Pt 33,Variance_RA5T,80.636,77.84,66.0,0,0,0,,
Pt 33_FD33_2,Pt 33,Variance_RA5T,86.56599999999999,81.06,66.0,0,0,0,,
Pt 33_FD33_2,Pt 33,Variance_RA5T,90.766,89.41,66.0,0,0,0,,
Pt 33_FD33_4,Pt 33,Persistence,90.706,10.0,66.0,1,1,1,87.6,3.1060000000000088
Pt 33_FD33_4,Pt 33,AC1,90.706,10.0,66.0,1,1,1,90.65,0.055999999999997385
Pt 33_FD33_4,Pt 33,Variance,90.706,10.0,66.0,1,1,2,66.1,24.60600000000001
Pt 33_FD33_4,Pt 33,Recovery,90.706,10.0,66.0,1,1,5,66.1,24.60600000000001
Pt 33_FD33_4,Pt 33,Reddening,90.706,10.0,66.0,1,1,4,66.1,24.60600000000001
Pt 33_FD33_4,Pt 33,State-history,90.706,10.0,66.0,1,1,4,71.15,19.555999999999997
Pt 33_FD33_4,Pt 33,AC1_A3T,90.706,10.0,66.0,1,1,5,66.1,24.60600000000001
Pt 33_FD33_4,Pt 33,AC1_A7T,90.706,10.0,66.0,1,1,2,66.1,24.60600000000001
Pt 33_FD33_4,Pt 33,AC1_RA5T,90.706,10.0,66.0,1,1,2,66.1,24.60600000000001
Pt 33_FD33_4,Pt 33,Recovery_A3T,90.706,10.0,66.0,1,1,4,66.1,24.60600000000001
Pt 33_FD33_4,Pt 33,Recovery_A7T,90.706,10.0,66.0,1,1,2,66.55,24.156000000000006
Pt 33_FD33_4,Pt 33,Recovery_RA5T,90.706,10.0,66.0,1,1,2,87.85,2.8560000000000088
Pt 33_FD33_4,Pt 33,Reddening_A3T,90.706,10.0,66.0,1,1,4,66.1,24.60600000000001
Pt 33_FD33_4,Pt 33,Reddening_A7T,90.706,10.0,66.0,1,1,2,66.1,24.60600000000001
Pt 33_FD33_4,Pt 33,Reddening_RA5T,90.706,10.0,66.0,1,1,3,68.8,21.906000000000006
Pt 33_FD33_4,Pt 33,Variance_A3T,90.706,10.0,66.0,1,1,4,66.1,24.60600000000001
Pt 33_FD33_4,Pt 33,Variance_A7T,90.706,10.0,66.0,1,1,2,66.1,24.60600000000001
Pt 33_FD33_4,Pt 33,Variance_RA5T,90.706,10.0,66.0,1,1,3,66.1,24.60600000000001
Pt 33_FD33_5,Pt 33,Persistence,74.62599999999999,6.63,66.0,1,1,1,73.1,1.5259999999999962
Pt 33_FD33_5,Pt 33,Persistence,81.95599999999999,75.46,66.0,0,1,2,77.95,4.005999999999986
Pt 33_FD33_5,Pt 33,Persistence,86.466,82.76,66.0,0,1,1,86.45,0.015999999999991132
Pt 33_FD33_5,Pt 33,Persistence,91.916,90.56,66.0,0,1,1,90.85,1.0660000000000025
Pt 33_FD33_5,Pt 33,AC1,74.62599999999999,6.63,66.0,1,1,1,66.95,7.675999999999988
Pt 33_FD33_5,Pt 33,AC1,81.95599999999999,75.46,66.0,0,1,1,77.75,4.205999999999989
Pt 33_FD33_5,Pt 33,AC1,86.466,82.76,66.0,0,1,1,83.55,2.915999999999997
Pt 33_FD33_5,Pt 33,AC1,91.916,90.56,66.0,0,1,1,91.45,0.465999999999994
Pt 33_FD33_5,Pt 33,Variance,74.62599999999999,6.63,66.0,1,0,0,,
Pt 33_FD33_5,Pt 33,Variance,81.95599999999999,75.46,66.0,0,1,2,76.1,5.8559999999999945
Pt 33_FD33_5,Pt 33,Variance,86.466,82.76,66.0,0,1,1,86.35,0.11599999999999966
Pt 33_FD33_5,Pt 33,Variance,91.916,90.56,66.0,0,0,0,,
Pt 33_FD33_5,Pt 33,Recovery,74.62599999999999,6.63,66.0,1,1,2,66.2,8.425999999999988
Pt 33_FD33_5,Pt 33,Recovery,81.95599999999999,75.46,66.0,0,1,3,76.35,5.6059999999999945
Pt 33_FD33_5,Pt 33,Recovery,86.466,82.76,66.0,0,1,1,83.5,2.965999999999994
Pt 33_FD33_5,Pt 33,Recovery,91.916,90.56,66.0,0,1,1,91.1,0.8160000000000025
Pt 33_FD33_5,Pt 33,Reddening,74.62599999999999,6.63,66.0,1,1,3,66.1,8.525999999999996
Pt 33_FD33_5,Pt 33,Reddening,81.95599999999999,75.46,66.0,0,1,3,76.35,5.6059999999999945
Pt 33_FD33_5,Pt 33,Reddening,86.466,82.76,66.0,0,0,0,,
Pt 33_FD33_5,Pt 33,Reddening,91.916,90.56,66.0,0,0,0,,
Pt 33_FD33_5,Pt 33,State-history,74.62599999999999,6.63,66.0,1,1,3,70.55,4.075999999999993
Pt 33_FD33_5,Pt 33,State-history,81.95599999999999,75.46,66.0,0,1,2,77.5,4.455999999999989
Pt 33_FD33_5,Pt 33,State-history,86.466,82.76,66.0,0,1,2,83.85,2.6159999999999997
Pt 33_FD33_5,Pt 33,State-history,91.916,90.56,66.0,0,1,1,90.9,1.0159999999999911
Pt 33_FD33_5,Pt 33,AC1_A3T,74.62599999999999,6.63,66.0,1,1,4,66.4,8.225999999999985
Pt 33_FD33_5,Pt 33,AC1_A3T,81.95599999999999,75.46,66.0,0,1,4,76.15,5.805999999999983
Pt 33_FD33_5,Pt 33,AC1_A3T,86.466,82.76,66.0,0,1,2,83.15,3.3159999999999883
Pt 33_FD33_5,Pt 33,AC1_A3T,91.916,90.56,66.0,0,1,2,90.75,1.1659999999999968
Pt 33_FD33_5,Pt 33,AC1_A7T,74.62599999999999,6.63,66.0,1,1,1,67.05,7.575999999999993
Pt 33_FD33_5,Pt 33,AC1_A7T,81.95599999999999,75.46,66.0,0,1,1,76.55,5.405999999999992
Pt 33_FD33_5,Pt 33,AC1_A7T,86.466,82.76,66.0,0,1,1,85.15,1.3159999999999883
Pt 33_FD33_5,Pt 33,AC1_A7T,91.916,90.56,66.0,0,0,0,,
Pt 33_FD33_5,Pt 33,AC1_RA5T,74.62599999999999,6.63,66.0,1,1,3,67.5,7.125999999999991
Pt 33_FD33_5,Pt 33,AC1_RA5T,81.95599999999999,75.46,66.0,0,1,3,76.5,5.455999999999989
Pt 33_FD33_5,Pt 33,AC1_RA5T,86.466,82.76,66.0,0,1,1,83.55,2.915999999999997
Pt 33_FD33_5,Pt 33,AC1_RA5T,91.916,90.56,66.0,0,1,1,91.5,0.4159999999999968
Pt 33_FD33_5,Pt 33,Recovery_A3T,74.62599999999999,6.63,66.0,1,1,5,66.65,7.975999999999985
Pt 33_FD33_5,Pt 33,Recovery_A3T,81.95599999999999,75.46,66.0,0,1,6,76.2,5.755999999999986
Pt 33_FD33_5,Pt 33,Recovery_A3T,86.466,82.76,66.0,0,1,2,83.35,3.1159999999999997
Pt 33_FD33_5,Pt 33,Recovery_A3T,91.916,90.56,66.0,0,1,1,91.3,0.6159999999999997
Pt 33_FD33_5,Pt 33,Recovery_A7T,74.62599999999999,6.63,66.0,1,1,2,66.85,7.775999999999996
Pt 33_FD33_5,Pt 33,Recovery_A7T,81.95599999999999,75.46,66.0,0,1,4,75.65,6.305999999999983
Pt 33_FD33_5,Pt 33,Recovery_A7T,86.466,82.76,66.0,0,1,1,84.85,1.6159999999999997
Pt 33_FD33_5,Pt 33,Recovery_A7T,91.916,90.56,66.0,0,0,0,,
Pt 33_FD33_5,Pt 33,Recovery_RA5T,74.62599999999999,6.63,66.0,1,1,3,66.1,8.525999999999996
Pt 33_FD33_5,Pt 33,Recovery_RA5T,81.95599999999999,75.46,66.0,0,1,3,76.3,5.655999999999992
Pt 33_FD33_5,Pt 33,Recovery_RA5T,86.466,82.76,66.0,0,1,1,83.5,2.965999999999994
Pt 33_FD33_5,Pt 33,Recovery_RA5T,91.916,90.56,66.0,0,1,1,91.3,0.6159999999999997
Pt 33_FD33_5,Pt 33,Reddening_A3T,74.62599999999999,6.63,66.0,1,1,4,66.6,8.025999999999996
Pt 33_FD33_5,Pt 33,Reddening_A3T,81.95599999999999,75.46,66.0,0,1,4,75.75,6.205999999999989
Pt 33_FD33_5,Pt 33,Reddening_A3T,86.466,82.76,66.0,0,1,2,83.1,3.3659999999999997
Pt 33_FD33_5,Pt 33,Reddening_A3T,91.916,90.56,66.0,0,0,0,,
Pt 33_FD33_5,Pt 33,Reddening_A7T,74.62599999999999,6.63,66.0,1,1,2,66.1,8.525999999999996
Pt 33_FD33_5,Pt 33,Reddening_A7T,81.95599999999999,75.46,66.0,0,1,2,76.0,5.955999999999989
Pt 33_FD33_5,Pt 33,Reddening_A7T,86.466,82.76,66.0,0,1,1,82.85,3.6159999999999997
Pt 33_FD33_5,Pt 33,Reddening_A7T,91.916,90.56,66.0,0,0,0,,
Pt 33_FD33_5,Pt 33,Reddening_RA5T,74.62599999999999,6.63,66.0,1,1,3,67.1,7.525999999999996
Pt 33_FD33_5,Pt 33,Reddening_RA5T,81.95599999999999,75.46,66.0,0,1,2,77.9,4.055999999999983
Pt 33_FD33_5,Pt 33,Reddening_RA5T,86.466,82.76,66.0,0,1,1,84.0,2.465999999999994
Pt 33_FD33_5,Pt 33,Reddening_RA5T,91.916,90.56,66.0,0,0,0,,
Pt 33_FD33_5,Pt 33,Variance_A3T,74.62599999999999,6.63,66.0,1,1,1,72.0,2.6259999999999906
Pt 33_FD33_5,Pt 33,Variance_A3T,81.95599999999999,75.46,66.0,0,1,3,76.0,5.955999999999989
Pt 33_FD33_5,Pt 33,Variance_A3T,86.466,82.76,66.0,0,1,2,82.95,3.515999999999991
Pt 33_FD33_5,Pt 33,Variance_A3T,91.916,90.56,66.0,0,0,0,,
Pt 33_FD33_5,Pt 33,Variance_A7T,74.62599999999999,6.63,66.0,1,0,0,,
Pt 33_FD33_5,Pt 33,Variance_A7T,81.95599999999999,75.46,66.0,0,1,1,76.1,5.8559999999999945
Pt 33_FD33_5,Pt 33,Variance_A7T,86.466,82.76,66.0,0,0,0,,
Pt 33_FD33_5,Pt 33,Variance_A7T,91.916,90.56,66.0,0,0,0,,
Pt 33_FD33_5,Pt 33,Variance_RA5T,74.62599999999999,6.63,66.0,1,0,0,,
Pt 33_FD33_5,Pt 33,Variance_RA5T,81.95599999999999,75.46,66.0,0,1,1,75.9,6.055999999999983
Pt 33_FD33_5,Pt 33,Variance_RA5T,86.466,82.76,66.0,0,1,1,86.15,0.3159999999999883
Pt 33_FD33_5,Pt 33,Variance_RA5T,91.916,90.56,66.0,0,0,0,,
Pt 33_FD33_6,Pt 33,Persistence,83.62599999999999,63.44,66.0,1,1,4,75.7,7.925999999999988
Pt 33_FD33_6,Pt 33,Persistence,90.836,84.11,66.0,0,1,1,90.55,0.28600000000000136
Pt 33_FD33_6,Pt 33,AC1,83.62599999999999,63.44,66.0,1,1,6,66.1,17.525999999999996
Pt 33_FD33_6,Pt 33,AC1,90.836,84.11,66.0,0,1,4,84.9,5.935999999999993
Pt 33_FD33_6,Pt 33,Variance,83.62599999999999,63.44,66.0,1,1,2,66.1,17.525999999999996
Pt 33_FD33_6,Pt 33,Variance,90.836,84.11,66.0,0,0,0,,
Pt 33_FD33_6,Pt 33,Recovery,83.62599999999999,63.44,66.0,1,1,9,66.1,17.525999999999996
Pt 33_FD33_6,Pt 33,Recovery,90.836,84.11,66.0,0,1,5,84.2,6.635999999999996
Pt 33_FD33_6,Pt 33,Reddening,83.62599999999999,63.44,66.0,1,1,5,66.1,17.525999999999996
Pt 33_FD33_6,Pt 33,Reddening,90.836,84.11,66.0,0,1,2,87.25,3.5859999999999985
Pt 33_FD33_6,Pt 33,State-history,83.62599999999999,63.44,66.0,1,1,5,75.7,7.925999999999988
Pt 33_FD33_6,Pt 33,State-history,90.836,84.11,66.0,0,1,2,89.25,1.5859999999999985
Pt 33_FD33_6,Pt 33,AC1_A3T,83.62599999999999,63.44,66.0,1,1,8,66.1,17.525999999999996
Pt 33_FD33_6,Pt 33,AC1_A3T,90.836,84.11,66.0,0,1,3,84.4,6.435999999999993
Pt 33_FD33_6,Pt 33,AC1_A7T,83.62599999999999,63.44,66.0,1,1,5,66.1,17.525999999999996
Pt 33_FD33_6,Pt 33,AC1_A7T,90.836,84.11,66.0,0,1,3,84.9,5.935999999999993
Pt 33_FD33_6,Pt 33,AC1_RA5T,83.62599999999999,63.44,66.0,1,1,8,66.1,17.525999999999996
Pt 33_FD33_6,Pt 33,AC1_RA5T,90.836,84.11,66.0,0,1,1,87.35,3.486000000000004
Pt 33_FD33_6,Pt 33,Recovery_A3T,83.62599999999999,63.44,66.0,1,1,10,66.1,17.525999999999996
Pt 33_FD33_6,Pt 33,Recovery_A3T,90.836,84.11,66.0,0,1,5,84.45,6.385999999999996
Pt 33_FD33_6,Pt 33,Recovery_A7T,83.62599999999999,63.44,66.0,1,1,4,66.35,17.275999999999996
Pt 33_FD33_6,Pt 33,Recovery_A7T,90.836,84.11,66.0,0,1,2,89.15,1.6859999999999928
Pt 33_FD33_6,Pt 33,Recovery_RA5T,83.62599999999999,63.44,66.0,1,1,9,66.1,17.525999999999996
Pt 33_FD33_6,Pt 33,Recovery_RA5T,90.836,84.11,66.0,0,1,4,84.25,6.5859999999999985
Pt 33_FD33_6,Pt 33,Reddening_A3T,83.62599999999999,63.44,66.0,1,1,5,66.1,17.525999999999996
Pt 33_FD33_6,Pt 33,Reddening_A3T,90.836,84.11,66.0,0,1,3,84.2,6.635999999999996
Pt 33_FD33_6,Pt 33,Reddening_A7T,83.62599999999999,63.44,66.0,1,1,3,66.1,17.525999999999996
Pt 33_FD33_6,Pt 33,Reddening_A7T,90.836,84.11,66.0,0,1,3,85.0,5.8359999999999985
Pt 33_FD33_6,Pt 33,Reddening_RA5T,83.62599999999999,63.44,66.0,1,1,4,67.85,15.775999999999996
Pt 33_FD33_6,Pt 33,Reddening_RA5T,90.836,84.11,66.0,0,1,1,87.0,3.8359999999999985
Pt 33_FD33_6,Pt 33,Variance_A3T,83.62599999999999,63.44,66.0,1,1,3,66.1,17.525999999999996
Pt 33_FD33_6,Pt 33,Variance_A3T,90.836,84.11,66.0,0,0,0,,
Pt 33_FD33_6,Pt 33,Variance_A7T,83.62599999999999,63.44,66.0,1,1,2,66.1,17.525999999999996
Pt 33_FD33_6,Pt 33,Variance_A7T,90.836,84.11,66.0,0,0,0,,
Pt 33_FD33_6,Pt 33,Variance_RA5T,83.62599999999999,63.44,66.0,1,1,2,66.1,17.525999999999996
Pt 33_FD33_6,Pt 33,Variance_RA5T,90.836,84.11,66.0,0,0,0,,
