tag,participant,regime,horizon_sec,coordinate,method,n,absolute_error_sum
Pt 10_FD10_1,Pt 10,all,0.05,RA,State-history,609,31.948205072781278
Pt 10_FD10_1,Pt 10,all,0.05,RA,Persistence,609,31.220504630216134
Pt 10_FD10_1,Pt 10,all,0.05,RE,State-history,609,29.260524459189405
Pt 10_FD10_1,Pt 10,all,0.05,RE,Persistence,609,27.630235833554107
Pt 10_FD10_1,Pt 10,all,0.25,RA,State-history,605,137.5436773431499
Pt 10_FD10_1,Pt 10,all,0.25,RA,Persistence,605,137.9264403981753
Pt 10_FD10_1,Pt 10,all,0.25,RE,State-history,605,131.76695086975408
Pt 10_FD10_1,Pt 10,all,0.25,RE,Persistence,605,133.11783925471198
Pt 10_FD10_1,Pt 10,all,0.5,RA,State-history,600,234.61079613140333
Pt 10_FD10_1,Pt 10,all,0.5,RA,Persistence,600,233.9757032994976
Pt 10_FD10_1,Pt 10,all,0.5,RE,State-history,600,252.59917918012258
Pt 10_FD10_1,Pt 10,all,0.5,RE,Persistence,600,256.1573840450577
Pt 10_FD10_1,Pt 10,all,0.75,RA,State-history,595,297.9344558899344
Pt 10_FD10_1,Pt 10,all,0.75,RA,Persistence,595,321.31040976475583
Pt 10_FD10_1,Pt 10,all,0.75,RE,State-history,595,347.9903285229659
Pt 10_FD10_1,Pt 10,all,0.75,RE,Persistence,595,375.32215750047567
Pt 10_FD10_1,Pt 10,all,1.0,RA,State-history,590,345.6455034546956
Pt 10_FD10_1,Pt 10,all,1.0,RA,Persistence,590,410.34392375208756
Pt 10_FD10_1,Pt 10,all,1.0,RE,State-history,590,405.55001820336224
Pt 10_FD10_1,Pt 10,all,1.0,RE,Persistence,590,481.8678957974464
Pt 10_FD10_1,Pt 10,all,1.25,RA,State-history,585,368.2035665036326
Pt 10_FD10_1,Pt 10,all,1.25,RA,Persistence,585,475.28730200415947
Pt 10_FD10_1,Pt 10,all,1.25,RE,State-history,585,446.4195958075655
Pt 10_FD10_1,Pt 10,all,1.25,RE,Persistence,585,560.1596534173619
Pt 10_FD10_1,Pt 10,all,1.5,RA,State-history,580,383.91521747166917
Pt 10_FD10_1,Pt 10,all,1.5,RA,Persistence,580,536.6666164372384
Pt 10_FD10_1,Pt 10,all,1.5,RE,State-history,580,474.75398218107614
Pt 10_FD10_1,Pt 10,all,1.5,RE,Persistence,580,620.5791442408936
Pt 10_FD10_1,Pt 10,onset_crossing,0.05,RA,State-history,10,0.46427310988859405
Pt 10_FD10_1,Pt 10,onset_crossing,0.05,RA,Persistence,10,0.4167296596656746
Pt 10_FD10_1,Pt 10,onset_crossing,0.05,RE,State-history,10,0.6756738033706869
Pt 10_FD10_1,Pt 10,onset_crossing,0.05,RE,Persistence,10,0.6613006483112441
Pt 10_FD10_1,Pt 10,onset_crossing,0.25,RA,State-history,50,11.13269880722377
Pt 10_FD10_1,Pt 10,onset_crossing,0.25,RA,Persistence,50,10.309519057601003
Pt 10_FD10_1,Pt 10,onset_crossing,0.25,RE,State-history,50,9.356959159996403
Pt 10_FD10_1,Pt 10,onset_crossing,0.25,RE,Persistence,50,10.431040185157208
Pt 10_FD10_1,Pt 10,onset_crossing,0.5,RA,State-history,100,35.560788933387585
Pt 10_FD10_1,Pt 10,onset_crossing,0.5,RA,Persistence,100,31.97233573005241
Pt 10_FD10_1,Pt 10,onset_crossing,0.5,RE,State-history,100,40.555231318715244
Pt 10_FD10_1,Pt 10,onset_crossing,0.5,RE,Persistence,100,40.706701707260294
Pt 10_FD10_1,Pt 10,onset_crossing,0.75,RA,State-history,150,70.04562069815363
Pt 10_FD10_1,Pt 10,onset_crossing,0.75,RA,Persistence,150,64.14069184555723
Pt 10_FD10_1,Pt 10,onset_crossing,0.75,RE,State-history,150,84.12834545428476
Pt 10_FD10_1,Pt 10,onset_crossing,0.75,RE,Persistence,150,87.05579771086741
Pt 10_FD10_1,Pt 10,onset_crossing,1.0,RA,State-history,198,109.43277011805772
Pt 10_FD10_1,Pt 10,onset_crossing,1.0,RA,Persistence,198,112.34983484341274
Pt 10_FD10_1,Pt 10,onset_crossing,1.0,RE,State-history,198,132.08061004257533
Pt 10_FD10_1,Pt 10,onset_crossing,1.0,RE,Persistence,198,153.07477061196604
Pt 10_FD10_1,Pt 10,onset_crossing,1.25,RA,State-history,243,151.05631862468417
Pt 10_FD10_1,Pt 10,onset_crossing,1.25,RA,Persistence,243,177.62647544596138
Pt 10_FD10_1,Pt 10,onset_crossing,1.25,RE,State-history,243,178.83101951742347
Pt 10_FD10_1,Pt 10,onset_crossing,1.25,RE,Persistence,243,218.80563572169115
Pt 10_FD10_1,Pt 10,onset_crossing,1.5,RA,State-history,283,181.75874995827877
Pt 10_FD10_1,Pt 10,onset_crossing,1.5,RA,Persistence,283,240.9974267793301
Pt 10_FD10_1,Pt 10,onset_crossing,1.5,RE,State-history,283,216.6367202652887
Pt 10_FD10_1,Pt 10,onset_crossing,1.5,RE,Persistence,283,289.43163002772883
Pt 10_FD10_1,Pt 10,coordinate_decline,0.05,RA,State-history,116,8.120109097688834
Pt 10_FD10_1,Pt 10,coordinate_decline,0.05,RA,Persistence,116,9.532416729510249
Pt 10_FD10_1,Pt 10,coordinate_decline,0.05,RE,State-history,116,8.961538429798187
Pt 10_FD10_1,Pt 10,coordinate_decline,0.05,RE,Persistence,116,10.51804862493982
Pt 10_FD10_1,Pt 10,coordinate_decline,0.25,RA,State-history,265,57.759517325305055
Pt 10_FD10_1,Pt 10,coordinate_decline,0.25,RA,Persistence,265,68.54775825473702
Pt 10_FD10_1,Pt 10,coordinate_decline,0.25,RE,State-history,265,57.40921208039198
Pt 10_FD10_1,Pt 10,coordinate_decline,0.25,RE,Persistence,265,66.84909893511349
Pt 10_FD10_1,Pt 10,coordinate_decline,0.5,RA,State-history,288,100.10313765062472
Pt 10_FD10_1,Pt 10,coordinate_decline,0.5,RA,Persistence,288,115.5411628097196
Pt 10_FD10_1,Pt 10,coordinate_decline,0.5,RE,State-history,288,112.4407279238925
Pt 10_FD10_1,Pt 10,coordinate_decline,0.5,RE,Persistence,288,129.8844419475347
Pt 10_FD10_1,Pt 10,coordinate_decline,0.75,RA,State-history,291,130.93497394997127
Pt 10_FD10_1,Pt 10,coordinate_decline,0.75,RA,Persistence,291,159.15119008817732
Pt 10_FD10_1,Pt 10,coordinate_decline,0.75,RE,State-history,291,155.34721693300355
Pt 10_FD10_1,Pt 10,coordinate_decline,0.75,RE,Persistence,291,189.6733153017988
Pt 10_FD10_1,Pt 10,coordinate_decline,1.0,RA,State-history,305,160.6002920377027
Pt 10_FD10_1,Pt 10,coordinate_decline,1.0,RA,Persistence,305,204.30518498870254
Pt 10_FD10_1,Pt 10,coordinate_decline,1.0,RE,State-history,305,183.13108947238416
Pt 10_FD10_1,Pt 10,coordinate_decline,1.0,RE,Persistence,305,244.18848525821517
Pt 10_FD10_1,Pt 10,coordinate_decline,1.25,RA,State-history,304,170.3678329109021
Pt 10_FD10_1,Pt 10,coordinate_decline,1.25,RA,Persistence,304,237.06783466807894
Pt 10_FD10_1,Pt 10,coordinate_decline,1.25,RE,State-history,304,200.42903150704106
Pt 10_FD10_1,Pt 10,coordinate_decline,1.25,RE,Persistence,304,281.7799570464165
Pt 10_FD10_1,Pt 10,coordinate_decline,1.5,RA,State-history,297,179.81955397908564
Pt 10_FD10_1,Pt 10,coordinate_decline,1.5,RA,Persistence,297,269.5014088298054
Pt 10_FD10_1,Pt 10,coordinate_decline,1.5,RE,State-history,297,216.43961488041197
Pt 10_FD10_1,Pt 10,coordinate_decline,1.5,RE,Persistence,297,311.55747066139816
Pt 10_FD10_2,Pt 10,all,0.05,RA,State-history,609,19.083180632760335
Pt 10_FD10_2,Pt 10,all,0.05,RA,Persistence,609,15.72700488173183
Pt 10_FD10_2,Pt 10,all,0.05,RE,State-history,609,25.73486592221436
Pt 10_FD10_2,Pt 10,all,0.05,RE,Persistence,609,22.251410961396825
Pt 10_FD10_2,Pt 10,all,0.25,RA,State-history,605,66.10650811537353
Pt 10_FD10_2,Pt 10,all,0.25,RA,Persistence,605,60.24861442353148
Pt 10_FD10_2,Pt 10,all,0.25,RE,State-history,605,78.59979616669574
Pt 10_FD10_2,Pt 10,all,0.25,RE,Persistence,605,75.74766184230194
Pt 10_FD10_2,Pt 10,all,0.5,RA,State-history,600,109.86269452837665
Pt 10_FD10_2,Pt 10,all,0.5,RA,Persistence,600,91.36721133661575
Pt 10_FD10_2,Pt 10,all,0.5,RE,State-history,600,109.15889841052973
Pt 10_FD10_2,Pt 10,all,0.5,RE,Persistence,600,91.46681072440643
Pt 10_FD10_2,Pt 10,all,0.75,RA,State-history,595,152.3002700822477
Pt 10_FD10_2,Pt 10,all,0.75,RA,Persistence,595,118.78114856052788
Pt 10_FD10_2,Pt 10,all,0.75,RE,State-history,595,155.74557564562718
Pt 10_FD10_2,Pt 10,all,0.75,RE,Persistence,595,130.5843067607433
Pt 10_FD10_2,Pt 10,all,1.0,RA,State-history,590,190.5009863294656
Pt 10_FD10_2,Pt 10,all,1.0,RA,Persistence,590,132.9516339701467
Pt 10_FD10_2,Pt 10,all,1.0,RE,State-history,590,208.17230012536413
Pt 10_FD10_2,Pt 10,all,1.0,RE,Persistence,590,140.88480561133213
Pt 10_FD10_2,Pt 10,all,1.25,RA,State-history,585,225.89469525481462
Pt 10_FD10_2,Pt 10,all,1.25,RA,Persistence,585,152.4100951864384
Pt 10_FD10_2,Pt 10,all,1.25,RE,State-history,585,253.35260418376714
Pt 10_FD10_2,Pt 10,all,1.25,RE,Persistence,585,181.8654729147862
Pt 10_FD10_2,Pt 10,all,1.5,RA,State-history,580,242.01733231561133
Pt 10_FD10_2,Pt 10,all,1.5,RA,Persistence,580,168.961567877309
Pt 10_FD10_2,Pt 10,all,1.5,RE,State-history,580,276.94678504487365
Pt 10_FD10_2,Pt 10,all,1.5,RE,Persistence,580,200.76828460918256
Pt 10_FD10_2,Pt 10,onset_crossing,0.05,RA,State-history,2,0.07162874173770489
Pt 10_FD10_2,Pt 10,onset_crossing,0.05,RA,Persistence,2,0.06057189323890108
Pt 10_FD10_2,Pt 10,onset_crossing,0.05,RE,State-history,2,0.03879069107628961
Pt 10_FD10_2,Pt 10,onset_crossing,0.05,RE,Persistence,2,0.0033964294262067984
Pt 10_FD10_2,Pt 10,onset_crossing,0.25,RA,State-history,10,1.5510505711966511
Pt 10_FD10_2,Pt 10,onset_crossing,0.25,RA,Persistence,10,1.2479089145872515
Pt 10_FD10_2,Pt 10,onset_crossing,0.25,RE,State-history,10,0.5183453556242366
Pt 10_FD10_2,Pt 10,onset_crossing,0.25,RE,Persistence,10,0.10347448845655871
Pt 10_FD10_2,Pt 10,onset_crossing,0.5,RA,State-history,20,3.666545832750134
Pt 10_FD10_2,Pt 10,onset_crossing,0.5,RA,Persistence,20,2.892670263121155
Pt 10_FD10_2,Pt 10,onset_crossing,0.5,RE,State-history,20,2.5620641169969836
Pt 10_FD10_2,Pt 10,onset_crossing,0.5,RE,Persistence,20,0.2962905581729112
Pt 10_FD10_2,Pt 10,onset_crossing,0.75,RA,State-history,30,5.9782734568643905
Pt 10_FD10_2,Pt 10,onset_crossing,0.75,RA,Persistence,30,4.329526465078078
Pt 10_FD10_2,Pt 10,onset_crossing,0.75,RE,State-history,30,7.227289461913493
Pt 10_FD10_2,Pt 10,onset_crossing,0.75,RE,Persistence,30,0.5251193705004257
Pt 10_FD10_2,Pt 10,onset_crossing,1.0,RA,State-history,40,10.493710209789548
Pt 10_FD10_2,Pt 10,onset_crossing,1.0,RA,Persistence,40,4.750523506017793
Pt 10_FD10_2,Pt 10,onset_crossing,1.0,RE,State-history,40,12.526690785013908
Pt 10_FD10_2,Pt 10,onset_crossing,1.0,RE,Persistence,40,0.862583854152617
Pt 10_FD10_2,Pt 10,onset_crossing,1.25,RA,State-history,50,19.428559268464326
Pt 10_FD10_2,Pt 10,onset_crossing,1.25,RA,Persistence,50,6.445666905244587
Pt 10_FD10_2,Pt 10,onset_crossing,1.25,RE,State-history,50,21.02289026983311
Pt 10_FD10_2,Pt 10,onset_crossing,1.25,RE,Persistence,50,2.3241965233867936
Pt 10_FD10_2,Pt 10,onset_crossing,1.5,RA,State-history,60,28.446783596407556
Pt 10_FD10_2,Pt 10,onset_crossing,1.5,RA,Persistence,60,12.376642690760235
Pt 10_FD10_2,Pt 10,onset_crossing,1.5,RE,State-history,60,30.598559583692225
Pt 10_FD10_2,Pt 10,onset_crossing,1.5,RE,Persistence,60,4.716440166397483
Pt 10_FD10_2,Pt 10,coordinate_decline,0.05,RA,State-history,81,3.9169646868157
Pt 10_FD10_2,Pt 10,coordinate_decline,0.05,RA,Persistence,81,4.3031239122304115
Pt 10_FD10_2,Pt 10,coordinate_decline,0.05,RE,State-history,81,5.17554294562156
Pt 10_FD10_2,Pt 10,coordinate_decline,0.05,RE,Persistence,81,5.521837222813827
Pt 10_FD10_2,Pt 10,coordinate_decline,0.25,RA,State-history,243,28.874167601722213
Pt 10_FD10_2,Pt 10,coordinate_decline,0.25,RA,Persistence,243,34.28853461072938
Pt 10_FD10_2,Pt 10,coordinate_decline,0.25,RE,State-history,243,33.89422106828148
Pt 10_FD10_2,Pt 10,coordinate_decline,0.25,RE,Persistence,243,42.564861240324575
Pt 10_FD10_2,Pt 10,coordinate_decline,0.5,RA,State-history,256,43.50187667964464
Pt 10_FD10_2,Pt 10,coordinate_decline,0.5,RA,Persistence,256,50.925694256549264
Pt 10_FD10_2,Pt 10,coordinate_decline,0.5,RE,State-history,256,46.87775401959114
Pt 10_FD10_2,Pt 10,coordinate_decline,0.5,RE,Persistence,256,50.97692944115228
Pt 10_FD10_2,Pt 10,coordinate_decline,0.75,RA,State-history,328,80.02257296910312
Pt 10_FD10_2,Pt 10,coordinate_decline,0.75,RA,Persistence,328,74.12975255931997
Pt 10_FD10_2,Pt 10,coordinate_decline,0.75,RE,State-history,328,85.81308539758233
Pt 10_FD10_2,Pt 10,coordinate_decline,0.75,RE,Persistence,328,80.49346634377568
Pt 10_FD10_2,Pt 10,coordinate_decline,1.0,RA,State-history,322,104.83567734250468
Pt 10_FD10_2,Pt 10,coordinate_decline,1.0,RA,Persistence,322,82.08661986883162
Pt 10_FD10_2,Pt 10,coordinate_decline,1.0,RE,State-history,322,117.77359471548539
Pt 10_FD10_2,Pt 10,coordinate_decline,1.0,RE,Persistence,322,87.21195125208808
Pt 10_FD10_2,Pt 10,coordinate_decline,1.25,RA,State-history,368,148.08893979578372
Pt 10_FD10_2,Pt 10,coordinate_decline,1.25,RA,Persistence,368,99.19184623774359
Pt 10_FD10_2,Pt 10,coordinate_decline,1.25,RE,State-history,368,163.2256520498534
Pt 10_FD10_2,Pt 10,coordinate_decline,1.25,RE,Persistence,368,115.73471821305225
Pt 10_FD10_2,Pt 10,coordinate_decline,1.5,RA,State-history,368,153.24981075426857
Pt 10_FD10_2,Pt 10,coordinate_decline,1.5,RA,Persistence,368,110.19582607302404
Pt 10_FD10_2,Pt 10,coordinate_decline,1.5,RE,State-history,368,177.07659541059087
Pt 10_FD10_2,Pt 10,coordinate_decline,1.5,RE,Persistence,368,127.43581778438096
Pt 10_FD10_4,Pt 10,all,0.05,RA,State-history,609,17.165009520000403
Pt 10_FD10_4,Pt 10,all,0.05,RA,Persistence,609,16.85171151518223
Pt 10_FD10_4,Pt 10,all,0.05,RE,State-history,609,11.821764707755488
Pt 10_FD10_4,Pt 10,all,0.05,RE,Persistence,609,9.48144057475882
Pt 10_FD10_4,Pt 10,all,0.25,RA,State-history,605,73.89837566333523
Pt 10_FD10_4,Pt 10,all,0.25,RA,Persistence,605,73.44548156847581
Pt 10_FD10_4,Pt 10,all,0.25,RE,State-history,605,46.129843375643915
Pt 10_FD10_4,Pt 10,all,0.25,RE,Persistence,605,35.835620216922806
Pt 10_FD10_4,Pt 10,all,0.5,RA,State-history,600,117.34986364079313
Pt 10_FD10_4,Pt 10,all,0.5,RA,Persistence,600,114.05682359363439
Pt 10_FD10_4,Pt 10,all,0.5,RE,State-history,600,71.03171034173201
Pt 10_FD10_4,Pt 10,all,0.5,RE,Persistence,600,50.03153273927494
Pt 10_FD10_4,Pt 10,all,0.75,RA,State-history,595,141.47507730650733
Pt 10_FD10_4,Pt 10,all,0.75,RA,Persistence,595,134.38086142004812
Pt 10_FD10_4,Pt 10,all,0.75,RE,State-history,595,88.48118645843687
Pt 10_FD10_4,Pt 10,all,0.75,RE,Persistence,595,68.37372600093671
Pt 10_FD10_4,Pt 10,all,1.0,RA,State-history,590,152.62159377243705
Pt 10_FD10_4,Pt 10,all,1.0,RA,Persistence,590,141.89882673241826
Pt 10_FD10_4,Pt 10,all,1.0,RE,State-history,590,94.08468564147383
Pt 10_FD10_4,Pt 10,all,1.0,RE,Persistence,590,77.56632931477651
Pt 10_FD10_4,Pt 10,all,1.25,RA,State-history,585,149.44888079527738
Pt 10_FD10_4,Pt 10,all,1.25,RA,Persistence,585,139.4625767311164
Pt 10_FD10_4,Pt 10,all,1.25,RE,State-history,585,98.18130418627271
Pt 10_FD10_4,Pt 10,all,1.25,RE,Persistence,585,87.3535873639146
Pt 10_FD10_4,Pt 10,all,1.5,RA,State-history,580,144.23297336584832
Pt 10_FD10_4,Pt 10,all,1.5,RA,Persistence,580,137.79247915817285
Pt 10_FD10_4,Pt 10,all,1.5,RE,State-history,580,101.56658358986657
Pt 10_FD10_4,Pt 10,all,1.5,RE,Persistence,580,95.88276802003678
Pt 10_FD10_4,Pt 10,onset_crossing,0.05,RA,State-history,5,0.13866207426560226
Pt 10_FD10_4,Pt 10,onset_crossing,0.05,RA,Persistence,5,0.14152023853837406
Pt 10_FD10_4,Pt 10,onset_crossing,0.05,RE,State-history,5,0.03851923870425547
Pt 10_FD10_4,Pt 10,onset_crossing,0.05,RE,Persistence,5,0.01397795138836709
Pt 10_FD10_4,Pt 10,onset_crossing,0.25,RA,State-history,25,2.1013289926617187
Pt 10_FD10_4,Pt 10,onset_crossing,0.25,RA,Persistence,25,2.23681577238648
Pt 10_FD10_4,Pt 10,onset_crossing,0.25,RE,State-history,25,1.3916685904988706
Pt 10_FD10_4,Pt 10,onset_crossing,0.25,RE,Persistence,25,0.6098970310183756
Pt 10_FD10_4,Pt 10,onset_crossing,0.5,RA,State-history,50,9.611156552399981
Pt 10_FD10_4,Pt 10,onset_crossing,0.5,RA,Persistence,50,10.138386897737911
Pt 10_FD10_4,Pt 10,onset_crossing,0.5,RE,State-history,50,4.856231378057675
Pt 10_FD10_4,Pt 10,onset_crossing,0.5,RE,Persistence,50,2.184457391249541
Pt 10_FD10_4,Pt 10,onset_crossing,0.75,RA,State-history,75,19.901156204724103
Pt 10_FD10_4,Pt 10,onset_crossing,0.75,RA,Persistence,75,19.94513091858795
Pt 10_FD10_4,Pt 10,onset_crossing,0.75,RE,State-history,75,7.942842455792583
Pt 10_FD10_4,Pt 10,onset_crossing,0.75,RE,Persistence,75,4.034253380083863
Pt 10_FD10_4,Pt 10,onset_crossing,1.0,RA,State-history,100,24.914505078969178
Pt 10_FD10_4,Pt 10,onset_crossing,1.0,RA,Persistence,100,23.980533909581915
Pt 10_FD10_4,Pt 10,onset_crossing,1.0,RE,State-history,100,10.319295057766833
Pt 10_FD10_4,Pt 10,onset_crossing,1.0,RE,Persistence,100,5.732314958686509
Pt 10_FD10_4,Pt 10,onset_crossing,1.25,RA,State-history,125,25.624353093416225
Pt 10_FD10_4,Pt 10,onset_crossing,1.25,RA,Persistence,125,25.072764597290227
Pt 10_FD10_4,Pt 10,onset_crossing,1.25,RE,State-history,125,11.82321868187685
Pt 10_FD10_4,Pt 10,onset_crossing,1.25,RE,Persistence,125,7.414782483732329
Pt 10_FD10_4,Pt 10,onset_crossing,1.5,RA,State-history,150,27.168151136532913
Pt 10_FD10_4,Pt 10,onset_crossing,1.5,RA,Persistence,150,27.786379005303573
Pt 10_FD10_4,Pt 10,onset_crossing,1.5,RE,State-history,150,14.014005682365196
Pt 10_FD10_4,Pt 10,onset_crossing,1.5,RE,Persistence,150,9.359522752261274
Pt 10_FD10_4,Pt 10,coordinate_decline,0.05,RA,State-history,65,2.8858492372650955
Pt 10_FD10_4,Pt 10,coordinate_decline,0.05,RA,Persistence,65,2.9990923616415177
Pt 10_FD10_4,Pt 10,coordinate_decline,0.05,RE,State-history,65,1.3241941402456487
Pt 10_FD10_4,Pt 10,coordinate_decline,0.05,RE,Persistence,65,1.4775362869177169
Pt 10_FD10_4,Pt 10,coordinate_decline,0.25,RA,State-history,291,35.443470590471456
Pt 10_FD10_4,Pt 10,coordinate_decline,0.25,RA,Persistence,291,37.31918571424693
Pt 10_FD10_4,Pt 10,coordinate_decline,0.25,RE,State-history,291,16.553879910131915
Pt 10_FD10_4,Pt 10,coordinate_decline,0.25,RE,Persistence,291,18.57200500651828
Pt 10_FD10_4,Pt 10,coordinate_decline,0.5,RA,State-history,328,57.52136512428187
Pt 10_FD10_4,Pt 10,coordinate_decline,0.5,RA,Persistence,328,60.738252439181956
Pt 10_FD10_4,Pt 10,coordinate_decline,0.5,RE,State-history,328,24.62941518763766
Pt 10_FD10_4,Pt 10,coordinate_decline,0.5,RE,Persistence,328,25.898770285991112
Pt 10_FD10_4,Pt 10,coordinate_decline,0.75,RA,State-history,342,77.90057019435486
Pt 10_FD10_4,Pt 10,coordinate_decline,0.75,RA,Persistence,342,74.54147155693522
Pt 10_FD10_4,Pt 10,coordinate_decline,0.75,RE,State-history,342,37.25096037815678
Pt 10_FD10_4,Pt 10,coordinate_decline,0.75,RE,Persistence,342,39.131202211924574
Pt 10_FD10_4,Pt 10,coordinate_decline,1.0,RA,State-history,341,86.1217193398553
Pt 10_FD10_4,Pt 10,coordinate_decline,1.0,RA,Persistence,341,80.84652259891305
Pt 10_FD10_4,Pt 10,coordinate_decline,1.0,RE,State-history,341,36.80168099480316
Pt 10_FD10_4,Pt 10,coordinate_decline,1.0,RE,Persistence,341,45.50188296078238
Pt 10_FD10_4,Pt 10,coordinate_decline,1.25,RA,State-history,337,91.3761765538396
Pt 10_FD10_4,Pt 10,coordinate_decline,1.25,RA,Persistence,337,84.65334942532002
Pt 10_FD10_4,Pt 10,coordinate_decline,1.25,RE,State-history,337,43.37624064794555
Pt 10_FD10_4,Pt 10,coordinate_decline,1.25,RE,Persistence,337,54.721464247476995
Pt 10_FD10_4,Pt 10,coordinate_decline,1.5,RA,State-history,324,92.27943013832855
Pt 10_FD10_4,Pt 10,coordinate_decline,1.5,RA,Persistence,324,86.74161175181601
Pt 10_FD10_4,Pt 10,coordinate_decline,1.5,RE,State-history,324,47.16641181408035
Pt 10_FD10_4,Pt 10,coordinate_decline,1.5,RE,Persistence,324,61.45706382917408
Pt 18_FD18_2,Pt 18,all,0.05,RA,State-history,609,15.657001988997285
Pt 18_FD18_2,Pt 18,all,0.05,RA,Persistence,609,11.72358046115922
Pt 18_FD18_2,Pt 18,all,0.05,RE,State-history,609,11.392969074803341
Pt 18_FD18_2,Pt 18,all,0.05,RE,Persistence,609,6.9690590341908205
Pt 18_FD18_2,Pt 18,all,0.25,RA,State-history,605,60.811281558352185
Pt 18_FD18_2,Pt 18,all,0.25,RA,Persistence,605,51.104876079729095
Pt 18_FD18_2,Pt 18,all,0.25,RE,State-history,605,38.92469922978509
Pt 18_FD18_2,Pt 18,all,0.25,RE,Persistence,605,31.89695968950059
Pt 18_FD18_2,Pt 18,all,0.5,RA,State-history,600,99.36104342486647
Pt 18_FD18_2,Pt 18,all,0.5,RA,Persistence,600,82.97136603858439
Pt 18_FD18_2,Pt 18,all,0.5,RE,State-history,600,106.30631922557039
Pt 18_FD18_2,Pt 18,all,0.5,RE,Persistence,600,60.072593042879085
Pt 18_FD18_2,Pt 18,all,0.75,RA,State-history,595,168.83252716703808
Pt 18_FD18_2,Pt 18,all,0.75,RA,Persistence,595,108.50382642359577
Pt 18_FD18_2,Pt 18,all,0.75,RE,State-history,595,186.68142442234426
Pt 18_FD18_2,Pt 18,all,0.75,RE,Persistence,595,87.1835791860985
Pt 18_FD18_2,Pt 18,all,1.0,RA,State-history,590,231.10392030685057
Pt 18_FD18_2,Pt 18,all,1.0,RA,Persistence,590,135.81687320405712
Pt 18_FD18_2,Pt 18,all,1.0,RE,State-history,590,259.5388193726951
Pt 18_FD18_2,Pt 18,all,1.0,RE,Persistence,590,108.74399342394443
Pt 18_FD18_2,Pt 18,all,1.25,RA,State-history,585,279.5239462557052
Pt 18_FD18_2,Pt 18,all,1.25,RA,Persistence,585,159.8624042985773
Pt 18_FD18_2,Pt 18,all,1.25,RE,State-history,585,315.86131477285187
Pt 18_FD18_2,Pt 18,all,1.25,RE,Persistence,585,126.6898499325714
Pt 18_FD18_2,Pt 18,all,1.5,RA,State-history,580,320.8911415545739
Pt 18_FD18_2,Pt 18,all,1.5,RA,Persistence,580,177.80115971532643
Pt 18_FD18_2,Pt 18,all,1.5,RE,State-history,580,354.48550811444466
Pt 18_FD18_2,Pt 18,all,1.5,RE,Persistence,580,141.95931243461638
Pt 18_FD18_2,Pt 18,onset_crossing,0.05,RA,State-history,4,0.12560154662368672
Pt 18_FD18_2,Pt 18,onset_crossing,0.05,RA,Persistence,4,0.12627817496519178
Pt 18_FD18_2,Pt 18,onset_crossing,0.05,RE,State-history,4,0.03417447941709468
Pt 18_FD18_2,Pt 18,onset_crossing,0.05,RE,Persistence,4,0.018163373029638007
Pt 18_FD18_2,Pt 18,onset_crossing,0.25,RA,State-history,20,1.9839008311331692
Pt 18_FD18_2,Pt 18,onset_crossing,0.25,RA,Persistence,20,2.1296592928093125
Pt 18_FD18_2,Pt 18,onset_crossing,0.25,RE,State-history,20,0.8804533608210953
Pt 18_FD18_2,Pt 18,onset_crossing,0.25,RE,Persistence,20,0.9096520714258406
Pt 18_FD18_2,Pt 18,onset_crossing,0.5,RA,State-history,40,8.575871078013636
Pt 18_FD18_2,Pt 18,onset_crossing,0.5,RA,Persistence,40,8.07151825559339
Pt 18_FD18_2,Pt 18,onset_crossing,0.5,RE,State-history,40,6.947228850808948
Pt 18_FD18_2,Pt 18,onset_crossing,0.5,RE,Persistence,40,2.9345604421572986
Pt 18_FD18_2,Pt 18,onset_crossing,0.75,RA,State-history,60,17.431854214405107
Pt 18_FD18_2,Pt 18,onset_crossing,0.75,RA,Persistence,60,14.825727142492848
Pt 18_FD18_2,Pt 18,onset_crossing,0.75,RE,State-history,60,14.564350247381725
Pt 18_FD18_2,Pt 18,onset_crossing,0.75,RE,Persistence,60,5.446333987096486
Pt 18_FD18_2,Pt 18,onset_crossing,1.0,RA,State-history,80,24.486766354140826
Pt 18_FD18_2,Pt 18,onset_crossing,1.0,RA,Persistence,80,20.475785309749405
Pt 18_FD18_2,Pt 18,onset_crossing,1.0,RE,State-history,80,25.638735997531825
Pt 18_FD18_2,Pt 18,onset_crossing,1.0,RE,Persistence,80,9.909959873849687
Pt 18_FD18_2,Pt 18,onset_crossing,1.25,RA,State-history,100,36.81902455170965
Pt 18_FD18_2,Pt 18,onset_crossing,1.25,RA,Persistence,100,33.10210575190076
Pt 18_FD18_2,Pt 18,onset_crossing,1.25,RE,State-history,100,38.37647804240894
Pt 18_FD18_2,Pt 18,onset_crossing,1.25,RE,Persistence,100,16.72454357632491
Pt 18_FD18_2,Pt 18,onset_crossing,1.5,RA,State-history,120,50.103588202752405
Pt 18_FD18_2,Pt 18,onset_crossing,1.5,RA,Persistence,120,49.302612940217635
Pt 18_FD18_2,Pt 18,onset_crossing,1.5,RE,State-history,120,45.12211868896539
Pt 18_FD18_2,Pt 18,onset_crossing,1.5,RE,Persistence,120,28.45035774137773
Pt 18_FD18_2,Pt 18,coordinate_decline,0.05,RA,State-history,84,2.295370912332197
Pt 18_FD18_2,Pt 18,coordinate_decline,0.05,RA,Persistence,84,2.926761779715479
Pt 18_FD18_2,Pt 18,coordinate_decline,0.05,RE,State-history,84,1.9910907545859216
Pt 18_FD18_2,Pt 18,coordinate_decline,0.05,RE,Persistence,84,1.6005443463873121
Pt 18_FD18_2,Pt 18,coordinate_decline,0.25,RA,State-history,260,22.160561419496155
Pt 18_FD18_2,Pt 18,coordinate_decline,0.25,RA,Persistence,260,26.114976653146847
Pt 18_FD18_2,Pt 18,coordinate_decline,0.25,RE,State-history,260,15.161438053648684
Pt 18_FD18_2,Pt 18,coordinate_decline,0.25,RE,Persistence,260,14.330946040789225
Pt 18_FD18_2,Pt 18,coordinate_decline,0.5,RA,State-history,298,46.68601450164263
Pt 18_FD18_2,Pt 18,coordinate_decline,0.5,RA,Persistence,298,42.458746848966484
Pt 18_FD18_2,Pt 18,coordinate_decline,0.5,RE,State-history,298,51.12627854742716
Pt 18_FD18_2,Pt 18,coordinate_decline,0.5,RE,Persistence,298,29.072157090803884
Pt 18_FD18_2,Pt 18,coordinate_decline,0.75,RA,State-history,303,77.40567028569868
Pt 18_FD18_2,Pt 18,coordinate_decline,0.75,RA,Persistence,303,55.60896122437238
Pt 18_FD18_2,Pt 18,coordinate_decline,0.75,RE,State-history,303,86.1303068740303
Pt 18_FD18_2,Pt 18,coordinate_decline,0.75,RE,Persistence,303,43.523626195705596
Pt 18_FD18_2,Pt 18,coordinate_decline,1.0,RA,State-history,307,114.81550262538485
Pt 18_FD18_2,Pt 18,coordinate_decline,1.0,RA,Persistence,307,70.70742455056603
Pt 18_FD18_2,Pt 18,coordinate_decline,1.0,RE,State-history,307,129.3304058661888
Pt 18_FD18_2,Pt 18,coordinate_decline,1.0,RE,Persistence,307,54.610851315486
Pt 18_FD18_2,Pt 18,coordinate_decline,1.25,RA,State-history,301,135.21150531689682
Pt 18_FD18_2,Pt 18,coordinate_decline,1.25,RA,Persistence,301,83.5766406830379
Pt 18_FD18_2,Pt 18,coordinate_decline,1.25,RE,State-history,301,148.32170664723873
Pt 18_FD18_2,Pt 18,coordinate_decline,1.25,RE,Persistence,301,64.08469634404662
Pt 18_FD18_2,Pt 18,coordinate_decline,1.5,RA,State-history,296,146.04370845456214
Pt 18_FD18_2,Pt 18,coordinate_decline,1.5,RA,Persistence,296,92.61252921085223
Pt 18_FD18_2,Pt 18,coordinate_decline,1.5,RE,State-history,296,164.04023230193866
Pt 18_FD18_2,Pt 18,coordinate_decline,1.5,RE,Persistence,296,72.58559781727323
Pt 18_FD18_3,Pt 18,all,0.05,RA,State-history,609,21.401022760454683
Pt 18_FD18_3,Pt 18,all,0.05,RA,Persistence,609,22.814068484701806
Pt 18_FD18_3,Pt 18,all,0.05,RE,State-history,609,13.075283885691707
Pt 18_FD18_3,Pt 18,all,0.05,RE,Persistence,609,12.80405440688352
Pt 18_FD18_3,Pt 18,all,0.25,RA,State-history,605,90.6442037196538
Pt 18_FD18_3,Pt 18,all,0.25,RA,Persistence,605,101.30944117831896
Pt 18_FD18_3,Pt 18,all,0.25,RE,State-history,605,60.01290666177128
Pt 18_FD18_3,Pt 18,all,0.25,RE,Persistence,605,60.716596450750224
Pt 18_FD18_3,Pt 18,all,0.5,RA,State-history,600,143.6539381654437
Pt 18_FD18_3,Pt 18,all,0.5,RA,Persistence,600,170.1225360182209
Pt 18_FD18_3,Pt 18,all,0.5,RE,State-history,600,103.9286287070921
Pt 18_FD18_3,Pt 18,all,0.5,RE,Persistence,600,110.95220333891638
Pt 18_FD18_3,Pt 18,all,0.75,RA,State-history,595,180.74457936666875
Pt 18_FD18_3,Pt 18,all,0.75,RA,Persistence,595,211.25994115461458
Pt 18_FD18_3,Pt 18,all,0.75,RE,State-history,595,137.63746756557052
Pt 18_FD18_3,Pt 18,all,0.75,RE,Persistence,595,150.79141682060487
Pt 18_FD18_3,Pt 18,all,1.0,RA,State-history,590,202.1633053075488
Pt 18_FD18_3,Pt 18,all,1.0,RA,Persistence,590,232.01960484651028
Pt 18_FD18_3,Pt 18,all,1.0,RE,State-history,590,163.30105759722073
Pt 18_FD18_3,Pt 18,all,1.0,RE,Persistence,590,176.76424478314578
Pt 18_FD18_3,Pt 18,all,1.25,RA,State-history,585,203.6730803499854
Pt 18_FD18_3,Pt 18,all,1.25,RA,Persistence,585,233.7275579329889
Pt 18_FD18_3,Pt 18,all,1.25,RE,State-history,585,179.1002426016556
Pt 18_FD18_3,Pt 18,all,1.25,RE,Persistence,585,188.14487498114593
Pt 18_FD18_3,Pt 18,all,1.5,RA,State-history,580,197.60745202802082
Pt 18_FD18_3,Pt 18,all,1.5,RA,Persistence,580,225.28927982074805
Pt 18_FD18_3,Pt 18,all,1.5,RE,State-history,580,185.25003186817253
Pt 18_FD18_3,Pt 18,all,1.5,RE,Persistence,580,189.86225114509995
Pt 18_FD18_3,Pt 18,onset_crossing,0.05,RA,State-history,6,0.28165660757685007
Pt 18_FD18_3,Pt 18,onset_crossing,0.05,RA,Persistence,6,0.4071314746205297
Pt 18_FD18_3,Pt 18,onset_crossing,0.05,RE,State-history,6,0.18116096976749688
Pt 18_FD18_3,Pt 18,onset_crossing,0.05,RE,Persistence,6,0.2857887601634086
Pt 18_FD18_3,Pt 18,onset_crossing,0.25,RA,State-history,30,4.051424159461216
Pt 18_FD18_3,Pt 18,onset_crossing,0.25,RA,Persistence,30,8.134129835861643
Pt 18_FD18_3,Pt 18,onset_crossing,0.25,RE,State-history,30,3.543677011199919
Pt 18_FD18_3,Pt 18,onset_crossing,0.25,RE,Persistence,30,6.6304736688879204
Pt 18_FD18_3,Pt 18,onset_crossing,0.5,RA,State-history,60,13.825933637516947
Pt 18_FD18_3,Pt 18,onset_crossing,0.5,RA,Persistence,60,25.830526794030114
Pt 18_FD18_3,Pt 18,onset_crossing,0.5,RE,State-history,60,10.761757405860422
Pt 18_FD18_3,Pt 18,onset_crossing,0.5,RE,Persistence,60,19.12148701227989
Pt 18_FD18_3,Pt 18,onset_crossing,0.75,RA,State-history,90,34.10907109278255
Pt 18_FD18_3,Pt 18,onset_crossing,0.75,RA,Persistence,90,45.11563284006345
Pt 18_FD18_3,Pt 18,onset_crossing,0.75,RE,State-history,90,23.786374985499044
Pt 18_FD18_3,Pt 18,onset_crossing,0.75,RE,Persistence,90,31.52697479087249
Pt 18_FD18_3,Pt 18,onset_crossing,1.0,RA,State-history,120,47.56876389244027
Pt 18_FD18_3,Pt 18,onset_crossing,1.0,RA,Persistence,120,57.37344784652613
Pt 18_FD18_3,Pt 18,onset_crossing,1.0,RE,State-history,120,33.065860281768394
Pt 18_FD18_3,Pt 18,onset_crossing,1.0,RE,Persistence,120,44.115541122762096
Pt 18_FD18_3,Pt 18,onset_crossing,1.25,RA,State-history,150,56.15451323477494
Pt 18_FD18_3,Pt 18,onset_crossing,1.25,RA,Persistence,150,67.59687208945591
Pt 18_FD18_3,Pt 18,onset_crossing,1.25,RE,State-history,150,45.34145422675674
Pt 18_FD18_3,Pt 18,onset_crossing,1.25,RE,Persistence,150,55.48457852488265
Pt 18_FD18_3,Pt 18,onset_crossing,1.5,RA,State-history,180,61.653512203973236
Pt 18_FD18_3,Pt 18,onset_crossing,1.5,RA,Persistence,180,79.00778806355243
Pt 18_FD18_3,Pt 18,onset_crossing,1.5,RE,State-history,180,56.582258407471436
Pt 18_FD18_3,Pt 18,onset_crossing,1.5,RE,Persistence,180,65.8783606261579
Pt 18_FD18_3,Pt 18,coordinate_decline,0.05,RA,State-history,89,3.892628968717825
Pt 18_FD18_3,Pt 18,coordinate_decline,0.05,RA,Persistence,89,5.9649261796795185
Pt 18_FD18_3,Pt 18,coordinate_decline,0.05,RE,State-history,89,2.6946469170167617
Pt 18_FD18_3,Pt 18,coordinate_decline,0.05,RE,Persistence,89,4.420421385985858
Pt 18_FD18_3,Pt 18,coordinate_decline,0.25,RA,State-history,243,30.485281511555073
Pt 18_FD18_3,Pt 18,coordinate_decline,0.25,RA,Persistence,243,52.28973696468256
Pt 18_FD18_3,Pt 18,coordinate_decline,0.25,RE,State-history,243,21.669010773737337
Pt 18_FD18_3,Pt 18,coordinate_decline,0.25,RE,Persistence,243,32.904339848051784
Pt 18_FD18_3,Pt 18,coordinate_decline,0.5,RA,State-history,276,52.08277905760305
Pt 18_FD18_3,Pt 18,coordinate_decline,0.5,RA,Persistence,276,90.22750295502914
Pt 18_FD18_3,Pt 18,coordinate_decline,0.5,RE,State-history,276,41.26618974936339
Pt 18_FD18_3,Pt 18,coordinate_decline,0.5,RE,Persistence,276,58.799494962708
Pt 18_FD18_3,Pt 18,coordinate_decline,0.75,RA,State-history,286,71.08245956690979
Pt 18_FD18_3,Pt 18,coordinate_decline,0.75,RA,Persistence,286,109.75566087345157
Pt 18_FD18_3,Pt 18,coordinate_decline,0.75,RE,State-history,286,57.52363478371273
Pt 18_FD18_3,Pt 18,coordinate_decline,0.75,RE,Persistence,286,79.4592556740397
Pt 18_FD18_3,Pt 18,coordinate_decline,1.0,RA,State-history,291,89.41007655882149
Pt 18_FD18_3,Pt 18,coordinate_decline,1.0,RA,Persistence,291,119.53019249975553
Pt 18_FD18_3,Pt 18,coordinate_decline,1.0,RE,State-history,291,74.1173871738834
Pt 18_FD18_3,Pt 18,coordinate_decline,1.0,RE,Persistence,291,94.48167672019169
Pt 18_FD18_3,Pt 18,coordinate_decline,1.25,RA,State-history,287,100.04275442562304
Pt 18_FD18_3,Pt 18,coordinate_decline,1.25,RA,Persistence,287,121.25581456333596
Pt 18_FD18_3,Pt 18,coordinate_decline,1.25,RE,State-history,287,84.92144621704429
Pt 18_FD18_3,Pt 18,coordinate_decline,1.25,RE,Persistence,287,100.56884540367426
Pt 18_FD18_3,Pt 18,coordinate_decline,1.5,RA,State-history,272,102.77810476011561
Pt 18_FD18_3,Pt 18,coordinate_decline,1.5,RA,Persistence,272,117.28733881302038
Pt 18_FD18_3,Pt 18,coordinate_decline,1.5,RE,State-history,272,88.81779442867942
Pt 18_FD18_3,Pt 18,coordinate_decline,1.5,RE,Persistence,272,100.91107395268854
Pt 18_FD18_4,Pt 18,all,0.05,RA,State-history,609,17.73059567703171
Pt 18_FD18_4,Pt 18,all,0.05,RA,Persistence,609,16.969157711234395
Pt 18_FD18_4,Pt 18,all,0.05,RE,State-history,609,13.546787302211875
Pt 18_FD18_4,Pt 18,all,0.05,RE,Persistence,609,10.283073957869687
Pt 18_FD18_4,Pt 18,all,0.25,RA,State-history,605,71.63977678365342
Pt 18_FD18_4,Pt 18,all,0.25,RA,Persistence,605,75.16437214530166
Pt 18_FD18_4,Pt 18,all,0.25,RE,State-history,605,46.96738469138394
Pt 18_FD18_4,Pt 18,all,0.25,RE,Persistence,605,47.922784763969915
Pt 18_FD18_4,Pt 18,all,0.5,RA,State-history,600,105.35079466773048
Pt 18_FD18_4,Pt 18,all,0.5,RA,Persistence,600,122.47069705929383
Pt 18_FD18_4,Pt 18,all,0.5,RE,State-history,600,76.6764456851814
Pt 18_FD18_4,Pt 18,all,0.5,RE,Persistence,600,89.37656132907367
Pt 18_FD18_4,Pt 18,all,0.75,RA,State-history,595,127.22125675219453
Pt 18_FD18_4,Pt 18,all,0.75,RA,Persistence,595,156.7861500966625
Pt 18_FD18_4,Pt 18,all,0.75,RE,State-history,595,112.17392471869081
Pt 18_FD18_4,Pt 18,all,0.75,RE,Persistence,595,125.73242098516887
Pt 18_FD18_4,Pt 18,all,1.0,RA,State-history,590,165.8400491056694
Pt 18_FD18_4,Pt 18,all,1.0,RA,Persistence,590,186.1280084147482
Pt 18_FD18_4,Pt 18,all,1.0,RE,State-history,590,155.99007753451238
Pt 18_FD18_4,Pt 18,all,1.0,RE,Persistence,590,151.80248735770058
Pt 18_FD18_4,Pt 18,all,1.25,RA,State-history,585,186.61898353813706
Pt 18_FD18_4,Pt 18,all,1.25,RA,Persistence,585,203.8261114267088
Pt 18_FD18_4,Pt 18,all,1.25,RE,State-history,585,196.0763582265339
Pt 18_FD18_4,Pt 18,all,1.25,RE,Persistence,585,170.20615485940138
Pt 18_FD18_4,Pt 18,all,1.5,RA,State-history,580,207.99849037713017
Pt 18_FD18_4,Pt 18,all,1.5,RA,Persistence,580,215.49095221777378
Pt 18_FD18_4,Pt 18,all,1.5,RE,State-history,580,230.08238712578884
Pt 18_FD18_4,Pt 18,all,1.5,RE,Persistence,580,180.42472984823445
Pt 18_FD18_4,Pt 18,onset_crossing,0.05,RA,State-history,6,0.14235130803880786
Pt 18_FD18_4,Pt 18,onset_crossing,0.05,RA,Persistence,6,0.11350003106664688
Pt 18_FD18_4,Pt 18,onset_crossing,0.05,RE,State-history,6,0.08032758076943702
Pt 18_FD18_4,Pt 18,onset_crossing,0.05,RE,Persistence,6,0.028099721121047826
Pt 18_FD18_4,Pt 18,onset_crossing,0.25,RA,State-history,30,3.2546964076645155
Pt 18_FD18_4,Pt 18,onset_crossing,0.25,RA,Persistence,30,2.608650210800614
Pt 18_FD18_4,Pt 18,onset_crossing,0.25,RE,State-history,30,1.4579745593743105
Pt 18_FD18_4,Pt 18,onset_crossing,0.25,RE,Persistence,30,1.1019407694258583
Pt 18_FD18_4,Pt 18,onset_crossing,0.5,RA,State-history,60,9.027626181147351
Pt 18_FD18_4,Pt 18,onset_crossing,0.5,RA,Persistence,60,11.93735856965949
Pt 18_FD18_4,Pt 18,onset_crossing,0.5,RE,State-history,60,6.08693609874221
Pt 18_FD18_4,Pt 18,onset_crossing,0.5,RE,Persistence,60,7.817653485653116
Pt 18_FD18_4,Pt 18,onset_crossing,0.75,RA,State-history,90,20.198220835943594
Pt 18_FD18_4,Pt 18,onset_crossing,0.75,RA,Persistence,90,27.011249014871378
Pt 18_FD18_4,Pt 18,onset_crossing,0.75,RE,State-history,90,16.84468751139735
Pt 18_FD18_4,Pt 18,onset_crossing,0.75,RE,Persistence,90,20.44052323902518
Pt 18_FD18_4,Pt 18,onset_crossing,1.0,RA,State-history,120,38.31836124672218
Pt 18_FD18_4,Pt 18,onset_crossing,1.0,RA,Persistence,120,47.27456186121759
Pt 18_FD18_4,Pt 18,onset_crossing,1.0,RE,State-history,120,34.73869542783859
Pt 18_FD18_4,Pt 18,onset_crossing,1.0,RE,Persistence,120,39.61254230270408
Pt 18_FD18_4,Pt 18,onset_crossing,1.25,RA,State-history,150,55.48455893702274
Pt 18_FD18_4,Pt 18,onset_crossing,1.25,RA,Persistence,150,71.25125140331191
Pt 18_FD18_4,Pt 18,onset_crossing,1.25,RE,State-history,150,54.03735098814909
Pt 18_FD18_4,Pt 18,onset_crossing,1.25,RE,Persistence,150,61.51272971995265
Pt 18_FD18_4,Pt 18,onset_crossing,1.5,RA,State-history,180,71.44570346480904
Pt 18_FD18_4,Pt 18,onset_crossing,1.5,RA,Persistence,180,92.95111049155054
Pt 18_FD18_4,Pt 18,onset_crossing,1.5,RE,State-history,180,71.83030008361837
Pt 18_FD18_4,Pt 18,onset_crossing,1.5,RE,Persistence,180,80.93781170574958
Pt 18_FD18_4,Pt 18,coordinate_decline,0.05,RA,State-history,119,3.8434737180304737
Pt 18_FD18_4,Pt 18,coordinate_decline,0.05,RA,Persistence,119,4.892271816782836
Pt 18_FD18_4,Pt 18,coordinate_decline,0.05,RE,State-history,119,2.46244936514319
Pt 18_FD18_4,Pt 18,coordinate_decline,0.05,RE,Persistence,119,2.97533555595188
Pt 18_FD18_4,Pt 18,coordinate_decline,0.25,RA,State-history,334,29.720195322684994
Pt 18_FD18_4,Pt 18,coordinate_decline,0.25,RA,Persistence,334,40.58956666154228
Pt 18_FD18_4,Pt 18,coordinate_decline,0.25,RE,State-history,334,19.66386245624019
Pt 18_FD18_4,Pt 18,coordinate_decline,0.25,RE,Persistence,334,24.038454813922193
Pt 18_FD18_4,Pt 18,coordinate_decline,0.5,RA,State-history,359,44.15171771968227
Pt 18_FD18_4,Pt 18,coordinate_decline,0.5,RA,Persistence,359,64.6149056479519
Pt 18_FD18_4,Pt 18,coordinate_decline,0.5,RE,State-history,359,32.392041078815865
Pt 18_FD18_4,Pt 18,coordinate_decline,0.5,RE,Persistence,359,45.724025821633234
Pt 18_FD18_4,Pt 18,coordinate_decline,0.75,RA,State-history,353,53.238058648862584
Pt 18_FD18_4,Pt 18,coordinate_decline,0.75,RA,Persistence,353,81.72728608959693
Pt 18_FD18_4,Pt 18,coordinate_decline,0.75,RE,State-history,353,50.05300174440346
Pt 18_FD18_4,Pt 18,coordinate_decline,0.75,RE,Persistence,353,64.15938936505054
Pt 18_FD18_4,Pt 18,coordinate_decline,1.0,RA,State-history,349,80.53011180006604
Pt 18_FD18_4,Pt 18,coordinate_decline,1.0,RA,Persistence,349,98.02434596645641
Pt 18_FD18_4,Pt 18,coordinate_decline,1.0,RE,State-history,349,77.466601632875
Pt 18_FD18_4,Pt 18,coordinate_decline,1.0,RE,Persistence,349,79.00774649741473
Pt 18_FD18_4,Pt 18,coordinate_decline,1.25,RA,State-history,335,92.34774808651358
Pt 18_FD18_4,Pt 18,coordinate_decline,1.25,RA,Persistence,335,106.36935344716193
Pt 18_FD18_4,Pt 18,coordinate_decline,1.25,RE,State-history,335,99.27490236670161
Pt 18_FD18_4,Pt 18,coordinate_decline,1.25,RE,Persistence,335,86.93757793633552
Pt 18_FD18_4,Pt 18,coordinate_decline,1.5,RA,State-history,339,113.51000082767072
Pt 18_FD18_4,Pt 18,coordinate_decline,1.5,RA,Persistence,339,111.85702302538496
Pt 18_FD18_4,Pt 18,coordinate_decline,1.5,RE,State-history,339,125.84268244265976
Pt 18_FD18_4,Pt 18,coordinate_decline,1.5,RE,Persistence,339,92.11943332215141
Pt 18_FD18_5,Pt 18,all,0.05,RA,State-history,609,20.860489634078125
Pt 18_FD18_5,Pt 18,all,0.05,RA,Persistence,609,17.28754064571845
Pt 18_FD18_5,Pt 18,all,0.05,RE,State-history,609,14.86556780348102
Pt 18_FD18_5,Pt 18,all,0.05,RE,Persistence,609,11.517774230221292
Pt 18_FD18_5,Pt 18,all,0.25,RA,State-history,605,83.67099760176751
Pt 18_FD18_5,Pt 18,all,0.25,RA,Persistence,605,74.49400838934281
Pt 18_FD18_5,Pt 18,all,0.25,RE,State-history,605,54.239191100416576
Pt 18_FD18_5,Pt 18,all,0.25,RE,Persistence,605,52.53504006261499
Pt 18_FD18_5,Pt 18,all,0.5,RA,State-history,600,120.41136010796563
Pt 18_FD18_5,Pt 18,all,0.5,RA,Persistence,600,115.14435503536863
Pt 18_FD18_5,Pt 18,all,0.5,RE,State-history,600,90.33316869611474
Pt 18_FD18_5,Pt 18,all,0.5,RE,Persistence,600,91.69927640037524
Pt 18_FD18_5,Pt 18,all,0.75,RA,State-history,595,144.321896878985
Pt 18_FD18_5,Pt 18,all,0.75,RA,Persistence,595,151.85589690608114
Pt 18_FD18_5,Pt 18,all,0.75,RE,State-history,595,120.79991312470179
Pt 18_FD18_5,Pt 18,all,0.75,RE,Persistence,595,132.35592724499435
Pt 18_FD18_5,Pt 18,all,1.0,RA,State-history,590,169.72987321820682
Pt 18_FD18_5,Pt 18,all,1.0,RA,Persistence,590,186.62103118333846
Pt 18_FD18_5,Pt 18,all,1.0,RE,State-history,590,153.05374195829424
Pt 18_FD18_5,Pt 18,all,1.0,RE,Persistence,590,164.33304619438593
Pt 18_FD18_5,Pt 18,all,1.25,RA,State-history,585,193.16017366309802
Pt 18_FD18_5,Pt 18,all,1.25,RA,Persistence,585,213.59677596383733
Pt 18_FD18_5,Pt 18,all,1.25,RE,State-history,585,181.32882025964864
Pt 18_FD18_5,Pt 18,all,1.25,RE,Persistence,585,191.8134199845853
Pt 18_FD18_5,Pt 18,all,1.5,RA,State-history,580,212.66242587594306
Pt 18_FD18_5,Pt 18,all,1.5,RA,Persistence,580,237.16053357518825
Pt 18_FD18_5,Pt 18,all,1.5,RE,State-history,580,200.76277447493277
Pt 18_FD18_5,Pt 18,all,1.5,RE,Persistence,580,212.1062221628261
Pt 18_FD18_5,Pt 18,onset_crossing,0.05,RA,State-history,5,0.06025877231868665
Pt 18_FD18_5,Pt 18,onset_crossing,0.05,RA,Persistence,5,0.06721841004903403
Pt 18_FD18_5,Pt 18,onset_crossing,0.05,RE,State-history,5,0.05353497218042448
Pt 18_FD18_5,Pt 18,onset_crossing,0.05,RE,Persistence,5,0.048666816317948995
Pt 18_FD18_5,Pt 18,onset_crossing,0.25,RA,State-history,25,1.1170733875256722
Pt 18_FD18_5,Pt 18,onset_crossing,0.25,RA,Persistence,25,2.2496865383760483
Pt 18_FD18_5,Pt 18,onset_crossing,0.25,RE,State-history,25,1.2773923830492793
Pt 18_FD18_5,Pt 18,onset_crossing,0.25,RE,Persistence,25,2.149953517357377
Pt 18_FD18_5,Pt 18,onset_crossing,0.5,RA,State-history,48,6.544036169994552
Pt 18_FD18_5,Pt 18,onset_crossing,0.5,RA,Persistence,48,12.981384131671641
Pt 18_FD18_5,Pt 18,onset_crossing,0.5,RE,State-history,48,4.86749670936759
Pt 18_FD18_5,Pt 18,onset_crossing,0.5,RE,Persistence,48,8.224205100261308
Pt 18_FD18_5,Pt 18,onset_crossing,0.75,RA,State-history,68,14.903993638905533
Pt 18_FD18_5,Pt 18,onset_crossing,0.75,RA,Persistence,68,26.696402635032538
Pt 18_FD18_5,Pt 18,onset_crossing,0.75,RE,State-history,68,10.878975192667134
Pt 18_FD18_5,Pt 18,onset_crossing,0.75,RE,Persistence,68,15.257212858067591
Pt 18_FD18_5,Pt 18,onset_crossing,1.0,RA,State-history,88,24.899951501448257
Pt 18_FD18_5,Pt 18,onset_crossing,1.0,RA,Persistence,88,38.384219195690726
Pt 18_FD18_5,Pt 18,onset_crossing,1.0,RE,State-history,88,21.069461771611753
Pt 18_FD18_5,Pt 18,onset_crossing,1.0,RE,Persistence,88,24.45283761973393
Pt 18_FD18_5,Pt 18,onset_crossing,1.25,RA,State-history,108,36.930046682037236
Pt 18_FD18_5,Pt 18,onset_crossing,1.25,RA,Persistence,108,49.80431452801445
Pt 18_FD18_5,Pt 18,onset_crossing,1.25,RE,State-history,108,34.666979785222544
Pt 18_FD18_5,Pt 18,onset_crossing,1.25,RE,Persistence,108,34.12304969137431
Pt 18_FD18_5,Pt 18,onset_crossing,1.5,RA,State-history,128,53.21890250504738
Pt 18_FD18_5,Pt 18,onset_crossing,1.5,RA,Persistence,128,63.95835735813351
Pt 18_FD18_5,Pt 18,onset_crossing,1.5,RE,State-history,128,49.01605809263562
Pt 18_FD18_5,Pt 18,onset_crossing,1.5,RE,Persistence,128,45.090909808544914
Pt 18_FD18_5,Pt 18,coordinate_decline,0.05,RA,State-history,98,3.277458668804028
Pt 18_FD18_5,Pt 18,coordinate_decline,0.05,RA,Persistence,98,4.126957586587518
Pt 18_FD18_5,Pt 18,coordinate_decline,0.05,RE,State-history,98,1.7128135660264519
Pt 18_FD18_5,Pt 18,coordinate_decline,0.05,RE,Persistence,98,2.054515254083227
Pt 18_FD18_5,Pt 18,coordinate_decline,0.25,RA,State-history,295,30.655401173603373
Pt 18_FD18_5,Pt 18,coordinate_decline,0.25,RA,Persistence,295,37.54316927294582
Pt 18_FD18_5,Pt 18,coordinate_decline,0.25,RE,State-history,295,18.96353855873641
Pt 18_FD18_5,Pt 18,coordinate_decline,0.25,RE,Persistence,295,25.83481270302041
Pt 18_FD18_5,Pt 18,coordinate_decline,0.5,RA,State-history,304,39.904811935743304
Pt 18_FD18_5,Pt 18,coordinate_decline,0.5,RA,Persistence,304,57.96475765130154
Pt 18_FD18_5,Pt 18,coordinate_decline,0.5,RE,State-history,304,30.055711999542346
Pt 18_FD18_5,Pt 18,coordinate_decline,0.5,RE,Persistence,304,45.74732897583493
Pt 18_FD18_5,Pt 18,coordinate_decline,0.75,RA,State-history,298,46.13413805398377
Pt 18_FD18_5,Pt 18,coordinate_decline,0.75,RA,Persistence,298,75.18358682483093
Pt 18_FD18_5,Pt 18,coordinate_decline,0.75,RE,State-history,298,42.462735867587675
Pt 18_FD18_5,Pt 18,coordinate_decline,0.75,RE,Persistence,298,66.29741637378164
Pt 18_FD18_5,Pt 18,coordinate_decline,1.0,RA,State-history,300,61.90327842714521
Pt 18_FD18_5,Pt 18,coordinate_decline,1.0,RA,Persistence,300,94.50549717096773
Pt 18_FD18_5,Pt 18,coordinate_decline,1.0,RE,State-history,300,62.17943339471658
Pt 18_FD18_5,Pt 18,coordinate_decline,1.0,RE,Persistence,300,83.13224910347796
Pt 18_FD18_5,Pt 18,coordinate_decline,1.25,RA,State-history,289,78.69694520710323
Pt 18_FD18_5,Pt 18,coordinate_decline,1.25,RA,Persistence,289,109.636042721496
Pt 18_FD18_5,Pt 18,coordinate_decline,1.25,RE,State-history,289,82.75695505225575
Pt 18_FD18_5,Pt 18,coordinate_decline,1.25,RE,Persistence,289,97.38444825922372
Pt 18_FD18_5,Pt 18,coordinate_decline,1.5,RA,State-history,285,93.38480647746809
Pt 18_FD18_5,Pt 18,coordinate_decline,1.5,RA,Persistence,285,122.16289371427827
Pt 18_FD18_5,Pt 18,coordinate_decline,1.5,RE,State-history,285,94.11820877615799
Pt 18_FD18_5,Pt 18,coordinate_decline,1.5,RE,Persistence,285,108.40284799467508
Pt 20_FD20_2,Pt 20,all,0.05,RA,State-history,609,19.376665922360854
Pt 20_FD20_2,Pt 20,all,0.05,RA,Persistence,609,18.131345994026084
Pt 20_FD20_2,Pt 20,all,0.05,RE,State-history,609,16.28170174133586
Pt 20_FD20_2,Pt 20,all,0.05,RE,Persistence,609,14.471392565281343
Pt 20_FD20_2,Pt 20,all,0.25,RA,State-history,605,70.74999103082175
Pt 20_FD20_2,Pt 20,all,0.25,RA,Persistence,605,78.7315686094895
Pt 20_FD20_2,Pt 20,all,0.25,RE,State-history,605,46.82954149993864
Pt 20_FD20_2,Pt 20,all,0.25,RE,Persistence,605,54.93727687743906
Pt 20_FD20_2,Pt 20,all,0.5,RA,State-history,600,117.05500808869421
Pt 20_FD20_2,Pt 20,all,0.5,RA,Persistence,600,124.31867092606211
Pt 20_FD20_2,Pt 20,all,0.5,RE,State-history,600,70.81530159528592
Pt 20_FD20_2,Pt 20,all,0.5,RE,Persistence,600,84.00884863256923
Pt 20_FD20_2,Pt 20,all,0.75,RA,State-history,595,163.4171657499437
Pt 20_FD20_2,Pt 20,all,0.75,RA,Persistence,595,163.47337802638847
Pt 20_FD20_2,Pt 20,all,0.75,RE,State-history,595,104.17397192727671
Pt 20_FD20_2,Pt 20,all,0.75,RE,Persistence,595,117.81424794901105
Pt 20_FD20_2,Pt 20,all,1.0,RA,State-history,590,211.38296145005177
Pt 20_FD20_2,Pt 20,all,1.0,RA,Persistence,590,195.64083434102304
Pt 20_FD20_2,Pt 20,all,1.0,RE,State-history,590,133.950108332867
Pt 20_FD20_2,Pt 20,all,1.0,RE,Persistence,590,137.0903394315944
Pt 20_FD20_2,Pt 20,all,1.25,RA,State-history,585,243.14597877122353
Pt 20_FD20_2,Pt 20,all,1.25,RA,Persistence,585,221.4845489933453
Pt 20_FD20_2,Pt 20,all,1.25,RE,State-history,585,158.77975150803957
Pt 20_FD20_2,Pt 20,all,1.25,RE,Persistence,585,157.98857858225594
Pt 20_FD20_2,Pt 20,all,1.5,RA,State-history,580,265.0375707417032
Pt 20_FD20_2,Pt 20,all,1.5,RA,Persistence,580,236.89265642490986
Pt 20_FD20_2,Pt 20,all,1.5,RE,State-history,580,171.34920619135443
Pt 20_FD20_2,Pt 20,all,1.5,RE,Persistence,580,172.50849489790124
Pt 20_FD20_2,Pt 20,onset_crossing,0.05,RA,State-history,6,0.21114733716674933
Pt 20_FD20_2,Pt 20,onset_crossing,0.05,RA,Persistence,6,0.21786227384731166
Pt 20_FD20_2,Pt 20,onset_crossing,0.05,RE,State-history,6,0.0992851865000134
Pt 20_FD20_2,Pt 20,onset_crossing,0.05,RE,Persistence,6,0.05450181809533861
Pt 20_FD20_2,Pt 20,onset_crossing,0.25,RA,State-history,30,4.944819254238185
Pt 20_FD20_2,Pt 20,onset_crossing,0.25,RA,Persistence,30,4.41902016923956
Pt 20_FD20_2,Pt 20,onset_crossing,0.25,RE,State-history,30,1.856511699628761
Pt 20_FD20_2,Pt 20,onset_crossing,0.25,RE,Persistence,30,1.5149072849750624
Pt 20_FD20_2,Pt 20,onset_crossing,0.5,RA,State-history,60,15.920204492827585
Pt 20_FD20_2,Pt 20,onset_crossing,0.5,RA,Persistence,60,15.023038064679993
Pt 20_FD20_2,Pt 20,onset_crossing,0.5,RE,State-history,60,5.300181655285071
Pt 20_FD20_2,Pt 20,onset_crossing,0.5,RE,Persistence,60,7.48825861601708
Pt 20_FD20_2,Pt 20,onset_crossing,0.75,RA,State-history,90,26.39080132545341
Pt 20_FD20_2,Pt 20,onset_crossing,0.75,RA,Persistence,90,33.44591654806323
Pt 20_FD20_2,Pt 20,onset_crossing,0.75,RE,State-history,90,11.701623272063534
Pt 20_FD20_2,Pt 20,onset_crossing,0.75,RE,Persistence,90,17.295419359310394
Pt 20_FD20_2,Pt 20,onset_crossing,1.0,RA,State-history,120,42.93132435918959
Pt 20_FD20_2,Pt 20,onset_crossing,1.0,RA,Persistence,120,49.0836747870988
Pt 20_FD20_2,Pt 20,onset_crossing,1.0,RE,State-history,120,24.360669057779937
Pt 20_FD20_2,Pt 20,onset_crossing,1.0,RE,Persistence,120,32.44206816636162
Pt 20_FD20_2,Pt 20,onset_crossing,1.25,RA,State-history,150,65.042374847275
Pt 20_FD20_2,Pt 20,onset_crossing,1.25,RA,Persistence,150,69.18731929376995
Pt 20_FD20_2,Pt 20,onset_crossing,1.25,RE,State-history,150,38.095219824675766
Pt 20_FD20_2,Pt 20,onset_crossing,1.25,RE,Persistence,150,47.65230847305515
Pt 20_FD20_2,Pt 20,onset_crossing,1.5,RA,State-history,180,87.50482500702674
Pt 20_FD20_2,Pt 20,onset_crossing,1.5,RA,Persistence,180,87.27922002189456
Pt 20_FD20_2,Pt 20,onset_crossing,1.5,RE,State-history,180,50.53362954623541
Pt 20_FD20_2,Pt 20,onset_crossing,1.5,RE,Persistence,180,63.70571969522825
Pt 20_FD20_2,Pt 20,coordinate_decline,0.05,RA,State-history,110,3.4433060686258963
Pt 20_FD20_2,Pt 20,coordinate_decline,0.05,RA,Persistence,110,4.111877562487624
Pt 20_FD20_2,Pt 20,coordinate_decline,0.05,RE,State-history,110,2.3504614569471602
Pt 20_FD20_2,Pt 20,coordinate_decline,0.05,RE,Persistence,110,3.3380201932919267
Pt 20_FD20_2,Pt 20,coordinate_decline,0.25,RA,State-history,292,24.46653583371364
Pt 20_FD20_2,Pt 20,coordinate_decline,0.25,RA,Persistence,292,38.60706089969433
Pt 20_FD20_2,Pt 20,coordinate_decline,0.25,RE,State-history,292,16.43402050360839
Pt 20_FD20_2,Pt 20,coordinate_decline,0.25,RE,Persistence,292,29.048219953727944
Pt 20_FD20_2,Pt 20,coordinate_decline,0.5,RA,State-history,310,42.56432775683144
Pt 20_FD20_2,Pt 20,coordinate_decline,0.5,RA,Persistence,310,62.14084202713768
Pt 20_FD20_2,Pt 20,coordinate_decline,0.5,RE,State-history,310,27.03233891942235
Pt 20_FD20_2,Pt 20,coordinate_decline,0.5,RE,Persistence,310,45.64790400434609
Pt 20_FD20_2,Pt 20,coordinate_decline,0.75,RA,State-history,335,68.59073161638203
Pt 20_FD20_2,Pt 20,coordinate_decline,0.75,RA,Persistence,335,86.20916838182205
Pt 20_FD20_2,Pt 20,coordinate_decline,0.75,RE,State-history,335,50.98781653871785
Pt 20_FD20_2,Pt 20,coordinate_decline,0.75,RE,Persistence,335,69.15385585120774
Pt 20_FD20_2,Pt 20,coordinate_decline,1.0,RA,State-history,323,92.01563519893763
Pt 20_FD20_2,Pt 20,coordinate_decline,1.0,RA,Persistence,323,105.19461722767721
Pt 20_FD20_2,Pt 20,coordinate_decline,1.0,RE,State-history,323,64.29612792931627
Pt 20_FD20_2,Pt 20,coordinate_decline,1.0,RE,Persistence,323,78.75576550771721
Pt 20_FD20_2,Pt 20,coordinate_decline,1.25,RA,State-history,333,108.49920821330369
Pt 20_FD20_2,Pt 20,coordinate_decline,1.25,RA,Persistence,333,122.1947955405947
Pt 20_FD20_2,Pt 20,coordinate_decline,1.25,RE,State-history,333,77.35180507750466
Pt 20_FD20_2,Pt 20,coordinate_decline,1.25,RE,Persistence,333,94.59971585455962
Pt 20_FD20_2,Pt 20,coordinate_decline,1.5,RA,State-history,355,120.58168681788678
Pt 20_FD20_2,Pt 20,coordinate_decline,1.5,RA,Persistence,355,134.59744685350736
Pt 20_FD20_2,Pt 20,coordinate_decline,1.5,RE,State-history,355,81.46658642067806
Pt 20_FD20_2,Pt 20,coordinate_decline,1.5,RE,Persistence,355,104.37980195071104
Pt 20_FD20_3,Pt 20,all,0.05,RA,State-history,609,21.806583812054946
Pt 20_FD20_3,Pt 20,all,0.05,RA,Persistence,609,22.92132197559519
Pt 20_FD20_3,Pt 20,all,0.05,RE,State-history,609,14.679901671423924
Pt 20_FD20_3,Pt 20,all,0.05,RE,Persistence,609,12.211498734630839
Pt 20_FD20_3,Pt 20,all,0.25,RA,State-history,605,91.53945795811407
Pt 20_FD20_3,Pt 20,all,0.25,RA,Persistence,605,101.22744055929246
Pt 20_FD20_3,Pt 20,all,0.25,RE,State-history,605,60.19578589116983
Pt 20_FD20_3,Pt 20,all,0.25,RE,Persistence,605,54.84263023156518
Pt 20_FD20_3,Pt 20,all,0.5,RA,State-history,600,134.30273708422175
Pt 20_FD20_3,Pt 20,all,0.5,RA,Persistence,600,154.34905452765707
Pt 20_FD20_3,Pt 20,all,0.5,RE,State-history,600,100.38338516860736
Pt 20_FD20_3,Pt 20,all,0.5,RE,Persistence,600,97.20718669674012
Pt 20_FD20_3,Pt 20,all,0.75,RA,State-history,595,158.52767016627985
Pt 20_FD20_3,Pt 20,all,0.75,RA,Persistence,595,170.5971276019496
Pt 20_FD20_3,Pt 20,all,0.75,RE,State-history,595,133.6705147780117
Pt 20_FD20_3,Pt 20,all,0.75,RE,Persistence,595,131.5464617070766
Pt 20_FD20_3,Pt 20,all,1.0,RA,State-history,590,169.1864853744721
Pt 20_FD20_3,Pt 20,all,1.0,RA,Persistence,590,191.26613186885461
Pt 20_FD20_3,Pt 20,all,1.0,RE,State-history,590,144.7367385965936
Pt 20_FD20_3,Pt 20,all,1.0,RE,Persistence,590,150.09683792851396
Pt 20_FD20_3,Pt 20,all,1.25,RA,State-history,585,185.74702874484538
Pt 20_FD20_3,Pt 20,all,1.25,RA,Persistence,585,206.94156908944373
Pt 20_FD20_3,Pt 20,all,1.25,RE,State-history,585,150.09109041310194
Pt 20_FD20_3,Pt 20,all,1.25,RE,Persistence,585,166.1652520529153
Pt 20_FD20_3,Pt 20,all,1.5,RA,State-history,580,186.86188375317937
Pt 20_FD20_3,Pt 20,all,1.5,RA,Persistence,580,215.59464825752605
Pt 20_FD20_3,Pt 20,all,1.5,RE,State-history,580,157.07712700046415
Pt 20_FD20_3,Pt 20,all,1.5,RE,Persistence,580,181.26460684530034
Pt 20_FD20_3,Pt 20,onset_crossing,0.05,RA,State-history,5,0.1931877928731402
Pt 20_FD20_3,Pt 20,onset_crossing,0.05,RA,Persistence,5,0.1265322362669335
Pt 20_FD20_3,Pt 20,onset_crossing,0.05,RE,State-history,5,0.1066544879488529
Pt 20_FD20_3,Pt 20,onset_crossing,0.05,RE,Persistence,5,0.12228820162186546
Pt 20_FD20_3,Pt 20,onset_crossing,0.25,RA,State-history,25,3.2934275886627162
Pt 20_FD20_3,Pt 20,onset_crossing,0.25,RA,Persistence,25,2.8535879868097407
Pt 20_FD20_3,Pt 20,onset_crossing,0.25,RE,State-history,25,2.207550459959715
Pt 20_FD20_3,Pt 20,onset_crossing,0.25,RE,Persistence,25,2.7661160524690835
Pt 20_FD20_3,Pt 20,onset_crossing,0.5,RA,State-history,50,8.085304569769807
Pt 20_FD20_3,Pt 20,onset_crossing,0.5,RA,Persistence,50,9.790668032807417
Pt 20_FD20_3,Pt 20,onset_crossing,0.5,RE,State-history,50,6.452231240794732
Pt 20_FD20_3,Pt 20,onset_crossing,0.5,RE,Persistence,50,10.106516698578632
Pt 20_FD20_3,Pt 20,onset_crossing,0.75,RA,State-history,75,19.40169513406493
Pt 20_FD20_3,Pt 20,onset_crossing,0.75,RA,Persistence,75,23.523262984063727
Pt 20_FD20_3,Pt 20,onset_crossing,0.75,RE,State-history,75,11.908107012538943
Pt 20_FD20_3,Pt 20,onset_crossing,0.75,RE,Persistence,75,19.235124968685536
Pt 20_FD20_3,Pt 20,onset_crossing,1.0,RA,State-history,100,32.26031394296194
Pt 20_FD20_3,Pt 20,onset_crossing,1.0,RA,Persistence,100,41.31207887092403
Pt 20_FD20_3,Pt 20,onset_crossing,1.0,RE,State-history,100,21.507183263150058
Pt 20_FD20_3,Pt 20,onset_crossing,1.0,RE,Persistence,100,34.58960088887381
Pt 20_FD20_3,Pt 20,onset_crossing,1.25,RA,State-history,125,45.86768349729748
Pt 20_FD20_3,Pt 20,onset_crossing,1.25,RA,Persistence,125,60.978689908695316
Pt 20_FD20_3,Pt 20,onset_crossing,1.25,RE,State-history,125,33.88054650610022
Pt 20_FD20_3,Pt 20,onset_crossing,1.25,RE,Persistence,125,55.08933317991446
Pt 20_FD20_3,Pt 20,onset_crossing,1.5,RA,State-history,150,52.32998067547618
Pt 20_FD20_3,Pt 20,onset_crossing,1.5,RA,Persistence,150,86.94387833011524
Pt 20_FD20_3,Pt 20,onset_crossing,1.5,RE,State-history,150,44.459791545226494
Pt 20_FD20_3,Pt 20,onset_crossing,1.5,RE,Persistence,150,75.7260209603539
Pt 20_FD20_3,Pt 20,coordinate_decline,0.05,RA,State-history,109,5.515312836486372
Pt 20_FD20_3,Pt 20,coordinate_decline,0.05,RA,Persistence,109,6.85052611394446
Pt 20_FD20_3,Pt 20,coordinate_decline,0.05,RE,State-history,109,3.4790555985183635
Pt 20_FD20_3,Pt 20,coordinate_decline,0.05,RE,Persistence,109,4.869865110505714
Pt 20_FD20_3,Pt 20,coordinate_decline,0.25,RA,State-history,304,39.57745339103365
Pt 20_FD20_3,Pt 20,coordinate_decline,0.25,RA,Persistence,304,55.37268960193525
Pt 20_FD20_3,Pt 20,coordinate_decline,0.25,RE,State-history,304,26.47143823321355
Pt 20_FD20_3,Pt 20,coordinate_decline,0.25,RE,Persistence,304,31.808715325316857
Pt 20_FD20_3,Pt 20,coordinate_decline,0.5,RA,State-history,344,57.60337067851455
Pt 20_FD20_3,Pt 20,coordinate_decline,0.5,RA,Persistence,344,84.51293521857167
Pt 20_FD20_3,Pt 20,coordinate_decline,0.5,RE,State-history,344,43.808299475236055
Pt 20_FD20_3,Pt 20,coordinate_decline,0.5,RE,Persistence,344,56.41667576209788
Pt 20_FD20_3,Pt 20,coordinate_decline,0.75,RA,State-history,323,67.43295078313224
Pt 20_FD20_3,Pt 20,coordinate_decline,0.75,RA,Persistence,323,92.93354698033814
Pt 20_FD20_3,Pt 20,coordinate_decline,0.75,RE,State-history,323,54.62299238938445
Pt 20_FD20_3,Pt 20,coordinate_decline,0.75,RE,Persistence,323,74.83499671588001
Pt 20_FD20_3,Pt 20,coordinate_decline,1.0,RA,State-history,320,75.46454451393532
Pt 20_FD20_3,Pt 20,coordinate_decline,1.0,RA,Persistence,320,107.93101032299676
Pt 20_FD20_3,Pt 20,coordinate_decline,1.0,RE,State-history,320,62.74649051220711
Pt 20_FD20_3,Pt 20,coordinate_decline,1.0,RE,Persistence,320,85.53894998415075
Pt 20_FD20_3,Pt 20,coordinate_decline,1.25,RA,State-history,312,87.09398472484756
Pt 20_FD20_3,Pt 20,coordinate_decline,1.25,RA,Persistence,312,115.11550006856896
Pt 20_FD20_3,Pt 20,coordinate_decline,1.25,RE,State-history,312,71.43299106498569
Pt 20_FD20_3,Pt 20,coordinate_decline,1.25,RE,Persistence,312,96.15396579054524
Pt 20_FD20_3,Pt 20,coordinate_decline,1.5,RA,State-history,289,81.79603454695693
Pt 20_FD20_3,Pt 20,coordinate_decline,1.5,RA,Persistence,289,119.20480042452174
Pt 20_FD20_3,Pt 20,coordinate_decline,1.5,RE,State-history,289,74.3889459741773
Pt 20_FD20_3,Pt 20,coordinate_decline,1.5,RE,Persistence,289,103.31348664431945
Pt 20_FD20_4,Pt 20,all,0.05,RA,State-history,609,19.042097355222396
Pt 20_FD20_4,Pt 20,all,0.05,RA,Persistence,609,19.01705407511472
Pt 20_FD20_4,Pt 20,all,0.05,RE,State-history,609,9.630740348917513
Pt 20_FD20_4,Pt 20,all,0.05,RE,Persistence,609,8.627695186041416
Pt 20_FD20_4,Pt 20,all,0.25,RA,State-history,605,82.43345630497704
Pt 20_FD20_4,Pt 20,all,0.25,RA,Persistence,605,85.09543809308485
Pt 20_FD20_4,Pt 20,all,0.25,RE,State-history,605,37.98015799917592
Pt 20_FD20_4,Pt 20,all,0.25,RE,Persistence,605,38.04822712254504
Pt 20_FD20_4,Pt 20,all,0.5,RA,State-history,600,133.54893421757805
Pt 20_FD20_4,Pt 20,all,0.5,RA,Persistence,600,141.04100151528672
Pt 20_FD20_4,Pt 20,all,0.5,RE,State-history,600,63.34500272574135
Pt 20_FD20_4,Pt 20,all,0.5,RE,Persistence,600,68.32360385731616
Pt 20_FD20_4,Pt 20,all,0.75,RA,State-history,595,166.77011220796447
Pt 20_FD20_4,Pt 20,all,0.75,RA,Persistence,595,176.91254751597182
Pt 20_FD20_4,Pt 20,all,0.75,RE,State-history,595,86.88362744084037
Pt 20_FD20_4,Pt 20,all,0.75,RE,Persistence,595,94.9708758055457
Pt 20_FD20_4,Pt 20,all,1.0,RA,State-history,590,192.51453841234775
Pt 20_FD20_4,Pt 20,all,1.0,RA,Persistence,590,199.0033967551804
Pt 20_FD20_4,Pt 20,all,1.0,RE,State-history,590,104.86970808122038
Pt 20_FD20_4,Pt 20,all,1.0,RE,Persistence,590,114.68070113405562
Pt 20_FD20_4,Pt 20,all,1.25,RA,State-history,585,207.03367149967522
Pt 20_FD20_4,Pt 20,all,1.25,RA,Persistence,585,214.88511604022727
Pt 20_FD20_4,Pt 20,all,1.25,RE,State-history,585,120.39233253835332
Pt 20_FD20_4,Pt 20,all,1.25,RE,Persistence,585,130.38895484995749
Pt 20_FD20_4,Pt 20,all,1.5,RA,State-history,580,212.66954667657035
Pt 20_FD20_4,Pt 20,all,1.5,RA,Persistence,580,219.48099348887072
Pt 20_FD20_4,Pt 20,all,1.5,RE,State-history,580,133.8628049130149
Pt 20_FD20_4,Pt 20,all,1.5,RE,Persistence,580,143.24554245255365
Pt 20_FD20_4,Pt 20,onset_crossing,0.05,RA,State-history,5,0.05782664361764825
Pt 20_FD20_4,Pt 20,onset_crossing,0.05,RA,Persistence,5,0.04562765130653479
Pt 20_FD20_4,Pt 20,onset_crossing,0.05,RE,State-history,5,0.02992887318720201
Pt 20_FD20_4,Pt 20,onset_crossing,0.05,RE,Persistence,5,0.05580908573860631
Pt 20_FD20_4,Pt 20,onset_crossing,0.25,RA,State-history,25,1.3031368047642693
Pt 20_FD20_4,Pt 20,onset_crossing,0.25,RA,Persistence,25,1.6532413458990212
Pt 20_FD20_4,Pt 20,onset_crossing,0.25,RE,State-history,25,0.8474216669999163
Pt 20_FD20_4,Pt 20,onset_crossing,0.25,RE,Persistence,25,1.1395384232156474
Pt 20_FD20_4,Pt 20,onset_crossing,0.5,RA,State-history,50,7.935152911276283
Pt 20_FD20_4,Pt 20,onset_crossing,0.5,RA,Persistence,50,9.597504613118089
Pt 20_FD20_4,Pt 20,onset_crossing,0.5,RE,State-history,50,3.0565978405080307
Pt 20_FD20_4,Pt 20,onset_crossing,0.5,RE,Persistence,50,5.506467176407476
Pt 20_FD20_4,Pt 20,onset_crossing,0.75,RA,State-history,75,18.70215614330905
Pt 20_FD20_4,Pt 20,onset_crossing,0.75,RA,Persistence,75,24.895356027076293
Pt 20_FD20_4,Pt 20,onset_crossing,0.75,RE,State-history,75,6.768185736541701
Pt 20_FD20_4,Pt 20,onset_crossing,0.75,RE,Persistence,75,12.371809043436077
Pt 20_FD20_4,Pt 20,onset_crossing,1.0,RA,State-history,100,30.265968843928047
Pt 20_FD20_4,Pt 20,onset_crossing,1.0,RA,Persistence,100,38.501302134946705
Pt 20_FD20_4,Pt 20,onset_crossing,1.0,RE,State-history,100,14.68316027896174
Pt 20_FD20_4,Pt 20,onset_crossing,1.0,RE,Persistence,100,22.30501066349196
Pt 20_FD20_4,Pt 20,onset_crossing,1.25,RA,State-history,125,43.10557493741247
Pt 20_FD20_4,Pt 20,onset_crossing,1.25,RA,Persistence,125,52.00487424043762
Pt 20_FD20_4,Pt 20,onset_crossing,1.25,RE,State-history,125,23.23167245249173
Pt 20_FD20_4,Pt 20,onset_crossing,1.25,RE,Persistence,125,32.96188706936797
Pt 20_FD20_4,Pt 20,onset_crossing,1.5,RA,State-history,150,54.37705951565325
Pt 20_FD20_4,Pt 20,onset_crossing,1.5,RA,Persistence,150,63.36400825071952
Pt 20_FD20_4,Pt 20,onset_crossing,1.5,RE,State-history,150,33.252176107066674
Pt 20_FD20_4,Pt 20,onset_crossing,1.5,RE,Persistence,150,44.319348222319036
Pt 20_FD20_4,Pt 20,coordinate_decline,0.05,RA,State-history,104,3.794011469274131
Pt 20_FD20_4,Pt 20,coordinate_decline,0.05,RA,Persistence,104,4.272250281245899
Pt 20_FD20_4,Pt 20,coordinate_decline,0.05,RE,State-history,104,1.7367847741074125
Pt 20_FD20_4,Pt 20,coordinate_decline,0.05,RE,Persistence,104,2.0891169960968026
Pt 20_FD20_4,Pt 20,coordinate_decline,0.25,RA,State-history,271,32.400927191737395
Pt 20_FD20_4,Pt 20,coordinate_decline,0.25,RA,Persistence,271,39.94188284411768
Pt 20_FD20_4,Pt 20,coordinate_decline,0.25,RE,State-history,271,15.439601388741146
Pt 20_FD20_4,Pt 20,coordinate_decline,0.25,RE,Persistence,271,19.59570205922408
Pt 20_FD20_4,Pt 20,coordinate_decline,0.5,RA,State-history,311,53.08686018473354
Pt 20_FD20_4,Pt 20,coordinate_decline,0.5,RA,Persistence,311,69.32406239933111
Pt 20_FD20_4,Pt 20,coordinate_decline,0.5,RE,State-history,311,24.481814662916996
Pt 20_FD20_4,Pt 20,coordinate_decline,0.5,RE,Persistence,311,35.50496217705977
Pt 20_FD20_4,Pt 20,coordinate_decline,0.75,RA,State-history,315,69.48192955163618
Pt 20_FD20_4,Pt 20,coordinate_decline,0.75,RA,Persistence,315,90.52601915776528
Pt 20_FD20_4,Pt 20,coordinate_decline,0.75,RE,State-history,315,38.15654360009813
Pt 20_FD20_4,Pt 20,coordinate_decline,0.75,RE,Persistence,315,52.12103307854814
Pt 20_FD20_4,Pt 20,coordinate_decline,1.0,RA,State-history,309,84.95856211227844
Pt 20_FD20_4,Pt 20,coordinate_decline,1.0,RA,Persistence,309,104.61312617988479
Pt 20_FD20_4,Pt 20,coordinate_decline,1.0,RE,State-history,309,47.03595869663355
Pt 20_FD20_4,Pt 20,coordinate_decline,1.0,RE,Persistence,309,63.629769636810664
Pt 20_FD20_4,Pt 20,coordinate_decline,1.25,RA,State-history,308,95.09150938362109
Pt 20_FD20_4,Pt 20,coordinate_decline,1.25,RA,Persistence,308,112.59385004172816
Pt 20_FD20_4,Pt 20,coordinate_decline,1.25,RE,State-history,308,55.93115198891575
Pt 20_FD20_4,Pt 20,coordinate_decline,1.25,RE,Persistence,308,71.54287961637374
Pt 20_FD20_4,Pt 20,coordinate_decline,1.5,RA,State-history,327,104.11582138388263
Pt 20_FD20_4,Pt 20,coordinate_decline,1.5,RA,Persistence,327,116.0652017601411
Pt 20_FD20_4,Pt 20,coordinate_decline,1.5,RE,State-history,327,66.14210953598923
Pt 20_FD20_4,Pt 20,coordinate_decline,1.5,RE,Persistence,327,78.86234593912755
Pt 20_FD20_5,Pt 20,all,0.05,RA,State-history,609,30.937914220471168
Pt 20_FD20_5,Pt 20,all,0.05,RA,Persistence,609,32.42037680736262
Pt 20_FD20_5,Pt 20,all,0.05,RE,State-history,609,19.708797024464424
Pt 20_FD20_5,Pt 20,all,0.05,RE,Persistence,609,21.68366790817474
Pt 20_FD20_5,Pt 20,all,0.25,RA,State-history,605,133.15109602314803
Pt 20_FD20_5,Pt 20,all,0.25,RA,Persistence,605,141.63523895276222
Pt 20_FD20_5,Pt 20,all,0.25,RE,State-history,605,93.35013025617576
Pt 20_FD20_5,Pt 20,all,0.25,RE,Persistence,605,97.69190686429957
Pt 20_FD20_5,Pt 20,all,0.5,RA,State-history,600,212.72123613833537
Pt 20_FD20_5,Pt 20,all,0.5,RA,Persistence,600,217.31732820944558
Pt 20_FD20_5,Pt 20,all,0.5,RE,State-history,600,190.82127258451982
Pt 20_FD20_5,Pt 20,all,0.5,RE,Persistence,600,174.1920625347139
Pt 20_FD20_5,Pt 20,all,0.75,RA,State-history,595,271.94236953786526
Pt 20_FD20_5,Pt 20,all,0.75,RA,Persistence,595,251.68902912540142
Pt 20_FD20_5,Pt 20,all,0.75,RE,State-history,595,270.4900397400751
Pt 20_FD20_5,Pt 20,all,0.75,RE,Persistence,595,242.93151532762923
Pt 20_FD20_5,Pt 20,all,1.0,RA,State-history,590,306.86645513059057
Pt 20_FD20_5,Pt 20,all,1.0,RA,Persistence,590,289.5783697115577
Pt 20_FD20_5,Pt 20,all,1.0,RE,State-history,590,322.91800205635616
Pt 20_FD20_5,Pt 20,all,1.0,RE,Persistence,590,301.62903902161804
Pt 20_FD20_5,Pt 20,all,1.25,RA,State-history,585,320.34982054718154
Pt 20_FD20_5,Pt 20,all,1.25,RA,Persistence,585,327.40905261920136
Pt 20_FD20_5,Pt 20,all,1.25,RE,State-history,585,349.4744468753685
Pt 20_FD20_5,Pt 20,all,1.25,RE,Persistence,585,345.8064036692399
Pt 20_FD20_5,Pt 20,all,1.5,RA,State-history,580,338.76557927740754
Pt 20_FD20_5,Pt 20,all,1.5,RA,Persistence,580,347.90268047210793
Pt 20_FD20_5,Pt 20,all,1.5,RE,State-history,580,371.0533942830606
Pt 20_FD20_5,Pt 20,all,1.5,RE,Persistence,580,384.2555914907907
Pt 20_FD20_5,Pt 20,onset_crossing,0.05,RA,State-history,4,0.09341186949497204
Pt 20_FD20_5,Pt 20,onset_crossing,0.05,RA,Persistence,4,0.07702973009925904
Pt 20_FD20_5,Pt 20,onset_crossing,0.05,RE,State-history,4,0.2517008008264394
Pt 20_FD20_5,Pt 20,onset_crossing,0.05,RE,Persistence,4,0.3465048913056814
Pt 20_FD20_5,Pt 20,onset_crossing,0.25,RA,State-history,20,2.5023740522486495
Pt 20_FD20_5,Pt 20,onset_crossing,0.25,RA,Persistence,20,3.339424239972649
Pt 20_FD20_5,Pt 20,onset_crossing,0.25,RE,State-history,20,2.754463891188406
Pt 20_FD20_5,Pt 20,onset_crossing,0.25,RE,Persistence,20,5.824886990914056
Pt 20_FD20_5,Pt 20,onset_crossing,0.5,RA,State-history,40,10.846789411288116
Pt 20_FD20_5,Pt 20,onset_crossing,0.5,RA,Persistence,40,14.257902423138407
Pt 20_FD20_5,Pt 20,onset_crossing,0.5,RE,State-history,40,10.246452836437106
Pt 20_FD20_5,Pt 20,onset_crossing,0.5,RE,Persistence,40,21.928718366809232
Pt 20_FD20_5,Pt 20,onset_crossing,0.75,RA,State-history,60,25.555608057368843
Pt 20_FD20_5,Pt 20,onset_crossing,0.75,RA,Persistence,60,33.2932441061024
Pt 20_FD20_5,Pt 20,onset_crossing,0.75,RE,State-history,60,25.530589589787454
Pt 20_FD20_5,Pt 20,onset_crossing,0.75,RE,Persistence,60,41.72321874756762
Pt 20_FD20_5,Pt 20,onset_crossing,1.0,RA,State-history,80,39.714301018039556
Pt 20_FD20_5,Pt 20,onset_crossing,1.0,RA,Persistence,80,47.97223071087049
Pt 20_FD20_5,Pt 20,onset_crossing,1.0,RE,State-history,80,39.85374343161524
Pt 20_FD20_5,Pt 20,onset_crossing,1.0,RE,Persistence,80,66.02996117372417
Pt 20_FD20_5,Pt 20,onset_crossing,1.25,RA,State-history,99,58.22490084231349
Pt 20_FD20_5,Pt 20,onset_crossing,1.25,RA,Persistence,99,68.58635475294729
Pt 20_FD20_5,Pt 20,onset_crossing,1.25,RE,State-history,99,62.43582676896583
Pt 20_FD20_5,Pt 20,onset_crossing,1.25,RE,Persistence,99,93.47828547034712
Pt 20_FD20_5,Pt 20,onset_crossing,1.5,RA,State-history,114,73.82612569785796
Pt 20_FD20_5,Pt 20,onset_crossing,1.5,RA,Persistence,114,94.44755901433174
Pt 20_FD20_5,Pt 20,onset_crossing,1.5,RE,State-history,114,82.42429209152978
Pt 20_FD20_5,Pt 20,onset_crossing,1.5,RE,Persistence,114,122.14584974680642
Pt 20_FD20_5,Pt 20,coordinate_decline,0.05,RA,State-history,101,6.596688503581872
Pt 20_FD20_5,Pt 20,coordinate_decline,0.05,RA,Persistence,101,8.255092514394121
Pt 20_FD20_5,Pt 20,coordinate_decline,0.05,RE,State-history,101,4.19301354417957
Pt 20_FD20_5,Pt 20,coordinate_decline,0.05,RE,Persistence,101,6.571244444456471
Pt 20_FD20_5,Pt 20,coordinate_decline,0.25,RA,State-history,270,58.441070153594524
Pt 20_FD20_5,Pt 20,coordinate_decline,0.25,RA,Persistence,270,75.67338692095367
Pt 20_FD20_5,Pt 20,coordinate_decline,0.25,RE,State-history,270,43.092481695897604
Pt 20_FD20_5,Pt 20,coordinate_decline,0.25,RE,Persistence,270,57.40892499529829
Pt 20_FD20_5,Pt 20,coordinate_decline,0.5,RA,State-history,304,91.575217970202
Pt 20_FD20_5,Pt 20,coordinate_decline,0.5,RA,Persistence,304,117.59076713150267
Pt 20_FD20_5,Pt 20,coordinate_decline,0.5,RE,State-history,304,81.45915091484608
Pt 20_FD20_5,Pt 20,coordinate_decline,0.5,RE,Persistence,304,99.94441150983175
Pt 20_FD20_5,Pt 20,coordinate_decline,0.75,RA,State-history,300,112.74255323675725
Pt 20_FD20_5,Pt 20,coordinate_decline,0.75,RA,Persistence,300,137.51231047916232
Pt 20_FD20_5,Pt 20,coordinate_decline,0.75,RE,State-history,300,103.82814769973132
Pt 20_FD20_5,Pt 20,coordinate_decline,0.75,RE,Persistence,300,136.4724019828825
Pt 20_FD20_5,Pt 20,coordinate_decline,1.0,RA,State-history,306,140.01985182912358
Pt 20_FD20_5,Pt 20,coordinate_decline,1.0,RA,Persistence,306,165.37254208627337
Pt 20_FD20_5,Pt 20,coordinate_decline,1.0,RE,State-history,306,139.64983684312574
Pt 20_FD20_5,Pt 20,coordinate_decline,1.0,RE,Persistence,306,169.79191860193322
Pt 20_FD20_5,Pt 20,coordinate_decline,1.25,RA,State-history,293,148.4119129178882
Pt 20_FD20_5,Pt 20,coordinate_decline,1.25,RA,Persistence,293,186.51597377045744
Pt 20_FD20_5,Pt 20,coordinate_decline,1.25,RE,State-history,293,154.64587825614058
Pt 20_FD20_5,Pt 20,coordinate_decline,1.25,RE,Persistence,293,198.14344243521077
Pt 20_FD20_5,Pt 20,coordinate_decline,1.5,RA,State-history,269,155.0453056881635
Pt 20_FD20_5,Pt 20,coordinate_decline,1.5,RA,Persistence,269,196.82787604518757
Pt 20_FD20_5,Pt 20,coordinate_decline,1.5,RE,State-history,269,161.2507946704963
Pt 20_FD20_5,Pt 20,coordinate_decline,1.5,RE,Persistence,269,217.37023089156474
Pt 20_FD20_6,Pt 20,all,0.05,RA,State-history,609,25.354782384817145
Pt 20_FD20_6,Pt 20,all,0.05,RA,Persistence,609,24.554646394687072
Pt 20_FD20_6,Pt 20,all,0.05,RE,State-history,609,13.493544523467257
Pt 20_FD20_6,Pt 20,all,0.05,RE,Persistence,609,11.55534574942695
Pt 20_FD20_6,Pt 20,all,0.25,RA,State-history,605,99.25640510085779
Pt 20_FD20_6,Pt 20,all,0.25,RA,Persistence,605,110.07304785662556
Pt 20_FD20_6,Pt 20,all,0.25,RE,State-history,605,52.893321050278445
Pt 20_FD20_6,Pt 20,all,0.25,RE,Persistence,605,53.89019949759957
Pt 20_FD20_6,Pt 20,all,0.5,RA,State-history,600,145.8675553084252
Pt 20_FD20_6,Pt 20,all,0.5,RA,Persistence,600,175.10887593981977
Pt 20_FD20_6,Pt 20,all,0.5,RE,State-history,600,85.32307906664396
Pt 20_FD20_6,Pt 20,all,0.5,RE,Persistence,600,98.02775032385193
Pt 20_FD20_6,Pt 20,all,0.75,RA,State-history,595,169.90465343355902
Pt 20_FD20_6,Pt 20,all,0.75,RA,Persistence,595,207.68490219135947
Pt 20_FD20_6,Pt 20,all,0.75,RE,State-history,595,115.62173380171703
Pt 20_FD20_6,Pt 20,all,0.75,RE,Persistence,595,130.41332079702354
Pt 20_FD20_6,Pt 20,all,1.0,RA,State-history,590,182.1303839016872
Pt 20_FD20_6,Pt 20,all,1.0,RA,Persistence,590,226.20332185895194
Pt 20_FD20_6,Pt 20,all,1.0,RE,State-history,590,155.8341693724538
Pt 20_FD20_6,Pt 20,all,1.0,RE,Persistence,590,153.3696272787932
Pt 20_FD20_6,Pt 20,all,1.25,RA,State-history,585,208.71336083749873
Pt 20_FD20_6,Pt 20,all,1.25,RA,Persistence,585,235.45051001282846
Pt 20_FD20_6,Pt 20,all,1.25,RE,State-history,585,198.97538714340612
Pt 20_FD20_6,Pt 20,all,1.25,RE,Persistence,585,169.10184228200828
Pt 20_FD20_6,Pt 20,all,1.5,RA,State-history,580,244.9756099276189
Pt 20_FD20_6,Pt 20,all,1.5,RA,Persistence,580,245.6654382751595
Pt 20_FD20_6,Pt 20,all,1.5,RE,State-history,580,246.479510999009
Pt 20_FD20_6,Pt 20,all,1.5,RE,Persistence,580,178.96747165620002
Pt 20_FD20_6,Pt 20,onset_crossing,0.05,RA,State-history,7,0.21030381289541428
Pt 20_FD20_6,Pt 20,onset_crossing,0.05,RA,Persistence,7,0.26018243803330227
Pt 20_FD20_6,Pt 20,onset_crossing,0.05,RE,State-history,7,0.15385946342846948
Pt 20_FD20_6,Pt 20,onset_crossing,0.05,RE,Persistence,7,0.20814448560825538
Pt 20_FD20_6,Pt 20,onset_crossing,0.25,RA,State-history,35,4.05677664898661
Pt 20_FD20_6,Pt 20,onset_crossing,0.25,RA,Persistence,35,7.121051907764778
Pt 20_FD20_6,Pt 20,onset_crossing,0.25,RE,State-history,35,2.30277054528458
Pt 20_FD20_6,Pt 20,onset_crossing,0.25,RE,Persistence,35,4.1359157449679875
Pt 20_FD20_6,Pt 20,onset_crossing,0.5,RA,State-history,70,13.513536261116295
Pt 20_FD20_6,Pt 20,onset_crossing,0.5,RA,Persistence,70,24.82758485356267
Pt 20_FD20_6,Pt 20,onset_crossing,0.5,RE,State-history,70,12.270575823764743
Pt 20_FD20_6,Pt 20,onset_crossing,0.5,RE,Persistence,70,19.855905767193526
Pt 20_FD20_6,Pt 20,onset_crossing,0.75,RA,State-history,105,26.847406577465364
Pt 20_FD20_6,Pt 20,onset_crossing,0.75,RA,Persistence,105,47.06586172006774
Pt 20_FD20_6,Pt 20,onset_crossing,0.75,RE,State-history,105,27.20903374906278
Pt 20_FD20_6,Pt 20,onset_crossing,0.75,RE,Persistence,105,39.03951146128112
Pt 20_FD20_6,Pt 20,onset_crossing,1.0,RA,State-history,136,45.24263157044365
Pt 20_FD20_6,Pt 20,onset_crossing,1.0,RA,Persistence,136,59.63767561605816
Pt 20_FD20_6,Pt 20,onset_crossing,1.0,RE,State-history,136,48.25617749396518
Pt 20_FD20_6,Pt 20,onset_crossing,1.0,RE,Persistence,136,53.292146755452194
Pt 20_FD20_6,Pt 20,onset_crossing,1.25,RA,State-history,166,68.6723286005868
Pt 20_FD20_6,Pt 20,onset_crossing,1.25,RA,Persistence,166,72.7503998115516
Pt 20_FD20_6,Pt 20,onset_crossing,1.25,RE,State-history,166,72.97473198226285
Pt 20_FD20_6,Pt 20,onset_crossing,1.25,RE,Persistence,166,65.74288511783396
Pt 20_FD20_6,Pt 20,onset_crossing,1.5,RA,State-history,196,93.97371374391538
Pt 20_FD20_6,Pt 20,onset_crossing,1.5,RA,Persistence,196,92.17976003825743
Pt 20_FD20_6,Pt 20,onset_crossing,1.5,RE,State-history,196,97.9629743278899
Pt 20_FD20_6,Pt 20,onset_crossing,1.5,RE,Persistence,196,77.97314354117664
Pt 20_FD20_6,Pt 20,coordinate_decline,0.05,RA,State-history,102,4.535869870600274
Pt 20_FD20_6,Pt 20,coordinate_decline,0.05,RA,Persistence,102,5.403660208482061
Pt 20_FD20_6,Pt 20,coordinate_decline,0.05,RE,State-history,102,2.7042127470379107
Pt 20_FD20_6,Pt 20,coordinate_decline,0.05,RE,Persistence,102,3.8209813710404603
Pt 20_FD20_6,Pt 20,coordinate_decline,0.25,RA,State-history,301,36.8393314946621
Pt 20_FD20_6,Pt 20,coordinate_decline,0.25,RA,Persistence,301,59.20363110295699
Pt 20_FD20_6,Pt 20,coordinate_decline,0.25,RE,State-history,301,23.129659297960494
Pt 20_FD20_6,Pt 20,coordinate_decline,0.25,RE,Persistence,301,32.54581849746293
Pt 20_FD20_6,Pt 20,coordinate_decline,0.5,RA,State-history,325,60.88069364719377
Pt 20_FD20_6,Pt 20,coordinate_decline,0.5,RA,Persistence,325,93.55870838133794
Pt 20_FD20_6,Pt 20,coordinate_decline,0.5,RE,State-history,325,42.68846002161577
Pt 20_FD20_6,Pt 20,coordinate_decline,0.5,RE,Persistence,325,58.85259840340141
Pt 20_FD20_6,Pt 20,coordinate_decline,0.75,RA,State-history,328,87.96037798988584
Pt 20_FD20_6,Pt 20,coordinate_decline,0.75,RA,Persistence,328,111.79987717882241
Pt 20_FD20_6,Pt 20,coordinate_decline,0.75,RE,State-history,328,69.15221522361703
Pt 20_FD20_6,Pt 20,coordinate_decline,0.75,RE,Persistence,328,77.29921073699727
Pt 20_FD20_6,Pt 20,coordinate_decline,1.0,RA,State-history,320,106.59734041582055
Pt 20_FD20_6,Pt 20,coordinate_decline,1.0,RA,Persistence,320,122.37461830309374
Pt 20_FD20_6,Pt 20,coordinate_decline,1.0,RE,State-history,320,98.0396810450709
Pt 20_FD20_6,Pt 20,coordinate_decline,1.0,RE,Persistence,320,89.75498604186767
Pt 20_FD20_6,Pt 20,coordinate_decline,1.25,RA,State-history,305,127.25341029731369
Pt 20_FD20_6,Pt 20,coordinate_decline,1.25,RA,Persistence,305,126.4272477129221
Pt 20_FD20_6,Pt 20,coordinate_decline,1.25,RE,State-history,305,124.57260661635996
Pt 20_FD20_6,Pt 20,coordinate_decline,1.25,RE,Persistence,305,98.3407897461179
Pt 20_FD20_6,Pt 20,coordinate_decline,1.5,RA,State-history,287,150.2876440243483
Pt 20_FD20_6,Pt 20,coordinate_decline,1.5,RA,Persistence,287,130.810516258141
Pt 20_FD20_6,Pt 20,coordinate_decline,1.5,RE,State-history,287,146.45621926892636
Pt 20_FD20_6,Pt 20,coordinate_decline,1.5,RE,Persistence,287,103.73785144512033
Pt 22_FD22_3,Pt 22,all,0.05,RA,State-history,609,21.782445634519476
Pt 22_FD22_3,Pt 22,all,0.05,RA,Persistence,609,20.3414658548527
Pt 22_FD22_3,Pt 22,all,0.05,RE,State-history,609,26.996228031478687
Pt 22_FD22_3,Pt 22,all,0.05,RE,Persistence,609,36.99906936473203
Pt 22_FD22_3,Pt 22,all,0.25,RA,State-history,605,72.7738490151017
Pt 22_FD22_3,Pt 22,all,0.25,RA,Persistence,605,76.42573039658556
Pt 22_FD22_3,Pt 22,all,0.25,RE,State-history,605,80.38183009668836
Pt 22_FD22_3,Pt 22,all,0.25,RE,Persistence,605,130.56052421406133
Pt 22_FD22_3,Pt 22,all,0.5,RA,State-history,600,112.64747365118609
Pt 22_FD22_3,Pt 22,all,0.5,RA,Persistence,600,88.75047573699919
Pt 22_FD22_3,Pt 22,all,0.5,RE,State-history,600,119.36040147174774
Pt 22_FD22_3,Pt 22,all,0.5,RE,Persistence,600,123.97758196509672
Pt 22_FD22_3,Pt 22,all,0.75,RA,State-history,595,131.61479181516637
Pt 22_FD22_3,Pt 22,all,0.75,RA,Persistence,595,121.65766803244306
Pt 22_FD22_3,Pt 22,all,0.75,RE,State-history,595,165.757487560247
Pt 22_FD22_3,Pt 22,all,0.75,RE,Persistence,595,187.10460391409998
Pt 22_FD22_3,Pt 22,all,1.0,RA,State-history,590,157.20648209877382
Pt 22_FD22_3,Pt 22,all,1.0,RA,Persistence,590,134.47640927840672
Pt 22_FD22_3,Pt 22,all,1.0,RE,State-history,590,180.73015675008273
Pt 22_FD22_3,Pt 22,all,1.0,RE,Persistence,590,167.3502967701051
Pt 22_FD22_3,Pt 22,all,1.25,RA,State-history,585,171.3090372018828
Pt 22_FD22_3,Pt 22,all,1.25,RA,Persistence,585,156.31755417565128
Pt 22_FD22_3,Pt 22,all,1.25,RE,State-history,585,188.42085846149433
Pt 22_FD22_3,Pt 22,all,1.25,RE,Persistence,585,200.67803890939766
Pt 22_FD22_3,Pt 22,all,1.5,RA,State-history,580,197.18736911405773
Pt 22_FD22_3,Pt 22,all,1.5,RA,Persistence,580,166.1960037870465
Pt 22_FD22_3,Pt 22,all,1.5,RE,State-history,580,204.41596209006048
Pt 22_FD22_3,Pt 22,all,1.5,RE,Persistence,580,185.42192207109747
Pt 22_FD22_3,Pt 22,onset_crossing,0.05,RA,State-history,1,0.012000478411771896
Pt 22_FD22_3,Pt 22,onset_crossing,0.05,RA,Persistence,1,0.0032483385492454997
Pt 22_FD22_3,Pt 22,onset_crossing,0.05,RE,State-history,1,0.0136457727763231
Pt 22_FD22_3,Pt 22,onset_crossing,0.05,RE,Persistence,1,0.0012762883747896997
Pt 22_FD22_3,Pt 22,onset_crossing,0.25,RA,State-history,5,0.0747130206291002
Pt 22_FD22_3,Pt 22,onset_crossing,0.25,RA,Persistence,5,0.18187535659604417
Pt 22_FD22_3,Pt 22,onset_crossing,0.25,RE,State-history,5,0.06892571085386581
Pt 22_FD22_3,Pt 22,onset_crossing,0.25,RE,Persistence,5,0.0934151206678777
Pt 22_FD22_3,Pt 22,onset_crossing,0.5,RA,State-history,10,0.7182538143909258
Pt 22_FD22_3,Pt 22,onset_crossing,0.5,RA,Persistence,10,0.6136055071881643
Pt 22_FD22_3,Pt 22,onset_crossing,0.5,RE,State-history,10,0.14780736493471128
Pt 22_FD22_3,Pt 22,onset_crossing,0.5,RE,Persistence,10,0.2935636808801274
Pt 22_FD22_3,Pt 22,onset_crossing,0.75,RA,State-history,15,1.1912944806490562
Pt 22_FD22_3,Pt 22,onset_crossing,0.75,RA,Persistence,15,1.1781489384353228
Pt 22_FD22_3,Pt 22,onset_crossing,0.75,RE,State-history,15,0.2416158573571577
Pt 22_FD22_3,Pt 22,onset_crossing,0.75,RE,Persistence,15,0.7779884486988989
Pt 22_FD22_3,Pt 22,onset_crossing,1.0,RA,State-history,20,1.3921291169949284
Pt 22_FD22_3,Pt 22,onset_crossing,1.0,RA,Persistence,20,1.720182219034186
Pt 22_FD22_3,Pt 22,onset_crossing,1.0,RE,State-history,20,0.3003344159273186
Pt 22_FD22_3,Pt 22,onset_crossing,1.0,RE,Persistence,20,1.3354253195862997
Pt 22_FD22_3,Pt 22,onset_crossing,1.25,RA,State-history,25,1.4433580680531564
Pt 22_FD22_3,Pt 22,onset_crossing,1.25,RA,Persistence,25,2.232077205547019
Pt 22_FD22_3,Pt 22,onset_crossing,1.25,RE,State-history,25,0.8319340752931224
Pt 22_FD22_3,Pt 22,onset_crossing,1.25,RE,Persistence,25,2.3096678330661486
Pt 22_FD22_3,Pt 22,onset_crossing,1.5,RA,State-history,30,1.6354880383145871
Pt 22_FD22_3,Pt 22,onset_crossing,1.5,RA,Persistence,30,3.7149458347591717
Pt 22_FD22_3,Pt 22,onset_crossing,1.5,RE,State-history,30,1.0262300909006346
Pt 22_FD22_3,Pt 22,onset_crossing,1.5,RE,Persistence,30,4.167109266349489
Pt 22_FD22_3,Pt 22,coordinate_decline,0.05,RA,State-history,84,3.8476830297762383
Pt 22_FD22_3,Pt 22,coordinate_decline,0.05,RA,Persistence,84,4.066066090162817
Pt 22_FD22_3,Pt 22,coordinate_decline,0.05,RE,State-history,84,3.7958685613076244
Pt 22_FD22_3,Pt 22,coordinate_decline,0.05,RE,Persistence,84,7.115891265075744
Pt 22_FD22_3,Pt 22,coordinate_decline,0.25,RA,State-history,342,36.58943573267431
Pt 22_FD22_3,Pt 22,coordinate_decline,0.25,RA,Persistence,342,48.41982234911001
Pt 22_FD22_3,Pt 22,coordinate_decline,0.25,RE,State-history,342,38.063742998510875
Pt 22_FD22_3,Pt 22,coordinate_decline,0.25,RE,Persistence,342,84.17875230902287
Pt 22_FD22_3,Pt 22,coordinate_decline,0.5,RA,State-history,286,51.74589831881302
Pt 22_FD22_3,Pt 22,coordinate_decline,0.5,RA,Persistence,286,48.093054466260355
Pt 22_FD22_3,Pt 22,coordinate_decline,0.5,RE,State-history,286,51.48475082655262
Pt 22_FD22_3,Pt 22,coordinate_decline,0.5,RE,Persistence,286,67.14202380559408
Pt 22_FD22_3,Pt 22,coordinate_decline,0.75,RA,State-history,353,74.4330821759983
Pt 22_FD22_3,Pt 22,coordinate_decline,0.75,RA,Persistence,353,72.67231876636315
Pt 22_FD22_3,Pt 22,coordinate_decline,0.75,RE,State-history,353,84.46511748280015
Pt 22_FD22_3,Pt 22,coordinate_decline,0.75,RE,Persistence,353,117.43541039197024
Pt 22_FD22_3,Pt 22,coordinate_decline,1.0,RA,State-history,321,90.60107174622064
Pt 22_FD22_3,Pt 22,coordinate_decline,1.0,RA,Persistence,321,77.43252841894025
Pt 22_FD22_3,Pt 22,coordinate_decline,1.0,RE,State-history,321,87.35868965504463
Pt 22_FD22_3,Pt 22,coordinate_decline,1.0,RE,Persistence,321,93.83177272745718
Pt 22_FD22_3,Pt 22,coordinate_decline,1.25,RA,State-history,365,102.91636611698732
Pt 22_FD22_3,Pt 22,coordinate_decline,1.25,RA,Persistence,365,94.39526942660984
Pt 22_FD22_3,Pt 22,coordinate_decline,1.25,RE,State-history,365,109.43032499197983
Pt 22_FD22_3,Pt 22,coordinate_decline,1.25,RE,Persistence,365,126.17150027958027
Pt 22_FD22_3,Pt 22,coordinate_decline,1.5,RA,State-history,344,116.84660191288398
Pt 22_FD22_3,Pt 22,coordinate_decline,1.5,RA,Persistence,344,97.4615491102775
Pt 22_FD22_3,Pt 22,coordinate_decline,1.5,RE,State-history,344,117.03369839269897
Pt 22_FD22_3,Pt 22,coordinate_decline,1.5,RE,Persistence,344,113.281200011808
Pt 31_FD31_1,Pt 31,all,0.05,RA,State-history,609,19.69089677959179
Pt 31_FD31_1,Pt 31,all,0.05,RA,Persistence,609,23.821441170309342
Pt 31_FD31_1,Pt 31,all,0.05,RE,State-history,609,20.513241004851032
Pt 31_FD31_1,Pt 31,all,0.05,RE,Persistence,609,25.22077123270423
Pt 31_FD31_1,Pt 31,all,0.25,RA,State-history,605,51.311065083573126
Pt 31_FD31_1,Pt 31,all,0.25,RA,Persistence,605,92.52617491979527
Pt 31_FD31_1,Pt 31,all,0.25,RE,State-history,605,54.479107152768954
Pt 31_FD31_1,Pt 31,all,0.25,RE,Persistence,605,97.68425728013332
Pt 31_FD31_1,Pt 31,all,0.5,RA,State-history,600,78.95171011656358
Pt 31_FD31_1,Pt 31,all,0.5,RA,Persistence,600,97.54245066593109
Pt 31_FD31_1,Pt 31,all,0.5,RE,State-history,600,83.96295423365999
Pt 31_FD31_1,Pt 31,all,0.5,RE,Persistence,600,113.51899396181187
Pt 31_FD31_1,Pt 31,all,0.75,RA,State-history,595,110.72371964352938
Pt 31_FD31_1,Pt 31,all,0.75,RA,Persistence,595,126.56186568599975
Pt 31_FD31_1,Pt 31,all,0.75,RE,State-history,595,124.99843593777908
Pt 31_FD31_1,Pt 31,all,0.75,RE,Persistence,595,146.5788197712742
Pt 31_FD31_1,Pt 31,all,1.0,RA,State-history,590,138.1173204447214
Pt 31_FD31_1,Pt 31,all,1.0,RA,Persistence,590,152.86476588713828
Pt 31_FD31_1,Pt 31,all,1.0,RE,State-history,590,160.843910965106
Pt 31_FD31_1,Pt 31,all,1.0,RE,Persistence,590,163.71289808966011
Pt 31_FD31_1,Pt 31,all,1.25,RA,State-history,585,168.45531154327887
Pt 31_FD31_1,Pt 31,all,1.25,RA,Persistence,585,156.8917224483884
Pt 31_FD31_1,Pt 31,all,1.25,RE,State-history,585,194.51491531705375
Pt 31_FD31_1,Pt 31,all,1.25,RE,Persistence,585,166.00360046919363
Pt 31_FD31_1,Pt 31,all,1.5,RA,State-history,580,196.9782172093765
Pt 31_FD31_1,Pt 31,all,1.5,RA,Persistence,580,196.92169559077777
Pt 31_FD31_1,Pt 31,all,1.5,RE,State-history,580,206.72888445448552
Pt 31_FD31_1,Pt 31,all,1.5,RE,Persistence,580,204.98683886432443
Pt 31_FD31_1,Pt 31,onset_crossing,0.05,RA,State-history,2,0.015240901522416403
Pt 31_FD31_1,Pt 31,onset_crossing,0.05,RA,Persistence,2,0.03331046847261321
Pt 31_FD31_1,Pt 31,onset_crossing,0.05,RE,State-history,2,0.0124859043279771
Pt 31_FD31_1,Pt 31,onset_crossing,0.05,RE,Persistence,2,0.005583681056415102
Pt 31_FD31_1,Pt 31,onset_crossing,0.25,RA,State-history,10,0.3018633790513908
Pt 31_FD31_1,Pt 31,onset_crossing,0.25,RA,Persistence,10,0.6287673751983491
Pt 31_FD31_1,Pt 31,onset_crossing,0.25,RE,State-history,10,0.06937776017485109
Pt 31_FD31_1,Pt 31,onset_crossing,0.25,RE,Persistence,10,0.1325337709741818
Pt 31_FD31_1,Pt 31,onset_crossing,0.5,RA,State-history,20,1.0753715525295424
Pt 31_FD31_1,Pt 31,onset_crossing,0.5,RA,Persistence,20,2.2642196945707114
Pt 31_FD31_1,Pt 31,onset_crossing,0.5,RE,State-history,20,0.0980501678580958
Pt 31_FD31_1,Pt 31,onset_crossing,0.5,RE,Persistence,20,0.6495371911850463
Pt 31_FD31_1,Pt 31,onset_crossing,0.75,RA,State-history,30,2.009273309585272
Pt 31_FD31_1,Pt 31,onset_crossing,0.75,RA,Persistence,30,4.450104286112099
Pt 31_FD31_1,Pt 31,onset_crossing,0.75,RE,State-history,30,0.19975738583308525
Pt 31_FD31_1,Pt 31,onset_crossing,0.75,RE,Persistence,30,1.5287590942926688
Pt 31_FD31_1,Pt 31,onset_crossing,1.0,RA,State-history,40,2.6648446986152985
Pt 31_FD31_1,Pt 31,onset_crossing,1.0,RA,Persistence,40,7.676564809130957
Pt 31_FD31_1,Pt 31,onset_crossing,1.0,RE,State-history,40,0.267868579169829
Pt 31_FD31_1,Pt 31,onset_crossing,1.0,RE,Persistence,40,4.274037905685896
Pt 31_FD31_1,Pt 31,onset_crossing,1.25,RA,State-history,50,4.350083524539154
Pt 31_FD31_1,Pt 31,onset_crossing,1.25,RA,Persistence,50,14.889695335717548
Pt 31_FD31_1,Pt 31,onset_crossing,1.25,RE,State-history,50,1.004730726581112
Pt 31_FD31_1,Pt 31,onset_crossing,1.25,RE,Persistence,50,8.079348744024989
Pt 31_FD31_1,Pt 31,onset_crossing,1.5,RA,State-history,60,8.72769959122252
Pt 31_FD31_1,Pt 31,onset_crossing,1.5,RA,Persistence,60,21.450777041255304
Pt 31_FD31_1,Pt 31,onset_crossing,1.5,RE,State-history,60,3.7620416659391394
Pt 31_FD31_1,Pt 31,onset_crossing,1.5,RE,Persistence,60,13.376140176992813
Pt 31_FD31_1,Pt 31,coordinate_decline,0.05,RA,State-history,102,3.944727532182287
Pt 31_FD31_1,Pt 31,coordinate_decline,0.05,RA,Persistence,102,6.249170528132999
Pt 31_FD31_1,Pt 31,coordinate_decline,0.05,RE,State-history,102,1.8661442350442274
Pt 31_FD31_1,Pt 31,coordinate_decline,0.05,RE,Persistence,102,4.614661677159236
Pt 31_FD31_1,Pt 31,coordinate_decline,0.25,RA,State-history,346,25.372194561307367
Pt 31_FD31_1,Pt 31,coordinate_decline,0.25,RA,Persistence,346,62.107809560210434
Pt 31_FD31_1,Pt 31,coordinate_decline,0.25,RE,State-history,346,29.359384713041237
Pt 31_FD31_1,Pt 31,coordinate_decline,0.25,RE,Persistence,346,64.52896014426406
Pt 31_FD31_1,Pt 31,coordinate_decline,0.5,RA,State-history,325,39.93673373978429
Pt 31_FD31_1,Pt 31,coordinate_decline,0.5,RA,Persistence,325,52.05213968157446
Pt 31_FD31_1,Pt 31,coordinate_decline,0.5,RE,State-history,325,42.42108077231137
Pt 31_FD31_1,Pt 31,coordinate_decline,0.5,RE,Persistence,325,55.99456275732061
Pt 31_FD31_1,Pt 31,coordinate_decline,0.75,RA,State-history,345,53.361414430059526
Pt 31_FD31_1,Pt 31,coordinate_decline,0.75,RA,Persistence,345,67.92194969894447
Pt 31_FD31_1,Pt 31,coordinate_decline,0.75,RE,State-history,345,63.54007097903884
Pt 31_FD31_1,Pt 31,coordinate_decline,0.75,RE,Persistence,345,82.42396522733509
Pt 31_FD31_1,Pt 31,coordinate_decline,1.0,RA,State-history,359,78.04342557848264
Pt 31_FD31_1,Pt 31,coordinate_decline,1.0,RA,Persistence,359,87.7940930420593
Pt 31_FD31_1,Pt 31,coordinate_decline,1.0,RE,State-history,359,88.65704343518735
Pt 31_FD31_1,Pt 31,coordinate_decline,1.0,RE,Persistence,359,92.19473280670138
Pt 31_FD31_1,Pt 31,coordinate_decline,1.25,RA,State-history,341,100.90956519062667
Pt 31_FD31_1,Pt 31,coordinate_decline,1.25,RA,Persistence,341,84.61233560633664
Pt 31_FD31_1,Pt 31,coordinate_decline,1.25,RE,State-history,341,109.1281760252165
Pt 31_FD31_1,Pt 31,coordinate_decline,1.25,RE,Persistence,341,86.26842166081948
Pt 31_FD31_1,Pt 31,coordinate_decline,1.5,RA,State-history,394,133.33749144684037
Pt 31_FD31_1,Pt 31,coordinate_decline,1.5,RA,Persistence,394,119.32263951446421
Pt 31_FD31_1,Pt 31,coordinate_decline,1.5,RE,State-history,394,134.06747653544113
Pt 31_FD31_1,Pt 31,coordinate_decline,1.5,RE,Persistence,394,120.39797203487053
Pt 31_FD31_2,Pt 31,all,0.05,RA,State-history,609,25.905890311191378
Pt 31_FD31_2,Pt 31,all,0.05,RA,Persistence,609,23.211726276310948
Pt 31_FD31_2,Pt 31,all,0.05,RE,State-history,609,16.539376279327293
Pt 31_FD31_2,Pt 31,all,0.05,RE,Persistence,609,14.343422481568254
Pt 31_FD31_2,Pt 31,all,0.25,RA,State-history,605,84.25038393763282
Pt 31_FD31_2,Pt 31,all,0.25,RA,Persistence,605,93.39949512437926
Pt 31_FD31_2,Pt 31,all,0.25,RE,State-history,605,62.39258085342657
Pt 31_FD31_2,Pt 31,all,0.25,RE,Persistence,605,62.02205533594807
Pt 31_FD31_2,Pt 31,all,0.5,RA,State-history,600,121.08340523384354
Pt 31_FD31_2,Pt 31,all,0.5,RA,Persistence,600,128.99672150331185
Pt 31_FD31_2,Pt 31,all,0.5,RE,State-history,600,109.63821562506322
Pt 31_FD31_2,Pt 31,all,0.5,RE,Persistence,600,107.36045228501888
Pt 31_FD31_2,Pt 31,all,0.75,RA,State-history,595,151.682970177737
Pt 31_FD31_2,Pt 31,all,0.75,RA,Persistence,595,143.52427752785889
Pt 31_FD31_2,Pt 31,all,0.75,RE,State-history,595,143.48094193062337
Pt 31_FD31_2,Pt 31,all,0.75,RE,Persistence,595,142.66022007199336
Pt 31_FD31_2,Pt 31,all,1.0,RA,State-history,590,179.809298365054
Pt 31_FD31_2,Pt 31,all,1.0,RA,Persistence,590,189.43136825010407
Pt 31_FD31_2,Pt 31,all,1.0,RE,State-history,590,173.1852819533866
Pt 31_FD31_2,Pt 31,all,1.0,RE,Persistence,590,167.2282839494768
Pt 31_FD31_2,Pt 31,all,1.25,RA,State-history,585,197.2397332343782
Pt 31_FD31_2,Pt 31,all,1.25,RA,Persistence,585,203.93372058294614
Pt 31_FD31_2,Pt 31,all,1.25,RE,State-history,585,198.07175040165305
Pt 31_FD31_2,Pt 31,all,1.25,RE,Persistence,585,188.15516043404563
Pt 31_FD31_2,Pt 31,all,1.5,RA,State-history,580,229.70765959142926
Pt 31_FD31_2,Pt 31,all,1.5,RA,Persistence,580,217.46644841985122
Pt 31_FD31_2,Pt 31,all,1.5,RE,State-history,580,220.3128582225321
Pt 31_FD31_2,Pt 31,all,1.5,RE,Persistence,580,209.19489819055178
Pt 31_FD31_2,Pt 31,onset_crossing,0.05,RA,State-history,2,0.0864419169528148
Pt 31_FD31_2,Pt 31,onset_crossing,0.05,RA,Persistence,2,0.10953899064659262
Pt 31_FD31_2,Pt 31,onset_crossing,0.05,RE,State-history,2,0.026445947107264403
Pt 31_FD31_2,Pt 31,onset_crossing,0.05,RE,Persistence,2,0.03476987893561051
Pt 31_FD31_2,Pt 31,onset_crossing,0.25,RA,State-history,10,0.37710195036099015
Pt 31_FD31_2,Pt 31,onset_crossing,0.25,RA,Persistence,10,1.6548314832943163
Pt 31_FD31_2,Pt 31,onset_crossing,0.25,RE,State-history,10,0.5786551934633463
Pt 31_FD31_2,Pt 31,onset_crossing,0.25,RE,Persistence,10,1.1602445131860357
Pt 31_FD31_2,Pt 31,onset_crossing,0.5,RA,State-history,20,2.1844420135952025
Pt 31_FD31_2,Pt 31,onset_crossing,0.5,RA,Persistence,20,7.490052692556499
Pt 31_FD31_2,Pt 31,onset_crossing,0.5,RE,State-history,20,1.478796104138852
Pt 31_FD31_2,Pt 31,onset_crossing,0.5,RE,Persistence,20,5.108080166178015
Pt 31_FD31_2,Pt 31,onset_crossing,0.75,RA,State-history,30,5.244309609491216
Pt 31_FD31_2,Pt 31,onset_crossing,0.75,RA,Persistence,30,14.027363533191137
Pt 31_FD31_2,Pt 31,onset_crossing,0.75,RE,State-history,30,3.8812068820550443
Pt 31_FD31_2,Pt 31,onset_crossing,0.75,RE,Persistence,30,11.242059313249921
Pt 31_FD31_2,Pt 31,onset_crossing,1.0,RA,State-history,40,9.277365485688073
Pt 31_FD31_2,Pt 31,onset_crossing,1.0,RA,Persistence,40,19.69831870385083
Pt 31_FD31_2,Pt 31,onset_crossing,1.0,RE,State-history,40,10.04453027338557
Pt 31_FD31_2,Pt 31,onset_crossing,1.0,RE,Persistence,40,21.032533626550027
Pt 31_FD31_2,Pt 31,onset_crossing,1.25,RA,State-history,50,15.120585839781281
Pt 31_FD31_2,Pt 31,onset_crossing,1.25,RA,Persistence,50,32.016390058088575
Pt 31_FD31_2,Pt 31,onset_crossing,1.25,RE,State-history,50,17.22465405081735
Pt 31_FD31_2,Pt 31,onset_crossing,1.25,RE,Persistence,50,35.16794521690351
Pt 31_FD31_2,Pt 31,onset_crossing,1.5,RA,State-history,60,24.307636751891216
Pt 31_FD31_2,Pt 31,onset_crossing,1.5,RA,Persistence,60,46.3249093055843
Pt 31_FD31_2,Pt 31,onset_crossing,1.5,RE,State-history,60,26.11887582512387
Pt 31_FD31_2,Pt 31,onset_crossing,1.5,RE,Persistence,60,49.594452041213124
Pt 31_FD31_2,Pt 31,coordinate_decline,0.05,RA,State-history,54,3.4658791457263556
Pt 31_FD31_2,Pt 31,coordinate_decline,0.05,RA,Persistence,54,4.48286056399149
Pt 31_FD31_2,Pt 31,coordinate_decline,0.05,RE,State-history,54,1.6567751125561436
Pt 31_FD31_2,Pt 31,coordinate_decline,0.05,RE,Persistence,54,2.2571277957112277
Pt 31_FD31_2,Pt 31,coordinate_decline,0.25,RA,State-history,249,28.29498755239397
Pt 31_FD31_2,Pt 31,coordinate_decline,0.25,RA,Persistence,249,49.67773286142407
Pt 31_FD31_2,Pt 31,coordinate_decline,0.25,RE,State-history,249,21.248882538695977
Pt 31_FD31_2,Pt 31,coordinate_decline,0.25,RE,Persistence,249,33.51879515971382
Pt 31_FD31_2,Pt 31,coordinate_decline,0.5,RA,State-history,275,42.94385285943733
Pt 31_FD31_2,Pt 31,coordinate_decline,0.5,RA,Persistence,275,71.75965922093604
Pt 31_FD31_2,Pt 31,coordinate_decline,0.5,RE,State-history,275,42.10753092686517
Pt 31_FD31_2,Pt 31,coordinate_decline,0.5,RE,Persistence,275,57.918347005902355
Pt 31_FD31_2,Pt 31,coordinate_decline,0.75,RA,State-history,267,51.19170702747601
Pt 31_FD31_2,Pt 31,coordinate_decline,0.75,RA,Persistence,267,76.99103653837867
Pt 31_FD31_2,Pt 31,coordinate_decline,0.75,RE,State-history,267,50.16900926396697
Pt 31_FD31_2,Pt 31,coordinate_decline,0.75,RE,Persistence,267,76.30816000077522
Pt 31_FD31_2,Pt 31,coordinate_decline,1.0,RA,State-history,289,77.04905396206603
Pt 31_FD31_2,Pt 31,coordinate_decline,1.0,RA,Persistence,289,108.48710973491914
Pt 31_FD31_2,Pt 31,coordinate_decline,1.0,RE,State-history,289,79.96603369982286
Pt 31_FD31_2,Pt 31,coordinate_decline,1.0,RE,Persistence,289,99.34878511686532
Pt 31_FD31_2,Pt 31,coordinate_decline,1.25,RA,State-history,265,76.15547735954547
Pt 31_FD31_2,Pt 31,coordinate_decline,1.25,RA,Persistence,265,115.26565164022944
Pt 31_FD31_2,Pt 31,coordinate_decline,1.25,RE,State-history,265,84.21951294192714
Pt 31_FD31_2,Pt 31,coordinate_decline,1.25,RE,Persistence,265,108.97039472690828
Pt 31_FD31_2,Pt 31,coordinate_decline,1.5,RA,State-history,269,97.36738899070949
Pt 31_FD31_2,Pt 31,coordinate_decline,1.5,RA,Persistence,269,123.90550011662745
Pt 31_FD31_2,Pt 31,coordinate_decline,1.5,RE,State-history,269,92.78895163489008
Pt 31_FD31_2,Pt 31,coordinate_decline,1.5,RE,Persistence,269,122.83698630147181
Pt 32_FD32_1,Pt 32,all,0.05,RA,State-history,609,28.338968293888858
Pt 32_FD32_1,Pt 32,all,0.05,RA,Persistence,609,26.24737450436801
Pt 32_FD32_1,Pt 32,all,0.05,RE,State-history,609,20.836805475124674
Pt 32_FD32_1,Pt 32,all,0.05,RE,Persistence,609,18.06237274192742
Pt 32_FD32_1,Pt 32,all,0.25,RA,State-history,605,119.01289885505018
Pt 32_FD32_1,Pt 32,all,0.25,RA,Persistence,605,118.6929280411257
Pt 32_FD32_1,Pt 32,all,0.25,RE,State-history,605,86.09634348978923
Pt 32_FD32_1,Pt 32,all,0.25,RE,Persistence,605,79.80675263929903
Pt 32_FD32_1,Pt 32,all,0.5,RA,State-history,600,181.46785075330786
Pt 32_FD32_1,Pt 32,all,0.5,RA,Persistence,600,202.13990010249802
Pt 32_FD32_1,Pt 32,all,0.5,RE,State-history,600,137.2149081267297
Pt 32_FD32_1,Pt 32,all,0.5,RE,Persistence,600,138.74918393682054
Pt 32_FD32_1,Pt 32,all,0.75,RA,State-history,595,206.69414058729092
Pt 32_FD32_1,Pt 32,all,0.75,RA,Persistence,595,248.28063730079322
Pt 32_FD32_1,Pt 32,all,0.75,RE,State-history,595,181.23711635580335
Pt 32_FD32_1,Pt 32,all,0.75,RE,Persistence,595,190.66471436875838
Pt 32_FD32_1,Pt 32,all,1.0,RA,State-history,590,235.11564496614864
Pt 32_FD32_1,Pt 32,all,1.0,RA,Persistence,590,272.2974051556061
Pt 32_FD32_1,Pt 32,all,1.0,RE,State-history,590,224.14519650294395
Pt 32_FD32_1,Pt 32,all,1.0,RE,Persistence,590,235.39209032101314
Pt 32_FD32_1,Pt 32,all,1.25,RA,State-history,585,270.63264465342513
Pt 32_FD32_1,Pt 32,all,1.25,RA,Persistence,585,306.2937550345341
Pt 32_FD32_1,Pt 32,all,1.25,RE,State-history,585,278.5907891841569
Pt 32_FD32_1,Pt 32,all,1.25,RE,Persistence,585,276.4118961138241
Pt 32_FD32_1,Pt 32,all,1.5,RA,State-history,580,316.4943959228967
Pt 32_FD32_1,Pt 32,all,1.5,RA,Persistence,580,329.77466710501875
Pt 32_FD32_1,Pt 32,all,1.5,RE,State-history,580,330.1784894649508
Pt 32_FD32_1,Pt 32,all,1.5,RE,Persistence,580,310.21974310505675
Pt 32_FD32_1,Pt 32,onset_crossing,0.05,RA,State-history,3,0.28335483390233673
Pt 32_FD32_1,Pt 32,onset_crossing,0.05,RA,Persistence,3,0.3264169249970196
Pt 32_FD32_1,Pt 32,onset_crossing,0.05,RE,State-history,3,0.13442008622098647
Pt 32_FD32_1,Pt 32,onset_crossing,0.05,RE,Persistence,3,0.17621745181717988
Pt 32_FD32_1,Pt 32,onset_crossing,0.25,RA,State-history,15,3.571198994080533
Pt 32_FD32_1,Pt 32,onset_crossing,0.25,RA,Persistence,15,5.44681021932232
Pt 32_FD32_1,Pt 32,onset_crossing,0.25,RE,State-history,15,1.9372867404543697
Pt 32_FD32_1,Pt 32,onset_crossing,0.25,RE,Persistence,15,3.0382599951793385
Pt 32_FD32_1,Pt 32,onset_crossing,0.5,RA,State-history,30,10.924212440585086
Pt 32_FD32_1,Pt 32,onset_crossing,0.5,RA,Persistence,30,17.038393862055518
Pt 32_FD32_1,Pt 32,onset_crossing,0.5,RE,State-history,30,5.7940910376524295
Pt 32_FD32_1,Pt 32,onset_crossing,0.5,RE,Persistence,30,8.677469599557702
Pt 32_FD32_1,Pt 32,onset_crossing,0.75,RA,State-history,45,23.142554653230544
Pt 32_FD32_1,Pt 32,onset_crossing,0.75,RA,Persistence,45,30.357985019419893
Pt 32_FD32_1,Pt 32,onset_crossing,0.75,RE,State-history,45,20.000631955642383
Pt 32_FD32_1,Pt 32,onset_crossing,0.75,RE,Persistence,45,17.77658717925362
Pt 32_FD32_1,Pt 32,onset_crossing,1.0,RA,State-history,60,33.41894714944885
Pt 32_FD32_1,Pt 32,onset_crossing,1.0,RA,Persistence,60,37.83458768059817
Pt 32_FD32_1,Pt 32,onset_crossing,1.0,RE,State-history,60,27.17100935054163
Pt 32_FD32_1,Pt 32,onset_crossing,1.0,RE,Persistence,60,27.855576152880126
Pt 32_FD32_1,Pt 32,onset_crossing,1.25,RA,State-history,75,39.05210033708489
Pt 32_FD32_1,Pt 32,onset_crossing,1.25,RA,Persistence,75,47.06634206773334
Pt 32_FD32_1,Pt 32,onset_crossing,1.25,RE,State-history,75,30.17988881894107
Pt 32_FD32_1,Pt 32,onset_crossing,1.25,RE,Persistence,75,41.441315817432844
Pt 32_FD32_1,Pt 32,onset_crossing,1.5,RA,State-history,90,48.528644947982066
Pt 32_FD32_1,Pt 32,onset_crossing,1.5,RA,Persistence,90,62.020317469142334
Pt 32_FD32_1,Pt 32,onset_crossing,1.5,RE,State-history,90,38.37097064071209
Pt 32_FD32_1,Pt 32,onset_crossing,1.5,RE,Persistence,90,60.172570514466614
Pt 32_FD32_1,Pt 32,coordinate_decline,0.05,RA,State-history,82,5.547861497217995
Pt 32_FD32_1,Pt 32,coordinate_decline,0.05,RA,Persistence,82,6.568057225375138
Pt 32_FD32_1,Pt 32,coordinate_decline,0.05,RE,State-history,82,4.489633131579792
Pt 32_FD32_1,Pt 32,coordinate_decline,0.05,RE,Persistence,82,5.487963704083863
Pt 32_FD32_1,Pt 32,coordinate_decline,0.25,RA,State-history,226,36.00224374701631
Pt 32_FD32_1,Pt 32,coordinate_decline,0.25,RA,Persistence,226,57.22347756022603
Pt 32_FD32_1,Pt 32,coordinate_decline,0.25,RE,State-history,226,28.418611093891073
Pt 32_FD32_1,Pt 32,coordinate_decline,0.25,RE,Persistence,226,38.364161503124635
Pt 32_FD32_1,Pt 32,coordinate_decline,0.5,RA,State-history,261,59.47789009521675
Pt 32_FD32_1,Pt 32,coordinate_decline,0.5,RA,Persistence,261,102.19005825911344
Pt 32_FD32_1,Pt 32,coordinate_decline,0.5,RE,State-history,261,54.02736521619452
Pt 32_FD32_1,Pt 32,coordinate_decline,0.5,RE,Persistence,261,69.35829233108181
Pt 32_FD32_1,Pt 32,coordinate_decline,0.75,RA,State-history,287,83.5527502719509
Pt 32_FD32_1,Pt 32,coordinate_decline,0.75,RA,Persistence,287,128.74451693700942
Pt 32_FD32_1,Pt 32,coordinate_decline,0.75,RE,State-history,287,97.6042459002058
Pt 32_FD32_1,Pt 32,coordinate_decline,0.75,RE,Persistence,287,96.27902327510708
Pt 32_FD32_1,Pt 32,coordinate_decline,1.0,RA,State-history,275,109.61452128628916
Pt 32_FD32_1,Pt 32,coordinate_decline,1.0,RA,Persistence,275,134.7481965800934
Pt 32_FD32_1,Pt 32,coordinate_decline,1.0,RE,State-history,275,128.39631877948318
Pt 32_FD32_1,Pt 32,coordinate_decline,1.0,RE,Persistence,275,118.5535589572266
Pt 32_FD32_1,Pt 32,coordinate_decline,1.25,RA,State-history,268,141.00139818044255
Pt 32_FD32_1,Pt 32,coordinate_decline,1.25,RA,Persistence,268,151.32215242668536
Pt 32_FD32_1,Pt 32,coordinate_decline,1.25,RE,State-history,268,163.63983085451065
Pt 32_FD32_1,Pt 32,coordinate_decline,1.25,RE,Persistence,268,139.9563959901966
Pt 32_FD32_1,Pt 32,coordinate_decline,1.5,RA,State-history,274,186.84438289477436
Pt 32_FD32_1,Pt 32,coordinate_decline,1.5,RA,Persistence,274,162.91741033840998
Pt 32_FD32_1,Pt 32,coordinate_decline,1.5,RE,State-history,274,202.54073160686983
Pt 32_FD32_1,Pt 32,coordinate_decline,1.5,RE,Persistence,274,155.32695204498924
Pt 33_FD33_1,Pt 33,all,0.05,RA,State-history,679,24.06251064651987
Pt 33_FD33_1,Pt 33,all,0.05,RA,Persistence,679,23.072519489973004
Pt 33_FD33_1,Pt 33,all,0.05,RE,State-history,679,28.834322969366344
Pt 33_FD33_1,Pt 33,all,0.05,RE,Persistence,679,28.041457088712505
Pt 33_FD33_1,Pt 33,all,0.25,RA,State-history,675,93.57469663482681
Pt 33_FD33_1,Pt 33,all,0.25,RA,Persistence,675,98.13425827580173
Pt 33_FD33_1,Pt 33,all,0.25,RE,State-history,675,111.7904347492729
Pt 33_FD33_1,Pt 33,all,0.25,RE,Persistence,675,113.67219408205406
Pt 33_FD33_1,Pt 33,all,0.5,RA,State-history,670,144.24983644551762
Pt 33_FD33_1,Pt 33,all,0.5,RA,Persistence,670,159.2087542707595
Pt 33_FD33_1,Pt 33,all,0.5,RE,State-history,670,176.45431280912203
Pt 33_FD33_1,Pt 33,all,0.5,RE,Persistence,670,182.60381415978327
Pt 33_FD33_1,Pt 33,all,0.75,RA,State-history,665,196.45062690716324
Pt 33_FD33_1,Pt 33,all,0.75,RA,Persistence,665,214.52335352005142
Pt 33_FD33_1,Pt 33,all,0.75,RE,State-history,665,240.12172397794652
Pt 33_FD33_1,Pt 33,all,0.75,RE,Persistence,665,244.67904666513022
Pt 33_FD33_1,Pt 33,all,1.0,RA,State-history,660,234.84017778916035
Pt 33_FD33_1,Pt 33,all,1.0,RA,Persistence,660,248.64821914679254
Pt 33_FD33_1,Pt 33,all,1.0,RE,State-history,660,293.3439336361202
Pt 33_FD33_1,Pt 33,all,1.0,RE,Persistence,660,278.76116231619136
Pt 33_FD33_1,Pt 33,all,1.25,RA,State-history,655,260.72376721988167
Pt 33_FD33_1,Pt 33,all,1.25,RA,Persistence,655,268.0379398699492
Pt 33_FD33_1,Pt 33,all,1.25,RE,State-history,655,324.9047893961417
Pt 33_FD33_1,Pt 33,all,1.25,RE,Persistence,655,295.8239890466739
Pt 33_FD33_1,Pt 33,all,1.5,RA,State-history,650,269.6616239966499
Pt 33_FD33_1,Pt 33,all,1.5,RA,Persistence,650,278.43287526204085
Pt 33_FD33_1,Pt 33,all,1.5,RE,State-history,650,366.94853787687254
Pt 33_FD33_1,Pt 33,all,1.5,RE,Persistence,650,307.00363143285267
Pt 33_FD33_1,Pt 33,onset_crossing,0.05,RA,State-history,3,0.044587943078801595
Pt 33_FD33_1,Pt 33,onset_crossing,0.05,RA,Persistence,3,0.061471745770575126
Pt 33_FD33_1,Pt 33,onset_crossing,0.05,RE,State-history,3,0.0247358097623376
Pt 33_FD33_1,Pt 33,onset_crossing,0.05,RE,Persistence,3,0.011212153942737299
Pt 33_FD33_1,Pt 33,onset_crossing,0.25,RA,State-history,15,0.521859023931033
Pt 33_FD33_1,Pt 33,onset_crossing,0.25,RA,Persistence,15,1.0818638400881542
Pt 33_FD33_1,Pt 33,onset_crossing,0.25,RE,State-history,15,0.7339196118029532
Pt 33_FD33_1,Pt 33,onset_crossing,0.25,RE,Persistence,15,0.42384364954286874
Pt 33_FD33_1,Pt 33,onset_crossing,0.5,RA,State-history,30,2.132141953641402
Pt 33_FD33_1,Pt 33,onset_crossing,0.5,RA,Persistence,30,3.78085292836014
Pt 33_FD33_1,Pt 33,onset_crossing,0.5,RE,State-history,30,3.1619898163998013
Pt 33_FD33_1,Pt 33,onset_crossing,0.5,RE,Persistence,30,2.7321267630289268
Pt 33_FD33_1,Pt 33,onset_crossing,0.75,RA,State-history,45,10.21768135332154
Pt 33_FD33_1,Pt 33,onset_crossing,0.75,RA,Persistence,45,11.666856512119493
Pt 33_FD33_1,Pt 33,onset_crossing,0.75,RE,State-history,45,11.172432567236612
Pt 33_FD33_1,Pt 33,onset_crossing,0.75,RE,Persistence,45,10.829984656126912
Pt 33_FD33_1,Pt 33,onset_crossing,1.0,RA,State-history,60,25.791013237301943
Pt 33_FD33_1,Pt 33,onset_crossing,1.0,RA,Persistence,60,23.289194985085615
Pt 33_FD33_1,Pt 33,onset_crossing,1.0,RE,State-history,60,26.60222961982695
Pt 33_FD33_1,Pt 33,onset_crossing,1.0,RE,Persistence,60,23.167932900426347
Pt 33_FD33_1,Pt 33,onset_crossing,1.25,RA,State-history,75,43.298317800319204
Pt 33_FD33_1,Pt 33,onset_crossing,1.25,RA,Persistence,75,33.964418350869906
Pt 33_FD33_1,Pt 33,onset_crossing,1.25,RE,State-history,75,49.195400235207515
Pt 33_FD33_1,Pt 33,onset_crossing,1.25,RE,Persistence,75,37.58700796049041
Pt 33_FD33_1,Pt 33,onset_crossing,1.5,RA,State-history,90,62.8319024840721
Pt 33_FD33_1,Pt 33,onset_crossing,1.5,RA,Persistence,90,43.06454772860103
Pt 33_FD33_1,Pt 33,onset_crossing,1.5,RE,State-history,90,75.84053899652989
Pt 33_FD33_1,Pt 33,onset_crossing,1.5,RE,Persistence,90,50.97216552122
Pt 33_FD33_1,Pt 33,coordinate_decline,0.05,RA,State-history,106,4.531293723779826
Pt 33_FD33_1,Pt 33,coordinate_decline,0.05,RA,Persistence,106,5.180699666312266
Pt 33_FD33_1,Pt 33,coordinate_decline,0.05,RE,State-history,106,5.700048239258649
Pt 33_FD33_1,Pt 33,coordinate_decline,0.05,RE,Persistence,106,6.778075443542191
Pt 33_FD33_1,Pt 33,coordinate_decline,0.25,RA,State-history,300,38.89418044907809
Pt 33_FD33_1,Pt 33,coordinate_decline,0.25,RA,Persistence,300,47.88777391192543
Pt 33_FD33_1,Pt 33,coordinate_decline,0.25,RE,State-history,300,44.962138630187596
Pt 33_FD33_1,Pt 33,coordinate_decline,0.25,RE,Persistence,300,56.72451990467374
Pt 33_FD33_1,Pt 33,coordinate_decline,0.5,RA,State-history,314,58.50292245192231
Pt 33_FD33_1,Pt 33,coordinate_decline,0.5,RA,Persistence,314,76.36995974102912
Pt 33_FD33_1,Pt 33,coordinate_decline,0.5,RE,State-history,314,66.16888091178723
Pt 33_FD33_1,Pt 33,coordinate_decline,0.5,RE,Persistence,314,85.45741744001724
Pt 33_FD33_1,Pt 33,coordinate_decline,0.75,RA,State-history,325,92.74718992793814
Pt 33_FD33_1,Pt 33,coordinate_decline,0.75,RA,Persistence,325,102.43502930467929
Pt 33_FD33_1,Pt 33,coordinate_decline,0.75,RE,State-history,325,99.7624858687906
Pt 33_FD33_1,Pt 33,coordinate_decline,0.75,RE,Persistence,325,122.10901212117038
Pt 33_FD33_1,Pt 33,coordinate_decline,1.0,RA,State-history,323,118.14845731609246
Pt 33_FD33_1,Pt 33,coordinate_decline,1.0,RA,Persistence,323,118.66889100893526
Pt 33_FD33_1,Pt 33,coordinate_decline,1.0,RE,State-history,323,136.67981048177285
Pt 33_FD33_1,Pt 33,coordinate_decline,1.0,RE,Persistence,323,136.80695259826925
Pt 33_FD33_1,Pt 33,coordinate_decline,1.25,RA,State-history,322,141.53734633848995
Pt 33_FD33_1,Pt 33,coordinate_decline,1.25,RA,Persistence,322,127.46373271448849
Pt 33_FD33_1,Pt 33,coordinate_decline,1.25,RE,State-history,322,165.15656852528585
Pt 33_FD33_1,Pt 33,coordinate_decline,1.25,RE,Persistence,322,144.11076737692818
Pt 33_FD33_1,Pt 33,coordinate_decline,1.5,RA,State-history,333,155.86162085457931
Pt 33_FD33_1,Pt 33,coordinate_decline,1.5,RA,Persistence,333,132.44260193795603
Pt 33_FD33_1,Pt 33,coordinate_decline,1.5,RE,State-history,333,204.49299152714556
Pt 33_FD33_1,Pt 33,coordinate_decline,1.5,RE,Persistence,333,151.70128754092755
Pt 33_FD33_2,Pt 33,all,0.05,RA,State-history,679,21.3312614272871
Pt 33_FD33_2,Pt 33,all,0.05,RA,Persistence,679,20.156848673704673
Pt 33_FD33_2,Pt 33,all,0.05,RE,State-history,679,25.79148416987072
Pt 33_FD33_2,Pt 33,all,0.05,RE,Persistence,679,25.18541191451086
Pt 33_FD33_2,Pt 33,all,0.25,RA,State-history,675,92.7445685403338
Pt 33_FD33_2,Pt 33,all,0.25,RA,Persistence,675,90.61370753597106
Pt 33_FD33_2,Pt 33,all,0.25,RE,State-history,675,93.21478280963142
Pt 33_FD33_2,Pt 33,all,0.25,RE,Persistence,675,97.05300927987075
Pt 33_FD33_2,Pt 33,all,0.5,RA,State-history,670,162.76775837260112
Pt 33_FD33_2,Pt 33,all,0.5,RA,Persistence,670,162.24882471977406
Pt 33_FD33_2,Pt 33,all,0.5,RE,State-history,670,164.08505175784808
Pt 33_FD33_2,Pt 33,all,0.5,RE,Persistence,670,168.70447099901168
Pt 33_FD33_2,Pt 33,all,0.75,RA,State-history,665,216.81496205986946
Pt 33_FD33_2,Pt 33,all,0.75,RA,Persistence,665,217.55620261592495
Pt 33_FD33_2,Pt 33,all,0.75,RE,State-history,665,224.3756107270803
Pt 33_FD33_2,Pt 33,all,0.75,RE,Persistence,665,235.50132990306804
Pt 33_FD33_2,Pt 33,all,1.0,RA,State-history,660,256.0689892911058
Pt 33_FD33_2,Pt 33,all,1.0,RA,Persistence,660,259.00015440228316
Pt 33_FD33_2,Pt 33,all,1.0,RE,State-history,660,270.8877232832102
Pt 33_FD33_2,Pt 33,all,1.0,RE,Persistence,660,287.2293483817551
Pt 33_FD33_2,Pt 33,all,1.25,RA,State-history,655,282.5983983929433
Pt 33_FD33_2,Pt 33,all,1.25,RA,Persistence,655,292.6292811683701
Pt 33_FD33_2,Pt 33,all,1.25,RE,State-history,655,306.8224052789622
Pt 33_FD33_2,Pt 33,all,1.25,RE,Persistence,655,327.82644011219065
Pt 33_FD33_2,Pt 33,all,1.5,RA,State-history,650,309.42993065143315
Pt 33_FD33_2,Pt 33,all,1.5,RA,Persistence,650,322.26769558595913
Pt 33_FD33_2,Pt 33,all,1.5,RE,State-history,650,333.31154736225994
Pt 33_FD33_2,Pt 33,all,1.5,RE,Persistence,650,360.6110730652145
Pt 33_FD33_2,Pt 33,onset_crossing,0.05,RA,State-history,5,0.347654621078784
Pt 33_FD33_2,Pt 33,onset_crossing,0.05,RA,Persistence,5,0.3623035338272698
Pt 33_FD33_2,Pt 33,onset_crossing,0.05,RE,State-history,5,0.0812745636125976
Pt 33_FD33_2,Pt 33,onset_crossing,0.05,RE,Persistence,5,0.07279570641816471
Pt 33_FD33_2,Pt 33,onset_crossing,0.25,RA,State-history,25,5.91257849971231
Pt 33_FD33_2,Pt 33,onset_crossing,0.25,RA,Persistence,25,6.55771302772421
Pt 33_FD33_2,Pt 33,onset_crossing,0.25,RE,State-history,25,2.044415603809303
Pt 33_FD33_2,Pt 33,onset_crossing,0.25,RE,Persistence,25,2.5875122902809387
Pt 33_FD33_2,Pt 33,onset_crossing,0.5,RA,State-history,49,14.927869164187017
Pt 33_FD33_2,Pt 33,onset_crossing,0.5,RA,Persistence,49,19.22642112505363
Pt 33_FD33_2,Pt 33,onset_crossing,0.5,RE,State-history,49,10.789847197579592
Pt 33_FD33_2,Pt 33,onset_crossing,0.5,RE,Persistence,49,17.025611019443062
Pt 33_FD33_2,Pt 33,onset_crossing,0.75,RA,State-history,69,32.45128240696909
Pt 33_FD33_2,Pt 33,onset_crossing,0.75,RA,Persistence,69,39.47913336005415
Pt 33_FD33_2,Pt 33,onset_crossing,0.75,RE,State-history,69,26.483576499868526
Pt 33_FD33_2,Pt 33,onset_crossing,0.75,RE,Persistence,69,35.99444906862587
Pt 33_FD33_2,Pt 33,onset_crossing,1.0,RA,State-history,89,52.55480254186019
Pt 33_FD33_2,Pt 33,onset_crossing,1.0,RA,Persistence,89,61.77448703247934
Pt 33_FD33_2,Pt 33,onset_crossing,1.0,RE,State-history,89,45.25846920947136
Pt 33_FD33_2,Pt 33,onset_crossing,1.0,RE,Persistence,89,59.124243395262674
Pt 33_FD33_2,Pt 33,onset_crossing,1.25,RA,State-history,109,69.81619283638348
Pt 33_FD33_2,Pt 33,onset_crossing,1.25,RA,Persistence,109,81.1988573391468
Pt 33_FD33_2,Pt 33,onset_crossing,1.25,RE,State-history,109,67.20829470667259
Pt 33_FD33_2,Pt 33,onset_crossing,1.25,RE,Persistence,109,83.61560267457104
Pt 33_FD33_2,Pt 33,onset_crossing,1.5,RA,State-history,129,89.96145059654118
Pt 33_FD33_2,Pt 33,onset_crossing,1.5,RA,Persistence,129,100.95058421425523
Pt 33_FD33_2,Pt 33,onset_crossing,1.5,RE,State-history,129,95.65164659843009
Pt 33_FD33_2,Pt 33,onset_crossing,1.5,RE,Persistence,129,111.59848818315795
Pt 33_FD33_2,Pt 33,coordinate_decline,0.05,RA,State-history,126,6.3813347222808146
Pt 33_FD33_2,Pt 33,coordinate_decline,0.05,RA,Persistence,126,6.49562927736541
Pt 33_FD33_2,Pt 33,coordinate_decline,0.05,RE,State-history,126,5.524060726080319
Pt 33_FD33_2,Pt 33,coordinate_decline,0.05,RE,Persistence,126,6.643240756253818
Pt 33_FD33_2,Pt 33,coordinate_decline,0.25,RA,State-history,297,41.97763475014024
Pt 33_FD33_2,Pt 33,coordinate_decline,0.25,RA,Persistence,297,45.69123407864227
Pt 33_FD33_2,Pt 33,coordinate_decline,0.25,RE,State-history,297,33.47396783451562
Pt 33_FD33_2,Pt 33,coordinate_decline,0.25,RE,Persistence,297,46.83924418647143
Pt 33_FD33_2,Pt 33,coordinate_decline,0.5,RA,State-history,322,73.56430969585715
Pt 33_FD33_2,Pt 33,coordinate_decline,0.5,RA,Persistence,322,84.76885411451872
Pt 33_FD33_2,Pt 33,coordinate_decline,0.5,RE,State-history,322,65.13932979082425
Pt 33_FD33_2,Pt 33,coordinate_decline,0.5,RE,Persistence,322,86.24407955431518
Pt 33_FD33_2,Pt 33,coordinate_decline,0.75,RA,State-history,312,93.11309018804226
Pt 33_FD33_2,Pt 33,coordinate_decline,0.75,RA,Persistence,312,112.99646624521586
Pt 33_FD33_2,Pt 33,coordinate_decline,0.75,RE,State-history,312,90.87412648731616
Pt 33_FD33_2,Pt 33,coordinate_decline,0.75,RE,Persistence,312,118.12362519975136
Pt 33_FD33_2,Pt 33,coordinate_decline,1.0,RA,State-history,332,115.21063152315045
Pt 33_FD33_2,Pt 33,coordinate_decline,1.0,RA,Persistence,332,134.53322696766907
Pt 33_FD33_2,Pt 33,coordinate_decline,1.0,RE,State-history,332,116.86643725696655
Pt 33_FD33_2,Pt 33,coordinate_decline,1.0,RE,Persistence,332,145.17460083526373
Pt 33_FD33_2,Pt 33,coordinate_decline,1.25,RA,State-history,339,128.61991406937082
Pt 33_FD33_2,Pt 33,coordinate_decline,1.25,RA,Persistence,339,151.95393124802825
Pt 33_FD33_2,Pt 33,coordinate_decline,1.25,RE,State-history,339,136.45080165088618
Pt 33_FD33_2,Pt 33,coordinate_decline,1.25,RE,Persistence,339,167.58967865327577
Pt 33_FD33_2,Pt 33,coordinate_decline,1.5,RA,State-history,345,143.17786309325686
Pt 33_FD33_2,Pt 33,coordinate_decline,1.5,RA,Persistence,345,168.193415478804
Pt 33_FD33_2,Pt 33,coordinate_decline,1.5,RE,State-history,345,152.4167141772379
Pt 33_FD33_2,Pt 33,coordinate_decline,1.5,RE,Persistence,345,187.89098180047066
Pt 33_FD33_4,Pt 33,all,0.05,RA,State-history,679,10.262907471276598
Pt 33_FD33_4,Pt 33,all,0.05,RA,Persistence,679,10.591991109694826
Pt 33_FD33_4,Pt 33,all,0.05,RE,State-history,679,28.717942633253273
Pt 33_FD33_4,Pt 33,all,0.05,RE,Persistence,679,46.37568254095934
Pt 33_FD33_4,Pt 33,all,0.25,RA,State-history,675,30.33408178169349
Pt 33_FD33_4,Pt 33,all,0.25,RA,Persistence,675,35.575589459616424
Pt 33_FD33_4,Pt 33,all,0.25,RE,State-history,675,57.5294147700962
Pt 33_FD33_4,Pt 33,all,0.25,RE,Persistence,675,144.98035967613782
Pt 33_FD33_4,Pt 33,all,0.5,RA,State-history,670,51.51454029078816
Pt 33_FD33_4,Pt 33,all,0.5,RA,Persistence,670,45.273752400687414
Pt 33_FD33_4,Pt 33,all,0.5,RE,State-history,670,73.8031524919522
Pt 33_FD33_4,Pt 33,all,0.5,RE,Persistence,670,93.00688591428468
Pt 33_FD33_4,Pt 33,all,0.75,RA,State-history,665,67.35041601767249
Pt 33_FD33_4,Pt 33,all,0.75,RA,Persistence,665,54.56893194634302
Pt 33_FD33_4,Pt 33,all,0.75,RE,State-history,665,94.10673328233614
Pt 33_FD33_4,Pt 33,all,0.75,RE,Persistence,665,163.64858578014886
Pt 33_FD33_4,Pt 33,all,1.0,RA,State-history,660,80.44162265080901
Pt 33_FD33_4,Pt 33,all,1.0,RA,Persistence,660,49.28440721543045
Pt 33_FD33_4,Pt 33,all,1.0,RE,State-history,660,114.74777162663284
Pt 33_FD33_4,Pt 33,all,1.0,RE,Persistence,660,86.13362456079818
Pt 33_FD33_4,Pt 33,all,1.25,RA,State-history,655,92.1062534452484
Pt 33_FD33_4,Pt 33,all,1.25,RA,Persistence,655,64.07144380190485
Pt 33_FD33_4,Pt 33,all,1.25,RE,State-history,655,130.1918465958014
Pt 33_FD33_4,Pt 33,all,1.25,RE,Persistence,655,173.97918903047253
Pt 33_FD33_4,Pt 33,all,1.5,RA,State-history,650,104.07192439368984
Pt 33_FD33_4,Pt 33,all,1.5,RA,Persistence,650,67.42745609625283
Pt 33_FD33_4,Pt 33,all,1.5,RE,State-history,650,150.28865645032366
Pt 33_FD33_4,Pt 33,all,1.5,RE,Persistence,650,122.69691157636211
Pt 33_FD33_4,Pt 33,onset_crossing,0.05,RA,State-history,1,0.002427368509063499
Pt 33_FD33_4,Pt 33,onset_crossing,0.05,RA,Persistence,1,0.001112241043212999
Pt 33_FD33_4,Pt 33,onset_crossing,0.05,RE,State-history,1,0.0014492717711497
Pt 33_FD33_4,Pt 33,onset_crossing,0.05,RE,Persistence,1,9.45055135903e-05
Pt 33_FD33_4,Pt 33,onset_crossing,0.25,RA,State-history,5,0.15489118574206828
Pt 33_FD33_4,Pt 33,onset_crossing,0.25,RA,Persistence,5,0.041130082047467
Pt 33_FD33_4,Pt 33,onset_crossing,0.25,RE,State-history,5,0.0070150522798015005
Pt 33_FD33_4,Pt 33,onset_crossing,0.25,RE,Persistence,5,0.0014724818364516001
Pt 33_FD33_4,Pt 33,onset_crossing,0.5,RA,State-history,10,0.2886497664795023
Pt 33_FD33_4,Pt 33,onset_crossing,0.5,RA,Persistence,10,0.26800503188505886
Pt 33_FD33_4,Pt 33,onset_crossing,0.5,RE,State-history,10,0.013990403869628201
Pt 33_FD33_4,Pt 33,onset_crossing,0.5,RE,Persistence,10,0.027756305260531702
Pt 33_FD33_4,Pt 33,onset_crossing,0.75,RA,State-history,15,0.3542736624073561
Pt 33_FD33_4,Pt 33,onset_crossing,0.75,RA,Persistence,15,0.7518888534174344
Pt 33_FD33_4,Pt 33,onset_crossing,0.75,RE,State-history,15,0.0515292129231603
Pt 33_FD33_4,Pt 33,onset_crossing,0.75,RE,Persistence,15,0.15891856840752652
Pt 33_FD33_4,Pt 33,onset_crossing,1.0,RA,State-history,20,0.8504897072680875
Pt 33_FD33_4,Pt 33,onset_crossing,1.0,RA,Persistence,20,1.9819068136324736
Pt 33_FD33_4,Pt 33,onset_crossing,1.0,RE,State-history,20,0.481009001703073
Pt 33_FD33_4,Pt 33,onset_crossing,1.0,RE,Persistence,20,0.6731439658524874
Pt 33_FD33_4,Pt 33,onset_crossing,1.25,RA,State-history,25,2.304831668229197
Pt 33_FD33_4,Pt 33,onset_crossing,1.25,RA,Persistence,25,4.244854132594871
Pt 33_FD33_4,Pt 33,onset_crossing,1.25,RE,State-history,25,1.747738504753212
Pt 33_FD33_4,Pt 33,onset_crossing,1.25,RE,Persistence,25,1.875473364320644
Pt 33_FD33_4,Pt 33,onset_crossing,1.5,RA,State-history,30,6.979112932799444
Pt 33_FD33_4,Pt 33,onset_crossing,1.5,RA,Persistence,30,7.39340903500211
Pt 33_FD33_4,Pt 33,onset_crossing,1.5,RE,State-history,30,7.179927901494438
Pt 33_FD33_4,Pt 33,onset_crossing,1.5,RE,Persistence,30,4.1419888914537095
Pt 33_FD33_4,Pt 33,coordinate_decline,0.05,RA,State-history,127,2.9311218402497845
Pt 33_FD33_4,Pt 33,coordinate_decline,0.05,RA,Persistence,127,3.5427024598369057
Pt 33_FD33_4,Pt 33,coordinate_decline,0.05,RE,State-history,127,4.494138808998435
Pt 33_FD33_4,Pt 33,coordinate_decline,0.05,RE,Persistence,127,13.010113977008123
Pt 33_FD33_4,Pt 33,coordinate_decline,0.25,RA,State-history,302,13.066850500553787
Pt 33_FD33_4,Pt 33,coordinate_decline,0.25,RA,Persistence,302,21.96200361621961
Pt 33_FD33_4,Pt 33,coordinate_decline,0.25,RE,State-history,302,21.254844502466163
Pt 33_FD33_4,Pt 33,coordinate_decline,0.25,RE,Persistence,302,75.3084546533573
Pt 33_FD33_4,Pt 33,coordinate_decline,0.5,RA,State-history,241,19.72619879498171
Pt 33_FD33_4,Pt 33,coordinate_decline,0.5,RA,Persistence,241,22.994844547094203
Pt 33_FD33_4,Pt 33,coordinate_decline,0.5,RE,State-history,241,22.729180649041055
Pt 33_FD33_4,Pt 33,coordinate_decline,0.5,RE,Persistence,241,44.887311221803124
Pt 33_FD33_4,Pt 33,coordinate_decline,0.75,RA,State-history,309,35.95294461469916
Pt 33_FD33_4,Pt 33,coordinate_decline,0.75,RA,Persistence,309,34.40588074947435
Pt 33_FD33_4,Pt 33,coordinate_decline,0.75,RE,State-history,309,42.77274416507913
Pt 33_FD33_4,Pt 33,coordinate_decline,0.75,RE,Persistence,309,92.55413736347387
Pt 33_FD33_4,Pt 33,coordinate_decline,1.0,RA,State-history,202,40.16558780954734
Pt 33_FD33_4,Pt 33,coordinate_decline,1.0,RA,Persistence,202,28.775325558928788
Pt 33_FD33_4,Pt 33,coordinate_decline,1.0,RE,State-history,202,39.4762251915413
Pt 33_FD33_4,Pt 33,coordinate_decline,1.0,RE,Persistence,202,43.22605913021741
Pt 33_FD33_4,Pt 33,coordinate_decline,1.25,RA,State-history,312,45.19374272726312
Pt 33_FD33_4,Pt 33,coordinate_decline,1.25,RA,Persistence,312,43.1857139458955
Pt 33_FD33_4,Pt 33,coordinate_decline,1.25,RE,State-history,312,50.860349979554144
Pt 33_FD33_4,Pt 33,coordinate_decline,1.25,RE,Persistence,312,101.61235674650288
Pt 33_FD33_4,Pt 33,coordinate_decline,1.5,RA,State-history,251,52.68494185953443
Pt 33_FD33_4,Pt 33,coordinate_decline,1.5,RA,Persistence,251,42.0714916691994
Pt 33_FD33_4,Pt 33,coordinate_decline,1.5,RE,State-history,251,52.647557140647294
Pt 33_FD33_4,Pt 33,coordinate_decline,1.5,RE,Persistence,251,69.57131976712114
Pt 33_FD33_5,Pt 33,all,0.05,RA,State-history,679,17.437304720910625
Pt 33_FD33_5,Pt 33,all,0.05,RA,Persistence,679,16.3667033094003
Pt 33_FD33_5,Pt 33,all,0.05,RE,State-history,679,23.65424627096698
Pt 33_FD33_5,Pt 33,all,0.05,RE,Persistence,679,21.46432074241728
Pt 33_FD33_5,Pt 33,all,0.25,RA,State-history,675,81.54448262294139
Pt 33_FD33_5,Pt 33,all,0.25,RA,Persistence,675,74.46100453241925
Pt 33_FD33_5,Pt 33,all,0.25,RE,State-history,675,89.26547786437506
Pt 33_FD33_5,Pt 33,all,0.25,RE,Persistence,675,83.59746496838
Pt 33_FD33_5,Pt 33,all,0.5,RA,State-history,670,156.30867133584258
Pt 33_FD33_5,Pt 33,all,0.5,RA,Persistence,670,134.61266892125147
Pt 33_FD33_5,Pt 33,all,0.5,RE,State-history,670,180.51551455072934
Pt 33_FD33_5,Pt 33,all,0.5,RE,Persistence,670,151.25744405524338
Pt 33_FD33_5,Pt 33,all,0.75,RA,State-history,665,235.5601637518736
Pt 33_FD33_5,Pt 33,all,0.75,RA,Persistence,665,184.7971531151773
Pt 33_FD33_5,Pt 33,all,0.75,RE,State-history,665,278.79919606749064
Pt 33_FD33_5,Pt 33,all,0.75,RE,Persistence,665,206.69361787107516
Pt 33_FD33_5,Pt 33,all,1.0,RA,State-history,660,297.8564210841022
Pt 33_FD33_5,Pt 33,all,1.0,RA,Persistence,660,223.3775623465007
Pt 33_FD33_5,Pt 33,all,1.0,RE,State-history,660,361.6332228547478
Pt 33_FD33_5,Pt 33,all,1.0,RE,Persistence,660,255.4712217652285
Pt 33_FD33_5,Pt 33,all,1.25,RA,State-history,655,341.26243815096416
Pt 33_FD33_5,Pt 33,all,1.25,RA,Persistence,655,253.42986311159694
Pt 33_FD33_5,Pt 33,all,1.25,RE,State-history,655,413.97579943399893
Pt 33_FD33_5,Pt 33,all,1.25,RE,Persistence,655,295.8714276955526
Pt 33_FD33_5,Pt 33,all,1.5,RA,State-history,650,362.38652948274023
Pt 33_FD33_5,Pt 33,all,1.5,RA,Persistence,650,276.58140346653977
Pt 33_FD33_5,Pt 33,all,1.5,RE,State-history,650,430.4159757936668
Pt 33_FD33_5,Pt 33,all,1.5,RE,Persistence,650,325.65331825075026
Pt 33_FD33_5,Pt 33,onset_crossing,0.05,RA,State-history,4,0.01905563216307414
Pt 33_FD33_5,Pt 33,onset_crossing,0.05,RA,Persistence,4,0.032207364756032586
Pt 33_FD33_5,Pt 33,onset_crossing,0.05,RE,State-history,4,0.029456751387189412
Pt 33_FD33_5,Pt 33,onset_crossing,0.05,RE,Persistence,4,0.06284741044876821
Pt 33_FD33_5,Pt 33,onset_crossing,0.25,RA,State-history,20,1.4174312223606
Pt 33_FD33_5,Pt 33,onset_crossing,0.25,RA,Persistence,20,2.324273780138005
Pt 33_FD33_5,Pt 33,onset_crossing,0.25,RE,State-history,20,0.36334633919135245
Pt 33_FD33_5,Pt 33,onset_crossing,0.25,RE,Persistence,20,1.1888632467620788
Pt 33_FD33_5,Pt 33,onset_crossing,0.5,RA,State-history,40,8.267480684130298
Pt 33_FD33_5,Pt 33,onset_crossing,0.5,RA,Persistence,40,9.71510635747591
Pt 33_FD33_5,Pt 33,onset_crossing,0.5,RE,State-history,40,8.357297464118034
Pt 33_FD33_5,Pt 33,onset_crossing,0.5,RE,Persistence,40,8.62004781056004
Pt 33_FD33_5,Pt 33,onset_crossing,0.75,RA,State-history,60,24.316914554269633
Pt 33_FD33_5,Pt 33,onset_crossing,0.75,RA,Persistence,60,24.09371696730232
Pt 33_FD33_5,Pt 33,onset_crossing,0.75,RE,State-history,60,26.800742687930345
Pt 33_FD33_5,Pt 33,onset_crossing,0.75,RE,Persistence,60,22.41997956331614
Pt 33_FD33_5,Pt 33,onset_crossing,1.0,RA,State-history,80,40.84401837876736
Pt 33_FD33_5,Pt 33,onset_crossing,1.0,RA,Persistence,80,41.03582736272801
Pt 33_FD33_5,Pt 33,onset_crossing,1.0,RE,State-history,80,45.98066750509661
Pt 33_FD33_5,Pt 33,onset_crossing,1.0,RE,Persistence,80,40.20134265797689
Pt 33_FD33_5,Pt 33,onset_crossing,1.25,RA,State-history,100,55.368076020705864
Pt 33_FD33_5,Pt 33,onset_crossing,1.25,RA,Persistence,100,59.237448566577044
Pt 33_FD33_5,Pt 33,onset_crossing,1.25,RE,State-history,100,64.74651404065831
Pt 33_FD33_5,Pt 33,onset_crossing,1.25,RE,Persistence,100,62.68482655264274
Pt 33_FD33_5,Pt 33,onset_crossing,1.5,RA,State-history,120,66.55462509012435
Pt 33_FD33_5,Pt 33,onset_crossing,1.5,RA,Persistence,120,77.63750614173654
Pt 33_FD33_5,Pt 33,onset_crossing,1.5,RE,State-history,120,77.65117958269421
Pt 33_FD33_5,Pt 33,onset_crossing,1.5,RE,Persistence,120,85.17715619611383
Pt 33_FD33_5,Pt 33,coordinate_decline,0.05,RA,State-history,127,5.433761960116667
Pt 33_FD33_5,Pt 33,coordinate_decline,0.05,RA,Persistence,127,5.791778214486149
Pt 33_FD33_5,Pt 33,coordinate_decline,0.05,RE,State-history,127,4.73748273919164
Pt 33_FD33_5,Pt 33,coordinate_decline,0.05,RE,Persistence,127,5.586446897970996
Pt 33_FD33_5,Pt 33,coordinate_decline,0.25,RA,State-history,308,41.747335759225436
Pt 33_FD33_5,Pt 33,coordinate_decline,0.25,RA,Persistence,308,40.42853614194142
Pt 33_FD33_5,Pt 33,coordinate_decline,0.25,RE,State-history,308,34.93188525287219
Pt 33_FD33_5,Pt 33,coordinate_decline,0.25,RE,Persistence,308,40.89472021850336
Pt 33_FD33_5,Pt 33,coordinate_decline,0.5,RA,State-history,323,76.6835285929098
Pt 33_FD33_5,Pt 33,coordinate_decline,0.5,RA,Persistence,323,71.20407784261226
Pt 33_FD33_5,Pt 33,coordinate_decline,0.5,RE,State-history,323,80.64502813307504
Pt 33_FD33_5,Pt 33,coordinate_decline,0.5,RE,Persistence,323,77.7154634896917
Pt 33_FD33_5,Pt 33,coordinate_decline,0.75,RA,State-history,329,116.15939337427771
Pt 33_FD33_5,Pt 33,coordinate_decline,0.75,RA,Persistence,329,98.36425058213473
Pt 33_FD33_5,Pt 33,coordinate_decline,0.75,RE,State-history,329,136.61048755715927
Pt 33_FD33_5,Pt 33,coordinate_decline,0.75,RE,Persistence,329,111.87187748041478
Pt 33_FD33_5,Pt 33,coordinate_decline,1.0,RA,State-history,325,149.16739781754637
Pt 33_FD33_5,Pt 33,coordinate_decline,1.0,RA,Persistence,325,119.35706103525712
Pt 33_FD33_5,Pt 33,coordinate_decline,1.0,RE,State-history,325,183.90943874091377
Pt 33_FD33_5,Pt 33,coordinate_decline,1.0,RE,Persistence,325,138.8733768870986
Pt 33_FD33_5,Pt 33,coordinate_decline,1.25,RA,State-history,327,175.65766421682923
Pt 33_FD33_5,Pt 33,coordinate_decline,1.25,RA,Persistence,327,137.0783689400743
Pt 33_FD33_5,Pt 33,coordinate_decline,1.25,RE,State-history,327,212.18602700171328
Pt 33_FD33_5,Pt 33,coordinate_decline,1.25,RE,Persistence,327,161.45896651887534
Pt 33_FD33_5,Pt 33,coordinate_decline,1.5,RA,State-history,324,188.27452699209516
Pt 33_FD33_5,Pt 33,coordinate_decline,1.5,RA,Persistence,324,150.96088468852756
Pt 33_FD33_5,Pt 33,coordinate_decline,1.5,RE,State-history,324,221.57881024657212
Pt 33_FD33_5,Pt 33,coordinate_decline,1.5,RE,Persistence,324,179.83196065679024
Pt 33_FD33_6,Pt 33,all,0.05,RA,State-history,679,17.56314659942359
Pt 33_FD33_6,Pt 33,all,0.05,RA,Persistence,679,15.498912908467117
Pt 33_FD33_6,Pt 33,all,0.05,RE,State-history,679,41.306228982422724
Pt 33_FD33_6,Pt 33,all,0.05,RE,Persistence,679,40.12195053360364
Pt 33_FD33_6,Pt 33,all,0.25,RA,State-history,675,70.81562903329062
Pt 33_FD33_6,Pt 33,all,0.25,RA,Persistence,675,62.88948997159302
Pt 33_FD33_6,Pt 33,all,0.25,RE,State-history,675,120.18750207133323
Pt 33_FD33_6,Pt 33,all,0.25,RE,Persistence,675,136.4297586505653
Pt 33_FD33_6,Pt 33,all,0.5,RA,State-history,670,106.12323380079755
Pt 33_FD33_6,Pt 33,all,0.5,RA,Persistence,670,95.48852516665104
Pt 33_FD33_6,Pt 33,all,0.5,RE,State-history,670,156.6576271271638
Pt 33_FD33_6,Pt 33,all,0.5,RE,Persistence,670,159.88838245849064
Pt 33_FD33_6,Pt 33,all,0.75,RA,State-history,665,134.6273160149309
Pt 33_FD33_6,Pt 33,all,0.75,RA,Persistence,665,126.26957135020518
Pt 33_FD33_6,Pt 33,all,0.75,RE,State-history,665,205.6222841216212
Pt 33_FD33_6,Pt 33,all,0.75,RE,Persistence,665,244.1114634337771
Pt 33_FD33_6,Pt 33,all,1.0,RA,State-history,660,153.964746451968
Pt 33_FD33_6,Pt 33,all,1.0,RA,Persistence,660,148.6557870640144
Pt 33_FD33_6,Pt 33,all,1.0,RE,State-history,660,228.29166920687646
Pt 33_FD33_6,Pt 33,all,1.0,RE,Persistence,660,258.994933620855
Pt 33_FD33_6,Pt 33,all,1.25,RA,State-history,655,166.47310639707763
Pt 33_FD33_6,Pt 33,all,1.25,RA,Persistence,655,171.12194748475042
Pt 33_FD33_6,Pt 33,all,1.25,RE,State-history,655,259.8014078026869
Pt 33_FD33_6,Pt 33,all,1.25,RE,Persistence,655,321.9880318445089
Pt 33_FD33_6,Pt 33,all,1.5,RA,State-history,650,178.51594488637255
Pt 33_FD33_6,Pt 33,all,1.5,RA,Persistence,650,187.51973998185633
Pt 33_FD33_6,Pt 33,all,1.5,RE,State-history,650,274.1469950569136
Pt 33_FD33_6,Pt 33,all,1.5,RE,Persistence,650,324.71570978873507
Pt 33_FD33_6,Pt 33,onset_crossing,0.05,RA,State-history,2,0.08997793769594578
Pt 33_FD33_6,Pt 33,onset_crossing,0.05,RA,Persistence,2,0.07547937698939772
Pt 33_FD33_6,Pt 33,onset_crossing,0.05,RE,State-history,2,0.010722034050196788
Pt 33_FD33_6,Pt 33,onset_crossing,0.05,RE,Persistence,2,2.788833860020018e-05
Pt 33_FD33_6,Pt 33,onset_crossing,0.25,RA,State-history,10,2.2742275359488637
Pt 33_FD33_6,Pt 33,onset_crossing,0.25,RA,Persistence,10,2.2344115367617667
Pt 33_FD33_6,Pt 33,onset_crossing,0.25,RE,State-history,10,1.0516933042581935
Pt 33_FD33_6,Pt 33,onset_crossing,0.25,RE,Persistence,10,1.1044019726499275
Pt 33_FD33_6,Pt 33,onset_crossing,0.5,RA,State-history,20,5.011787778828637
Pt 33_FD33_6,Pt 33,onset_crossing,0.5,RA,Persistence,20,5.485873694996879
Pt 33_FD33_6,Pt 33,onset_crossing,0.5,RE,State-history,20,6.496253865595908
Pt 33_FD33_6,Pt 33,onset_crossing,0.5,RE,Persistence,20,6.837496959630681
Pt 33_FD33_6,Pt 33,onset_crossing,0.75,RA,State-history,30,10.707664106246474
Pt 33_FD33_6,Pt 33,onset_crossing,0.75,RA,Persistence,30,10.933775635039256
Pt 33_FD33_6,Pt 33,onset_crossing,0.75,RE,State-history,30,13.07674820272406
Pt 33_FD33_6,Pt 33,onset_crossing,0.75,RE,Persistence,30,12.721796147209457
Pt 33_FD33_6,Pt 33,onset_crossing,1.0,RA,State-history,40,17.13170457896577
Pt 33_FD33_6,Pt 33,onset_crossing,1.0,RA,Persistence,40,16.467997909229542
Pt 33_FD33_6,Pt 33,onset_crossing,1.0,RE,State-history,40,20.803910325863686
Pt 33_FD33_6,Pt 33,onset_crossing,1.0,RE,Persistence,40,20.688820031744953
Pt 33_FD33_6,Pt 33,onset_crossing,1.25,RA,State-history,50,21.844476350670686
Pt 33_FD33_6,Pt 33,onset_crossing,1.25,RA,Persistence,50,22.23965797376822
Pt 33_FD33_6,Pt 33,onset_crossing,1.25,RE,State-history,50,26.12476376400492
Pt 33_FD33_6,Pt 33,onset_crossing,1.25,RE,Persistence,50,27.92457026484869
Pt 33_FD33_6,Pt 33,onset_crossing,1.5,RA,State-history,60,26.335000824367746
Pt 33_FD33_6,Pt 33,onset_crossing,1.5,RA,Persistence,60,29.471452956016734
Pt 33_FD33_6,Pt 33,onset_crossing,1.5,RE,State-history,60,33.07639626492447
Pt 33_FD33_6,Pt 33,onset_crossing,1.5,RE,Persistence,60,38.108545599127666
Pt 33_FD33_6,Pt 33,coordinate_decline,0.05,RA,State-history,105,4.041785037931871
Pt 33_FD33_6,Pt 33,coordinate_decline,0.05,RA,Persistence,105,4.0497171582533085
Pt 33_FD33_6,Pt 33,coordinate_decline,0.05,RE,State-history,105,7.998577126311729
Pt 33_FD33_6,Pt 33,coordinate_decline,0.05,RE,Persistence,105,9.420042213215543
Pt 33_FD33_6,Pt 33,coordinate_decline,0.25,RA,State-history,322,34.50678581671892
Pt 33_FD33_6,Pt 33,coordinate_decline,0.25,RA,Persistence,322,35.84539943132787
Pt 33_FD33_6,Pt 33,coordinate_decline,0.25,RE,State-history,322,42.52391326502395
Pt 33_FD33_6,Pt 33,coordinate_decline,0.25,RE,Persistence,322,72.6841146190048
Pt 33_FD33_6,Pt 33,coordinate_decline,0.5,RA,State-history,318,46.13858111374279
Pt 33_FD33_6,Pt 33,coordinate_decline,0.5,RA,Persistence,318,52.38871460322456
Pt 33_FD33_6,Pt 33,coordinate_decline,0.5,RE,State-history,318,48.93923714954251
Pt 33_FD33_6,Pt 33,coordinate_decline,0.5,RE,Persistence,318,85.02690001225605
Pt 33_FD33_6,Pt 33,coordinate_decline,0.75,RA,State-history,352,64.33116455595096
Pt 33_FD33_6,Pt 33,coordinate_decline,0.75,RA,Persistence,352,70.94304997829794
Pt 33_FD33_6,Pt 33,coordinate_decline,0.75,RE,State-history,352,78.15653147618508
Pt 33_FD33_6,Pt 33,coordinate_decline,0.75,RE,Persistence,352,136.60642623323582
Pt 33_FD33_6,Pt 33,coordinate_decline,1.0,RA,State-history,327,73.06734786658821
Pt 33_FD33_6,Pt 33,coordinate_decline,1.0,RA,Persistence,327,82.28239079908832
Pt 33_FD33_6,Pt 33,coordinate_decline,1.0,RE,State-history,327,86.68159844090019
Pt 33_FD33_6,Pt 33,coordinate_decline,1.0,RE,Persistence,327,141.5606712072398
Pt 33_FD33_6,Pt 33,coordinate_decline,1.25,RA,State-history,365,84.64090962411694
Pt 33_FD33_6,Pt 33,coordinate_decline,1.25,RA,Persistence,365,97.88346461423286
Pt 33_FD33_6,Pt 33,coordinate_decline,1.25,RE,State-history,365,115.34052583586059
Pt 33_FD33_6,Pt 33,coordinate_decline,1.25,RE,Persistence,365,183.24189426853357
Pt 33_FD33_6,Pt 33,coordinate_decline,1.5,RA,State-history,366,92.62569250786868
Pt 33_FD33_6,Pt 33,coordinate_decline,1.5,RA,Persistence,366,108.63861549261188
Pt 33_FD33_6,Pt 33,coordinate_decline,1.5,RE,State-history,366,127.37649058293262
Pt 33_FD33_6,Pt 33,coordinate_decline,1.5,RE,Persistence,366,182.2488002787925
