tag,participant,regime,horizon_sec,coordinate,method,n,absolute_error_sum
Pt 10_FD10_1,Pt 10,all,0.05,RA,State-history,609,31.948204727686992
Pt 10_FD10_1,Pt 10,all,0.05,RA,Persistence,609,31.22050463021613
Pt 10_FD10_1,Pt 10,all,0.05,RE,State-history,609,29.26052389741804
Pt 10_FD10_1,Pt 10,all,0.05,RE,Persistence,609,27.630235833554107
Pt 10_FD10_1,Pt 10,all,0.25,RA,State-history,605,137.5436786195201
Pt 10_FD10_1,Pt 10,all,0.25,RA,Persistence,605,137.92644039817526
Pt 10_FD10_1,Pt 10,all,0.25,RE,State-history,605,131.76694843950264
Pt 10_FD10_1,Pt 10,all,0.25,RE,Persistence,605,133.11783925471198
Pt 10_FD10_1,Pt 10,all,0.5,RA,State-history,600,234.61079171992964
Pt 10_FD10_1,Pt 10,all,0.5,RA,Persistence,600,233.9757032994976
Pt 10_FD10_1,Pt 10,all,0.5,RE,State-history,600,252.59917262177157
Pt 10_FD10_1,Pt 10,all,0.5,RE,Persistence,600,256.1573840450577
Pt 10_FD10_1,Pt 10,all,0.75,RA,State-history,595,297.93444789383244
Pt 10_FD10_1,Pt 10,all,0.75,RA,Persistence,595,321.31040976475583
Pt 10_FD10_1,Pt 10,all,0.75,RE,State-history,595,347.9903288336877
Pt 10_FD10_1,Pt 10,all,0.75,RE,Persistence,595,375.3221575004756
Pt 10_FD10_1,Pt 10,all,1.0,RA,State-history,590,345.64549619870934
Pt 10_FD10_1,Pt 10,all,1.0,RA,Persistence,590,410.34392375208756
Pt 10_FD10_1,Pt 10,all,1.0,RE,State-history,590,405.5500116444899
Pt 10_FD10_1,Pt 10,all,1.0,RE,Persistence,590,481.8678957974464
Pt 10_FD10_1,Pt 10,all,1.25,RA,State-history,585,368.203564797563
Pt 10_FD10_1,Pt 10,all,1.25,RA,Persistence,585,475.2873020041594
Pt 10_FD10_1,Pt 10,all,1.25,RE,State-history,585,446.41960253396337
Pt 10_FD10_1,Pt 10,all,1.25,RE,Persistence,585,560.1596534173619
Pt 10_FD10_1,Pt 10,all,1.5,RA,State-history,580,383.91520534201334
Pt 10_FD10_1,Pt 10,all,1.5,RA,Persistence,580,536.6666164372384
Pt 10_FD10_1,Pt 10,all,1.5,RE,State-history,580,474.753976992647
Pt 10_FD10_1,Pt 10,all,1.5,RE,Persistence,580,620.5791442408936
Pt 10_FD10_1,Pt 10,onset_crossing,0.05,RA,State-history,10,0.4642730628191399
Pt 10_FD10_1,Pt 10,onset_crossing,0.05,RA,Persistence,10,0.41672965966567466
Pt 10_FD10_1,Pt 10,onset_crossing,0.05,RE,State-history,10,0.6756737520181682
Pt 10_FD10_1,Pt 10,onset_crossing,0.05,RE,Persistence,10,0.6613006483112442
Pt 10_FD10_1,Pt 10,onset_crossing,0.25,RA,State-history,50,11.13269861514236
Pt 10_FD10_1,Pt 10,onset_crossing,0.25,RA,Persistence,50,10.309519057601007
Pt 10_FD10_1,Pt 10,onset_crossing,0.25,RE,State-history,50,9.356958406739237
Pt 10_FD10_1,Pt 10,onset_crossing,0.25,RE,Persistence,50,10.43104018515721
Pt 10_FD10_1,Pt 10,onset_crossing,0.5,RA,State-history,100,35.56078775316458
Pt 10_FD10_1,Pt 10,onset_crossing,0.5,RA,Persistence,100,31.972335730052407
Pt 10_FD10_1,Pt 10,onset_crossing,0.5,RE,State-history,100,40.555229763715786
Pt 10_FD10_1,Pt 10,onset_crossing,0.5,RE,Persistence,100,40.706701707260294
Pt 10_FD10_1,Pt 10,onset_crossing,0.75,RA,State-history,150,70.04561883597822
Pt 10_FD10_1,Pt 10,onset_crossing,0.75,RA,Persistence,150,64.14069184555723
Pt 10_FD10_1,Pt 10,onset_crossing,0.75,RE,State-history,150,84.12834367823484
Pt 10_FD10_1,Pt 10,onset_crossing,0.75,RE,Persistence,150,87.05579771086741
Pt 10_FD10_1,Pt 10,onset_crossing,1.0,RA,State-history,198,109.43277238499871
Pt 10_FD10_1,Pt 10,onset_crossing,1.0,RA,Persistence,198,112.34983484341274
Pt 10_FD10_1,Pt 10,onset_crossing,1.0,RE,State-history,198,132.08061225933582
Pt 10_FD10_1,Pt 10,onset_crossing,1.0,RE,Persistence,198,153.07477061196602
Pt 10_FD10_1,Pt 10,onset_crossing,1.25,RA,State-history,243,151.05631177235415
Pt 10_FD10_1,Pt 10,onset_crossing,1.25,RA,Persistence,243,177.62647544596138
Pt 10_FD10_1,Pt 10,onset_crossing,1.25,RE,State-history,243,178.8310167372624
Pt 10_FD10_1,Pt 10,onset_crossing,1.25,RE,Persistence,243,218.80563572169115
Pt 10_FD10_1,Pt 10,onset_crossing,1.5,RA,State-history,283,181.75875000138618
Pt 10_FD10_1,Pt 10,onset_crossing,1.5,RA,Persistence,283,240.9974267793301
Pt 10_FD10_1,Pt 10,onset_crossing,1.5,RE,State-history,283,216.63672722629207
Pt 10_FD10_1,Pt 10,onset_crossing,1.5,RE,Persistence,283,289.43163002772883
Pt 10_FD10_1,Pt 10,coordinate_decline,0.05,RA,State-history,116,8.120109157278444
Pt 10_FD10_1,Pt 10,coordinate_decline,0.05,RA,Persistence,116,9.532416729510249
Pt 10_FD10_1,Pt 10,coordinate_decline,0.05,RE,State-history,116,8.961538270136165
Pt 10_FD10_1,Pt 10,coordinate_decline,0.05,RE,Persistence,116,10.51804862493982
Pt 10_FD10_1,Pt 10,coordinate_decline,0.25,RA,State-history,265,57.759516758886775
Pt 10_FD10_1,Pt 10,coordinate_decline,0.25,RA,Persistence,265,68.54775825473702
Pt 10_FD10_1,Pt 10,coordinate_decline,0.25,RE,State-history,265,57.40920853750263
Pt 10_FD10_1,Pt 10,coordinate_decline,0.25,RE,Persistence,265,66.84909893511347
Pt 10_FD10_1,Pt 10,coordinate_decline,0.5,RA,State-history,288,100.10313445006027
Pt 10_FD10_1,Pt 10,coordinate_decline,0.5,RA,Persistence,288,115.5411628097196
Pt 10_FD10_1,Pt 10,coordinate_decline,0.5,RE,State-history,288,112.44072192112192
Pt 10_FD10_1,Pt 10,coordinate_decline,0.5,RE,Persistence,288,129.8844419475347
Pt 10_FD10_1,Pt 10,coordinate_decline,0.75,RA,State-history,291,130.93496891781865
Pt 10_FD10_1,Pt 10,coordinate_decline,0.75,RA,Persistence,291,159.15119008817732
Pt 10_FD10_1,Pt 10,coordinate_decline,0.75,RE,State-history,291,155.3472133482328
Pt 10_FD10_1,Pt 10,coordinate_decline,0.75,RE,Persistence,291,189.6733153017988
Pt 10_FD10_1,Pt 10,coordinate_decline,1.0,RA,State-history,305,160.60030079737575
Pt 10_FD10_1,Pt 10,coordinate_decline,1.0,RA,Persistence,305,204.30518498870254
Pt 10_FD10_1,Pt 10,coordinate_decline,1.0,RE,State-history,305,183.13109562877787
Pt 10_FD10_1,Pt 10,coordinate_decline,1.0,RE,Persistence,305,244.18848525821517
Pt 10_FD10_1,Pt 10,coordinate_decline,1.25,RA,State-history,304,170.36783114540134
Pt 10_FD10_1,Pt 10,coordinate_decline,1.25,RA,Persistence,304,237.06783466807894
Pt 10_FD10_1,Pt 10,coordinate_decline,1.25,RE,State-history,304,200.42903825403215
Pt 10_FD10_1,Pt 10,coordinate_decline,1.25,RE,Persistence,304,281.7799570464165
Pt 10_FD10_1,Pt 10,coordinate_decline,1.5,RA,State-history,297,179.8195505406382
Pt 10_FD10_1,Pt 10,coordinate_decline,1.5,RA,Persistence,297,269.5014088298054
Pt 10_FD10_1,Pt 10,coordinate_decline,1.5,RE,State-history,297,216.4396142130899
Pt 10_FD10_1,Pt 10,coordinate_decline,1.5,RE,Persistence,297,311.55747066139816
Pt 10_FD10_2,Pt 10,all,0.05,RA,State-history,609,19.08318038004543
Pt 10_FD10_2,Pt 10,all,0.05,RA,Persistence,609,15.72700488173183
Pt 10_FD10_2,Pt 10,all,0.05,RE,State-history,609,25.73486589544067
Pt 10_FD10_2,Pt 10,all,0.05,RE,Persistence,609,22.251410961396825
Pt 10_FD10_2,Pt 10,all,0.25,RA,State-history,605,66.10650910905292
Pt 10_FD10_2,Pt 10,all,0.25,RA,Persistence,605,60.24861442353148
Pt 10_FD10_2,Pt 10,all,0.25,RE,State-history,605,78.59979480931005
Pt 10_FD10_2,Pt 10,all,0.25,RE,Persistence,605,75.74766184230194
Pt 10_FD10_2,Pt 10,all,0.5,RA,State-history,600,109.86269259664957
Pt 10_FD10_2,Pt 10,all,0.5,RA,Persistence,600,91.36721133661575
Pt 10_FD10_2,Pt 10,all,0.5,RE,State-history,600,109.15889725937134
Pt 10_FD10_2,Pt 10,all,0.5,RE,Persistence,600,91.46681072440641
Pt 10_FD10_2,Pt 10,all,0.75,RA,State-history,595,152.30027746287846
Pt 10_FD10_2,Pt 10,all,0.75,RA,Persistence,595,118.7811485605279
Pt 10_FD10_2,Pt 10,all,0.75,RE,State-history,595,155.74558515734867
Pt 10_FD10_2,Pt 10,all,0.75,RE,Persistence,595,130.5843067607433
Pt 10_FD10_2,Pt 10,all,1.0,RA,State-history,590,190.50100485116434
Pt 10_FD10_2,Pt 10,all,1.0,RA,Persistence,590,132.9516339701467
Pt 10_FD10_2,Pt 10,all,1.0,RE,State-history,590,208.17231597649248
Pt 10_FD10_2,Pt 10,all,1.0,RE,Persistence,590,140.88480561133213
Pt 10_FD10_2,Pt 10,all,1.25,RA,State-history,585,225.89470508730057
Pt 10_FD10_2,Pt 10,all,1.25,RA,Persistence,585,152.4100951864384
Pt 10_FD10_2,Pt 10,all,1.25,RE,State-history,585,253.35261158323564
Pt 10_FD10_2,Pt 10,all,1.25,RE,Persistence,585,181.86547291478618
Pt 10_FD10_2,Pt 10,all,1.5,RA,State-history,580,242.01734876391575
Pt 10_FD10_2,Pt 10,all,1.5,RA,Persistence,580,168.961567877309
Pt 10_FD10_2,Pt 10,all,1.5,RE,State-history,580,276.94680509218966
Pt 10_FD10_2,Pt 10,all,1.5,RE,Persistence,580,200.76828460918256
Pt 10_FD10_2,Pt 10,onset_crossing,0.05,RA,State-history,2,0.07162874840154829
Pt 10_FD10_2,Pt 10,onset_crossing,0.05,RA,Persistence,2,0.06057189323890108
Pt 10_FD10_2,Pt 10,onset_crossing,0.05,RE,State-history,2,0.03879070872927273
Pt 10_FD10_2,Pt 10,onset_crossing,0.05,RE,Persistence,2,0.003396429426206757
Pt 10_FD10_2,Pt 10,onset_crossing,0.25,RA,State-history,10,1.5510507354906844
Pt 10_FD10_2,Pt 10,onset_crossing,0.25,RA,Persistence,10,1.2479089145872515
Pt 10_FD10_2,Pt 10,onset_crossing,0.25,RE,State-history,10,0.5183453062878265
Pt 10_FD10_2,Pt 10,onset_crossing,0.25,RE,Persistence,10,0.10347448845655874
Pt 10_FD10_2,Pt 10,onset_crossing,0.5,RA,State-history,20,3.666545510947072
Pt 10_FD10_2,Pt 10,onset_crossing,0.5,RA,Persistence,20,2.892670263121154
Pt 10_FD10_2,Pt 10,onset_crossing,0.5,RE,State-history,20,2.562064300588008
Pt 10_FD10_2,Pt 10,onset_crossing,0.5,RE,Persistence,20,0.29629055817291083
Pt 10_FD10_2,Pt 10,onset_crossing,0.75,RA,State-history,30,5.978274813865255
Pt 10_FD10_2,Pt 10,onset_crossing,0.75,RA,Persistence,30,4.329526465078077
Pt 10_FD10_2,Pt 10,onset_crossing,0.75,RE,State-history,30,7.227290721159616
Pt 10_FD10_2,Pt 10,onset_crossing,0.75,RE,Persistence,30,0.5251193705004253
Pt 10_FD10_2,Pt 10,onset_crossing,1.0,RA,State-history,40,10.493712950931295
Pt 10_FD10_2,Pt 10,onset_crossing,1.0,RA,Persistence,40,4.750523506017793
Pt 10_FD10_2,Pt 10,onset_crossing,1.0,RE,State-history,40,12.526693510634495
Pt 10_FD10_2,Pt 10,onset_crossing,1.0,RE,Persistence,40,0.8625838541526171
Pt 10_FD10_2,Pt 10,onset_crossing,1.25,RA,State-history,50,19.42856016117704
Pt 10_FD10_2,Pt 10,onset_crossing,1.25,RA,Persistence,50,6.445666905244586
Pt 10_FD10_2,Pt 10,onset_crossing,1.25,RE,State-history,50,21.022890971539187
Pt 10_FD10_2,Pt 10,onset_crossing,1.25,RE,Persistence,50,2.3241965233867936
Pt 10_FD10_2,Pt 10,onset_crossing,1.5,RA,State-history,60,28.4467899898202
Pt 10_FD10_2,Pt 10,onset_crossing,1.5,RA,Persistence,60,12.376642690760233
Pt 10_FD10_2,Pt 10,onset_crossing,1.5,RE,State-history,60,30.598564432966675
Pt 10_FD10_2,Pt 10,onset_crossing,1.5,RE,Persistence,60,4.716440166397483
Pt 10_FD10_2,Pt 10,coordinate_decline,0.05,RA,State-history,81,3.9169648147312044
Pt 10_FD10_2,Pt 10,coordinate_decline,0.05,RA,Persistence,81,4.303123912230411
Pt 10_FD10_2,Pt 10,coordinate_decline,0.05,RE,State-history,81,5.175542941787551
Pt 10_FD10_2,Pt 10,coordinate_decline,0.05,RE,Persistence,81,5.521837222813827
Pt 10_FD10_2,Pt 10,coordinate_decline,0.25,RA,State-history,243,28.874168712282028
Pt 10_FD10_2,Pt 10,coordinate_decline,0.25,RA,Persistence,243,34.28853461072938
Pt 10_FD10_2,Pt 10,coordinate_decline,0.25,RE,State-history,243,33.8942216447801
Pt 10_FD10_2,Pt 10,coordinate_decline,0.25,RE,Persistence,243,42.564861240324575
Pt 10_FD10_2,Pt 10,coordinate_decline,0.5,RA,State-history,256,43.501875530616275
Pt 10_FD10_2,Pt 10,coordinate_decline,0.5,RA,Persistence,256,50.925694256549264
Pt 10_FD10_2,Pt 10,coordinate_decline,0.5,RE,State-history,256,46.877753706213916
Pt 10_FD10_2,Pt 10,coordinate_decline,0.5,RE,Persistence,256,50.976929441152265
Pt 10_FD10_2,Pt 10,coordinate_decline,0.75,RA,State-history,328,80.02258544163733
Pt 10_FD10_2,Pt 10,coordinate_decline,0.75,RA,Persistence,328,74.12975255931997
Pt 10_FD10_2,Pt 10,coordinate_decline,0.75,RE,State-history,328,85.81309143328436
Pt 10_FD10_2,Pt 10,coordinate_decline,0.75,RE,Persistence,328,80.4934663437757
Pt 10_FD10_2,Pt 10,coordinate_decline,1.0,RA,State-history,322,104.83569796076978
Pt 10_FD10_2,Pt 10,coordinate_decline,1.0,RA,Persistence,322,82.08661986883163
Pt 10_FD10_2,Pt 10,coordinate_decline,1.0,RE,State-history,322,117.77360865839984
Pt 10_FD10_2,Pt 10,coordinate_decline,1.0,RE,Persistence,322,87.21195125208808
Pt 10_FD10_2,Pt 10,coordinate_decline,1.25,RA,State-history,368,148.0889508427855
Pt 10_FD10_2,Pt 10,coordinate_decline,1.25,RA,Persistence,368,99.19184623774359
Pt 10_FD10_2,Pt 10,coordinate_decline,1.25,RE,State-history,368,163.22565943196315
Pt 10_FD10_2,Pt 10,coordinate_decline,1.25,RE,Persistence,368,115.73471821305225
Pt 10_FD10_2,Pt 10,coordinate_decline,1.5,RA,State-history,368,153.24983372296214
Pt 10_FD10_2,Pt 10,coordinate_decline,1.5,RA,Persistence,368,110.19582607302405
Pt 10_FD10_2,Pt 10,coordinate_decline,1.5,RE,State-history,368,177.0766163529131
Pt 10_FD10_2,Pt 10,coordinate_decline,1.5,RE,Persistence,368,127.43581778438096
Pt 10_FD10_4,Pt 10,all,0.05,RA,State-history,609,17.165009565763643
Pt 10_FD10_4,Pt 10,all,0.05,RA,Persistence,609,16.85171151518223
Pt 10_FD10_4,Pt 10,all,0.05,RE,State-history,609,11.821764642418223
Pt 10_FD10_4,Pt 10,all,0.05,RE,Persistence,609,9.481440574758821
Pt 10_FD10_4,Pt 10,all,0.25,RA,State-history,605,73.89837510371754
Pt 10_FD10_4,Pt 10,all,0.25,RA,Persistence,605,73.4454815684758
Pt 10_FD10_4,Pt 10,all,0.25,RE,State-history,605,46.12984388161989
Pt 10_FD10_4,Pt 10,all,0.25,RE,Persistence,605,35.835620216922806
Pt 10_FD10_4,Pt 10,all,0.5,RA,State-history,600,117.3498627744836
Pt 10_FD10_4,Pt 10,all,0.5,RA,Persistence,600,114.05682359363439
Pt 10_FD10_4,Pt 10,all,0.5,RE,State-history,600,71.0317143551857
Pt 10_FD10_4,Pt 10,all,0.5,RE,Persistence,600,50.031532739274944
Pt 10_FD10_4,Pt 10,all,0.75,RA,State-history,595,141.4750762402994
Pt 10_FD10_4,Pt 10,all,0.75,RA,Persistence,595,134.38086142004812
Pt 10_FD10_4,Pt 10,all,0.75,RE,State-history,595,88.48118092589473
Pt 10_FD10_4,Pt 10,all,0.75,RE,Persistence,595,68.3737260009367
Pt 10_FD10_4,Pt 10,all,1.0,RA,State-history,590,152.62159470530656
Pt 10_FD10_4,Pt 10,all,1.0,RA,Persistence,590,141.89882673241826
Pt 10_FD10_4,Pt 10,all,1.0,RE,State-history,590,94.08468664015888
Pt 10_FD10_4,Pt 10,all,1.0,RE,Persistence,590,77.56632931477651
Pt 10_FD10_4,Pt 10,all,1.25,RA,State-history,585,149.4488818269935
Pt 10_FD10_4,Pt 10,all,1.25,RA,Persistence,585,139.4625767311164
Pt 10_FD10_4,Pt 10,all,1.25,RE,State-history,585,98.18130826182768
Pt 10_FD10_4,Pt 10,all,1.25,RE,Persistence,585,87.3535873639146
Pt 10_FD10_4,Pt 10,all,1.5,RA,State-history,580,144.23296861605144
Pt 10_FD10_4,Pt 10,all,1.5,RA,Persistence,580,137.79247915817282
Pt 10_FD10_4,Pt 10,all,1.5,RE,State-history,580,101.56658472253957
Pt 10_FD10_4,Pt 10,all,1.5,RE,Persistence,580,95.88276802003676
Pt 10_FD10_4,Pt 10,onset_crossing,0.05,RA,State-history,5,0.13866206860711952
Pt 10_FD10_4,Pt 10,onset_crossing,0.05,RA,Persistence,5,0.1415202385383741
Pt 10_FD10_4,Pt 10,onset_crossing,0.05,RE,State-history,5,0.038519240102161414
Pt 10_FD10_4,Pt 10,onset_crossing,0.05,RE,Persistence,5,0.013977951388367077
Pt 10_FD10_4,Pt 10,onset_crossing,0.25,RA,State-history,25,2.1013289901653294
Pt 10_FD10_4,Pt 10,onset_crossing,0.25,RA,Persistence,25,2.23681577238648
Pt 10_FD10_4,Pt 10,onset_crossing,0.25,RE,State-history,25,1.3916686577434176
Pt 10_FD10_4,Pt 10,onset_crossing,0.25,RE,Persistence,25,0.6098970310183751
Pt 10_FD10_4,Pt 10,onset_crossing,0.5,RA,State-history,50,9.611156315742267
Pt 10_FD10_4,Pt 10,onset_crossing,0.5,RA,Persistence,50,10.138386897737911
Pt 10_FD10_4,Pt 10,onset_crossing,0.5,RE,State-history,50,4.856231743939754
Pt 10_FD10_4,Pt 10,onset_crossing,0.5,RE,Persistence,50,2.18445739124954
Pt 10_FD10_4,Pt 10,onset_crossing,0.75,RA,State-history,75,19.90115599236458
Pt 10_FD10_4,Pt 10,onset_crossing,0.75,RA,Persistence,75,19.94513091858795
Pt 10_FD10_4,Pt 10,onset_crossing,0.75,RE,State-history,75,7.942841908868507
Pt 10_FD10_4,Pt 10,onset_crossing,0.75,RE,Persistence,75,4.034253380083863
Pt 10_FD10_4,Pt 10,onset_crossing,1.0,RA,State-history,100,24.91450497253977
Pt 10_FD10_4,Pt 10,onset_crossing,1.0,RA,Persistence,100,23.98053390958191
Pt 10_FD10_4,Pt 10,onset_crossing,1.0,RE,State-history,100,10.31929564815787
Pt 10_FD10_4,Pt 10,onset_crossing,1.0,RE,Persistence,100,5.7323149586865085
Pt 10_FD10_4,Pt 10,onset_crossing,1.25,RA,State-history,125,25.624353324623492
Pt 10_FD10_4,Pt 10,onset_crossing,1.25,RA,Persistence,125,25.072764597290224
Pt 10_FD10_4,Pt 10,onset_crossing,1.25,RE,State-history,125,11.823219936088538
Pt 10_FD10_4,Pt 10,onset_crossing,1.25,RE,Persistence,125,7.414782483732329
Pt 10_FD10_4,Pt 10,onset_crossing,1.5,RA,State-history,150,27.16815011867174
Pt 10_FD10_4,Pt 10,onset_crossing,1.5,RA,Persistence,150,27.786379005303573
Pt 10_FD10_4,Pt 10,onset_crossing,1.5,RE,State-history,150,14.014005696291502
Pt 10_FD10_4,Pt 10,onset_crossing,1.5,RE,Persistence,150,9.359522752261272
Pt 10_FD10_4,Pt 10,coordinate_decline,0.05,RA,State-history,65,2.885849277997849
Pt 10_FD10_4,Pt 10,coordinate_decline,0.05,RA,Persistence,65,2.9990923616415173
Pt 10_FD10_4,Pt 10,coordinate_decline,0.05,RE,State-history,65,1.3241942119872323
Pt 10_FD10_4,Pt 10,coordinate_decline,0.05,RE,Persistence,65,1.4775362869177162
Pt 10_FD10_4,Pt 10,coordinate_decline,0.25,RA,State-history,291,35.44347009364836
Pt 10_FD10_4,Pt 10,coordinate_decline,0.25,RA,Persistence,291,37.31918571424692
Pt 10_FD10_4,Pt 10,coordinate_decline,0.25,RE,State-history,291,16.55388038642218
Pt 10_FD10_4,Pt 10,coordinate_decline,0.25,RE,Persistence,291,18.572005006518275
Pt 10_FD10_4,Pt 10,coordinate_decline,0.5,RA,State-history,328,57.521366209815994
Pt 10_FD10_4,Pt 10,coordinate_decline,0.5,RA,Persistence,328,60.73825243918195
Pt 10_FD10_4,Pt 10,coordinate_decline,0.5,RE,State-history,328,24.62941690129881
Pt 10_FD10_4,Pt 10,coordinate_decline,0.5,RE,Persistence,328,25.89877028599111
Pt 10_FD10_4,Pt 10,coordinate_decline,0.75,RA,State-history,342,77.90057092396626
Pt 10_FD10_4,Pt 10,coordinate_decline,0.75,RA,Persistence,342,74.54147155693522
Pt 10_FD10_4,Pt 10,coordinate_decline,0.75,RE,State-history,342,37.250956935615775
Pt 10_FD10_4,Pt 10,coordinate_decline,0.75,RE,Persistence,342,39.13120221192457
Pt 10_FD10_4,Pt 10,coordinate_decline,1.0,RA,State-history,341,86.12171878371174
Pt 10_FD10_4,Pt 10,coordinate_decline,1.0,RA,Persistence,341,80.84652259891305
Pt 10_FD10_4,Pt 10,coordinate_decline,1.0,RE,State-history,341,36.80168163604632
Pt 10_FD10_4,Pt 10,coordinate_decline,1.0,RE,Persistence,341,45.50188296078238
Pt 10_FD10_4,Pt 10,coordinate_decline,1.25,RA,State-history,337,91.37617535490699
Pt 10_FD10_4,Pt 10,coordinate_decline,1.25,RA,Persistence,337,84.65334942532002
Pt 10_FD10_4,Pt 10,coordinate_decline,1.25,RE,State-history,337,43.37624293671308
Pt 10_FD10_4,Pt 10,coordinate_decline,1.25,RE,Persistence,337,54.721464247476995
Pt 10_FD10_4,Pt 10,coordinate_decline,1.5,RA,State-history,324,92.2794254471136
Pt 10_FD10_4,Pt 10,coordinate_decline,1.5,RA,Persistence,324,86.74161175181601
Pt 10_FD10_4,Pt 10,coordinate_decline,1.5,RE,State-history,324,47.16641307757624
Pt 10_FD10_4,Pt 10,coordinate_decline,1.5,RE,Persistence,324,61.45706382917408
Pt 18_FD18_2,Pt 18,all,0.05,RA,State-history,609,15.65700235274377
Pt 18_FD18_2,Pt 18,all,0.05,RA,Persistence,609,11.72358046115922
Pt 18_FD18_2,Pt 18,all,0.05,RE,State-history,609,11.392968888469523
Pt 18_FD18_2,Pt 18,all,0.05,RE,Persistence,609,6.9690590341908205
Pt 18_FD18_2,Pt 18,all,0.25,RA,State-history,605,60.811278798104965
Pt 18_FD18_2,Pt 18,all,0.25,RA,Persistence,605,51.104876079729095
Pt 18_FD18_2,Pt 18,all,0.25,RE,State-history,605,38.924699447702714
Pt 18_FD18_2,Pt 18,all,0.25,RE,Persistence,605,31.89695968950059
Pt 18_FD18_2,Pt 18,all,0.5,RA,State-history,600,99.36102773122815
Pt 18_FD18_2,Pt 18,all,0.5,RA,Persistence,600,82.97136603858439
Pt 18_FD18_2,Pt 18,all,0.5,RE,State-history,600,106.30629771451004
Pt 18_FD18_2,Pt 18,all,0.5,RE,Persistence,600,60.07259304287907
Pt 18_FD18_2,Pt 18,all,0.75,RA,State-history,595,168.8325511880596
Pt 18_FD18_2,Pt 18,all,0.75,RA,Persistence,595,108.50382642359574
Pt 18_FD18_2,Pt 18,all,0.75,RE,State-history,595,186.6814556842872
Pt 18_FD18_2,Pt 18,all,0.75,RE,Persistence,595,87.18357918609848
Pt 18_FD18_2,Pt 18,all,1.0,RA,State-history,590,231.1039328007377
Pt 18_FD18_2,Pt 18,all,1.0,RA,Persistence,590,135.81687320405712
Pt 18_FD18_2,Pt 18,all,1.0,RE,State-history,590,259.538835760726
Pt 18_FD18_2,Pt 18,all,1.0,RE,Persistence,590,108.7439934239444
Pt 18_FD18_2,Pt 18,all,1.25,RA,State-history,585,279.5239484900015
Pt 18_FD18_2,Pt 18,all,1.25,RA,Persistence,585,159.86240429857727
Pt 18_FD18_2,Pt 18,all,1.25,RE,State-history,585,315.8613213946595
Pt 18_FD18_2,Pt 18,all,1.25,RE,Persistence,585,126.6898499325714
Pt 18_FD18_2,Pt 18,all,1.5,RA,State-history,580,320.89109020556464
Pt 18_FD18_2,Pt 18,all,1.5,RA,Persistence,580,177.80115971532643
Pt 18_FD18_2,Pt 18,all,1.5,RE,State-history,580,354.48544515002277
Pt 18_FD18_2,Pt 18,all,1.5,RE,Persistence,580,141.95931243461638
Pt 18_FD18_2,Pt 18,onset_crossing,0.05,RA,State-history,4,0.12560153727806334
Pt 18_FD18_2,Pt 18,onset_crossing,0.05,RA,Persistence,4,0.12627817496519186
Pt 18_FD18_2,Pt 18,onset_crossing,0.05,RE,State-history,4,0.03417447583550083
Pt 18_FD18_2,Pt 18,onset_crossing,0.05,RE,Persistence,4,0.018163373029637886
Pt 18_FD18_2,Pt 18,onset_crossing,0.25,RA,State-history,20,1.9839006947562925
Pt 18_FD18_2,Pt 18,onset_crossing,0.25,RA,Persistence,20,2.129659292809312
Pt 18_FD18_2,Pt 18,onset_crossing,0.25,RE,State-history,20,0.8804535193066292
Pt 18_FD18_2,Pt 18,onset_crossing,0.25,RE,Persistence,20,0.9096520714258406
Pt 18_FD18_2,Pt 18,onset_crossing,0.5,RA,State-history,40,8.575871096012612
Pt 18_FD18_2,Pt 18,onset_crossing,0.5,RA,Persistence,40,8.07151825559339
Pt 18_FD18_2,Pt 18,onset_crossing,0.5,RE,State-history,40,6.947228296557282
Pt 18_FD18_2,Pt 18,onset_crossing,0.5,RE,Persistence,40,2.9345604421572977
Pt 18_FD18_2,Pt 18,onset_crossing,0.75,RA,State-history,60,17.431854678571078
Pt 18_FD18_2,Pt 18,onset_crossing,0.75,RA,Persistence,60,14.825727142492848
Pt 18_FD18_2,Pt 18,onset_crossing,0.75,RE,State-history,60,14.564350912662803
Pt 18_FD18_2,Pt 18,onset_crossing,0.75,RE,Persistence,60,5.4463339870964855
Pt 18_FD18_2,Pt 18,onset_crossing,1.0,RA,State-history,80,24.48676574234862
Pt 18_FD18_2,Pt 18,onset_crossing,1.0,RA,Persistence,80,20.475785309749405
Pt 18_FD18_2,Pt 18,onset_crossing,1.0,RE,State-history,80,25.63873710961675
Pt 18_FD18_2,Pt 18,onset_crossing,1.0,RE,Persistence,80,9.909959873849687
Pt 18_FD18_2,Pt 18,onset_crossing,1.25,RA,State-history,100,36.81902708852724
Pt 18_FD18_2,Pt 18,onset_crossing,1.25,RA,Persistence,100,33.10210575190076
Pt 18_FD18_2,Pt 18,onset_crossing,1.25,RE,State-history,100,38.37647953414284
Pt 18_FD18_2,Pt 18,onset_crossing,1.25,RE,Persistence,100,16.72454357632491
Pt 18_FD18_2,Pt 18,onset_crossing,1.5,RA,State-history,120,50.10358127037656
Pt 18_FD18_2,Pt 18,onset_crossing,1.5,RA,Persistence,120,49.302612940217635
Pt 18_FD18_2,Pt 18,onset_crossing,1.5,RE,State-history,120,45.12211015313156
Pt 18_FD18_2,Pt 18,onset_crossing,1.5,RE,Persistence,120,28.45035774137773
Pt 18_FD18_2,Pt 18,coordinate_decline,0.05,RA,State-history,84,2.295370989033374
Pt 18_FD18_2,Pt 18,coordinate_decline,0.05,RA,Persistence,84,2.926761779715479
Pt 18_FD18_2,Pt 18,coordinate_decline,0.05,RE,State-history,84,1.9910907808882536
Pt 18_FD18_2,Pt 18,coordinate_decline,0.05,RE,Persistence,84,1.6005443463873115
Pt 18_FD18_2,Pt 18,coordinate_decline,0.25,RA,State-history,260,22.160561144838667
Pt 18_FD18_2,Pt 18,coordinate_decline,0.25,RA,Persistence,260,26.114976653146847
Pt 18_FD18_2,Pt 18,coordinate_decline,0.25,RE,State-history,260,15.161439526131511
Pt 18_FD18_2,Pt 18,coordinate_decline,0.25,RE,Persistence,260,14.330946040789222
Pt 18_FD18_2,Pt 18,coordinate_decline,0.5,RA,State-history,298,46.68600710271032
Pt 18_FD18_2,Pt 18,coordinate_decline,0.5,RA,Persistence,298,42.458746848966484
Pt 18_FD18_2,Pt 18,coordinate_decline,0.5,RE,State-history,298,51.12626995951332
Pt 18_FD18_2,Pt 18,coordinate_decline,0.5,RE,Persistence,298,29.072157090803884
Pt 18_FD18_2,Pt 18,coordinate_decline,0.75,RA,State-history,303,77.40568012283276
Pt 18_FD18_2,Pt 18,coordinate_decline,0.75,RA,Persistence,303,55.60896122437237
Pt 18_FD18_2,Pt 18,coordinate_decline,0.75,RE,State-history,303,86.13031903018405
Pt 18_FD18_2,Pt 18,coordinate_decline,0.75,RE,Persistence,303,43.523626195705596
Pt 18_FD18_2,Pt 18,coordinate_decline,1.0,RA,State-history,307,114.81550467155719
Pt 18_FD18_2,Pt 18,coordinate_decline,1.0,RA,Persistence,307,70.70742455056602
Pt 18_FD18_2,Pt 18,coordinate_decline,1.0,RE,State-history,307,129.33041017171246
Pt 18_FD18_2,Pt 18,coordinate_decline,1.0,RE,Persistence,307,54.610851315485995
Pt 18_FD18_2,Pt 18,coordinate_decline,1.25,RA,State-history,301,135.21150640791183
Pt 18_FD18_2,Pt 18,coordinate_decline,1.25,RA,Persistence,301,83.57664068303788
Pt 18_FD18_2,Pt 18,coordinate_decline,1.25,RE,State-history,301,148.32170746294676
Pt 18_FD18_2,Pt 18,coordinate_decline,1.25,RE,Persistence,301,64.08469634404662
Pt 18_FD18_2,Pt 18,coordinate_decline,1.5,RA,State-history,296,146.04368271671495
Pt 18_FD18_2,Pt 18,coordinate_decline,1.5,RA,Persistence,296,92.61252921085223
Pt 18_FD18_2,Pt 18,coordinate_decline,1.5,RE,State-history,296,164.0402036035216
Pt 18_FD18_2,Pt 18,coordinate_decline,1.5,RE,Persistence,296,72.58559781727321
Pt 18_FD18_3,Pt 18,all,0.05,RA,State-history,609,21.401023393231835
Pt 18_FD18_3,Pt 18,all,0.05,RA,Persistence,609,22.81406848470181
Pt 18_FD18_3,Pt 18,all,0.05,RE,State-history,609,13.07528461625002
Pt 18_FD18_3,Pt 18,all,0.05,RE,Persistence,609,12.80405440688352
Pt 18_FD18_3,Pt 18,all,0.25,RA,State-history,605,90.64420259377182
Pt 18_FD18_3,Pt 18,all,0.25,RA,Persistence,605,101.30944117831896
Pt 18_FD18_3,Pt 18,all,0.25,RE,State-history,605,60.01290474819415
Pt 18_FD18_3,Pt 18,all,0.25,RE,Persistence,605,60.71659645075022
Pt 18_FD18_3,Pt 18,all,0.5,RA,State-history,600,143.65393734760497
Pt 18_FD18_3,Pt 18,all,0.5,RA,Persistence,600,170.1225360182209
Pt 18_FD18_3,Pt 18,all,0.5,RE,State-history,600,103.92863056158284
Pt 18_FD18_3,Pt 18,all,0.5,RE,Persistence,600,110.95220333891635
Pt 18_FD18_3,Pt 18,all,0.75,RA,State-history,595,180.74457352860776
Pt 18_FD18_3,Pt 18,all,0.75,RA,Persistence,595,211.25994115461458
Pt 18_FD18_3,Pt 18,all,0.75,RE,State-history,595,137.6374649254873
Pt 18_FD18_3,Pt 18,all,0.75,RE,Persistence,595,150.79141682060487
Pt 18_FD18_3,Pt 18,all,1.0,RA,State-history,590,202.163302613815
Pt 18_FD18_3,Pt 18,all,1.0,RA,Persistence,590,232.01960484651028
Pt 18_FD18_3,Pt 18,all,1.0,RE,State-history,590,163.30105647575218
Pt 18_FD18_3,Pt 18,all,1.0,RE,Persistence,590,176.76424478314578
Pt 18_FD18_3,Pt 18,all,1.25,RA,State-history,585,203.67307935997036
Pt 18_FD18_3,Pt 18,all,1.25,RA,Persistence,585,233.72755793298887
Pt 18_FD18_3,Pt 18,all,1.25,RE,State-history,585,179.10024542516564
Pt 18_FD18_3,Pt 18,all,1.25,RE,Persistence,585,188.14487498114593
Pt 18_FD18_3,Pt 18,all,1.5,RA,State-history,580,197.6074481254981
Pt 18_FD18_3,Pt 18,all,1.5,RA,Persistence,580,225.28927982074805
Pt 18_FD18_3,Pt 18,all,1.5,RE,State-history,580,185.2500306642827
Pt 18_FD18_3,Pt 18,all,1.5,RE,Persistence,580,189.86225114509995
Pt 18_FD18_3,Pt 18,onset_crossing,0.05,RA,State-history,6,0.28165660308455287
Pt 18_FD18_3,Pt 18,onset_crossing,0.05,RA,Persistence,6,0.4071314746205298
Pt 18_FD18_3,Pt 18,onset_crossing,0.05,RE,State-history,6,0.18116099039605046
Pt 18_FD18_3,Pt 18,onset_crossing,0.05,RE,Persistence,6,0.2857887601634085
Pt 18_FD18_3,Pt 18,onset_crossing,0.25,RA,State-history,30,4.051424365144247
Pt 18_FD18_3,Pt 18,onset_crossing,0.25,RA,Persistence,30,8.134129835861643
Pt 18_FD18_3,Pt 18,onset_crossing,0.25,RE,State-history,30,3.543677059890738
Pt 18_FD18_3,Pt 18,onset_crossing,0.25,RE,Persistence,30,6.6304736688879204
Pt 18_FD18_3,Pt 18,onset_crossing,0.5,RA,State-history,60,13.825933591150026
Pt 18_FD18_3,Pt 18,onset_crossing,0.5,RA,Persistence,60,25.83052679403011
Pt 18_FD18_3,Pt 18,onset_crossing,0.5,RE,State-history,60,10.761758313423865
Pt 18_FD18_3,Pt 18,onset_crossing,0.5,RE,Persistence,60,19.121487012279886
Pt 18_FD18_3,Pt 18,onset_crossing,0.75,RA,State-history,90,34.109070289624
Pt 18_FD18_3,Pt 18,onset_crossing,0.75,RA,Persistence,90,45.11563284006345
Pt 18_FD18_3,Pt 18,onset_crossing,0.75,RE,State-history,90,23.786374384483334
Pt 18_FD18_3,Pt 18,onset_crossing,0.75,RE,Persistence,90,31.52697479087249
Pt 18_FD18_3,Pt 18,onset_crossing,1.0,RA,State-history,120,47.56876399111037
Pt 18_FD18_3,Pt 18,onset_crossing,1.0,RA,Persistence,120,57.373447846526126
Pt 18_FD18_3,Pt 18,onset_crossing,1.0,RE,State-history,120,33.06585997178256
Pt 18_FD18_3,Pt 18,onset_crossing,1.0,RE,Persistence,120,44.115541122762096
Pt 18_FD18_3,Pt 18,onset_crossing,1.25,RA,State-history,150,56.15451502431357
Pt 18_FD18_3,Pt 18,onset_crossing,1.25,RA,Persistence,150,67.59687208945591
Pt 18_FD18_3,Pt 18,onset_crossing,1.25,RE,State-history,150,45.34145375174246
Pt 18_FD18_3,Pt 18,onset_crossing,1.25,RE,Persistence,150,55.48457852488265
Pt 18_FD18_3,Pt 18,onset_crossing,1.5,RA,State-history,180,61.653507912545976
Pt 18_FD18_3,Pt 18,onset_crossing,1.5,RA,Persistence,180,79.00778806355243
Pt 18_FD18_3,Pt 18,onset_crossing,1.5,RE,State-history,180,56.582254510719025
Pt 18_FD18_3,Pt 18,onset_crossing,1.5,RE,Persistence,180,65.8783606261579
Pt 18_FD18_3,Pt 18,coordinate_decline,0.05,RA,State-history,89,3.8926289136069663
Pt 18_FD18_3,Pt 18,coordinate_decline,0.05,RA,Persistence,89,5.9649261796795185
Pt 18_FD18_3,Pt 18,coordinate_decline,0.05,RE,State-history,89,2.69464679210715
Pt 18_FD18_3,Pt 18,coordinate_decline,0.05,RE,Persistence,89,4.420421385985857
Pt 18_FD18_3,Pt 18,coordinate_decline,0.25,RA,State-history,243,30.48528304888331
Pt 18_FD18_3,Pt 18,coordinate_decline,0.25,RA,Persistence,243,52.28973696468256
Pt 18_FD18_3,Pt 18,coordinate_decline,0.25,RE,State-history,243,21.669010299280597
Pt 18_FD18_3,Pt 18,coordinate_decline,0.25,RE,Persistence,243,32.90433984805178
Pt 18_FD18_3,Pt 18,coordinate_decline,0.5,RA,State-history,276,52.08277855326248
Pt 18_FD18_3,Pt 18,coordinate_decline,0.5,RA,Persistence,276,90.22750295502915
Pt 18_FD18_3,Pt 18,coordinate_decline,0.5,RE,State-history,276,41.266191877879365
Pt 18_FD18_3,Pt 18,coordinate_decline,0.5,RE,Persistence,276,58.799494962707996
Pt 18_FD18_3,Pt 18,coordinate_decline,0.75,RA,State-history,286,71.0824593798377
Pt 18_FD18_3,Pt 18,coordinate_decline,0.75,RA,Persistence,286,109.75566087345157
Pt 18_FD18_3,Pt 18,coordinate_decline,0.75,RE,State-history,286,57.52363345493651
Pt 18_FD18_3,Pt 18,coordinate_decline,0.75,RE,Persistence,286,79.4592556740397
Pt 18_FD18_3,Pt 18,coordinate_decline,1.0,RA,State-history,291,89.41007786656127
Pt 18_FD18_3,Pt 18,coordinate_decline,1.0,RA,Persistence,291,119.53019249975551
Pt 18_FD18_3,Pt 18,coordinate_decline,1.0,RE,State-history,291,74.11738711292695
Pt 18_FD18_3,Pt 18,coordinate_decline,1.0,RE,Persistence,291,94.4816767201917
Pt 18_FD18_3,Pt 18,coordinate_decline,1.25,RA,State-history,287,100.04275997072209
Pt 18_FD18_3,Pt 18,coordinate_decline,1.25,RA,Persistence,287,121.25581456333595
Pt 18_FD18_3,Pt 18,coordinate_decline,1.25,RE,State-history,287,84.92144970345572
Pt 18_FD18_3,Pt 18,coordinate_decline,1.25,RE,Persistence,287,100.56884540367425
Pt 18_FD18_3,Pt 18,coordinate_decline,1.5,RA,State-history,272,102.77809651995918
Pt 18_FD18_3,Pt 18,coordinate_decline,1.5,RA,Persistence,272,117.28733881302038
Pt 18_FD18_3,Pt 18,coordinate_decline,1.5,RE,State-history,272,88.81779018068409
Pt 18_FD18_3,Pt 18,coordinate_decline,1.5,RE,Persistence,272,100.91107395268854
Pt 18_FD18_4,Pt 18,all,0.05,RA,State-history,609,17.730595699722187
Pt 18_FD18_4,Pt 18,all,0.05,RA,Persistence,609,16.969157711234395
Pt 18_FD18_4,Pt 18,all,0.05,RE,State-history,609,13.546787378325035
Pt 18_FD18_4,Pt 18,all,0.05,RE,Persistence,609,10.283073957869686
Pt 18_FD18_4,Pt 18,all,0.25,RA,State-history,605,71.6397771754727
Pt 18_FD18_4,Pt 18,all,0.25,RA,Persistence,605,75.16437214530166
Pt 18_FD18_4,Pt 18,all,0.25,RE,State-history,605,46.9673864901218
Pt 18_FD18_4,Pt 18,all,0.25,RE,Persistence,605,47.92278476396991
Pt 18_FD18_4,Pt 18,all,0.5,RA,State-history,600,105.3507933984245
Pt 18_FD18_4,Pt 18,all,0.5,RA,Persistence,600,122.47069705929383
Pt 18_FD18_4,Pt 18,all,0.5,RE,State-history,600,76.67644620560617
Pt 18_FD18_4,Pt 18,all,0.5,RE,Persistence,600,89.37656132907367
Pt 18_FD18_4,Pt 18,all,0.75,RA,State-history,595,127.22125659433927
Pt 18_FD18_4,Pt 18,all,0.75,RA,Persistence,595,156.7861500966625
Pt 18_FD18_4,Pt 18,all,0.75,RE,State-history,595,112.17392479131534
Pt 18_FD18_4,Pt 18,all,0.75,RE,Persistence,595,125.73242098516886
Pt 18_FD18_4,Pt 18,all,1.0,RA,State-history,590,165.84005109944252
Pt 18_FD18_4,Pt 18,all,1.0,RA,Persistence,590,186.1280084147482
Pt 18_FD18_4,Pt 18,all,1.0,RE,State-history,590,155.99007835294924
Pt 18_FD18_4,Pt 18,all,1.0,RE,Persistence,590,151.80248735770058
Pt 18_FD18_4,Pt 18,all,1.25,RA,State-history,585,186.61899689663818
Pt 18_FD18_4,Pt 18,all,1.25,RA,Persistence,585,203.82611142670876
Pt 18_FD18_4,Pt 18,all,1.25,RE,State-history,585,196.07637497973977
Pt 18_FD18_4,Pt 18,all,1.25,RE,Persistence,585,170.20615485940138
Pt 18_FD18_4,Pt 18,all,1.5,RA,State-history,580,207.9985017001344
Pt 18_FD18_4,Pt 18,all,1.5,RA,Persistence,580,215.49095221777372
Pt 18_FD18_4,Pt 18,all,1.5,RE,State-history,580,230.08239250981904
Pt 18_FD18_4,Pt 18,all,1.5,RE,Persistence,580,180.42472984823445
Pt 18_FD18_4,Pt 18,onset_crossing,0.05,RA,State-history,6,0.14235132125821343
Pt 18_FD18_4,Pt 18,onset_crossing,0.05,RA,Persistence,6,0.1135000310666468
Pt 18_FD18_4,Pt 18,onset_crossing,0.05,RE,State-history,6,0.08032756310400793
Pt 18_FD18_4,Pt 18,onset_crossing,0.05,RE,Persistence,6,0.028099721121047815
Pt 18_FD18_4,Pt 18,onset_crossing,0.25,RA,State-history,30,3.254696510309314
Pt 18_FD18_4,Pt 18,onset_crossing,0.25,RA,Persistence,30,2.6086502108006138
Pt 18_FD18_4,Pt 18,onset_crossing,0.25,RE,State-history,30,1.457974834169873
Pt 18_FD18_4,Pt 18,onset_crossing,0.25,RE,Persistence,30,1.1019407694258583
Pt 18_FD18_4,Pt 18,onset_crossing,0.5,RA,State-history,60,9.027626736362393
Pt 18_FD18_4,Pt 18,onset_crossing,0.5,RA,Persistence,60,11.937358569659487
Pt 18_FD18_4,Pt 18,onset_crossing,0.5,RE,State-history,60,6.0869363833519
Pt 18_FD18_4,Pt 18,onset_crossing,0.5,RE,Persistence,60,7.817653485653115
Pt 18_FD18_4,Pt 18,onset_crossing,0.75,RA,State-history,90,20.19822135344445
Pt 18_FD18_4,Pt 18,onset_crossing,0.75,RA,Persistence,90,27.011249014871375
Pt 18_FD18_4,Pt 18,onset_crossing,0.75,RE,State-history,90,16.844687834036783
Pt 18_FD18_4,Pt 18,onset_crossing,0.75,RE,Persistence,90,20.440523239025175
Pt 18_FD18_4,Pt 18,onset_crossing,1.0,RA,State-history,120,38.31836212386864
Pt 18_FD18_4,Pt 18,onset_crossing,1.0,RA,Persistence,120,47.27456186121759
Pt 18_FD18_4,Pt 18,onset_crossing,1.0,RE,State-history,120,34.73869556523638
Pt 18_FD18_4,Pt 18,onset_crossing,1.0,RE,Persistence,120,39.61254230270408
Pt 18_FD18_4,Pt 18,onset_crossing,1.25,RA,State-history,150,55.48456029424746
Pt 18_FD18_4,Pt 18,onset_crossing,1.25,RA,Persistence,150,71.25125140331191
Pt 18_FD18_4,Pt 18,onset_crossing,1.25,RE,State-history,150,54.03735160889264
Pt 18_FD18_4,Pt 18,onset_crossing,1.25,RE,Persistence,150,61.51272971995265
Pt 18_FD18_4,Pt 18,onset_crossing,1.5,RA,State-history,180,71.4457061483484
Pt 18_FD18_4,Pt 18,onset_crossing,1.5,RA,Persistence,180,92.95111049155054
Pt 18_FD18_4,Pt 18,onset_crossing,1.5,RE,State-history,180,71.83030040355891
Pt 18_FD18_4,Pt 18,onset_crossing,1.5,RE,Persistence,180,80.93781170574957
Pt 18_FD18_4,Pt 18,coordinate_decline,0.05,RA,State-history,119,3.8434737863631363
Pt 18_FD18_4,Pt 18,coordinate_decline,0.05,RA,Persistence,119,4.892271816782836
Pt 18_FD18_4,Pt 18,coordinate_decline,0.05,RE,State-history,119,2.4624494495446867
Pt 18_FD18_4,Pt 18,coordinate_decline,0.05,RE,Persistence,119,2.9753355559518795
Pt 18_FD18_4,Pt 18,coordinate_decline,0.25,RA,State-history,334,29.72019496721906
Pt 18_FD18_4,Pt 18,coordinate_decline,0.25,RA,Persistence,334,40.58956666154228
Pt 18_FD18_4,Pt 18,coordinate_decline,0.25,RE,State-history,334,19.663863100169618
Pt 18_FD18_4,Pt 18,coordinate_decline,0.25,RE,Persistence,334,24.038454813922193
Pt 18_FD18_4,Pt 18,coordinate_decline,0.5,RA,State-history,359,44.15171676905146
Pt 18_FD18_4,Pt 18,coordinate_decline,0.5,RA,Persistence,359,64.6149056479519
Pt 18_FD18_4,Pt 18,coordinate_decline,0.5,RE,State-history,359,32.3920419441152
Pt 18_FD18_4,Pt 18,coordinate_decline,0.5,RE,Persistence,359,45.724025821633234
Pt 18_FD18_4,Pt 18,coordinate_decline,0.75,RA,State-history,353,53.23806172218002
Pt 18_FD18_4,Pt 18,coordinate_decline,0.75,RA,Persistence,353,81.72728608959693
Pt 18_FD18_4,Pt 18,coordinate_decline,0.75,RE,State-history,353,50.05300092590525
Pt 18_FD18_4,Pt 18,coordinate_decline,0.75,RE,Persistence,353,64.15938936505053
Pt 18_FD18_4,Pt 18,coordinate_decline,1.0,RA,State-history,349,80.53011471657315
Pt 18_FD18_4,Pt 18,coordinate_decline,1.0,RA,Persistence,349,98.0243459664564
Pt 18_FD18_4,Pt 18,coordinate_decline,1.0,RE,State-history,349,77.46660119804783
Pt 18_FD18_4,Pt 18,coordinate_decline,1.0,RE,Persistence,349,79.00774649741473
Pt 18_FD18_4,Pt 18,coordinate_decline,1.25,RA,State-history,335,92.34775394271034
Pt 18_FD18_4,Pt 18,coordinate_decline,1.25,RA,Persistence,335,106.36935344716191
Pt 18_FD18_4,Pt 18,coordinate_decline,1.25,RE,State-history,335,99.27491217076935
Pt 18_FD18_4,Pt 18,coordinate_decline,1.25,RE,Persistence,335,86.93757793633552
Pt 18_FD18_4,Pt 18,coordinate_decline,1.5,RA,State-history,339,113.51000997063944
Pt 18_FD18_4,Pt 18,coordinate_decline,1.5,RA,Persistence,339,111.85702302538496
Pt 18_FD18_4,Pt 18,coordinate_decline,1.5,RE,State-history,339,125.84268251724714
Pt 18_FD18_4,Pt 18,coordinate_decline,1.5,RE,Persistence,339,92.1194333221514
Pt 18_FD18_5,Pt 18,all,0.05,RA,State-history,609,20.860489208312114
Pt 18_FD18_5,Pt 18,all,0.05,RA,Persistence,609,17.28754064571845
Pt 18_FD18_5,Pt 18,all,0.05,RE,State-history,609,14.865567472739077
Pt 18_FD18_5,Pt 18,all,0.05,RE,Persistence,609,11.51777423022129
Pt 18_FD18_5,Pt 18,all,0.25,RA,State-history,605,83.67099574869553
Pt 18_FD18_5,Pt 18,all,0.25,RA,Persistence,605,74.49400838934281
Pt 18_FD18_5,Pt 18,all,0.25,RE,State-history,605,54.239190176866416
Pt 18_FD18_5,Pt 18,all,0.25,RE,Persistence,605,52.53504006261499
Pt 18_FD18_5,Pt 18,all,0.5,RA,State-history,600,120.41135973803566
Pt 18_FD18_5,Pt 18,all,0.5,RA,Persistence,600,115.14435503536862
Pt 18_FD18_5,Pt 18,all,0.5,RE,State-history,600,90.33316807199832
Pt 18_FD18_5,Pt 18,all,0.5,RE,Persistence,600,91.69927640037524
Pt 18_FD18_5,Pt 18,all,0.75,RA,State-history,595,144.32189566873217
Pt 18_FD18_5,Pt 18,all,0.75,RA,Persistence,595,151.85589690608114
Pt 18_FD18_5,Pt 18,all,0.75,RE,State-history,595,120.79991498029548
Pt 18_FD18_5,Pt 18,all,0.75,RE,Persistence,595,132.35592724499435
Pt 18_FD18_5,Pt 18,all,1.0,RA,State-history,590,169.72987456533838
Pt 18_FD18_5,Pt 18,all,1.0,RA,Persistence,590,186.62103118333846
Pt 18_FD18_5,Pt 18,all,1.0,RE,State-history,590,153.05374191091164
Pt 18_FD18_5,Pt 18,all,1.0,RE,Persistence,590,164.33304619438593
Pt 18_FD18_5,Pt 18,all,1.25,RA,State-history,585,193.1601743486151
Pt 18_FD18_5,Pt 18,all,1.25,RA,Persistence,585,213.59677596383733
Pt 18_FD18_5,Pt 18,all,1.25,RE,State-history,585,181.32882278871725
Pt 18_FD18_5,Pt 18,all,1.25,RE,Persistence,585,191.8134199845853
Pt 18_FD18_5,Pt 18,all,1.5,RA,State-history,580,212.66242528511737
Pt 18_FD18_5,Pt 18,all,1.5,RA,Persistence,580,237.16053357518823
Pt 18_FD18_5,Pt 18,all,1.5,RE,State-history,580,200.76277329396135
Pt 18_FD18_5,Pt 18,all,1.5,RE,Persistence,580,212.10622216282607
Pt 18_FD18_5,Pt 18,onset_crossing,0.05,RA,State-history,5,0.06025877436165208
Pt 18_FD18_5,Pt 18,onset_crossing,0.05,RA,Persistence,5,0.06721841004903412
Pt 18_FD18_5,Pt 18,onset_crossing,0.05,RE,State-history,5,0.05353496300189019
Pt 18_FD18_5,Pt 18,onset_crossing,0.05,RE,Persistence,5,0.04866681631794898
Pt 18_FD18_5,Pt 18,onset_crossing,0.25,RA,State-history,25,1.1170733352257516
Pt 18_FD18_5,Pt 18,onset_crossing,0.25,RA,Persistence,25,2.2496865383760483
Pt 18_FD18_5,Pt 18,onset_crossing,0.25,RE,State-history,25,1.2773924034460233
Pt 18_FD18_5,Pt 18,onset_crossing,0.25,RE,Persistence,25,2.149953517357377
Pt 18_FD18_5,Pt 18,onset_crossing,0.5,RA,State-history,48,6.54403571793733
Pt 18_FD18_5,Pt 18,onset_crossing,0.5,RA,Persistence,48,12.981384131671637
Pt 18_FD18_5,Pt 18,onset_crossing,0.5,RE,State-history,48,4.8674965543523445
Pt 18_FD18_5,Pt 18,onset_crossing,0.5,RE,Persistence,48,8.224205100261308
Pt 18_FD18_5,Pt 18,onset_crossing,0.75,RA,State-history,68,14.903995084099426
Pt 18_FD18_5,Pt 18,onset_crossing,0.75,RA,Persistence,68,26.696402635032538
Pt 18_FD18_5,Pt 18,onset_crossing,0.75,RE,State-history,68,10.878976300465233
Pt 18_FD18_5,Pt 18,onset_crossing,0.75,RE,Persistence,68,15.257212858067591
Pt 18_FD18_5,Pt 18,onset_crossing,1.0,RA,State-history,88,24.89995495385589
Pt 18_FD18_5,Pt 18,onset_crossing,1.0,RA,Persistence,88,38.38421919569072
Pt 18_FD18_5,Pt 18,onset_crossing,1.0,RE,State-history,88,21.06946111897972
Pt 18_FD18_5,Pt 18,onset_crossing,1.0,RE,Persistence,88,24.452837619733927
Pt 18_FD18_5,Pt 18,onset_crossing,1.25,RA,State-history,108,36.93004836564521
Pt 18_FD18_5,Pt 18,onset_crossing,1.25,RA,Persistence,108,49.80431452801445
Pt 18_FD18_5,Pt 18,onset_crossing,1.25,RE,State-history,108,34.666980012136314
Pt 18_FD18_5,Pt 18,onset_crossing,1.25,RE,Persistence,108,34.12304969137431
Pt 18_FD18_5,Pt 18,onset_crossing,1.5,RA,State-history,128,53.218901937511525
Pt 18_FD18_5,Pt 18,onset_crossing,1.5,RA,Persistence,128,63.95835735813351
Pt 18_FD18_5,Pt 18,onset_crossing,1.5,RE,State-history,128,49.016057159994546
Pt 18_FD18_5,Pt 18,onset_crossing,1.5,RE,Persistence,128,45.090909808544914
Pt 18_FD18_5,Pt 18,coordinate_decline,0.05,RA,State-history,98,3.27745869824827
Pt 18_FD18_5,Pt 18,coordinate_decline,0.05,RA,Persistence,98,4.126957586587519
Pt 18_FD18_5,Pt 18,coordinate_decline,0.05,RE,State-history,98,1.71281352421313
Pt 18_FD18_5,Pt 18,coordinate_decline,0.05,RE,Persistence,98,2.0545152540832277
Pt 18_FD18_5,Pt 18,coordinate_decline,0.25,RA,State-history,295,30.65540116246921
Pt 18_FD18_5,Pt 18,coordinate_decline,0.25,RA,Persistence,295,37.54316927294582
Pt 18_FD18_5,Pt 18,coordinate_decline,0.25,RE,State-history,295,18.963538498287164
Pt 18_FD18_5,Pt 18,coordinate_decline,0.25,RE,Persistence,295,25.83481270302041
Pt 18_FD18_5,Pt 18,coordinate_decline,0.5,RA,State-history,304,39.904810646223396
Pt 18_FD18_5,Pt 18,coordinate_decline,0.5,RA,Persistence,304,57.96475765130153
Pt 18_FD18_5,Pt 18,coordinate_decline,0.5,RE,State-history,304,30.055710671483332
Pt 18_FD18_5,Pt 18,coordinate_decline,0.5,RE,Persistence,304,45.74732897583493
Pt 18_FD18_5,Pt 18,coordinate_decline,0.75,RA,State-history,298,46.13414004301511
Pt 18_FD18_5,Pt 18,coordinate_decline,0.75,RA,Persistence,298,75.18358682483093
Pt 18_FD18_5,Pt 18,coordinate_decline,0.75,RE,State-history,298,42.462739315402104
Pt 18_FD18_5,Pt 18,coordinate_decline,0.75,RE,Persistence,298,66.29741637378164
Pt 18_FD18_5,Pt 18,coordinate_decline,1.0,RA,State-history,300,61.903286387560826
Pt 18_FD18_5,Pt 18,coordinate_decline,1.0,RA,Persistence,300,94.50549717096773
Pt 18_FD18_5,Pt 18,coordinate_decline,1.0,RE,State-history,300,62.179431766355364
Pt 18_FD18_5,Pt 18,coordinate_decline,1.0,RE,Persistence,300,83.13224910347796
Pt 18_FD18_5,Pt 18,coordinate_decline,1.25,RA,State-history,289,78.69694930381115
Pt 18_FD18_5,Pt 18,coordinate_decline,1.25,RA,Persistence,289,109.636042721496
Pt 18_FD18_5,Pt 18,coordinate_decline,1.25,RE,State-history,289,82.75695814644163
Pt 18_FD18_5,Pt 18,coordinate_decline,1.25,RE,Persistence,289,97.3844482592237
Pt 18_FD18_5,Pt 18,coordinate_decline,1.5,RA,State-history,285,93.3848050727249
Pt 18_FD18_5,Pt 18,coordinate_decline,1.5,RA,Persistence,285,122.16289371427825
Pt 18_FD18_5,Pt 18,coordinate_decline,1.5,RE,State-history,285,94.11820700113142
Pt 18_FD18_5,Pt 18,coordinate_decline,1.5,RE,Persistence,285,108.40284799467508
Pt 20_FD20_2,Pt 20,all,0.05,RA,State-history,609,19.376666681897724
Pt 20_FD20_2,Pt 20,all,0.05,RA,Persistence,609,18.131345994026084
Pt 20_FD20_2,Pt 20,all,0.05,RE,State-history,609,16.281702663449583
Pt 20_FD20_2,Pt 20,all,0.05,RE,Persistence,609,14.471392565281343
Pt 20_FD20_2,Pt 20,all,0.25,RA,State-history,605,70.74999044654132
Pt 20_FD20_2,Pt 20,all,0.25,RA,Persistence,605,78.7315686094895
Pt 20_FD20_2,Pt 20,all,0.25,RE,State-history,605,46.82954209948305
Pt 20_FD20_2,Pt 20,all,0.25,RE,Persistence,605,54.93727687743906
Pt 20_FD20_2,Pt 20,all,0.5,RA,State-history,600,117.05501035756505
Pt 20_FD20_2,Pt 20,all,0.5,RA,Persistence,600,124.31867092606211
Pt 20_FD20_2,Pt 20,all,0.5,RE,State-history,600,70.81530571246941
Pt 20_FD20_2,Pt 20,all,0.5,RE,Persistence,600,84.00884863256923
Pt 20_FD20_2,Pt 20,all,0.75,RA,State-history,595,163.41716794039593
Pt 20_FD20_2,Pt 20,all,0.75,RA,Persistence,595,163.47337802638845
Pt 20_FD20_2,Pt 20,all,0.75,RE,State-history,595,104.17397089979538
Pt 20_FD20_2,Pt 20,all,0.75,RE,Persistence,595,117.81424794901102
Pt 20_FD20_2,Pt 20,all,1.0,RA,State-history,590,211.38296203125023
Pt 20_FD20_2,Pt 20,all,1.0,RA,Persistence,590,195.64083434102304
Pt 20_FD20_2,Pt 20,all,1.0,RE,State-history,590,133.95010627826093
Pt 20_FD20_2,Pt 20,all,1.0,RE,Persistence,590,137.0903394315944
Pt 20_FD20_2,Pt 20,all,1.25,RA,State-history,585,243.1459870525639
Pt 20_FD20_2,Pt 20,all,1.25,RA,Persistence,585,221.4845489933453
Pt 20_FD20_2,Pt 20,all,1.25,RE,State-history,585,158.77976051772043
Pt 20_FD20_2,Pt 20,all,1.25,RE,Persistence,585,157.9885785822559
Pt 20_FD20_2,Pt 20,all,1.5,RA,State-history,580,265.03754953217424
Pt 20_FD20_2,Pt 20,all,1.5,RA,Persistence,580,236.89265642490983
Pt 20_FD20_2,Pt 20,all,1.5,RE,State-history,580,171.3491927509502
Pt 20_FD20_2,Pt 20,all,1.5,RE,Persistence,580,172.50849489790124
Pt 20_FD20_2,Pt 20,onset_crossing,0.05,RA,State-history,6,0.21114735528968873
Pt 20_FD20_2,Pt 20,onset_crossing,0.05,RA,Persistence,6,0.21786227384731166
Pt 20_FD20_2,Pt 20,onset_crossing,0.05,RE,State-history,6,0.09928518098198832
Pt 20_FD20_2,Pt 20,onset_crossing,0.05,RE,Persistence,6,0.05450181809533876
Pt 20_FD20_2,Pt 20,onset_crossing,0.25,RA,State-history,30,4.944819075537572
Pt 20_FD20_2,Pt 20,onset_crossing,0.25,RA,Persistence,30,4.41902016923956
Pt 20_FD20_2,Pt 20,onset_crossing,0.25,RE,State-history,30,1.8565116334124614
Pt 20_FD20_2,Pt 20,onset_crossing,0.25,RE,Persistence,30,1.5149072849750622
Pt 20_FD20_2,Pt 20,onset_crossing,0.5,RA,State-history,60,15.920203029927055
Pt 20_FD20_2,Pt 20,onset_crossing,0.5,RA,Persistence,60,15.023038064679993
Pt 20_FD20_2,Pt 20,onset_crossing,0.5,RE,State-history,60,5.300181252970879
Pt 20_FD20_2,Pt 20,onset_crossing,0.5,RE,Persistence,60,7.488258616017078
Pt 20_FD20_2,Pt 20,onset_crossing,0.75,RA,State-history,90,26.390801565266255
Pt 20_FD20_2,Pt 20,onset_crossing,0.75,RA,Persistence,90,33.445916548063224
Pt 20_FD20_2,Pt 20,onset_crossing,0.75,RE,State-history,90,11.701623196817737
Pt 20_FD20_2,Pt 20,onset_crossing,0.75,RE,Persistence,90,17.29541935931039
Pt 20_FD20_2,Pt 20,onset_crossing,1.0,RA,State-history,120,42.931323794006765
Pt 20_FD20_2,Pt 20,onset_crossing,1.0,RA,Persistence,120,49.0836747870988
Pt 20_FD20_2,Pt 20,onset_crossing,1.0,RE,State-history,120,24.36066706677616
Pt 20_FD20_2,Pt 20,onset_crossing,1.0,RE,Persistence,120,32.442068166361615
Pt 20_FD20_2,Pt 20,onset_crossing,1.25,RA,State-history,150,65.04237749680661
Pt 20_FD20_2,Pt 20,onset_crossing,1.25,RA,Persistence,150,69.18731929376995
Pt 20_FD20_2,Pt 20,onset_crossing,1.25,RE,State-history,150,38.095222860404725
Pt 20_FD20_2,Pt 20,onset_crossing,1.25,RE,Persistence,150,47.65230847305514
Pt 20_FD20_2,Pt 20,onset_crossing,1.5,RA,State-history,180,87.50481895185763
Pt 20_FD20_2,Pt 20,onset_crossing,1.5,RA,Persistence,180,87.27922002189455
Pt 20_FD20_2,Pt 20,onset_crossing,1.5,RE,State-history,180,50.533626292105524
Pt 20_FD20_2,Pt 20,onset_crossing,1.5,RE,Persistence,180,63.70571969522824
Pt 20_FD20_2,Pt 20,coordinate_decline,0.05,RA,State-history,110,3.443306031688553
Pt 20_FD20_2,Pt 20,coordinate_decline,0.05,RA,Persistence,110,4.111877562487624
Pt 20_FD20_2,Pt 20,coordinate_decline,0.05,RE,State-history,110,2.35046147550779
Pt 20_FD20_2,Pt 20,coordinate_decline,0.05,RE,Persistence,110,3.338020193291927
Pt 20_FD20_2,Pt 20,coordinate_decline,0.25,RA,State-history,292,24.466536244219288
Pt 20_FD20_2,Pt 20,coordinate_decline,0.25,RA,Persistence,292,38.60706089969433
Pt 20_FD20_2,Pt 20,coordinate_decline,0.25,RE,State-history,292,16.434020873441483
Pt 20_FD20_2,Pt 20,coordinate_decline,0.25,RE,Persistence,292,29.04821995372794
Pt 20_FD20_2,Pt 20,coordinate_decline,0.5,RA,State-history,310,42.56433218177891
Pt 20_FD20_2,Pt 20,coordinate_decline,0.5,RA,Persistence,310,62.14084202713768
Pt 20_FD20_2,Pt 20,coordinate_decline,0.5,RE,State-history,310,27.032341435876933
Pt 20_FD20_2,Pt 20,coordinate_decline,0.5,RE,Persistence,310,45.64790400434608
Pt 20_FD20_2,Pt 20,coordinate_decline,0.75,RA,State-history,335,68.59072920423986
Pt 20_FD20_2,Pt 20,coordinate_decline,0.75,RA,Persistence,335,86.20916838182205
Pt 20_FD20_2,Pt 20,coordinate_decline,0.75,RE,State-history,335,50.98781562009208
Pt 20_FD20_2,Pt 20,coordinate_decline,0.75,RE,Persistence,335,69.15385585120771
Pt 20_FD20_2,Pt 20,coordinate_decline,1.0,RA,State-history,323,92.01563612341828
Pt 20_FD20_2,Pt 20,coordinate_decline,1.0,RA,Persistence,323,105.19461722767721
Pt 20_FD20_2,Pt 20,coordinate_decline,1.0,RE,State-history,323,64.29612476997649
Pt 20_FD20_2,Pt 20,coordinate_decline,1.0,RE,Persistence,323,78.75576550771721
Pt 20_FD20_2,Pt 20,coordinate_decline,1.25,RA,State-history,333,108.49922004800459
Pt 20_FD20_2,Pt 20,coordinate_decline,1.25,RA,Persistence,333,122.1947955405947
Pt 20_FD20_2,Pt 20,coordinate_decline,1.25,RE,State-history,333,77.35181302722307
Pt 20_FD20_2,Pt 20,coordinate_decline,1.25,RE,Persistence,333,94.59971585455962
Pt 20_FD20_2,Pt 20,coordinate_decline,1.5,RA,State-history,355,120.58167014141078
Pt 20_FD20_2,Pt 20,coordinate_decline,1.5,RA,Persistence,355,134.59744685350734
Pt 20_FD20_2,Pt 20,coordinate_decline,1.5,RE,State-history,355,81.46657773530657
Pt 20_FD20_2,Pt 20,coordinate_decline,1.5,RE,Persistence,355,104.37980195071103
Pt 20_FD20_3,Pt 20,all,0.05,RA,State-history,609,21.806583728561726
Pt 20_FD20_3,Pt 20,all,0.05,RA,Persistence,609,22.92132197559519
Pt 20_FD20_3,Pt 20,all,0.05,RE,State-history,609,14.679901483530653
Pt 20_FD20_3,Pt 20,all,0.05,RE,Persistence,609,12.211498734630837
Pt 20_FD20_3,Pt 20,all,0.25,RA,State-history,605,91.53945769183122
Pt 20_FD20_3,Pt 20,all,0.25,RA,Persistence,605,101.22744055929246
Pt 20_FD20_3,Pt 20,all,0.25,RE,State-history,605,60.19578535893116
Pt 20_FD20_3,Pt 20,all,0.25,RE,Persistence,605,54.84263023156518
Pt 20_FD20_3,Pt 20,all,0.5,RA,State-history,600,134.3027366158068
Pt 20_FD20_3,Pt 20,all,0.5,RA,Persistence,600,154.34905452765707
Pt 20_FD20_3,Pt 20,all,0.5,RE,State-history,600,100.3833832572621
Pt 20_FD20_3,Pt 20,all,0.5,RE,Persistence,600,97.20718669674011
Pt 20_FD20_3,Pt 20,all,0.75,RA,State-history,595,158.5276703089522
Pt 20_FD20_3,Pt 20,all,0.75,RA,Persistence,595,170.5971276019496
Pt 20_FD20_3,Pt 20,all,0.75,RE,State-history,595,133.67051344678856
Pt 20_FD20_3,Pt 20,all,0.75,RE,Persistence,595,131.54646170707656
Pt 20_FD20_3,Pt 20,all,1.0,RA,State-history,590,169.1864843526732
Pt 20_FD20_3,Pt 20,all,1.0,RA,Persistence,590,191.26613186885461
Pt 20_FD20_3,Pt 20,all,1.0,RE,State-history,590,144.7367375323705
Pt 20_FD20_3,Pt 20,all,1.0,RE,Persistence,590,150.09683792851393
Pt 20_FD20_3,Pt 20,all,1.25,RA,State-history,585,185.74703265444475
Pt 20_FD20_3,Pt 20,all,1.25,RA,Persistence,585,206.9415690894437
Pt 20_FD20_3,Pt 20,all,1.25,RE,State-history,585,150.09108738901452
Pt 20_FD20_3,Pt 20,all,1.25,RE,Persistence,585,166.1652520529153
Pt 20_FD20_3,Pt 20,all,1.5,RA,State-history,580,186.86188286539624
Pt 20_FD20_3,Pt 20,all,1.5,RA,Persistence,580,215.59464825752605
Pt 20_FD20_3,Pt 20,all,1.5,RE,State-history,580,157.0771243237818
Pt 20_FD20_3,Pt 20,all,1.5,RE,Persistence,580,181.26460684530034
Pt 20_FD20_3,Pt 20,onset_crossing,0.05,RA,State-history,5,0.19318780398531193
Pt 20_FD20_3,Pt 20,onset_crossing,0.05,RA,Persistence,5,0.1265322362669335
Pt 20_FD20_3,Pt 20,onset_crossing,0.05,RE,State-history,5,0.1066544798139234
Pt 20_FD20_3,Pt 20,onset_crossing,0.05,RE,Persistence,5,0.12228820162186549
Pt 20_FD20_3,Pt 20,onset_crossing,0.25,RA,State-history,25,3.2934275243708644
Pt 20_FD20_3,Pt 20,onset_crossing,0.25,RA,Persistence,25,2.8535879868097407
Pt 20_FD20_3,Pt 20,onset_crossing,0.25,RE,State-history,25,2.2075503710565565
Pt 20_FD20_3,Pt 20,onset_crossing,0.25,RE,Persistence,25,2.766116052469083
Pt 20_FD20_3,Pt 20,onset_crossing,0.5,RA,State-history,50,8.08530435943227
Pt 20_FD20_3,Pt 20,onset_crossing,0.5,RA,Persistence,50,9.790668032807417
Pt 20_FD20_3,Pt 20,onset_crossing,0.5,RE,State-history,50,6.452230849737049
Pt 20_FD20_3,Pt 20,onset_crossing,0.5,RE,Persistence,50,10.106516698578629
Pt 20_FD20_3,Pt 20,onset_crossing,0.75,RA,State-history,75,19.401695558311776
Pt 20_FD20_3,Pt 20,onset_crossing,0.75,RA,Persistence,75,23.523262984063724
Pt 20_FD20_3,Pt 20,onset_crossing,0.75,RE,State-history,75,11.908106900683663
Pt 20_FD20_3,Pt 20,onset_crossing,0.75,RE,Persistence,75,19.235124968685533
Pt 20_FD20_3,Pt 20,onset_crossing,1.0,RA,State-history,100,32.26031318415934
Pt 20_FD20_3,Pt 20,onset_crossing,1.0,RA,Persistence,100,41.31207887092403
Pt 20_FD20_3,Pt 20,onset_crossing,1.0,RE,State-history,100,21.5071808983551
Pt 20_FD20_3,Pt 20,onset_crossing,1.0,RE,Persistence,100,34.589600888873804
Pt 20_FD20_3,Pt 20,onset_crossing,1.25,RA,State-history,125,45.867686010434205
Pt 20_FD20_3,Pt 20,onset_crossing,1.25,RA,Persistence,125,60.978689908695316
Pt 20_FD20_3,Pt 20,onset_crossing,1.25,RE,State-history,125,33.880546335339325
Pt 20_FD20_3,Pt 20,onset_crossing,1.25,RE,Persistence,125,55.08933317991446
Pt 20_FD20_3,Pt 20,onset_crossing,1.5,RA,State-history,150,52.329980768342196
Pt 20_FD20_3,Pt 20,onset_crossing,1.5,RA,Persistence,150,86.94387833011524
Pt 20_FD20_3,Pt 20,onset_crossing,1.5,RE,State-history,150,44.45979263966504
Pt 20_FD20_3,Pt 20,onset_crossing,1.5,RE,Persistence,150,75.7260209603539
Pt 20_FD20_3,Pt 20,coordinate_decline,0.05,RA,State-history,109,5.515312837503334
Pt 20_FD20_3,Pt 20,coordinate_decline,0.05,RA,Persistence,109,6.85052611394446
Pt 20_FD20_3,Pt 20,coordinate_decline,0.05,RE,State-history,109,3.4790555854080525
Pt 20_FD20_3,Pt 20,coordinate_decline,0.05,RE,Persistence,109,4.869865110505713
Pt 20_FD20_3,Pt 20,coordinate_decline,0.25,RA,State-history,304,39.57745270665532
Pt 20_FD20_3,Pt 20,coordinate_decline,0.25,RA,Persistence,304,55.37268960193525
Pt 20_FD20_3,Pt 20,coordinate_decline,0.25,RE,State-history,304,26.4714379813939
Pt 20_FD20_3,Pt 20,coordinate_decline,0.25,RE,Persistence,304,31.808715325316857
Pt 20_FD20_3,Pt 20,coordinate_decline,0.5,RA,State-history,344,57.603371261357886
Pt 20_FD20_3,Pt 20,coordinate_decline,0.5,RA,Persistence,344,84.51293521857167
Pt 20_FD20_3,Pt 20,coordinate_decline,0.5,RE,State-history,344,43.80829867888457
Pt 20_FD20_3,Pt 20,coordinate_decline,0.5,RE,Persistence,344,56.41667576209788
Pt 20_FD20_3,Pt 20,coordinate_decline,0.75,RA,State-history,323,67.4329509228281
Pt 20_FD20_3,Pt 20,coordinate_decline,0.75,RA,Persistence,323,92.93354698033814
Pt 20_FD20_3,Pt 20,coordinate_decline,0.75,RE,State-history,323,54.62299105060748
Pt 20_FD20_3,Pt 20,coordinate_decline,0.75,RE,Persistence,323,74.83499671588001
Pt 20_FD20_3,Pt 20,coordinate_decline,1.0,RA,State-history,320,75.46454455917774
Pt 20_FD20_3,Pt 20,coordinate_decline,1.0,RA,Persistence,320,107.93101032299676
Pt 20_FD20_3,Pt 20,coordinate_decline,1.0,RE,State-history,320,62.74648957015322
Pt 20_FD20_3,Pt 20,coordinate_decline,1.0,RE,Persistence,320,85.53894998415075
Pt 20_FD20_3,Pt 20,coordinate_decline,1.25,RA,State-history,312,87.09398843427904
Pt 20_FD20_3,Pt 20,coordinate_decline,1.25,RA,Persistence,312,115.11550006856896
Pt 20_FD20_3,Pt 20,coordinate_decline,1.25,RE,State-history,312,71.43298937676991
Pt 20_FD20_3,Pt 20,coordinate_decline,1.25,RE,Persistence,312,96.15396579054524
Pt 20_FD20_3,Pt 20,coordinate_decline,1.5,RA,State-history,289,81.7960355978509
Pt 20_FD20_3,Pt 20,coordinate_decline,1.5,RA,Persistence,289,119.20480042452172
Pt 20_FD20_3,Pt 20,coordinate_decline,1.5,RE,State-history,289,74.38894624873117
Pt 20_FD20_3,Pt 20,coordinate_decline,1.5,RE,Persistence,289,103.31348664431945
Pt 20_FD20_4,Pt 20,all,0.05,RA,State-history,609,19.04209727896496
Pt 20_FD20_4,Pt 20,all,0.05,RA,Persistence,609,19.01705407511472
Pt 20_FD20_4,Pt 20,all,0.05,RE,State-history,609,9.630740245535016
Pt 20_FD20_4,Pt 20,all,0.05,RE,Persistence,609,8.627695186041418
Pt 20_FD20_4,Pt 20,all,0.25,RA,State-history,605,82.43345658541591
Pt 20_FD20_4,Pt 20,all,0.25,RA,Persistence,605,85.09543809308485
Pt 20_FD20_4,Pt 20,all,0.25,RE,State-history,605,37.98015817090812
Pt 20_FD20_4,Pt 20,all,0.25,RE,Persistence,605,38.048227122545036
Pt 20_FD20_4,Pt 20,all,0.5,RA,State-history,600,133.54893379135433
Pt 20_FD20_4,Pt 20,all,0.5,RA,Persistence,600,141.04100151528672
Pt 20_FD20_4,Pt 20,all,0.5,RE,State-history,600,63.345003148224734
Pt 20_FD20_4,Pt 20,all,0.5,RE,Persistence,600,68.32360385731614
Pt 20_FD20_4,Pt 20,all,0.75,RA,State-history,595,166.77011219773186
Pt 20_FD20_4,Pt 20,all,0.75,RA,Persistence,595,176.91254751597182
Pt 20_FD20_4,Pt 20,all,0.75,RE,State-history,595,86.88362702436882
Pt 20_FD20_4,Pt 20,all,0.75,RE,Persistence,595,94.97087580554569
Pt 20_FD20_4,Pt 20,all,1.0,RA,State-history,590,192.51453789705585
Pt 20_FD20_4,Pt 20,all,1.0,RA,Persistence,590,199.0033967551804
Pt 20_FD20_4,Pt 20,all,1.0,RE,State-history,590,104.86970852298387
Pt 20_FD20_4,Pt 20,all,1.0,RE,Persistence,590,114.68070113405562
Pt 20_FD20_4,Pt 20,all,1.25,RA,State-history,585,207.03367243511963
Pt 20_FD20_4,Pt 20,all,1.25,RA,Persistence,585,214.88511604022727
Pt 20_FD20_4,Pt 20,all,1.25,RE,State-history,585,120.3923328826676
Pt 20_FD20_4,Pt 20,all,1.25,RE,Persistence,585,130.38895484995749
Pt 20_FD20_4,Pt 20,all,1.5,RA,State-history,580,212.66954650682948
Pt 20_FD20_4,Pt 20,all,1.5,RA,Persistence,580,219.4809934888707
Pt 20_FD20_4,Pt 20,all,1.5,RE,State-history,580,133.8628052350797
Pt 20_FD20_4,Pt 20,all,1.5,RE,Persistence,580,143.24554245255365
Pt 20_FD20_4,Pt 20,onset_crossing,0.05,RA,State-history,5,0.057826642012533715
Pt 20_FD20_4,Pt 20,onset_crossing,0.05,RA,Persistence,5,0.045627651306534726
Pt 20_FD20_4,Pt 20,onset_crossing,0.05,RE,State-history,5,0.029928872203798165
Pt 20_FD20_4,Pt 20,onset_crossing,0.05,RE,Persistence,5,0.05580908573860631
Pt 20_FD20_4,Pt 20,onset_crossing,0.25,RA,State-history,25,1.3031367457763148
Pt 20_FD20_4,Pt 20,onset_crossing,0.25,RA,Persistence,25,1.653241345899021
Pt 20_FD20_4,Pt 20,onset_crossing,0.25,RE,State-history,25,0.8474217181369199
Pt 20_FD20_4,Pt 20,onset_crossing,0.25,RE,Persistence,25,1.1395384232156474
Pt 20_FD20_4,Pt 20,onset_crossing,0.5,RA,State-history,50,7.935152742739271
Pt 20_FD20_4,Pt 20,onset_crossing,0.5,RA,Persistence,50,9.597504613118089
Pt 20_FD20_4,Pt 20,onset_crossing,0.5,RE,State-history,50,3.0565978631263206
Pt 20_FD20_4,Pt 20,onset_crossing,0.5,RE,Persistence,50,5.506467176407477
Pt 20_FD20_4,Pt 20,onset_crossing,0.75,RA,State-history,75,18.702156250450436
Pt 20_FD20_4,Pt 20,onset_crossing,0.75,RA,Persistence,75,24.895356027076293
Pt 20_FD20_4,Pt 20,onset_crossing,0.75,RE,State-history,75,6.7681857999712545
Pt 20_FD20_4,Pt 20,onset_crossing,0.75,RE,Persistence,75,12.371809043436075
Pt 20_FD20_4,Pt 20,onset_crossing,1.0,RA,State-history,100,30.26596923096125
Pt 20_FD20_4,Pt 20,onset_crossing,1.0,RA,Persistence,100,38.5013021349467
Pt 20_FD20_4,Pt 20,onset_crossing,1.0,RE,State-history,100,14.68316093058976
Pt 20_FD20_4,Pt 20,onset_crossing,1.0,RE,Persistence,100,22.30501066349196
Pt 20_FD20_4,Pt 20,onset_crossing,1.25,RA,State-history,125,43.10557623895254
Pt 20_FD20_4,Pt 20,onset_crossing,1.25,RA,Persistence,125,52.004874240437616
Pt 20_FD20_4,Pt 20,onset_crossing,1.25,RE,State-history,125,23.23167314133544
Pt 20_FD20_4,Pt 20,onset_crossing,1.25,RE,Persistence,125,32.96188706936797
Pt 20_FD20_4,Pt 20,onset_crossing,1.5,RA,State-history,150,54.377060136029954
Pt 20_FD20_4,Pt 20,onset_crossing,1.5,RA,Persistence,150,63.36400825071953
Pt 20_FD20_4,Pt 20,onset_crossing,1.5,RE,State-history,150,33.25217578844381
Pt 20_FD20_4,Pt 20,onset_crossing,1.5,RE,Persistence,150,44.319348222319036
Pt 20_FD20_4,Pt 20,coordinate_decline,0.05,RA,State-history,104,3.794011440181432
Pt 20_FD20_4,Pt 20,coordinate_decline,0.05,RA,Persistence,104,4.272250281245899
Pt 20_FD20_4,Pt 20,coordinate_decline,0.05,RE,State-history,104,1.736784812460166
Pt 20_FD20_4,Pt 20,coordinate_decline,0.05,RE,Persistence,104,2.0891169960968026
Pt 20_FD20_4,Pt 20,coordinate_decline,0.25,RA,State-history,271,32.400927338103756
Pt 20_FD20_4,Pt 20,coordinate_decline,0.25,RA,Persistence,271,39.94188284411767
Pt 20_FD20_4,Pt 20,coordinate_decline,0.25,RE,State-history,271,15.43960165529499
Pt 20_FD20_4,Pt 20,coordinate_decline,0.25,RE,Persistence,271,19.59570205922408
Pt 20_FD20_4,Pt 20,coordinate_decline,0.5,RA,State-history,311,53.0868594944842
Pt 20_FD20_4,Pt 20,coordinate_decline,0.5,RA,Persistence,311,69.3240623993311
Pt 20_FD20_4,Pt 20,coordinate_decline,0.5,RE,State-history,311,24.48181466398107
Pt 20_FD20_4,Pt 20,coordinate_decline,0.5,RE,Persistence,311,35.50496217705977
Pt 20_FD20_4,Pt 20,coordinate_decline,0.75,RA,State-history,315,69.481930198096
Pt 20_FD20_4,Pt 20,coordinate_decline,0.75,RA,Persistence,315,90.52601915776526
Pt 20_FD20_4,Pt 20,coordinate_decline,0.75,RE,State-history,315,38.15654310151235
Pt 20_FD20_4,Pt 20,coordinate_decline,0.75,RE,Persistence,315,52.12103307854813
Pt 20_FD20_4,Pt 20,coordinate_decline,1.0,RA,State-history,309,84.95856347281352
Pt 20_FD20_4,Pt 20,coordinate_decline,1.0,RA,Persistence,309,104.61312617988477
Pt 20_FD20_4,Pt 20,coordinate_decline,1.0,RE,State-history,309,47.03595941301258
Pt 20_FD20_4,Pt 20,coordinate_decline,1.0,RE,Persistence,309,63.629769636810664
Pt 20_FD20_4,Pt 20,coordinate_decline,1.25,RA,State-history,308,95.0915136217344
Pt 20_FD20_4,Pt 20,coordinate_decline,1.25,RA,Persistence,308,112.59385004172816
Pt 20_FD20_4,Pt 20,coordinate_decline,1.25,RE,State-history,308,55.93115408049295
Pt 20_FD20_4,Pt 20,coordinate_decline,1.25,RE,Persistence,308,71.54287961637371
Pt 20_FD20_4,Pt 20,coordinate_decline,1.5,RA,State-history,327,104.11582467837994
Pt 20_FD20_4,Pt 20,coordinate_decline,1.5,RA,Persistence,327,116.0652017601411
Pt 20_FD20_4,Pt 20,coordinate_decline,1.5,RE,State-history,327,66.1421102047039
Pt 20_FD20_4,Pt 20,coordinate_decline,1.5,RE,Persistence,327,78.86234593912755
Pt 20_FD20_5,Pt 20,all,0.05,RA,State-history,609,30.937913912361516
Pt 20_FD20_5,Pt 20,all,0.05,RA,Persistence,609,32.42037680736262
Pt 20_FD20_5,Pt 20,all,0.05,RE,State-history,609,19.708797027062943
Pt 20_FD20_5,Pt 20,all,0.05,RE,Persistence,609,21.68366790817474
Pt 20_FD20_5,Pt 20,all,0.25,RA,State-history,605,133.15109735447234
Pt 20_FD20_5,Pt 20,all,0.25,RA,Persistence,605,141.63523895276222
Pt 20_FD20_5,Pt 20,all,0.25,RE,State-history,605,93.35012841568931
Pt 20_FD20_5,Pt 20,all,0.25,RE,Persistence,605,97.69190686429957
Pt 20_FD20_5,Pt 20,all,0.5,RA,State-history,600,212.72123788453192
Pt 20_FD20_5,Pt 20,all,0.5,RA,Persistence,600,217.31732820944552
Pt 20_FD20_5,Pt 20,all,0.5,RE,State-history,600,190.82126809775554
Pt 20_FD20_5,Pt 20,all,0.5,RE,Persistence,600,174.1920625347139
Pt 20_FD20_5,Pt 20,all,0.75,RA,State-history,595,271.9423724578861
Pt 20_FD20_5,Pt 20,all,0.75,RA,Persistence,595,251.68902912540142
Pt 20_FD20_5,Pt 20,all,0.75,RE,State-history,595,270.49003886146704
Pt 20_FD20_5,Pt 20,all,0.75,RE,Persistence,595,242.93151532762923
Pt 20_FD20_5,Pt 20,all,1.0,RA,State-history,590,306.86644643009106
Pt 20_FD20_5,Pt 20,all,1.0,RA,Persistence,590,289.5783697115577
Pt 20_FD20_5,Pt 20,all,1.0,RE,State-history,590,322.91798747942767
Pt 20_FD20_5,Pt 20,all,1.0,RE,Persistence,590,301.62903902161804
Pt 20_FD20_5,Pt 20,all,1.25,RA,State-history,585,320.3498238413101
Pt 20_FD20_5,Pt 20,all,1.25,RA,Persistence,585,327.40905261920136
Pt 20_FD20_5,Pt 20,all,1.25,RE,State-history,585,349.4744455593221
Pt 20_FD20_5,Pt 20,all,1.25,RE,Persistence,585,345.8064036692399
Pt 20_FD20_5,Pt 20,all,1.5,RA,State-history,580,338.76558399144585
Pt 20_FD20_5,Pt 20,all,1.5,RA,Persistence,580,347.90268047210793
Pt 20_FD20_5,Pt 20,all,1.5,RE,State-history,580,371.0533974197534
Pt 20_FD20_5,Pt 20,all,1.5,RE,Persistence,580,384.2555914907907
Pt 20_FD20_5,Pt 20,onset_crossing,0.05,RA,State-history,4,0.0934118646388934
Pt 20_FD20_5,Pt 20,onset_crossing,0.05,RA,Persistence,4,0.07702973009925901
Pt 20_FD20_5,Pt 20,onset_crossing,0.05,RE,State-history,4,0.2517007795053141
Pt 20_FD20_5,Pt 20,onset_crossing,0.05,RE,Persistence,4,0.3465048913056814
Pt 20_FD20_5,Pt 20,onset_crossing,0.25,RA,State-history,20,2.5023742509684928
Pt 20_FD20_5,Pt 20,onset_crossing,0.25,RA,Persistence,20,3.3394242399726495
Pt 20_FD20_5,Pt 20,onset_crossing,0.25,RE,State-history,20,2.7544645393506126
Pt 20_FD20_5,Pt 20,onset_crossing,0.25,RE,Persistence,20,5.824886990914056
Pt 20_FD20_5,Pt 20,onset_crossing,0.5,RA,State-history,40,10.846789260142668
Pt 20_FD20_5,Pt 20,onset_crossing,0.5,RA,Persistence,40,14.257902423138407
Pt 20_FD20_5,Pt 20,onset_crossing,0.5,RE,State-history,40,10.246454607511907
Pt 20_FD20_5,Pt 20,onset_crossing,0.5,RE,Persistence,40,21.928718366809232
Pt 20_FD20_5,Pt 20,onset_crossing,0.75,RA,State-history,60,25.555608328702238
Pt 20_FD20_5,Pt 20,onset_crossing,0.75,RA,Persistence,60,33.2932441061024
Pt 20_FD20_5,Pt 20,onset_crossing,0.75,RE,State-history,60,25.530591665043644
Pt 20_FD20_5,Pt 20,onset_crossing,0.75,RE,Persistence,60,41.72321874756763
Pt 20_FD20_5,Pt 20,onset_crossing,1.0,RA,State-history,80,39.71429925892507
Pt 20_FD20_5,Pt 20,onset_crossing,1.0,RA,Persistence,80,47.97223071087049
Pt 20_FD20_5,Pt 20,onset_crossing,1.0,RE,State-history,80,39.85373965635466
Pt 20_FD20_5,Pt 20,onset_crossing,1.0,RE,Persistence,80,66.02996117372416
Pt 20_FD20_5,Pt 20,onset_crossing,1.25,RA,State-history,99,58.22489858484392
Pt 20_FD20_5,Pt 20,onset_crossing,1.25,RA,Persistence,99,68.58635475294729
Pt 20_FD20_5,Pt 20,onset_crossing,1.25,RE,State-history,99,62.43582116577412
Pt 20_FD20_5,Pt 20,onset_crossing,1.25,RE,Persistence,99,93.47828547034712
Pt 20_FD20_5,Pt 20,onset_crossing,1.5,RA,State-history,114,73.82611994461878
Pt 20_FD20_5,Pt 20,onset_crossing,1.5,RA,Persistence,114,94.44755901433174
Pt 20_FD20_5,Pt 20,onset_crossing,1.5,RE,State-history,114,82.42429642540382
Pt 20_FD20_5,Pt 20,onset_crossing,1.5,RE,Persistence,114,122.14584974680642
Pt 20_FD20_5,Pt 20,coordinate_decline,0.05,RA,State-history,101,6.596688358165079
Pt 20_FD20_5,Pt 20,coordinate_decline,0.05,RA,Persistence,101,8.255092514394121
Pt 20_FD20_5,Pt 20,coordinate_decline,0.05,RE,State-history,101,4.193013348602667
Pt 20_FD20_5,Pt 20,coordinate_decline,0.05,RE,Persistence,101,6.571244444456471
Pt 20_FD20_5,Pt 20,coordinate_decline,0.25,RA,State-history,270,58.44106987615309
Pt 20_FD20_5,Pt 20,coordinate_decline,0.25,RA,Persistence,270,75.67338692095367
Pt 20_FD20_5,Pt 20,coordinate_decline,0.25,RE,State-history,270,43.0924810980774
Pt 20_FD20_5,Pt 20,coordinate_decline,0.25,RE,Persistence,270,57.40892499529829
Pt 20_FD20_5,Pt 20,coordinate_decline,0.5,RA,State-history,304,91.57521681035797
Pt 20_FD20_5,Pt 20,coordinate_decline,0.5,RA,Persistence,304,117.59076713150264
Pt 20_FD20_5,Pt 20,coordinate_decline,0.5,RE,State-history,304,81.45915041690898
Pt 20_FD20_5,Pt 20,coordinate_decline,0.5,RE,Persistence,304,99.94441150983175
Pt 20_FD20_5,Pt 20,coordinate_decline,0.75,RA,State-history,300,112.74255328228298
Pt 20_FD20_5,Pt 20,coordinate_decline,0.75,RA,Persistence,300,137.5123104791623
Pt 20_FD20_5,Pt 20,coordinate_decline,0.75,RE,State-history,300,103.82814920393668
Pt 20_FD20_5,Pt 20,coordinate_decline,0.75,RE,Persistence,300,136.4724019828825
Pt 20_FD20_5,Pt 20,coordinate_decline,1.0,RA,State-history,306,140.01984048448924
Pt 20_FD20_5,Pt 20,coordinate_decline,1.0,RA,Persistence,306,165.37254208627337
Pt 20_FD20_5,Pt 20,coordinate_decline,1.0,RE,State-history,306,139.6498258037578
Pt 20_FD20_5,Pt 20,coordinate_decline,1.0,RE,Persistence,306,169.79191860193325
Pt 20_FD20_5,Pt 20,coordinate_decline,1.25,RA,State-history,293,148.4119094979948
Pt 20_FD20_5,Pt 20,coordinate_decline,1.25,RA,Persistence,293,186.51597377045744
Pt 20_FD20_5,Pt 20,coordinate_decline,1.25,RE,State-history,293,154.64587397841217
Pt 20_FD20_5,Pt 20,coordinate_decline,1.25,RE,Persistence,293,198.14344243521077
Pt 20_FD20_5,Pt 20,coordinate_decline,1.5,RA,State-history,269,155.0453049099769
Pt 20_FD20_5,Pt 20,coordinate_decline,1.5,RA,Persistence,269,196.82787604518757
Pt 20_FD20_5,Pt 20,coordinate_decline,1.5,RE,State-history,269,161.25080336382976
Pt 20_FD20_5,Pt 20,coordinate_decline,1.5,RE,Persistence,269,217.37023089156474
Pt 20_FD20_6,Pt 20,all,0.05,RA,State-history,609,25.35478214058915
Pt 20_FD20_6,Pt 20,all,0.05,RA,Persistence,609,24.55464639468707
Pt 20_FD20_6,Pt 20,all,0.05,RE,State-history,609,13.493544134993549
Pt 20_FD20_6,Pt 20,all,0.05,RE,Persistence,609,11.555345749426948
Pt 20_FD20_6,Pt 20,all,0.25,RA,State-history,605,99.2564049875781
Pt 20_FD20_6,Pt 20,all,0.25,RA,Persistence,605,110.07304785662555
Pt 20_FD20_6,Pt 20,all,0.25,RE,State-history,605,52.89331973448508
Pt 20_FD20_6,Pt 20,all,0.25,RE,Persistence,605,53.89019949759955
Pt 20_FD20_6,Pt 20,all,0.5,RA,State-history,600,145.8675569585896
Pt 20_FD20_6,Pt 20,all,0.5,RA,Persistence,600,175.10887593981974
Pt 20_FD20_6,Pt 20,all,0.5,RE,State-history,600,85.32308144049112
Pt 20_FD20_6,Pt 20,all,0.5,RE,Persistence,600,98.02775032385193
Pt 20_FD20_6,Pt 20,all,0.75,RA,State-history,595,169.90465316724703
Pt 20_FD20_6,Pt 20,all,0.75,RA,Persistence,595,207.68490219135947
Pt 20_FD20_6,Pt 20,all,0.75,RE,State-history,595,115.62173331283634
Pt 20_FD20_6,Pt 20,all,0.75,RE,Persistence,595,130.41332079702354
Pt 20_FD20_6,Pt 20,all,1.0,RA,State-history,590,182.13038744793673
Pt 20_FD20_6,Pt 20,all,1.0,RA,Persistence,590,226.20332185895188
Pt 20_FD20_6,Pt 20,all,1.0,RE,State-history,590,155.83417871552817
Pt 20_FD20_6,Pt 20,all,1.0,RE,Persistence,590,153.3696272787932
Pt 20_FD20_6,Pt 20,all,1.25,RA,State-history,585,208.71335926883
Pt 20_FD20_6,Pt 20,all,1.25,RA,Persistence,585,235.45051001282843
Pt 20_FD20_6,Pt 20,all,1.25,RE,State-history,585,198.97538640759927
Pt 20_FD20_6,Pt 20,all,1.25,RE,Persistence,585,169.10184228200825
Pt 20_FD20_6,Pt 20,all,1.5,RA,State-history,580,244.97561924853846
Pt 20_FD20_6,Pt 20,all,1.5,RA,Persistence,580,245.66543827515943
Pt 20_FD20_6,Pt 20,all,1.5,RE,State-history,580,246.4795196722495
Pt 20_FD20_6,Pt 20,all,1.5,RE,Persistence,580,178.9674716562
Pt 20_FD20_6,Pt 20,onset_crossing,0.05,RA,State-history,7,0.21030382039716042
Pt 20_FD20_6,Pt 20,onset_crossing,0.05,RA,Persistence,7,0.2601824380333021
Pt 20_FD20_6,Pt 20,onset_crossing,0.05,RE,State-history,7,0.1538594461933537
Pt 20_FD20_6,Pt 20,onset_crossing,0.05,RE,Persistence,7,0.20814448560825538
Pt 20_FD20_6,Pt 20,onset_crossing,0.25,RA,State-history,35,4.056776725745547
Pt 20_FD20_6,Pt 20,onset_crossing,0.25,RA,Persistence,35,7.121051907764778
Pt 20_FD20_6,Pt 20,onset_crossing,0.25,RE,State-history,35,2.3027706365146874
Pt 20_FD20_6,Pt 20,onset_crossing,0.25,RE,Persistence,35,4.135915744967986
Pt 20_FD20_6,Pt 20,onset_crossing,0.5,RA,State-history,70,13.513537400845868
Pt 20_FD20_6,Pt 20,onset_crossing,0.5,RA,Persistence,70,24.827584853562666
Pt 20_FD20_6,Pt 20,onset_crossing,0.5,RE,State-history,70,12.27057703353729
Pt 20_FD20_6,Pt 20,onset_crossing,0.5,RE,Persistence,70,19.855905767193526
Pt 20_FD20_6,Pt 20,onset_crossing,0.75,RA,State-history,105,26.8474072263664
Pt 20_FD20_6,Pt 20,onset_crossing,0.75,RA,Persistence,105,47.06586172006774
Pt 20_FD20_6,Pt 20,onset_crossing,0.75,RE,State-history,105,27.209033750388553
Pt 20_FD20_6,Pt 20,onset_crossing,0.75,RE,Persistence,105,39.03951146128112
Pt 20_FD20_6,Pt 20,onset_crossing,1.0,RA,State-history,136,45.24263336496849
Pt 20_FD20_6,Pt 20,onset_crossing,1.0,RA,Persistence,136,59.637675616058154
Pt 20_FD20_6,Pt 20,onset_crossing,1.0,RE,State-history,136,48.256182806026715
Pt 20_FD20_6,Pt 20,onset_crossing,1.0,RE,Persistence,136,53.292146755452194
Pt 20_FD20_6,Pt 20,onset_crossing,1.25,RA,State-history,166,68.67232673801038
Pt 20_FD20_6,Pt 20,onset_crossing,1.25,RA,Persistence,166,72.7503998115516
Pt 20_FD20_6,Pt 20,onset_crossing,1.25,RE,State-history,166,72.97473215859134
Pt 20_FD20_6,Pt 20,onset_crossing,1.25,RE,Persistence,166,65.74288511783396
Pt 20_FD20_6,Pt 20,onset_crossing,1.5,RA,State-history,196,93.97371961671092
Pt 20_FD20_6,Pt 20,onset_crossing,1.5,RA,Persistence,196,92.17976003825743
Pt 20_FD20_6,Pt 20,onset_crossing,1.5,RE,State-history,196,97.96297942550682
Pt 20_FD20_6,Pt 20,onset_crossing,1.5,RE,Persistence,196,77.97314354117664
Pt 20_FD20_6,Pt 20,coordinate_decline,0.05,RA,State-history,102,4.53586987728727
Pt 20_FD20_6,Pt 20,coordinate_decline,0.05,RA,Persistence,102,5.403660208482061
Pt 20_FD20_6,Pt 20,coordinate_decline,0.05,RE,State-history,102,2.704212705068746
Pt 20_FD20_6,Pt 20,coordinate_decline,0.05,RE,Persistence,102,3.820981371040459
Pt 20_FD20_6,Pt 20,coordinate_decline,0.25,RA,State-history,301,36.83933272330745
Pt 20_FD20_6,Pt 20,coordinate_decline,0.25,RA,Persistence,301,59.20363110295699
Pt 20_FD20_6,Pt 20,coordinate_decline,0.25,RE,State-history,301,23.12965848235836
Pt 20_FD20_6,Pt 20,coordinate_decline,0.25,RE,Persistence,301,32.54581849746293
Pt 20_FD20_6,Pt 20,coordinate_decline,0.5,RA,State-history,325,60.88069764562445
Pt 20_FD20_6,Pt 20,coordinate_decline,0.5,RA,Persistence,325,93.55870838133794
Pt 20_FD20_6,Pt 20,coordinate_decline,0.5,RE,State-history,325,42.688463684160716
Pt 20_FD20_6,Pt 20,coordinate_decline,0.5,RE,Persistence,325,58.85259840340141
Pt 20_FD20_6,Pt 20,coordinate_decline,0.75,RA,State-history,328,87.9603783931047
Pt 20_FD20_6,Pt 20,coordinate_decline,0.75,RA,Persistence,328,111.79987717882241
Pt 20_FD20_6,Pt 20,coordinate_decline,0.75,RE,State-history,328,69.1522141560342
Pt 20_FD20_6,Pt 20,coordinate_decline,0.75,RE,Persistence,328,77.29921073699727
Pt 20_FD20_6,Pt 20,coordinate_decline,1.0,RA,State-history,320,106.59734508565752
Pt 20_FD20_6,Pt 20,coordinate_decline,1.0,RA,Persistence,320,122.37461830309371
Pt 20_FD20_6,Pt 20,coordinate_decline,1.0,RE,State-history,320,98.03968791562605
Pt 20_FD20_6,Pt 20,coordinate_decline,1.0,RE,Persistence,320,89.75498604186765
Pt 20_FD20_6,Pt 20,coordinate_decline,1.25,RA,State-history,305,127.25340669888682
Pt 20_FD20_6,Pt 20,coordinate_decline,1.25,RA,Persistence,305,126.4272477129221
Pt 20_FD20_6,Pt 20,coordinate_decline,1.25,RE,State-history,305,124.57260398800479
Pt 20_FD20_6,Pt 20,coordinate_decline,1.25,RE,Persistence,305,98.3407897461179
Pt 20_FD20_6,Pt 20,coordinate_decline,1.5,RA,State-history,287,150.28765025079755
Pt 20_FD20_6,Pt 20,coordinate_decline,1.5,RA,Persistence,287,130.810516258141
Pt 20_FD20_6,Pt 20,coordinate_decline,1.5,RE,State-history,287,146.45622420280966
Pt 20_FD20_6,Pt 20,coordinate_decline,1.5,RE,Persistence,287,103.73785144512033
Pt 22_FD22_3,Pt 22,all,0.05,RA,State-history,609,21.782444253769874
Pt 22_FD22_3,Pt 22,all,0.05,RA,Persistence,609,20.3414658548527
Pt 22_FD22_3,Pt 22,all,0.05,RE,State-history,609,26.9962251502189
Pt 22_FD22_3,Pt 22,all,0.05,RE,Persistence,609,36.99906936473203
Pt 22_FD22_3,Pt 22,all,0.25,RA,State-history,605,72.77384814106149
Pt 22_FD22_3,Pt 22,all,0.25,RA,Persistence,605,76.42573039658556
Pt 22_FD22_3,Pt 22,all,0.25,RE,State-history,605,80.38182752705711
Pt 22_FD22_3,Pt 22,all,0.25,RE,Persistence,605,130.56052421406133
Pt 22_FD22_3,Pt 22,all,0.5,RA,State-history,600,112.64747872863666
Pt 22_FD22_3,Pt 22,all,0.5,RA,Persistence,600,88.75047573699922
Pt 22_FD22_3,Pt 22,all,0.5,RE,State-history,600,119.36039795819846
Pt 22_FD22_3,Pt 22,all,0.5,RE,Persistence,600,123.9775819650967
Pt 22_FD22_3,Pt 22,all,0.75,RA,State-history,595,131.61478681982456
Pt 22_FD22_3,Pt 22,all,0.75,RA,Persistence,595,121.65766803244306
Pt 22_FD22_3,Pt 22,all,0.75,RE,State-history,595,165.75747980211278
Pt 22_FD22_3,Pt 22,all,0.75,RE,Persistence,595,187.10460391409998
Pt 22_FD22_3,Pt 22,all,1.0,RA,State-history,590,157.20648726463855
Pt 22_FD22_3,Pt 22,all,1.0,RA,Persistence,590,134.47640927840672
Pt 22_FD22_3,Pt 22,all,1.0,RE,State-history,590,180.73016494205473
Pt 22_FD22_3,Pt 22,all,1.0,RE,Persistence,590,167.3502967701051
Pt 22_FD22_3,Pt 22,all,1.25,RA,State-history,585,171.3090379192231
Pt 22_FD22_3,Pt 22,all,1.25,RA,Persistence,585,156.31755417565128
Pt 22_FD22_3,Pt 22,all,1.25,RE,State-history,585,188.42084915454126
Pt 22_FD22_3,Pt 22,all,1.25,RE,Persistence,585,200.67803890939766
Pt 22_FD22_3,Pt 22,all,1.5,RA,State-history,580,197.1873657795199
Pt 22_FD22_3,Pt 22,all,1.5,RA,Persistence,580,166.1960037870465
Pt 22_FD22_3,Pt 22,all,1.5,RE,State-history,580,204.41596576935765
Pt 22_FD22_3,Pt 22,all,1.5,RE,Persistence,580,185.42192207109747
Pt 22_FD22_3,Pt 22,onset_crossing,0.05,RA,State-history,1,0.01200047568970028
Pt 22_FD22_3,Pt 22,onset_crossing,0.05,RA,Persistence,1,0.0032483385492454372
Pt 22_FD22_3,Pt 22,onset_crossing,0.05,RE,State-history,1,0.013645764753433567
Pt 22_FD22_3,Pt 22,onset_crossing,0.05,RE,Persistence,1,0.0012762883747896615
Pt 22_FD22_3,Pt 22,onset_crossing,0.25,RA,State-history,5,0.07471305057188866
Pt 22_FD22_3,Pt 22,onset_crossing,0.25,RA,Persistence,5,0.18187535659604429
Pt 22_FD22_3,Pt 22,onset_crossing,0.25,RE,State-history,5,0.06892567314628502
Pt 22_FD22_3,Pt 22,onset_crossing,0.25,RE,Persistence,5,0.09341512066787772
Pt 22_FD22_3,Pt 22,onset_crossing,0.5,RA,State-history,10,0.7182540512111633
Pt 22_FD22_3,Pt 22,onset_crossing,0.5,RA,Persistence,10,0.6136055071881644
Pt 22_FD22_3,Pt 22,onset_crossing,0.5,RE,State-history,10,0.14780732321568593
Pt 22_FD22_3,Pt 22,onset_crossing,0.5,RE,Persistence,10,0.2935636808801272
Pt 22_FD22_3,Pt 22,onset_crossing,0.75,RA,State-history,15,1.1912944806490566
Pt 22_FD22_3,Pt 22,onset_crossing,0.75,RA,Persistence,15,1.1781489384353225
Pt 22_FD22_3,Pt 22,onset_crossing,0.75,RE,State-history,15,0.24161585735715838
Pt 22_FD22_3,Pt 22,onset_crossing,0.75,RE,Persistence,15,0.7779884486988987
Pt 22_FD22_3,Pt 22,onset_crossing,1.0,RA,State-history,20,1.392129204101223
Pt 22_FD22_3,Pt 22,onset_crossing,1.0,RA,Persistence,20,1.7201822190341864
Pt 22_FD22_3,Pt 22,onset_crossing,1.0,RE,State-history,20,0.30033455713017565
Pt 22_FD22_3,Pt 22,onset_crossing,1.0,RE,Persistence,20,1.3354253195862997
Pt 22_FD22_3,Pt 22,onset_crossing,1.25,RA,State-history,25,1.443358126577698
Pt 22_FD22_3,Pt 22,onset_crossing,1.25,RA,Persistence,25,2.232077205547019
Pt 22_FD22_3,Pt 22,onset_crossing,1.25,RE,State-history,25,0.8319339661818246
Pt 22_FD22_3,Pt 22,onset_crossing,1.25,RE,Persistence,25,2.3096678330661486
Pt 22_FD22_3,Pt 22,onset_crossing,1.5,RA,State-history,30,1.6354879294317202
Pt 22_FD22_3,Pt 22,onset_crossing,1.5,RA,Persistence,30,3.7149458347591717
Pt 22_FD22_3,Pt 22,onset_crossing,1.5,RE,State-history,30,1.0262299176062204
Pt 22_FD22_3,Pt 22,onset_crossing,1.5,RE,Persistence,30,4.167109266349489
Pt 22_FD22_3,Pt 22,coordinate_decline,0.05,RA,State-history,84,3.8476826533434965
Pt 22_FD22_3,Pt 22,coordinate_decline,0.05,RA,Persistence,84,4.066066090162816
Pt 22_FD22_3,Pt 22,coordinate_decline,0.05,RE,State-history,84,3.795868720963127
Pt 22_FD22_3,Pt 22,coordinate_decline,0.05,RE,Persistence,84,7.115891265075744
Pt 22_FD22_3,Pt 22,coordinate_decline,0.25,RA,State-history,342,36.58943425492964
Pt 22_FD22_3,Pt 22,coordinate_decline,0.25,RA,Persistence,342,48.41982234911001
Pt 22_FD22_3,Pt 22,coordinate_decline,0.25,RE,State-history,342,38.06374337067267
Pt 22_FD22_3,Pt 22,coordinate_decline,0.25,RE,Persistence,342,84.17875230902285
Pt 22_FD22_3,Pt 22,coordinate_decline,0.5,RA,State-history,286,51.74590010544902
Pt 22_FD22_3,Pt 22,coordinate_decline,0.5,RA,Persistence,286,48.09305446626035
Pt 22_FD22_3,Pt 22,coordinate_decline,0.5,RE,State-history,286,51.48475370075282
Pt 22_FD22_3,Pt 22,coordinate_decline,0.5,RE,Persistence,286,67.14202380559409
Pt 22_FD22_3,Pt 22,coordinate_decline,0.75,RA,State-history,353,74.43307312613071
Pt 22_FD22_3,Pt 22,coordinate_decline,0.75,RA,Persistence,353,72.67231876636315
Pt 22_FD22_3,Pt 22,coordinate_decline,0.75,RE,State-history,353,84.46511620555613
Pt 22_FD22_3,Pt 22,coordinate_decline,0.75,RE,Persistence,353,117.43541039197024
Pt 22_FD22_3,Pt 22,coordinate_decline,1.0,RA,State-history,321,90.6010747836805
Pt 22_FD22_3,Pt 22,coordinate_decline,1.0,RA,Persistence,321,77.43252841894025
Pt 22_FD22_3,Pt 22,coordinate_decline,1.0,RE,State-history,321,87.35869384419642
Pt 22_FD22_3,Pt 22,coordinate_decline,1.0,RE,Persistence,321,93.83177272745718
Pt 22_FD22_3,Pt 22,coordinate_decline,1.25,RA,State-history,365,102.91636365113064
Pt 22_FD22_3,Pt 22,coordinate_decline,1.25,RA,Persistence,365,94.39526942660984
Pt 22_FD22_3,Pt 22,coordinate_decline,1.25,RE,State-history,365,109.43031875077347
Pt 22_FD22_3,Pt 22,coordinate_decline,1.25,RE,Persistence,365,126.17150027958027
Pt 22_FD22_3,Pt 22,coordinate_decline,1.5,RA,State-history,344,116.8465971792013
Pt 22_FD22_3,Pt 22,coordinate_decline,1.5,RA,Persistence,344,97.4615491102775
Pt 22_FD22_3,Pt 22,coordinate_decline,1.5,RE,State-history,344,117.03369704966727
Pt 22_FD22_3,Pt 22,coordinate_decline,1.5,RE,Persistence,344,113.28120001180798
Pt 31_FD31_1,Pt 31,all,0.05,RA,State-history,609,19.690897441307918
Pt 31_FD31_1,Pt 31,all,0.05,RA,Persistence,609,23.821441170309342
Pt 31_FD31_1,Pt 31,all,0.05,RE,State-history,609,20.513240356356647
Pt 31_FD31_1,Pt 31,all,0.05,RE,Persistence,609,25.22077123270423
Pt 31_FD31_1,Pt 31,all,0.25,RA,State-history,605,51.31106330178628
Pt 31_FD31_1,Pt 31,all,0.25,RA,Persistence,605,92.52617491979527
Pt 31_FD31_1,Pt 31,all,0.25,RE,State-history,605,54.47910646034376
Pt 31_FD31_1,Pt 31,all,0.25,RE,Persistence,605,97.68425728013332
Pt 31_FD31_1,Pt 31,all,0.5,RA,State-history,600,78.95170665036801
Pt 31_FD31_1,Pt 31,all,0.5,RA,Persistence,600,97.5424506659311
Pt 31_FD31_1,Pt 31,all,0.5,RE,State-history,600,83.96294854688632
Pt 31_FD31_1,Pt 31,all,0.5,RE,Persistence,600,113.51899396181187
Pt 31_FD31_1,Pt 31,all,0.75,RA,State-history,595,110.72372235279583
Pt 31_FD31_1,Pt 31,all,0.75,RA,Persistence,595,126.56186568599975
Pt 31_FD31_1,Pt 31,all,0.75,RE,State-history,595,124.99843558989755
Pt 31_FD31_1,Pt 31,all,0.75,RE,Persistence,595,146.5788197712742
Pt 31_FD31_1,Pt 31,all,1.0,RA,State-history,590,138.11732423763897
Pt 31_FD31_1,Pt 31,all,1.0,RA,Persistence,590,152.86476588713828
Pt 31_FD31_1,Pt 31,all,1.0,RE,State-history,590,160.84391300598415
Pt 31_FD31_1,Pt 31,all,1.0,RE,Persistence,590,163.71289808966011
Pt 31_FD31_1,Pt 31,all,1.25,RA,State-history,585,168.45531680869388
Pt 31_FD31_1,Pt 31,all,1.25,RA,Persistence,585,156.8917224483884
Pt 31_FD31_1,Pt 31,all,1.25,RE,State-history,585,194.51492863885883
Pt 31_FD31_1,Pt 31,all,1.25,RE,Persistence,585,166.0036004691936
Pt 31_FD31_1,Pt 31,all,1.5,RA,State-history,580,196.97821240553614
Pt 31_FD31_1,Pt 31,all,1.5,RA,Persistence,580,196.92169559077777
Pt 31_FD31_1,Pt 31,all,1.5,RE,State-history,580,206.7288789475717
Pt 31_FD31_1,Pt 31,all,1.5,RE,Persistence,580,204.98683886432443
Pt 31_FD31_1,Pt 31,onset_crossing,0.05,RA,State-history,2,0.015240911737683528
Pt 31_FD31_1,Pt 31,onset_crossing,0.05,RA,Persistence,2,0.03331046847261329
Pt 31_FD31_1,Pt 31,onset_crossing,0.05,RE,State-history,2,0.012485903251777501
Pt 31_FD31_1,Pt 31,onset_crossing,0.05,RE,Persistence,2,0.005583681056415138
Pt 31_FD31_1,Pt 31,onset_crossing,0.25,RA,State-history,10,0.3018633470731633
Pt 31_FD31_1,Pt 31,onset_crossing,0.25,RA,Persistence,10,0.6287673751983491
Pt 31_FD31_1,Pt 31,onset_crossing,0.25,RE,State-history,10,0.06937776017485152
Pt 31_FD31_1,Pt 31,onset_crossing,0.25,RE,Persistence,10,0.13253377097418173
Pt 31_FD31_1,Pt 31,onset_crossing,0.5,RA,State-history,20,1.0753715649655191
Pt 31_FD31_1,Pt 31,onset_crossing,0.5,RA,Persistence,20,2.264219694570712
Pt 31_FD31_1,Pt 31,onset_crossing,0.5,RE,State-history,20,0.09805018077249285
Pt 31_FD31_1,Pt 31,onset_crossing,0.5,RE,Persistence,20,0.649537191185046
Pt 31_FD31_1,Pt 31,onset_crossing,0.75,RA,State-history,30,2.0092731878903507
Pt 31_FD31_1,Pt 31,onset_crossing,0.75,RA,Persistence,30,4.450104286112099
Pt 31_FD31_1,Pt 31,onset_crossing,0.75,RE,State-history,30,0.1997573772234886
Pt 31_FD31_1,Pt 31,onset_crossing,0.75,RE,Persistence,30,1.5287590942926685
Pt 31_FD31_1,Pt 31,onset_crossing,1.0,RA,State-history,40,2.6648433075624087
Pt 31_FD31_1,Pt 31,onset_crossing,1.0,RA,Persistence,40,7.676564809130956
Pt 31_FD31_1,Pt 31,onset_crossing,1.0,RE,State-history,40,0.2678682563099247
Pt 31_FD31_1,Pt 31,onset_crossing,1.0,RE,Persistence,40,4.274037905685896
Pt 31_FD31_1,Pt 31,onset_crossing,1.25,RA,State-history,50,4.350083304244699
Pt 31_FD31_1,Pt 31,onset_crossing,1.25,RA,Persistence,50,14.889695335717546
Pt 31_FD31_1,Pt 31,onset_crossing,1.25,RE,State-history,50,1.0047309676498442
Pt 31_FD31_1,Pt 31,onset_crossing,1.25,RE,Persistence,50,8.079348744024987
Pt 31_FD31_1,Pt 31,onset_crossing,1.5,RA,State-history,60,8.72769848442054
Pt 31_FD31_1,Pt 31,onset_crossing,1.5,RA,Persistence,60,21.450777041255304
Pt 31_FD31_1,Pt 31,onset_crossing,1.5,RE,State-history,60,3.7620426259092614
Pt 31_FD31_1,Pt 31,onset_crossing,1.5,RE,Persistence,60,13.37614017699281
Pt 31_FD31_1,Pt 31,coordinate_decline,0.05,RA,State-history,102,3.9447276271731657
Pt 31_FD31_1,Pt 31,coordinate_decline,0.05,RA,Persistence,102,6.249170528132999
Pt 31_FD31_1,Pt 31,coordinate_decline,0.05,RE,State-history,102,1.866144080676836
Pt 31_FD31_1,Pt 31,coordinate_decline,0.05,RE,Persistence,102,4.614661677159236
Pt 31_FD31_1,Pt 31,coordinate_decline,0.25,RA,State-history,346,25.372192391673472
Pt 31_FD31_1,Pt 31,coordinate_decline,0.25,RA,Persistence,346,62.107809560210434
Pt 31_FD31_1,Pt 31,coordinate_decline,0.25,RE,State-history,346,29.359382887873828
Pt 31_FD31_1,Pt 31,coordinate_decline,0.25,RE,Persistence,346,64.52896014426406
Pt 31_FD31_1,Pt 31,coordinate_decline,0.5,RA,State-history,325,39.936730899606935
Pt 31_FD31_1,Pt 31,coordinate_decline,0.5,RA,Persistence,325,52.05213968157446
Pt 31_FD31_1,Pt 31,coordinate_decline,0.5,RE,State-history,325,42.421076369242144
Pt 31_FD31_1,Pt 31,coordinate_decline,0.5,RE,Persistence,325,55.99456275732061
Pt 31_FD31_1,Pt 31,coordinate_decline,0.75,RA,State-history,345,53.36141817151211
Pt 31_FD31_1,Pt 31,coordinate_decline,0.75,RA,Persistence,345,67.92194969894447
Pt 31_FD31_1,Pt 31,coordinate_decline,0.75,RE,State-history,345,63.54007305018514
Pt 31_FD31_1,Pt 31,coordinate_decline,0.75,RE,Persistence,345,82.42396522733507
Pt 31_FD31_1,Pt 31,coordinate_decline,1.0,RA,State-history,359,78.04342955533055
Pt 31_FD31_1,Pt 31,coordinate_decline,1.0,RA,Persistence,359,87.7940930420593
Pt 31_FD31_1,Pt 31,coordinate_decline,1.0,RE,State-history,359,88.65704483747552
Pt 31_FD31_1,Pt 31,coordinate_decline,1.0,RE,Persistence,359,92.19473280670138
Pt 31_FD31_1,Pt 31,coordinate_decline,1.25,RA,State-history,341,100.9095717018601
Pt 31_FD31_1,Pt 31,coordinate_decline,1.25,RA,Persistence,341,84.61233560633664
Pt 31_FD31_1,Pt 31,coordinate_decline,1.25,RE,State-history,341,109.12819087757931
Pt 31_FD31_1,Pt 31,coordinate_decline,1.25,RE,Persistence,341,86.26842166081948
Pt 31_FD31_1,Pt 31,coordinate_decline,1.5,RA,State-history,394,133.33748679844973
Pt 31_FD31_1,Pt 31,coordinate_decline,1.5,RA,Persistence,394,119.3226395144642
Pt 31_FD31_1,Pt 31,coordinate_decline,1.5,RE,State-history,394,134.06747032146416
Pt 31_FD31_1,Pt 31,coordinate_decline,1.5,RE,Persistence,394,120.39797203487053
Pt 31_FD31_2,Pt 31,all,0.05,RA,State-history,609,25.90589063337884
Pt 31_FD31_2,Pt 31,all,0.05,RA,Persistence,609,23.211726276310948
Pt 31_FD31_2,Pt 31,all,0.05,RE,State-history,609,16.539377974545843
Pt 31_FD31_2,Pt 31,all,0.05,RE,Persistence,609,14.343422481568254
Pt 31_FD31_2,Pt 31,all,0.25,RA,State-history,605,84.2503763127317
Pt 31_FD31_2,Pt 31,all,0.25,RA,Persistence,605,93.39949512437927
Pt 31_FD31_2,Pt 31,all,0.25,RE,State-history,605,62.39258609999425
Pt 31_FD31_2,Pt 31,all,0.25,RE,Persistence,605,62.02205533594807
Pt 31_FD31_2,Pt 31,all,0.5,RA,State-history,600,121.08340342742551
Pt 31_FD31_2,Pt 31,all,0.5,RA,Persistence,600,128.99672150331185
Pt 31_FD31_2,Pt 31,all,0.5,RE,State-history,600,109.63821958305965
Pt 31_FD31_2,Pt 31,all,0.5,RE,Persistence,600,107.36045228501888
Pt 31_FD31_2,Pt 31,all,0.75,RA,State-history,595,151.68296912838656
Pt 31_FD31_2,Pt 31,all,0.75,RA,Persistence,595,143.52427752785889
Pt 31_FD31_2,Pt 31,all,0.75,RE,State-history,595,143.48094358777456
Pt 31_FD31_2,Pt 31,all,0.75,RE,Persistence,595,142.66022007199336
Pt 31_FD31_2,Pt 31,all,1.0,RA,State-history,590,179.80929537804
Pt 31_FD31_2,Pt 31,all,1.0,RA,Persistence,590,189.43136825010413
Pt 31_FD31_2,Pt 31,all,1.0,RE,State-history,590,173.18527793668338
Pt 31_FD31_2,Pt 31,all,1.0,RE,Persistence,590,167.2282839494768
Pt 31_FD31_2,Pt 31,all,1.25,RA,State-history,585,197.2397304371583
Pt 31_FD31_2,Pt 31,all,1.25,RA,Persistence,585,203.93372058294614
Pt 31_FD31_2,Pt 31,all,1.25,RE,State-history,585,198.07174308959762
Pt 31_FD31_2,Pt 31,all,1.25,RE,Persistence,585,188.15516043404563
Pt 31_FD31_2,Pt 31,all,1.5,RA,State-history,580,229.70766616482317
Pt 31_FD31_2,Pt 31,all,1.5,RA,Persistence,580,217.46644841985122
Pt 31_FD31_2,Pt 31,all,1.5,RE,State-history,580,220.3128630546845
Pt 31_FD31_2,Pt 31,all,1.5,RE,Persistence,580,209.19489819055178
Pt 31_FD31_2,Pt 31,onset_crossing,0.05,RA,State-history,2,0.08644189977549066
Pt 31_FD31_2,Pt 31,onset_crossing,0.05,RA,Persistence,2,0.10953899064659264
Pt 31_FD31_2,Pt 31,onset_crossing,0.05,RE,State-history,2,0.026445952329272424
Pt 31_FD31_2,Pt 31,onset_crossing,0.05,RE,Persistence,2,0.03476987893561054
Pt 31_FD31_2,Pt 31,onset_crossing,0.25,RA,State-history,10,0.3771022374676949
Pt 31_FD31_2,Pt 31,onset_crossing,0.25,RA,Persistence,10,1.6548314832943165
Pt 31_FD31_2,Pt 31,onset_crossing,0.25,RE,State-history,10,0.5786551725753151
Pt 31_FD31_2,Pt 31,onset_crossing,0.25,RE,Persistence,10,1.1602445131860357
Pt 31_FD31_2,Pt 31,onset_crossing,0.5,RA,State-history,20,2.1844423914963356
Pt 31_FD31_2,Pt 31,onset_crossing,0.5,RA,Persistence,20,7.490052692556497
Pt 31_FD31_2,Pt 31,onset_crossing,0.5,RE,State-history,20,1.4787962085790114
Pt 31_FD31_2,Pt 31,onset_crossing,0.5,RE,Persistence,20,5.108080166178015
Pt 31_FD31_2,Pt 31,onset_crossing,0.75,RA,State-history,30,5.244309452441394
Pt 31_FD31_2,Pt 31,onset_crossing,0.75,RA,Persistence,30,14.027363533191137
Pt 31_FD31_2,Pt 31,onset_crossing,0.75,RE,State-history,30,3.8812066862297465
Pt 31_FD31_2,Pt 31,onset_crossing,0.75,RE,Persistence,30,11.242059313249918
Pt 31_FD31_2,Pt 31,onset_crossing,1.0,RA,State-history,40,9.27736603045464
Pt 31_FD31_2,Pt 31,onset_crossing,1.0,RA,Persistence,40,19.69831870385083
Pt 31_FD31_2,Pt 31,onset_crossing,1.0,RE,State-history,40,10.04453034159805
Pt 31_FD31_2,Pt 31,onset_crossing,1.0,RE,Persistence,40,21.032533626550027
Pt 31_FD31_2,Pt 31,onset_crossing,1.25,RA,State-history,50,15.120586683310595
Pt 31_FD31_2,Pt 31,onset_crossing,1.25,RA,Persistence,50,32.01639005808857
Pt 31_FD31_2,Pt 31,onset_crossing,1.25,RE,State-history,50,17.224654908205775
Pt 31_FD31_2,Pt 31,onset_crossing,1.25,RE,Persistence,50,35.16794521690351
Pt 31_FD31_2,Pt 31,onset_crossing,1.5,RA,State-history,60,24.307637095437702
Pt 31_FD31_2,Pt 31,onset_crossing,1.5,RA,Persistence,60,46.3249093055843
Pt 31_FD31_2,Pt 31,onset_crossing,1.5,RE,State-history,60,26.1188764347933
Pt 31_FD31_2,Pt 31,onset_crossing,1.5,RE,Persistence,60,49.594452041213124
Pt 31_FD31_2,Pt 31,coordinate_decline,0.05,RA,State-history,54,3.465879086219196
Pt 31_FD31_2,Pt 31,coordinate_decline,0.05,RA,Persistence,54,4.482860563991489
Pt 31_FD31_2,Pt 31,coordinate_decline,0.05,RE,State-history,54,1.6567752728065113
Pt 31_FD31_2,Pt 31,coordinate_decline,0.05,RE,Persistence,54,2.2571277957112272
Pt 31_FD31_2,Pt 31,coordinate_decline,0.25,RA,State-history,249,28.2949874383929
Pt 31_FD31_2,Pt 31,coordinate_decline,0.25,RA,Persistence,249,49.67773286142406
Pt 31_FD31_2,Pt 31,coordinate_decline,0.25,RE,State-history,249,21.2488835279809
Pt 31_FD31_2,Pt 31,coordinate_decline,0.25,RE,Persistence,249,33.51879515971382
Pt 31_FD31_2,Pt 31,coordinate_decline,0.5,RA,State-history,275,42.9438542926128
Pt 31_FD31_2,Pt 31,coordinate_decline,0.5,RA,Persistence,275,71.75965922093602
Pt 31_FD31_2,Pt 31,coordinate_decline,0.5,RE,State-history,275,42.10753093690121
Pt 31_FD31_2,Pt 31,coordinate_decline,0.5,RE,Persistence,275,57.918347005902355
Pt 31_FD31_2,Pt 31,coordinate_decline,0.75,RA,State-history,267,51.19170649620592
Pt 31_FD31_2,Pt 31,coordinate_decline,0.75,RA,Persistence,267,76.99103653837867
Pt 31_FD31_2,Pt 31,coordinate_decline,0.75,RE,State-history,267,50.16900913347797
Pt 31_FD31_2,Pt 31,coordinate_decline,0.75,RE,Persistence,267,76.30816000077522
Pt 31_FD31_2,Pt 31,coordinate_decline,1.0,RA,State-history,289,77.04905277130936
Pt 31_FD31_2,Pt 31,coordinate_decline,1.0,RA,Persistence,289,108.48710973491913
Pt 31_FD31_2,Pt 31,coordinate_decline,1.0,RE,State-history,289,79.96602994952363
Pt 31_FD31_2,Pt 31,coordinate_decline,1.0,RE,Persistence,289,99.34878511686532
Pt 31_FD31_2,Pt 31,coordinate_decline,1.25,RA,State-history,265,76.15547813620591
Pt 31_FD31_2,Pt 31,coordinate_decline,1.25,RA,Persistence,265,115.26565164022944
Pt 31_FD31_2,Pt 31,coordinate_decline,1.25,RE,State-history,265,84.21950996211885
Pt 31_FD31_2,Pt 31,coordinate_decline,1.25,RE,Persistence,265,108.97039472690827
Pt 31_FD31_2,Pt 31,coordinate_decline,1.5,RA,State-history,269,97.36739194766317
Pt 31_FD31_2,Pt 31,coordinate_decline,1.5,RA,Persistence,269,123.90550011662745
Pt 31_FD31_2,Pt 31,coordinate_decline,1.5,RE,State-history,269,92.78895302851345
Pt 31_FD31_2,Pt 31,coordinate_decline,1.5,RE,Persistence,269,122.8369863014718
Pt 32_FD32_1,Pt 32,all,0.05,RA,State-history,609,28.338968383455494
Pt 32_FD32_1,Pt 32,all,0.05,RA,Persistence,609,26.24737450436801
Pt 32_FD32_1,Pt 32,all,0.05,RE,State-history,609,20.836805740703056
Pt 32_FD32_1,Pt 32,all,0.05,RE,Persistence,609,18.062372741927412
Pt 32_FD32_1,Pt 32,all,0.25,RA,State-history,605,119.01289991588355
Pt 32_FD32_1,Pt 32,all,0.25,RA,Persistence,605,118.69292804112568
Pt 32_FD32_1,Pt 32,all,0.25,RE,State-history,605,86.09634357869746
Pt 32_FD32_1,Pt 32,all,0.25,RE,Persistence,605,79.80675263929903
Pt 32_FD32_1,Pt 32,all,0.5,RA,State-history,600,181.46785575628698
Pt 32_FD32_1,Pt 32,all,0.5,RA,Persistence,600,202.13990010249802
Pt 32_FD32_1,Pt 32,all,0.5,RE,State-history,600,137.2149124123069
Pt 32_FD32_1,Pt 32,all,0.5,RE,Persistence,600,138.74918393682054
Pt 32_FD32_1,Pt 32,all,0.75,RA,State-history,595,206.69413967305607
Pt 32_FD32_1,Pt 32,all,0.75,RA,Persistence,595,248.28063730079322
Pt 32_FD32_1,Pt 32,all,0.75,RE,State-history,595,181.237119951841
Pt 32_FD32_1,Pt 32,all,0.75,RE,Persistence,595,190.66471436875833
Pt 32_FD32_1,Pt 32,all,1.0,RA,State-history,590,235.11564744782535
Pt 32_FD32_1,Pt 32,all,1.0,RA,Persistence,590,272.29740515560604
Pt 32_FD32_1,Pt 32,all,1.0,RE,State-history,590,224.1452070081789
Pt 32_FD32_1,Pt 32,all,1.0,RE,Persistence,590,235.3920903210131
Pt 32_FD32_1,Pt 32,all,1.25,RA,State-history,585,270.6326449732798
Pt 32_FD32_1,Pt 32,all,1.25,RA,Persistence,585,306.2937550345341
Pt 32_FD32_1,Pt 32,all,1.25,RE,State-history,585,278.5907888664907
Pt 32_FD32_1,Pt 32,all,1.25,RE,Persistence,585,276.4118961138241
Pt 32_FD32_1,Pt 32,all,1.5,RA,State-history,580,316.494402542101
Pt 32_FD32_1,Pt 32,all,1.5,RA,Persistence,580,329.77466710501875
Pt 32_FD32_1,Pt 32,all,1.5,RE,State-history,580,330.17850239382767
Pt 32_FD32_1,Pt 32,all,1.5,RE,Persistence,580,310.2197431050567
Pt 32_FD32_1,Pt 32,onset_crossing,0.05,RA,State-history,3,0.2833548051075382
Pt 32_FD32_1,Pt 32,onset_crossing,0.05,RA,Persistence,3,0.3264169249970196
Pt 32_FD32_1,Pt 32,onset_crossing,0.05,RE,State-history,3,0.1344201196595393
Pt 32_FD32_1,Pt 32,onset_crossing,0.05,RE,Persistence,3,0.17621745181718007
Pt 32_FD32_1,Pt 32,onset_crossing,0.25,RA,State-history,15,3.571198643743816
Pt 32_FD32_1,Pt 32,onset_crossing,0.25,RA,Persistence,15,5.4468102193223205
Pt 32_FD32_1,Pt 32,onset_crossing,0.25,RE,State-history,15,1.9372864638896756
Pt 32_FD32_1,Pt 32,onset_crossing,0.25,RE,Persistence,15,3.038259995179338
Pt 32_FD32_1,Pt 32,onset_crossing,0.5,RA,State-history,30,10.924213121462094
Pt 32_FD32_1,Pt 32,onset_crossing,0.5,RA,Persistence,30,17.038393862055518
Pt 32_FD32_1,Pt 32,onset_crossing,0.5,RE,State-history,30,5.794090700480361
Pt 32_FD32_1,Pt 32,onset_crossing,0.5,RE,Persistence,30,8.677469599557702
Pt 32_FD32_1,Pt 32,onset_crossing,0.75,RA,State-history,45,23.142554671827185
Pt 32_FD32_1,Pt 32,onset_crossing,0.75,RA,Persistence,45,30.3579850194199
Pt 32_FD32_1,Pt 32,onset_crossing,0.75,RE,State-history,45,20.000631858809907
Pt 32_FD32_1,Pt 32,onset_crossing,0.75,RE,Persistence,45,17.77658717925362
Pt 32_FD32_1,Pt 32,onset_crossing,1.0,RA,State-history,60,33.41894894852386
Pt 32_FD32_1,Pt 32,onset_crossing,1.0,RA,Persistence,60,37.83458768059817
Pt 32_FD32_1,Pt 32,onset_crossing,1.0,RE,State-history,60,27.17100899247046
Pt 32_FD32_1,Pt 32,onset_crossing,1.0,RE,Persistence,60,27.855576152880126
Pt 32_FD32_1,Pt 32,onset_crossing,1.25,RA,State-history,75,39.05209844622644
Pt 32_FD32_1,Pt 32,onset_crossing,1.25,RA,Persistence,75,47.066342067733345
Pt 32_FD32_1,Pt 32,onset_crossing,1.25,RE,State-history,75,30.179886875325224
Pt 32_FD32_1,Pt 32,onset_crossing,1.25,RE,Persistence,75,41.441315817432844
Pt 32_FD32_1,Pt 32,onset_crossing,1.5,RA,State-history,90,48.52864473202108
Pt 32_FD32_1,Pt 32,onset_crossing,1.5,RA,Persistence,90,62.020317469142334
Pt 32_FD32_1,Pt 32,onset_crossing,1.5,RE,State-history,90,38.37097041639514
Pt 32_FD32_1,Pt 32,onset_crossing,1.5,RE,Persistence,90,60.172570514466614
Pt 32_FD32_1,Pt 32,coordinate_decline,0.05,RA,State-history,82,5.547861496177557
Pt 32_FD32_1,Pt 32,coordinate_decline,0.05,RA,Persistence,82,6.568057225375138
Pt 32_FD32_1,Pt 32,coordinate_decline,0.05,RE,State-history,82,4.48963326136644
Pt 32_FD32_1,Pt 32,coordinate_decline,0.05,RE,Persistence,82,5.487963704083863
Pt 32_FD32_1,Pt 32,coordinate_decline,0.25,RA,State-history,226,36.00224375712073
Pt 32_FD32_1,Pt 32,coordinate_decline,0.25,RA,Persistence,226,57.22347756022603
Pt 32_FD32_1,Pt 32,coordinate_decline,0.25,RE,State-history,226,28.418611139346602
Pt 32_FD32_1,Pt 32,coordinate_decline,0.25,RE,Persistence,226,38.364161503124635
Pt 32_FD32_1,Pt 32,coordinate_decline,0.5,RA,State-history,261,59.47789247166404
Pt 32_FD32_1,Pt 32,coordinate_decline,0.5,RA,Persistence,261,102.19005825911344
Pt 32_FD32_1,Pt 32,coordinate_decline,0.5,RE,State-history,261,54.027366756327204
Pt 32_FD32_1,Pt 32,coordinate_decline,0.5,RE,Persistence,261,69.35829233108181
Pt 32_FD32_1,Pt 32,coordinate_decline,0.75,RA,State-history,287,83.55275445019618
Pt 32_FD32_1,Pt 32,coordinate_decline,0.75,RA,Persistence,287,128.74451693700942
Pt 32_FD32_1,Pt 32,coordinate_decline,0.75,RE,State-history,287,97.6042489075856
Pt 32_FD32_1,Pt 32,coordinate_decline,0.75,RE,Persistence,287,96.27902327510708
Pt 32_FD32_1,Pt 32,coordinate_decline,1.0,RA,State-history,275,109.61451367141467
Pt 32_FD32_1,Pt 32,coordinate_decline,1.0,RA,Persistence,275,134.7481965800934
Pt 32_FD32_1,Pt 32,coordinate_decline,1.0,RE,State-history,275,128.39632659522232
Pt 32_FD32_1,Pt 32,coordinate_decline,1.0,RE,Persistence,275,118.55355895722658
Pt 32_FD32_1,Pt 32,coordinate_decline,1.25,RA,State-history,268,141.0013980848723
Pt 32_FD32_1,Pt 32,coordinate_decline,1.25,RA,Persistence,268,151.32215242668534
Pt 32_FD32_1,Pt 32,coordinate_decline,1.25,RE,State-history,268,163.63983166400226
Pt 32_FD32_1,Pt 32,coordinate_decline,1.25,RE,Persistence,268,139.9563959901966
Pt 32_FD32_1,Pt 32,coordinate_decline,1.5,RA,State-history,274,186.84438528474263
Pt 32_FD32_1,Pt 32,coordinate_decline,1.5,RA,Persistence,274,162.91741033840998
Pt 32_FD32_1,Pt 32,coordinate_decline,1.5,RE,State-history,274,202.54074066244775
Pt 32_FD32_1,Pt 32,coordinate_decline,1.5,RE,Persistence,274,155.32695204498924
Pt 33_FD33_1,Pt 33,all,0.05,RA,State-history,679,24.062510133913072
Pt 33_FD33_1,Pt 33,all,0.05,RA,Persistence,679,23.072519489973004
Pt 33_FD33_1,Pt 33,all,0.05,RE,State-history,679,28.834322812390425
Pt 33_FD33_1,Pt 33,all,0.05,RE,Persistence,679,28.0414570887125
Pt 33_FD33_1,Pt 33,all,0.25,RA,State-history,675,93.57469860010784
Pt 33_FD33_1,Pt 33,all,0.25,RA,Persistence,675,98.13425827580173
Pt 33_FD33_1,Pt 33,all,0.25,RE,State-history,675,111.79043606520413
Pt 33_FD33_1,Pt 33,all,0.25,RE,Persistence,675,113.67219408205406
Pt 33_FD33_1,Pt 33,all,0.5,RA,State-history,670,144.2498386498557
Pt 33_FD33_1,Pt 33,all,0.5,RA,Persistence,670,159.20875427075947
Pt 33_FD33_1,Pt 33,all,0.5,RE,State-history,670,176.45431236356538
Pt 33_FD33_1,Pt 33,all,0.5,RE,Persistence,670,182.60381415978327
Pt 33_FD33_1,Pt 33,all,0.75,RA,State-history,665,196.4506285916036
Pt 33_FD33_1,Pt 33,all,0.75,RA,Persistence,665,214.52335352005144
Pt 33_FD33_1,Pt 33,all,0.75,RE,State-history,665,240.12172441855455
Pt 33_FD33_1,Pt 33,all,0.75,RE,Persistence,665,244.67904666513022
Pt 33_FD33_1,Pt 33,all,1.0,RA,State-history,660,234.84017670294895
Pt 33_FD33_1,Pt 33,all,1.0,RA,Persistence,660,248.64821914679254
Pt 33_FD33_1,Pt 33,all,1.0,RE,State-history,660,293.34393509859297
Pt 33_FD33_1,Pt 33,all,1.0,RE,Persistence,660,278.7611623161913
Pt 33_FD33_1,Pt 33,all,1.25,RA,State-history,655,260.72376469526444
Pt 33_FD33_1,Pt 33,all,1.25,RA,Persistence,655,268.0379398699492
Pt 33_FD33_1,Pt 33,all,1.25,RE,State-history,655,324.90478325544325
Pt 33_FD33_1,Pt 33,all,1.25,RE,Persistence,655,295.8239890466739
Pt 33_FD33_1,Pt 33,all,1.5,RA,State-history,650,269.6616166377186
Pt 33_FD33_1,Pt 33,all,1.5,RA,Persistence,650,278.43287526204085
Pt 33_FD33_1,Pt 33,all,1.5,RE,State-history,650,366.9485311600746
Pt 33_FD33_1,Pt 33,all,1.5,RE,Persistence,650,307.00363143285267
Pt 33_FD33_1,Pt 33,onset_crossing,0.05,RA,State-history,3,0.044587950416185226
Pt 33_FD33_1,Pt 33,onset_crossing,0.05,RA,Persistence,3,0.061471745770575126
Pt 33_FD33_1,Pt 33,onset_crossing,0.05,RE,State-history,3,0.024735813816646867
Pt 33_FD33_1,Pt 33,onset_crossing,0.05,RE,Persistence,3,0.011212153942737323
Pt 33_FD33_1,Pt 33,onset_crossing,0.25,RA,State-history,15,0.521859083373127
Pt 33_FD33_1,Pt 33,onset_crossing,0.25,RA,Persistence,15,1.0818638400881537
Pt 33_FD33_1,Pt 33,onset_crossing,0.25,RE,State-history,15,0.7339196614086194
Pt 33_FD33_1,Pt 33,onset_crossing,0.25,RE,Persistence,15,0.42384364954286896
Pt 33_FD33_1,Pt 33,onset_crossing,0.5,RA,State-history,30,2.132142114135056
Pt 33_FD33_1,Pt 33,onset_crossing,0.5,RA,Persistence,30,3.780852928360141
Pt 33_FD33_1,Pt 33,onset_crossing,0.5,RE,State-history,30,3.1619899671247085
Pt 33_FD33_1,Pt 33,onset_crossing,0.5,RE,Persistence,30,2.732126763028927
Pt 33_FD33_1,Pt 33,onset_crossing,0.75,RA,State-history,45,10.21768222154763
Pt 33_FD33_1,Pt 33,onset_crossing,0.75,RA,Persistence,45,11.666856512119493
Pt 33_FD33_1,Pt 33,onset_crossing,0.75,RE,State-history,45,11.17243349257307
Pt 33_FD33_1,Pt 33,onset_crossing,0.75,RE,Persistence,45,10.829984656126912
Pt 33_FD33_1,Pt 33,onset_crossing,1.0,RA,State-history,60,25.791015127560538
Pt 33_FD33_1,Pt 33,onset_crossing,1.0,RA,Persistence,60,23.289194985085615
Pt 33_FD33_1,Pt 33,onset_crossing,1.0,RE,State-history,60,26.602231400384166
Pt 33_FD33_1,Pt 33,onset_crossing,1.0,RE,Persistence,60,23.167932900426347
Pt 33_FD33_1,Pt 33,onset_crossing,1.25,RA,State-history,75,43.29831732273913
Pt 33_FD33_1,Pt 33,onset_crossing,1.25,RA,Persistence,75,33.964418350869906
Pt 33_FD33_1,Pt 33,onset_crossing,1.25,RE,State-history,75,49.19540016461483
Pt 33_FD33_1,Pt 33,onset_crossing,1.25,RE,Persistence,75,37.58700796049041
Pt 33_FD33_1,Pt 33,onset_crossing,1.5,RA,State-history,90,62.83190082266556
Pt 33_FD33_1,Pt 33,onset_crossing,1.5,RA,Persistence,90,43.06454772860103
Pt 33_FD33_1,Pt 33,onset_crossing,1.5,RE,State-history,90,75.84053634835048
Pt 33_FD33_1,Pt 33,onset_crossing,1.5,RE,Persistence,90,50.97216552122
Pt 33_FD33_1,Pt 33,coordinate_decline,0.05,RA,State-history,106,4.5312936881145705
Pt 33_FD33_1,Pt 33,coordinate_decline,0.05,RA,Persistence,106,5.180699666312266
Pt 33_FD33_1,Pt 33,coordinate_decline,0.05,RE,State-history,106,5.700048468446365
Pt 33_FD33_1,Pt 33,coordinate_decline,0.05,RE,Persistence,106,6.77807544354219
Pt 33_FD33_1,Pt 33,coordinate_decline,0.25,RA,State-history,300,38.894180733935755
Pt 33_FD33_1,Pt 33,coordinate_decline,0.25,RA,Persistence,300,47.88777391192543
Pt 33_FD33_1,Pt 33,coordinate_decline,0.25,RE,State-history,300,44.962136860451814
Pt 33_FD33_1,Pt 33,coordinate_decline,0.25,RE,Persistence,300,56.724519904673734
Pt 33_FD33_1,Pt 33,coordinate_decline,0.5,RA,State-history,314,58.50292286764545
Pt 33_FD33_1,Pt 33,coordinate_decline,0.5,RA,Persistence,314,76.36995974102912
Pt 33_FD33_1,Pt 33,coordinate_decline,0.5,RE,State-history,314,66.16887967963495
Pt 33_FD33_1,Pt 33,coordinate_decline,0.5,RE,Persistence,314,85.45741744001725
Pt 33_FD33_1,Pt 33,coordinate_decline,0.75,RA,State-history,325,92.74719049338105
Pt 33_FD33_1,Pt 33,coordinate_decline,0.75,RA,Persistence,325,102.43502930467928
Pt 33_FD33_1,Pt 33,coordinate_decline,0.75,RE,State-history,325,99.76248320868676
Pt 33_FD33_1,Pt 33,coordinate_decline,0.75,RE,Persistence,325,122.10901212117038
Pt 33_FD33_1,Pt 33,coordinate_decline,1.0,RA,State-history,323,118.14845837611219
Pt 33_FD33_1,Pt 33,coordinate_decline,1.0,RA,Persistence,323,118.66889100893525
Pt 33_FD33_1,Pt 33,coordinate_decline,1.0,RE,State-history,323,136.67981614731224
Pt 33_FD33_1,Pt 33,coordinate_decline,1.0,RE,Persistence,323,136.80695259826925
Pt 33_FD33_1,Pt 33,coordinate_decline,1.25,RA,State-history,322,141.53734378619504
Pt 33_FD33_1,Pt 33,coordinate_decline,1.25,RA,Persistence,322,127.46373271448846
Pt 33_FD33_1,Pt 33,coordinate_decline,1.25,RE,State-history,322,165.15656160735244
Pt 33_FD33_1,Pt 33,coordinate_decline,1.25,RE,Persistence,322,144.11076737692818
Pt 33_FD33_1,Pt 33,coordinate_decline,1.5,RA,State-history,333,155.86161356697852
Pt 33_FD33_1,Pt 33,coordinate_decline,1.5,RA,Persistence,333,132.44260193795603
Pt 33_FD33_1,Pt 33,coordinate_decline,1.5,RE,State-history,333,204.49298587686943
Pt 33_FD33_1,Pt 33,coordinate_decline,1.5,RE,Persistence,333,151.70128754092752
Pt 33_FD33_2,Pt 33,all,0.05,RA,State-history,679,21.331261450957378
Pt 33_FD33_2,Pt 33,all,0.05,RA,Persistence,679,20.156848673704673
Pt 33_FD33_2,Pt 33,all,0.05,RE,State-history,679,25.79148423093394
Pt 33_FD33_2,Pt 33,all,0.05,RE,Persistence,679,25.185411914510862
Pt 33_FD33_2,Pt 33,all,0.25,RA,State-history,675,92.74456854572833
Pt 33_FD33_2,Pt 33,all,0.25,RA,Persistence,675,90.61370753597105
Pt 33_FD33_2,Pt 33,all,0.25,RE,State-history,675,93.21478205122277
Pt 33_FD33_2,Pt 33,all,0.25,RE,Persistence,675,97.05300927987072
Pt 33_FD33_2,Pt 33,all,0.5,RA,State-history,670,162.76775860888367
Pt 33_FD33_2,Pt 33,all,0.5,RA,Persistence,670,162.24882471977406
Pt 33_FD33_2,Pt 33,all,0.5,RE,State-history,670,164.0850507629896
Pt 33_FD33_2,Pt 33,all,0.5,RE,Persistence,670,168.70447099901168
Pt 33_FD33_2,Pt 33,all,0.75,RA,State-history,665,216.8149616651893
Pt 33_FD33_2,Pt 33,all,0.75,RA,Persistence,665,217.55620261592495
Pt 33_FD33_2,Pt 33,all,0.75,RE,State-history,665,224.37560986391154
Pt 33_FD33_2,Pt 33,all,0.75,RE,Persistence,665,235.50132990306807
Pt 33_FD33_2,Pt 33,all,1.0,RA,State-history,660,256.06899179260324
Pt 33_FD33_2,Pt 33,all,1.0,RA,Persistence,660,259.00015440228316
Pt 33_FD33_2,Pt 33,all,1.0,RE,State-history,660,270.8877228268855
Pt 33_FD33_2,Pt 33,all,1.0,RE,Persistence,660,287.229348381755
Pt 33_FD33_2,Pt 33,all,1.25,RA,State-history,655,282.598402184129
Pt 33_FD33_2,Pt 33,all,1.25,RA,Persistence,655,292.62928116837
Pt 33_FD33_2,Pt 33,all,1.25,RE,State-history,655,306.8224041519961
Pt 33_FD33_2,Pt 33,all,1.25,RE,Persistence,655,327.82644011219065
Pt 33_FD33_2,Pt 33,all,1.5,RA,State-history,650,309.42993041545833
Pt 33_FD33_2,Pt 33,all,1.5,RA,Persistence,650,322.26769558595913
Pt 33_FD33_2,Pt 33,all,1.5,RE,State-history,650,333.31154809691196
Pt 33_FD33_2,Pt 33,all,1.5,RE,Persistence,650,360.6110730652145
Pt 33_FD33_2,Pt 33,onset_crossing,0.05,RA,State-history,5,0.34765462183632745
Pt 33_FD33_2,Pt 33,onset_crossing,0.05,RA,Persistence,5,0.3623035338272698
Pt 33_FD33_2,Pt 33,onset_crossing,0.05,RE,State-history,5,0.08127456645274714
Pt 33_FD33_2,Pt 33,onset_crossing,0.05,RE,Persistence,5,0.07279570641816455
Pt 33_FD33_2,Pt 33,onset_crossing,0.25,RA,State-history,25,5.912578623949444
Pt 33_FD33_2,Pt 33,onset_crossing,0.25,RA,Persistence,25,6.55771302772421
Pt 33_FD33_2,Pt 33,onset_crossing,0.25,RE,State-history,25,2.04441549754038
Pt 33_FD33_2,Pt 33,onset_crossing,0.25,RE,Persistence,25,2.587512290280938
Pt 33_FD33_2,Pt 33,onset_crossing,0.5,RA,State-history,49,14.927869030101819
Pt 33_FD33_2,Pt 33,onset_crossing,0.5,RA,Persistence,49,19.226421125053626
Pt 33_FD33_2,Pt 33,onset_crossing,0.5,RE,State-history,49,10.78984693060555
Pt 33_FD33_2,Pt 33,onset_crossing,0.5,RE,Persistence,49,17.025611019443062
Pt 33_FD33_2,Pt 33,onset_crossing,0.75,RA,State-history,69,32.45128249105642
Pt 33_FD33_2,Pt 33,onset_crossing,0.75,RA,Persistence,69,39.47913336005415
Pt 33_FD33_2,Pt 33,onset_crossing,0.75,RE,State-history,69,26.48357681039153
Pt 33_FD33_2,Pt 33,onset_crossing,0.75,RE,Persistence,69,35.99444906862586
Pt 33_FD33_2,Pt 33,onset_crossing,1.0,RA,State-history,89,52.55480160477887
Pt 33_FD33_2,Pt 33,onset_crossing,1.0,RA,Persistence,89,61.77448703247934
Pt 33_FD33_2,Pt 33,onset_crossing,1.0,RE,State-history,89,45.258466780278255
Pt 33_FD33_2,Pt 33,onset_crossing,1.0,RE,Persistence,89,59.124243395262674
Pt 33_FD33_2,Pt 33,onset_crossing,1.25,RA,State-history,109,69.816195924983
Pt 33_FD33_2,Pt 33,onset_crossing,1.25,RA,Persistence,109,81.1988573391468
Pt 33_FD33_2,Pt 33,onset_crossing,1.25,RE,State-history,109,67.20829902606646
Pt 33_FD33_2,Pt 33,onset_crossing,1.25,RE,Persistence,109,83.61560267457101
Pt 33_FD33_2,Pt 33,onset_crossing,1.5,RA,State-history,129,89.96145000792988
Pt 33_FD33_2,Pt 33,onset_crossing,1.5,RA,Persistence,129,100.95058421425523
Pt 33_FD33_2,Pt 33,onset_crossing,1.5,RE,State-history,129,95.65164782064105
Pt 33_FD33_2,Pt 33,onset_crossing,1.5,RE,Persistence,129,111.59848818315795
Pt 33_FD33_2,Pt 33,coordinate_decline,0.05,RA,State-history,126,6.381334751919704
Pt 33_FD33_2,Pt 33,coordinate_decline,0.05,RA,Persistence,126,6.495629277365409
Pt 33_FD33_2,Pt 33,coordinate_decline,0.05,RE,State-history,126,5.52406064475146
Pt 33_FD33_2,Pt 33,coordinate_decline,0.05,RE,Persistence,126,6.643240756253818
Pt 33_FD33_2,Pt 33,coordinate_decline,0.25,RA,State-history,297,41.97763513724497
Pt 33_FD33_2,Pt 33,coordinate_decline,0.25,RA,Persistence,297,45.69123407864226
Pt 33_FD33_2,Pt 33,coordinate_decline,0.25,RE,State-history,297,33.473967378671645
Pt 33_FD33_2,Pt 33,coordinate_decline,0.25,RE,Persistence,297,46.83924418647143
Pt 33_FD33_2,Pt 33,coordinate_decline,0.5,RA,State-history,322,73.5643103668513
Pt 33_FD33_2,Pt 33,coordinate_decline,0.5,RA,Persistence,322,84.76885411451872
Pt 33_FD33_2,Pt 33,coordinate_decline,0.5,RE,State-history,322,65.1393291833873
Pt 33_FD33_2,Pt 33,coordinate_decline,0.5,RE,Persistence,322,86.24407955431516
Pt 33_FD33_2,Pt 33,coordinate_decline,0.75,RA,State-history,312,93.11309034693701
Pt 33_FD33_2,Pt 33,coordinate_decline,0.75,RA,Persistence,312,112.99646624521586
Pt 33_FD33_2,Pt 33,coordinate_decline,0.75,RE,State-history,312,90.87412619052054
Pt 33_FD33_2,Pt 33,coordinate_decline,0.75,RE,Persistence,312,118.12362519975136
Pt 33_FD33_2,Pt 33,coordinate_decline,1.0,RA,State-history,332,115.2106310950141
Pt 33_FD33_2,Pt 33,coordinate_decline,1.0,RA,Persistence,332,134.53322696766907
Pt 33_FD33_2,Pt 33,coordinate_decline,1.0,RE,State-history,332,116.86643399016606
Pt 33_FD33_2,Pt 33,coordinate_decline,1.0,RE,Persistence,332,145.17460083526373
Pt 33_FD33_2,Pt 33,coordinate_decline,1.25,RA,State-history,339,128.61991737301804
Pt 33_FD33_2,Pt 33,coordinate_decline,1.25,RA,Persistence,339,151.95393124802825
Pt 33_FD33_2,Pt 33,coordinate_decline,1.25,RE,State-history,339,136.45080154888115
Pt 33_FD33_2,Pt 33,coordinate_decline,1.25,RE,Persistence,339,167.58967865327577
Pt 33_FD33_2,Pt 33,coordinate_decline,1.5,RA,State-history,345,143.1778625697943
Pt 33_FD33_2,Pt 33,coordinate_decline,1.5,RA,Persistence,345,168.193415478804
Pt 33_FD33_2,Pt 33,coordinate_decline,1.5,RE,State-history,345,152.41671635231899
Pt 33_FD33_2,Pt 33,coordinate_decline,1.5,RE,Persistence,345,187.89098180047066
Pt 33_FD33_4,Pt 33,all,0.05,RA,State-history,679,10.26290769475245
Pt 33_FD33_4,Pt 33,all,0.05,RA,Persistence,679,10.591991109694828
Pt 33_FD33_4,Pt 33,all,0.05,RE,State-history,679,28.717937991489762
Pt 33_FD33_4,Pt 33,all,0.05,RE,Persistence,679,46.375682540959346
Pt 33_FD33_4,Pt 33,all,0.25,RA,State-history,675,30.334083388869033
Pt 33_FD33_4,Pt 33,all,0.25,RA,Persistence,675,35.575589459616424
Pt 33_FD33_4,Pt 33,all,0.25,RE,State-history,675,57.52942030864341
Pt 33_FD33_4,Pt 33,all,0.25,RE,Persistence,675,144.98035967613782
Pt 33_FD33_4,Pt 33,all,0.5,RA,State-history,670,51.5145413268652
Pt 33_FD33_4,Pt 33,all,0.5,RA,Persistence,670,45.273752400687414
Pt 33_FD33_4,Pt 33,all,0.5,RE,State-history,670,73.80315152945607
Pt 33_FD33_4,Pt 33,all,0.5,RE,Persistence,670,93.00688591428468
Pt 33_FD33_4,Pt 33,all,0.75,RA,State-history,665,67.35041547082511
Pt 33_FD33_4,Pt 33,all,0.75,RA,Persistence,665,54.56893194634303
Pt 33_FD33_4,Pt 33,all,0.75,RE,State-history,665,94.10673529211147
Pt 33_FD33_4,Pt 33,all,0.75,RE,Persistence,665,163.6485857801489
Pt 33_FD33_4,Pt 33,all,1.0,RA,State-history,660,80.44162578291561
Pt 33_FD33_4,Pt 33,all,1.0,RA,Persistence,660,49.28440721543044
Pt 33_FD33_4,Pt 33,all,1.0,RE,State-history,660,114.74776785079007
Pt 33_FD33_4,Pt 33,all,1.0,RE,Persistence,660,86.13362456079818
Pt 33_FD33_4,Pt 33,all,1.25,RA,State-history,655,92.10625288485805
Pt 33_FD33_4,Pt 33,all,1.25,RA,Persistence,655,64.07144380190483
Pt 33_FD33_4,Pt 33,all,1.25,RE,State-history,655,130.19185077672773
Pt 33_FD33_4,Pt 33,all,1.25,RE,Persistence,655,173.97918903047253
Pt 33_FD33_4,Pt 33,all,1.5,RA,State-history,650,104.07193197134046
Pt 33_FD33_4,Pt 33,all,1.5,RA,Persistence,650,67.42745609625283
Pt 33_FD33_4,Pt 33,all,1.5,RE,State-history,650,150.28866219809834
Pt 33_FD33_4,Pt 33,all,1.5,RE,Persistence,650,122.69691157636211
Pt 33_FD33_4,Pt 33,onset_crossing,0.05,RA,State-history,1,0.0024273737178967976
Pt 33_FD33_4,Pt 33,onset_crossing,0.05,RA,Persistence,1,0.001112241043212961
Pt 33_FD33_4,Pt 33,onset_crossing,0.05,RE,State-history,1,0.0014492717711497654
Pt 33_FD33_4,Pt 33,onset_crossing,0.05,RE,Persistence,1,9.450551359026964e-05
Pt 33_FD33_4,Pt 33,onset_crossing,0.25,RA,State-history,5,0.1548911857420685
Pt 33_FD33_4,Pt 33,onset_crossing,0.25,RA,Persistence,5,0.04113008204746692
Pt 33_FD33_4,Pt 33,onset_crossing,0.25,RE,State-history,5,0.007015052279801899
Pt 33_FD33_4,Pt 33,onset_crossing,0.25,RE,Persistence,5,0.0014724818364517023
Pt 33_FD33_4,Pt 33,onset_crossing,0.5,RA,State-history,10,0.28864978571211836
Pt 33_FD33_4,Pt 33,onset_crossing,0.5,RA,Persistence,10,0.2680050318850588
Pt 33_FD33_4,Pt 33,onset_crossing,0.5,RE,State-history,10,0.01399040386962883
Pt 33_FD33_4,Pt 33,onset_crossing,0.5,RE,Persistence,10,0.027756305260531446
Pt 33_FD33_4,Pt 33,onset_crossing,0.75,RA,State-history,15,0.3542736316351712
Pt 33_FD33_4,Pt 33,onset_crossing,0.75,RA,Persistence,15,0.7518888534174343
Pt 33_FD33_4,Pt 33,onset_crossing,0.75,RE,State-history,15,0.05152925422263386
Pt 33_FD33_4,Pt 33,onset_crossing,0.75,RE,Persistence,15,0.1589185684075263
Pt 33_FD33_4,Pt 33,onset_crossing,1.0,RA,State-history,20,0.8504897175254829
Pt 33_FD33_4,Pt 33,onset_crossing,1.0,RA,Persistence,20,1.9819068136324736
Pt 33_FD33_4,Pt 33,onset_crossing,1.0,RE,State-history,20,0.48100905590863136
Pt 33_FD33_4,Pt 33,onset_crossing,1.0,RE,Persistence,20,0.6731439658524871
Pt 33_FD33_4,Pt 33,onset_crossing,1.25,RA,State-history,25,2.3048312117751175
Pt 33_FD33_4,Pt 33,onset_crossing,1.25,RA,Persistence,25,4.244854132594871
Pt 33_FD33_4,Pt 33,onset_crossing,1.25,RE,State-history,25,1.7477381179677656
Pt 33_FD33_4,Pt 33,onset_crossing,1.25,RE,Persistence,25,1.8754733643206438
Pt 33_FD33_4,Pt 33,onset_crossing,1.5,RA,State-history,30,6.979112518657118
Pt 33_FD33_4,Pt 33,onset_crossing,1.5,RA,Persistence,30,7.393409035002109
Pt 33_FD33_4,Pt 33,onset_crossing,1.5,RE,State-history,30,7.179927737090767
Pt 33_FD33_4,Pt 33,onset_crossing,1.5,RE,Persistence,30,4.141988891453709
Pt 33_FD33_4,Pt 33,coordinate_decline,0.05,RA,State-history,127,2.9311217981953397
Pt 33_FD33_4,Pt 33,coordinate_decline,0.05,RA,Persistence,127,3.5427024598369057
Pt 33_FD33_4,Pt 33,coordinate_decline,0.05,RE,State-history,127,4.494139285124394
Pt 33_FD33_4,Pt 33,coordinate_decline,0.05,RE,Persistence,127,13.010113977008123
Pt 33_FD33_4,Pt 33,coordinate_decline,0.25,RA,State-history,302,13.06685094386558
Pt 33_FD33_4,Pt 33,coordinate_decline,0.25,RA,Persistence,302,21.962003616219608
Pt 33_FD33_4,Pt 33,coordinate_decline,0.25,RE,State-history,302,21.25484885876631
Pt 33_FD33_4,Pt 33,coordinate_decline,0.25,RE,Persistence,302,75.3084546533573
Pt 33_FD33_4,Pt 33,coordinate_decline,0.5,RA,State-history,241,19.72619827950754
Pt 33_FD33_4,Pt 33,coordinate_decline,0.5,RA,Persistence,241,22.994844547094196
Pt 33_FD33_4,Pt 33,coordinate_decline,0.5,RE,State-history,241,22.729179674433063
Pt 33_FD33_4,Pt 33,coordinate_decline,0.5,RE,Persistence,241,44.887311221803124
Pt 33_FD33_4,Pt 33,coordinate_decline,0.75,RA,State-history,309,35.95294673413341
Pt 33_FD33_4,Pt 33,coordinate_decline,0.75,RA,Persistence,309,34.40588074947435
Pt 33_FD33_4,Pt 33,coordinate_decline,0.75,RE,State-history,309,42.77274948635735
Pt 33_FD33_4,Pt 33,coordinate_decline,0.75,RE,Persistence,309,92.55413736347387
Pt 33_FD33_4,Pt 33,coordinate_decline,1.0,RA,State-history,202,40.16558653337814
Pt 33_FD33_4,Pt 33,coordinate_decline,1.0,RA,Persistence,202,28.775325558928788
Pt 33_FD33_4,Pt 33,coordinate_decline,1.0,RE,State-history,202,39.47622605459232
Pt 33_FD33_4,Pt 33,coordinate_decline,1.0,RE,Persistence,202,43.2260591302174
Pt 33_FD33_4,Pt 33,coordinate_decline,1.25,RA,State-history,312,45.193738915118274
Pt 33_FD33_4,Pt 33,coordinate_decline,1.25,RA,Persistence,312,43.1857139458955
Pt 33_FD33_4,Pt 33,coordinate_decline,1.25,RE,State-history,312,50.860352191408964
Pt 33_FD33_4,Pt 33,coordinate_decline,1.25,RE,Persistence,312,101.61235674650285
Pt 33_FD33_4,Pt 33,coordinate_decline,1.5,RA,State-history,251,52.684943813568196
Pt 33_FD33_4,Pt 33,coordinate_decline,1.5,RA,Persistence,251,42.0714916691994
Pt 33_FD33_4,Pt 33,coordinate_decline,1.5,RE,State-history,251,52.647553158425055
Pt 33_FD33_4,Pt 33,coordinate_decline,1.5,RE,Persistence,251,69.57131976712114
Pt 33_FD33_5,Pt 33,all,0.05,RA,State-history,679,17.43730472287262
Pt 33_FD33_5,Pt 33,all,0.05,RA,Persistence,679,16.3667033094003
Pt 33_FD33_5,Pt 33,all,0.05,RE,State-history,679,23.654246001502365
Pt 33_FD33_5,Pt 33,all,0.05,RE,Persistence,679,21.46432074241728
Pt 33_FD33_5,Pt 33,all,0.25,RA,State-history,675,81.54448435592815
Pt 33_FD33_5,Pt 33,all,0.25,RA,Persistence,675,74.46100453241925
Pt 33_FD33_5,Pt 33,all,0.25,RE,State-history,675,89.26547588210411
Pt 33_FD33_5,Pt 33,all,0.25,RE,Persistence,675,83.59746496838
Pt 33_FD33_5,Pt 33,all,0.5,RA,State-history,670,156.30867001517555
Pt 33_FD33_5,Pt 33,all,0.5,RA,Persistence,670,134.61266892125147
Pt 33_FD33_5,Pt 33,all,0.5,RE,State-history,670,180.5155131650407
Pt 33_FD33_5,Pt 33,all,0.5,RE,Persistence,670,151.2574440552434
Pt 33_FD33_5,Pt 33,all,0.75,RA,State-history,665,235.56016278032993
Pt 33_FD33_5,Pt 33,all,0.75,RA,Persistence,665,184.7971531151773
Pt 33_FD33_5,Pt 33,all,0.75,RE,State-history,665,278.7991935409558
Pt 33_FD33_5,Pt 33,all,0.75,RE,Persistence,665,206.69361787107516
Pt 33_FD33_5,Pt 33,all,1.0,RA,State-history,660,297.8564186550351
Pt 33_FD33_5,Pt 33,all,1.0,RA,Persistence,660,223.3775623465007
Pt 33_FD33_5,Pt 33,all,1.0,RE,State-history,660,361.6332115571802
Pt 33_FD33_5,Pt 33,all,1.0,RE,Persistence,660,255.4712217652285
Pt 33_FD33_5,Pt 33,all,1.25,RA,State-history,655,341.26244734914206
Pt 33_FD33_5,Pt 33,all,1.25,RA,Persistence,655,253.42986311159694
Pt 33_FD33_5,Pt 33,all,1.25,RE,State-history,655,413.9758221602298
Pt 33_FD33_5,Pt 33,all,1.25,RE,Persistence,655,295.8714276955526
Pt 33_FD33_5,Pt 33,all,1.5,RA,State-history,650,362.3865190641965
Pt 33_FD33_5,Pt 33,all,1.5,RA,Persistence,650,276.58140346653977
Pt 33_FD33_5,Pt 33,all,1.5,RE,State-history,650,430.41594643740626
Pt 33_FD33_5,Pt 33,all,1.5,RE,Persistence,650,325.65331825075026
Pt 33_FD33_5,Pt 33,onset_crossing,0.05,RA,State-history,4,0.019055615932034795
Pt 33_FD33_5,Pt 33,onset_crossing,0.05,RA,Persistence,4,0.03220736475603256
Pt 33_FD33_5,Pt 33,onset_crossing,0.05,RE,State-history,4,0.02945675443750742
Pt 33_FD33_5,Pt 33,onset_crossing,0.05,RE,Persistence,4,0.06284741044876821
Pt 33_FD33_5,Pt 33,onset_crossing,0.25,RA,State-history,20,1.4174308955994532
Pt 33_FD33_5,Pt 33,onset_crossing,0.25,RA,Persistence,20,2.3242737801380056
Pt 33_FD33_5,Pt 33,onset_crossing,0.25,RE,State-history,20,0.36334615835107115
Pt 33_FD33_5,Pt 33,onset_crossing,0.25,RE,Persistence,20,1.1888632467620788
Pt 33_FD33_5,Pt 33,onset_crossing,0.5,RA,State-history,40,8.267481417915972
Pt 33_FD33_5,Pt 33,onset_crossing,0.5,RA,Persistence,40,9.71510635747591
Pt 33_FD33_5,Pt 33,onset_crossing,0.5,RE,State-history,40,8.357297829284677
Pt 33_FD33_5,Pt 33,onset_crossing,0.5,RE,Persistence,40,8.62004781056004
Pt 33_FD33_5,Pt 33,onset_crossing,0.75,RA,State-history,60,24.316914193976235
Pt 33_FD33_5,Pt 33,onset_crossing,0.75,RA,Persistence,60,24.093716967302317
Pt 33_FD33_5,Pt 33,onset_crossing,0.75,RE,State-history,60,26.8007433990902
Pt 33_FD33_5,Pt 33,onset_crossing,0.75,RE,Persistence,60,22.419979563316137
Pt 33_FD33_5,Pt 33,onset_crossing,1.0,RA,State-history,80,40.84401800170782
Pt 33_FD33_5,Pt 33,onset_crossing,1.0,RA,Persistence,80,41.035827362728
Pt 33_FD33_5,Pt 33,onset_crossing,1.0,RE,State-history,80,45.98066580389069
Pt 33_FD33_5,Pt 33,onset_crossing,1.0,RE,Persistence,80,40.20134265797689
Pt 33_FD33_5,Pt 33,onset_crossing,1.25,RA,State-history,100,55.36807402048107
Pt 33_FD33_5,Pt 33,onset_crossing,1.25,RA,Persistence,100,59.237448566577044
Pt 33_FD33_5,Pt 33,onset_crossing,1.25,RE,State-history,100,64.74651588130736
Pt 33_FD33_5,Pt 33,onset_crossing,1.25,RE,Persistence,100,62.68482655264274
Pt 33_FD33_5,Pt 33,onset_crossing,1.5,RA,State-history,120,66.55462356601191
Pt 33_FD33_5,Pt 33,onset_crossing,1.5,RA,Persistence,120,77.63750614173654
Pt 33_FD33_5,Pt 33,onset_crossing,1.5,RE,State-history,120,77.65117325894921
Pt 33_FD33_5,Pt 33,onset_crossing,1.5,RE,Persistence,120,85.17715619611383
Pt 33_FD33_5,Pt 33,coordinate_decline,0.05,RA,State-history,127,5.433761934878291
Pt 33_FD33_5,Pt 33,coordinate_decline,0.05,RA,Persistence,127,5.791778214486149
Pt 33_FD33_5,Pt 33,coordinate_decline,0.05,RE,State-history,127,4.73748267558434
Pt 33_FD33_5,Pt 33,coordinate_decline,0.05,RE,Persistence,127,5.586446897970996
Pt 33_FD33_5,Pt 33,coordinate_decline,0.25,RA,State-history,308,41.74733590678743
Pt 33_FD33_5,Pt 33,coordinate_decline,0.25,RA,Persistence,308,40.42853614194142
Pt 33_FD33_5,Pt 33,coordinate_decline,0.25,RE,State-history,308,34.931883048363794
Pt 33_FD33_5,Pt 33,coordinate_decline,0.25,RE,Persistence,308,40.89472021850336
Pt 33_FD33_5,Pt 33,coordinate_decline,0.5,RA,State-history,323,76.68352874951256
Pt 33_FD33_5,Pt 33,coordinate_decline,0.5,RA,Persistence,323,71.20407784261226
Pt 33_FD33_5,Pt 33,coordinate_decline,0.5,RE,State-history,323,80.64502753031043
Pt 33_FD33_5,Pt 33,coordinate_decline,0.5,RE,Persistence,323,77.7154634896917
Pt 33_FD33_5,Pt 33,coordinate_decline,0.75,RA,State-history,329,116.15939267759157
Pt 33_FD33_5,Pt 33,coordinate_decline,0.75,RA,Persistence,329,98.36425058213473
Pt 33_FD33_5,Pt 33,coordinate_decline,0.75,RE,State-history,329,136.61048800294145
Pt 33_FD33_5,Pt 33,coordinate_decline,0.75,RE,Persistence,329,111.8718774804148
Pt 33_FD33_5,Pt 33,coordinate_decline,1.0,RA,State-history,325,149.1673964552688
Pt 33_FD33_5,Pt 33,coordinate_decline,1.0,RA,Persistence,325,119.35706103525709
Pt 33_FD33_5,Pt 33,coordinate_decline,1.0,RE,State-history,325,183.90943457562963
Pt 33_FD33_5,Pt 33,coordinate_decline,1.0,RE,Persistence,325,138.87337688709857
Pt 33_FD33_5,Pt 33,coordinate_decline,1.25,RA,State-history,327,175.65766633042608
Pt 33_FD33_5,Pt 33,coordinate_decline,1.25,RA,Persistence,327,137.0783689400743
Pt 33_FD33_5,Pt 33,coordinate_decline,1.25,RE,State-history,327,212.18603837531424
Pt 33_FD33_5,Pt 33,coordinate_decline,1.25,RE,Persistence,327,161.45896651887534
Pt 33_FD33_5,Pt 33,coordinate_decline,1.5,RA,State-history,324,188.274527246976
Pt 33_FD33_5,Pt 33,coordinate_decline,1.5,RA,Persistence,324,150.96088468852753
Pt 33_FD33_5,Pt 33,coordinate_decline,1.5,RE,State-history,324,221.57879609309654
Pt 33_FD33_5,Pt 33,coordinate_decline,1.5,RE,Persistence,324,179.83196065679024
Pt 33_FD33_6,Pt 33,all,0.05,RA,State-history,679,17.563146493290674
Pt 33_FD33_6,Pt 33,all,0.05,RA,Persistence,679,15.498912908467116
Pt 33_FD33_6,Pt 33,all,0.05,RE,State-history,679,41.3062288254359
Pt 33_FD33_6,Pt 33,all,0.05,RE,Persistence,679,40.12195053360364
Pt 33_FD33_6,Pt 33,all,0.25,RA,State-history,675,70.81562908451463
Pt 33_FD33_6,Pt 33,all,0.25,RA,Persistence,675,62.88948997159302
Pt 33_FD33_6,Pt 33,all,0.25,RE,State-history,675,120.18750148140045
Pt 33_FD33_6,Pt 33,all,0.25,RE,Persistence,675,136.4297586505653
Pt 33_FD33_6,Pt 33,all,0.5,RA,State-history,670,106.12323331049633
Pt 33_FD33_6,Pt 33,all,0.5,RA,Persistence,670,95.48852516665104
Pt 33_FD33_6,Pt 33,all,0.5,RE,State-history,670,156.65762891683266
Pt 33_FD33_6,Pt 33,all,0.5,RE,Persistence,670,159.8883824584906
Pt 33_FD33_6,Pt 33,all,0.75,RA,State-history,665,134.62731728124436
Pt 33_FD33_6,Pt 33,all,0.75,RA,Persistence,665,126.26957135020518
Pt 33_FD33_6,Pt 33,all,0.75,RE,State-history,665,205.62228300267327
Pt 33_FD33_6,Pt 33,all,0.75,RE,Persistence,665,244.1114634337771
Pt 33_FD33_6,Pt 33,all,1.0,RA,State-history,660,153.96475202716812
Pt 33_FD33_6,Pt 33,all,1.0,RA,Persistence,660,148.6557870640144
Pt 33_FD33_6,Pt 33,all,1.0,RE,State-history,660,228.29167921306657
Pt 33_FD33_6,Pt 33,all,1.0,RE,Persistence,660,258.994933620855
Pt 33_FD33_6,Pt 33,all,1.25,RA,State-history,655,166.47309810654048
Pt 33_FD33_6,Pt 33,all,1.25,RA,Persistence,655,171.12194748475042
Pt 33_FD33_6,Pt 33,all,1.25,RE,State-history,655,259.801403602205
Pt 33_FD33_6,Pt 33,all,1.25,RE,Persistence,655,321.9880318445089
Pt 33_FD33_6,Pt 33,all,1.5,RA,State-history,650,178.51594826898048
Pt 33_FD33_6,Pt 33,all,1.5,RA,Persistence,650,187.51973998185636
Pt 33_FD33_6,Pt 33,all,1.5,RE,State-history,650,274.14699982265427
Pt 33_FD33_6,Pt 33,all,1.5,RE,Persistence,650,324.71570978873507
Pt 33_FD33_6,Pt 33,onset_crossing,0.05,RA,State-history,2,0.08997793393163706
Pt 33_FD33_6,Pt 33,onset_crossing,0.05,RA,Persistence,2,0.07547937698939775
Pt 33_FD33_6,Pt 33,onset_crossing,0.05,RE,State-history,2,0.010722036175229958
Pt 33_FD33_6,Pt 33,onset_crossing,0.05,RE,Persistence,2,2.7888338600198445e-05
Pt 33_FD33_6,Pt 33,onset_crossing,0.25,RA,State-history,10,2.274227510351564
Pt 33_FD33_6,Pt 33,onset_crossing,0.25,RA,Persistence,10,2.2344115367617663
Pt 33_FD33_6,Pt 33,onset_crossing,0.25,RE,State-history,10,1.0516932915079955
Pt 33_FD33_6,Pt 33,onset_crossing,0.25,RE,Persistence,10,1.104401972649927
Pt 33_FD33_6,Pt 33,onset_crossing,0.5,RA,State-history,20,5.011787814401355
Pt 33_FD33_6,Pt 33,onset_crossing,0.5,RA,Persistence,20,5.4858736949968785
Pt 33_FD33_6,Pt 33,onset_crossing,0.5,RE,State-history,20,6.496253836317675
Pt 33_FD33_6,Pt 33,onset_crossing,0.5,RE,Persistence,20,6.8374969596306805
Pt 33_FD33_6,Pt 33,onset_crossing,0.75,RA,State-history,30,10.70766404244144
Pt 33_FD33_6,Pt 33,onset_crossing,0.75,RA,Persistence,30,10.933775635039254
Pt 33_FD33_6,Pt 33,onset_crossing,0.75,RE,State-history,30,13.076748129056249
Pt 33_FD33_6,Pt 33,onset_crossing,0.75,RE,Persistence,30,12.721796147209457
Pt 33_FD33_6,Pt 33,onset_crossing,1.0,RA,State-history,40,17.131704675708505
Pt 33_FD33_6,Pt 33,onset_crossing,1.0,RA,Persistence,40,16.467997909229542
Pt 33_FD33_6,Pt 33,onset_crossing,1.0,RE,State-history,40,20.803910444865537
Pt 33_FD33_6,Pt 33,onset_crossing,1.0,RE,Persistence,40,20.688820031744953
Pt 33_FD33_6,Pt 33,onset_crossing,1.25,RA,State-history,50,21.844475764003164
Pt 33_FD33_6,Pt 33,onset_crossing,1.25,RA,Persistence,50,22.23965797376822
Pt 33_FD33_6,Pt 33,onset_crossing,1.25,RE,State-history,50,26.124763930229726
Pt 33_FD33_6,Pt 33,onset_crossing,1.25,RE,Persistence,50,27.92457026484869
Pt 33_FD33_6,Pt 33,onset_crossing,1.5,RA,State-history,60,26.335000380179313
Pt 33_FD33_6,Pt 33,onset_crossing,1.5,RA,Persistence,60,29.47145295601673
Pt 33_FD33_6,Pt 33,onset_crossing,1.5,RE,State-history,60,33.07639628286919
Pt 33_FD33_6,Pt 33,onset_crossing,1.5,RE,Persistence,60,38.108545599127666
Pt 33_FD33_6,Pt 33,coordinate_decline,0.05,RA,State-history,105,4.041785085915046
Pt 33_FD33_6,Pt 33,coordinate_decline,0.05,RA,Persistence,105,4.0497171582533085
Pt 33_FD33_6,Pt 33,coordinate_decline,0.05,RE,State-history,105,7.998577115214335
Pt 33_FD33_6,Pt 33,coordinate_decline,0.05,RE,Persistence,105,9.420042213215543
Pt 33_FD33_6,Pt 33,coordinate_decline,0.25,RA,State-history,322,34.50678599968785
Pt 33_FD33_6,Pt 33,coordinate_decline,0.25,RA,Persistence,322,35.84539943132787
Pt 33_FD33_6,Pt 33,coordinate_decline,0.25,RE,State-history,322,42.52391305553112
Pt 33_FD33_6,Pt 33,coordinate_decline,0.25,RE,Persistence,322,72.6841146190048
Pt 33_FD33_6,Pt 33,coordinate_decline,0.5,RA,State-history,318,46.13858055716619
Pt 33_FD33_6,Pt 33,coordinate_decline,0.5,RA,Persistence,318,52.38871460322456
Pt 33_FD33_6,Pt 33,coordinate_decline,0.5,RE,State-history,318,48.93923728557412
Pt 33_FD33_6,Pt 33,coordinate_decline,0.5,RE,Persistence,318,85.02690001225605
Pt 33_FD33_6,Pt 33,coordinate_decline,0.75,RA,State-history,352,64.33116423880794
Pt 33_FD33_6,Pt 33,coordinate_decline,0.75,RA,Persistence,352,70.94304997829792
Pt 33_FD33_6,Pt 33,coordinate_decline,0.75,RE,State-history,352,78.15652956483594
Pt 33_FD33_6,Pt 33,coordinate_decline,0.75,RE,Persistence,352,136.60642623323582
Pt 33_FD33_6,Pt 33,coordinate_decline,1.0,RA,State-history,327,73.06735043509372
Pt 33_FD33_6,Pt 33,coordinate_decline,1.0,RA,Persistence,327,82.28239079908832
Pt 33_FD33_6,Pt 33,coordinate_decline,1.0,RE,State-history,327,86.68160274916848
Pt 33_FD33_6,Pt 33,coordinate_decline,1.0,RE,Persistence,327,141.5606712072398
Pt 33_FD33_6,Pt 33,coordinate_decline,1.25,RA,State-history,365,84.64090315098804
Pt 33_FD33_6,Pt 33,coordinate_decline,1.25,RA,Persistence,365,97.88346461423286
Pt 33_FD33_6,Pt 33,coordinate_decline,1.25,RE,State-history,365,115.34052484748413
Pt 33_FD33_6,Pt 33,coordinate_decline,1.25,RE,Persistence,365,183.24189426853354
Pt 33_FD33_6,Pt 33,coordinate_decline,1.5,RA,State-history,366,92.625697086021
Pt 33_FD33_6,Pt 33,coordinate_decline,1.5,RA,Persistence,366,108.63861549261186
Pt 33_FD33_6,Pt 33,coordinate_decline,1.5,RE,State-history,366,127.37649375253741
Pt 33_FD33_6,Pt 33,coordinate_decline,1.5,RE,Persistence,366,182.24880027879246
